{
	"credit": "Made with Blockbench",
	"parent": "./cit_item",
	"textures": {
		"0": "block/picnicbasket",
		"1": "block/MizunoArchive/potato_0",
		"particle": "block/picnicbasket"
	},
	"elements": [
		{
			"from": [2, 0, 2],
			"to": [14, 1, 14],
			"faces": {
				"north": {"uv": [0, 0, 12, 1], "texture": "#0"},
				"east": {"uv": [0, 0, 12, 1], "texture": "#0"},
				"south": {"uv": [0, 0, 12, 1], "texture": "#0"},
				"west": {"uv": [0, 0, 12, 1], "texture": "#0"},
				"up": {"uv": [0, 9, 16, 16], "texture": "#0"},
				"down": {"uv": [0, 9, 16, 16], "texture": "#0"}
			}
		},
		{
			"from": [1, 0, 3],
			"to": [2, 1, 13],
			"faces": {
				"north": {"uv": [0, 0, 1, 1], "texture": "#0"},
				"east": {"uv": [0, 0, 10, 1], "texture": "#0"},
				"south": {"uv": [0, 0, 1, 1], "texture": "#0"},
				"west": {"uv": [0, 0, 10, 1], "texture": "#0"},
				"up": {"uv": [0, 15, 16, 16], "rotation": 90, "texture": "#0"},
				"down": {"uv": [0, 9, 16, 10], "rotation": 90, "texture": "#0"}
			}
		},
		{
			"from": [14, 0, 3],
			"to": [15, 1, 13],
			"faces": {
				"north": {"uv": [0, 0, 1, 1], "texture": "#0"},
				"east": {"uv": [0, 0, 10, 1], "texture": "#0"},
				"south": {"uv": [0, 0, 1, 1], "texture": "#0"},
				"west": {"uv": [0, 0, 10, 1], "texture": "#0"},
				"up": {"uv": [0, 15, 16, 16], "rotation": 90, "texture": "#0"},
				"down": {"uv": [0, 9, 16, 10], "rotation": 90, "texture": "#0"}
			}
		},
		{
			"from": [1, 1, 2],
			"to": [2, 6, 3],
			"faces": {
				"north": {"uv": [0, 0, 1, 5], "texture": "#0"},
				"east": {"uv": [0, 0, 1, 5], "texture": "#0"},
				"south": {"uv": [0, 0, 1, 5], "texture": "#0"},
				"west": {"uv": [0, 0, 1, 5], "texture": "#0"},
				"up": {"uv": [0, 0, 1, 1], "texture": "#0"},
				"down": {"uv": [0, 0, 1, 1], "texture": "#0"}
			}
		},
		{
			"from": [0, 1, 3],
			"to": [1, 6, 13],
			"faces": {
				"north": {"uv": [0, 0, 1, 5], "texture": "#0"},
				"east": {"uv": [0, 0, 10, 5], "texture": "#0"},
				"south": {"uv": [0, 0, 1, 5], "texture": "#0"},
				"west": {"uv": [0, 0, 10, 5], "texture": "#0"},
				"up": {"uv": [0, 0, 10, 1], "rotation": 90, "texture": "#0"},
				"down": {"uv": [0, 0, 10, 1], "rotation": 270, "texture": "#0"}
			}
		},
		{
			"from": [15, 1, 3],
			"to": [16, 6, 13],
			"faces": {
				"north": {"uv": [0, 0, 1, 5], "texture": "#0"},
				"east": {"uv": [0, 0, 10, 5], "texture": "#0"},
				"south": {"uv": [0, 0, 1, 5], "texture": "#0"},
				"west": {"uv": [0, 0, 10, 5], "texture": "#0"},
				"up": {"uv": [0, 0, 10, 1], "rotation": 90, "texture": "#0"},
				"down": {"uv": [0, 0, 10, 1], "rotation": 90, "texture": "#0"}
			}
		},
		{
			"from": [14, 1, 2],
			"to": [15, 6, 3],
			"faces": {
				"north": {"uv": [0, 0, 1, 5], "texture": "#0"},
				"east": {"uv": [0, 0, 1, 5], "texture": "#0"},
				"south": {"uv": [0, 0, 1, 5], "texture": "#0"},
				"west": {"uv": [0, 0, 1, 5], "texture": "#0"},
				"up": {"uv": [0, 0, 1, 1], "texture": "#0"},
				"down": {"uv": [0, 0, 1, 1], "texture": "#0"}
			}
		},
		{
			"from": [14, 1, 13],
			"to": [15, 6, 14],
			"faces": {
				"north": {"uv": [0, 0, 1, 5], "texture": "#0"},
				"east": {"uv": [0, 0, 1, 5], "texture": "#0"},
				"south": {"uv": [0, 0, 1, 5], "texture": "#0"},
				"west": {"uv": [0, 0, 1, 5], "texture": "#0"},
				"up": {"uv": [0, 0, 1, 1], "texture": "#0"},
				"down": {"uv": [0, 0, 1, 1], "texture": "#0"}
			}
		},
		{
			"from": [1, 1, 13],
			"to": [2, 6, 14],
			"faces": {
				"north": {"uv": [0, 0, 1, 5], "texture": "#0"},
				"east": {"uv": [0, 0, 1, 5], "texture": "#0"},
				"south": {"uv": [0, 0, 1, 5], "texture": "#0"},
				"west": {"uv": [0, 0, 1, 5], "texture": "#0"},
				"up": {"uv": [0, 0, 1, 1], "texture": "#0"},
				"down": {"uv": [0, 0, 1, 1], "texture": "#0"}
			}
		},
		{
			"from": [2, 1, 14],
			"to": [14, 6, 15],
			"faces": {
				"north": {"uv": [0, 0, 12, 5], "texture": "#0"},
				"east": {"uv": [0, 0, 1, 5], "texture": "#0"},
				"south": {"uv": [0, 0, 12, 5], "texture": "#0"},
				"west": {"uv": [0, 0, 1, 5], "texture": "#0"},
				"up": {"uv": [0, 0, 12, 1], "texture": "#0"},
				"down": {"uv": [0, 0, 12, 1], "texture": "#0"}
			}
		},
		{
			"from": [2, 1, 1],
			"to": [14, 6, 2],
			"faces": {
				"north": {"uv": [0, 0, 12, 5], "texture": "#0"},
				"east": {"uv": [0, 0, 1, 5], "texture": "#0"},
				"south": {"uv": [0, 0, 12, 5], "texture": "#0"},
				"west": {"uv": [0, 0, 1, 5], "texture": "#0"},
				"up": {"uv": [0, 0, 12, 1], "texture": "#0"},
				"down": {"uv": [0, 0, 12, 1], "texture": "#0"}
			}
		},
		{
			"from": [-0.5, 8, 6],
			"to": [0, 9, 10],
			"faces": {
				"north": {"uv": [0, 9, 0.5, 11.5], "texture": "#0"},
				"east": {"uv": [0, 9, 1, 11.5], "rotation": 90, "texture": "#0"},
				"south": {"uv": [0, 9, 0.5, 11.5], "texture": "#0"},
				"west": {"uv": [0, 9.5, 1, 12], "rotation": 90, "texture": "#0"},
				"up": {"uv": [0.5, 10, 0, 9], "texture": "#0"},
				"down": {"uv": [0.5, 10, 0, 9], "texture": "#0"}
			}
		},
		{
			"from": [-0.5, 5.5, 10],
			"to": [0, 8, 11],
			"faces": {
				"north": {"uv": [0, 9, 0.5, 11.5], "texture": "#0"},
				"east": {"uv": [0, 9, 1, 11.5], "texture": "#0"},
				"south": {"uv": [0, 9, 0.5, 11.5], "texture": "#0"},
				"west": {"uv": [0, 9.5, 1, 12], "texture": "#0"},
				"up": {"uv": [0.5, 10, 0, 9], "texture": "#0"},
				"down": {"uv": [0.5, 10, 0, 9], "texture": "#0"}
			}
		},
		{
			"from": [-0.75, 4.5, 10],
			"to": [0, 5.5, 11],
			"faces": {
				"north": {"uv": [0, 8, 1, 9], "texture": "#0"},
				"east": {"uv": [0, 8, 1, 9], "texture": "#0"},
				"south": {"uv": [0, 8, 1, 9], "texture": "#0"},
				"west": {"uv": [0, 8, 1, 9], "texture": "#0"},
				"up": {"uv": [0, 8, 1, 9], "texture": "#0"},
				"down": {"uv": [0, 8, 1, 9], "texture": "#0"}
			}
		},
		{
			"from": [-0.75, 4.5, 5],
			"to": [0, 5.5, 6],
			"faces": {
				"north": {"uv": [0, 8, 1, 9], "texture": "#0"},
				"east": {"uv": [0, 8, 1, 9], "texture": "#0"},
				"south": {"uv": [0, 8, 1, 9], "texture": "#0"},
				"west": {"uv": [0, 8, 1, 9], "texture": "#0"},
				"up": {"uv": [0, 8, 1, 9], "texture": "#0"},
				"down": {"uv": [0, 8, 1, 9], "texture": "#0"}
			}
		},
		{
			"from": [-0.5, 5.5, 5],
			"to": [0, 8, 6],
			"faces": {
				"north": {"uv": [0, 9, 0.5, 11.5], "texture": "#0"},
				"east": {"uv": [0, 9, 1, 11.5], "texture": "#0"},
				"south": {"uv": [0, 9, 0.5, 11.5], "texture": "#0"},
				"west": {"uv": [0, 9.5, 1, 12], "texture": "#0"},
				"up": {"uv": [0.5, 10, 0, 9], "texture": "#0"},
				"down": {"uv": [0.5, 10, 0, 9], "texture": "#0"}
			}
		},
		{
			"from": [16, 8, 6],
			"to": [16.5, 9, 10],
			"faces": {
				"north": {"uv": [0, 9, 0.5, 11.5], "texture": "#0"},
				"east": {"uv": [0, 9, 1, 11.5], "rotation": 90, "texture": "#0"},
				"south": {"uv": [0, 9, 0.5, 11.5], "texture": "#0"},
				"west": {"uv": [0, 9.5, 1, 12], "rotation": 90, "texture": "#0"},
				"up": {"uv": [0.5, 10, 0, 9], "texture": "#0"},
				"down": {"uv": [0.5, 10, 0, 9], "texture": "#0"}
			}
		},
		{
			"from": [16, 5.5, 10],
			"to": [16.5, 8, 11],
			"faces": {
				"north": {"uv": [0, 9, 0.5, 11.5], "texture": "#0"},
				"east": {"uv": [0, 9, 1, 11.5], "texture": "#0"},
				"south": {"uv": [0, 9, 0.5, 11.5], "texture": "#0"},
				"west": {"uv": [0, 9.5, 1, 12], "texture": "#0"},
				"up": {"uv": [0.5, 10, 0, 9], "texture": "#0"},
				"down": {"uv": [0.5, 10, 0, 9], "texture": "#0"}
			}
		},
		{
			"from": [16, 4.5, 10],
			"to": [16.75, 5.5, 11],
			"faces": {
				"north": {"uv": [0, 8, 1, 9], "texture": "#0"},
				"east": {"uv": [0, 8, 1, 9], "texture": "#0"},
				"south": {"uv": [0, 8, 1, 9], "texture": "#0"},
				"west": {"uv": [0, 8, 1, 9], "texture": "#0"},
				"up": {"uv": [0, 8, 1, 9], "texture": "#0"},
				"down": {"uv": [0, 8, 1, 9], "texture": "#0"}
			}
		},
		{
			"from": [16, 4.5, 5],
			"to": [16.75, 5.5, 6],
			"faces": {
				"north": {"uv": [0, 8, 1, 9], "texture": "#0"},
				"east": {"uv": [0, 8, 1, 9], "texture": "#0"},
				"south": {"uv": [0, 8, 1, 9], "texture": "#0"},
				"west": {"uv": [0, 8, 1, 9], "texture": "#0"},
				"up": {"uv": [0, 8, 1, 9], "texture": "#0"},
				"down": {"uv": [0, 8, 1, 9], "texture": "#0"}
			}
		},
		{
			"from": [16, 5.5, 5],
			"to": [16.5, 8, 6],
			"faces": {
				"north": {"uv": [0, 9, 0.5, 11.5], "texture": "#0"},
				"east": {"uv": [0, 9, 1, 11.5], "texture": "#0"},
				"south": {"uv": [0, 9, 0.5, 11.5], "texture": "#0"},
				"west": {"uv": [0, 9.5, 1, 12], "texture": "#0"},
				"up": {"uv": [0.5, 10, 0, 9], "texture": "#0"},
				"down": {"uv": [0.5, 10, 0, 9], "texture": "#0"}
			}
		},
		{
			"from": [3.84, 0.36, 6.04],
			"to": [7.32, 2.68, 8.94],
			"rotation": {"angle": 22.5, "axis": "y", "origin": [7.16, 7.32, 4.59]},
			"faces": {
				"north": {"uv": [12, 10, 16, 15], "rotation": 90, "texture": "#1"},
				"east": {"uv": [12, 10, 16, 15], "rotation": 90, "texture": "#1"},
				"south": {"uv": [6, 10, 12, 14], "texture": "#1"},
				"west": {"uv": [12, 10, 16, 15], "rotation": 90, "texture": "#1"},
				"up": {"uv": [0, 10, 6, 15], "texture": "#1"},
				"down": {"uv": [0, 10, 6, 15], "texture": "#1"}
			}
		},
		{
			"from": [2.52, 0.36, 2.27],
			"to": [6.58, 2.68, 5.75],
			"faces": {
				"north": {"uv": [7, 6, 0, 10], "texture": "#1"},
				"east": {"uv": [7, 0, 11, 6], "rotation": 90, "texture": "#1"},
				"south": {"uv": [0, 6, 7, 10], "texture": "#1"},
				"west": {"uv": [7, 0, 11, 6], "rotation": 90, "texture": "#1"},
				"up": {"uv": [0, 0, 7, 6], "texture": "#1"},
				"down": {"uv": [0, 0, 6, 6], "texture": "#1"}
			}
		},
		{
			"from": [6.58, 0.36, 2.27],
			"to": [7.74, 2.1, 5.17],
			"faces": {
				"north": {"uv": [7, 0, 11, 6], "rotation": 90, "texture": "#1"},
				"east": {"uv": [13, 0, 16, 5], "rotation": 90, "texture": "#1"},
				"south": {"uv": [11, 4, 13, 7], "rotation": 180, "texture": "#1"},
				"up": {"uv": [11, 0, 13, 5], "texture": "#1"},
				"down": {"uv": [11, 0, 13, 5], "texture": "#1"}
			}
		},
		{
			"from": [13.4928, 0.3312, 3.4268],
			"to": [16.6944, 2.4656, 6.0948],
			"rotation": {"angle": -45, "axis": "y", "origin": [7.2272, 6.7344, 4.8628]},
			"faces": {
				"north": {"uv": [12, 10, 16, 15], "rotation": 90, "texture": "#1"},
				"east": {"uv": [12, 10, 16, 15], "rotation": 90, "texture": "#1"},
				"south": {"uv": [6, 10, 12, 14], "texture": "#1"},
				"west": {"uv": [12, 10, 16, 15], "rotation": 90, "texture": "#1"},
				"up": {"uv": [0, 10, 6, 15], "texture": "#1"},
				"down": {"uv": [0, 10, 6, 15], "texture": "#1"}
			}
		},
		{
			"from": [8.8656, 2.6524, 1.7836],
			"to": [11.7888, 4.6012, 4.2196],
			"rotation": {"angle": -22.5, "axis": "y", "origin": [7.2944, 6.1488, 5.1356]},
			"faces": {
				"north": {"uv": [12, 10, 16, 15], "rotation": 90, "texture": "#1"},
				"east": {"uv": [12, 10, 16, 15], "rotation": 90, "texture": "#1"},
				"south": {"uv": [6, 10, 12, 14], "texture": "#1"},
				"west": {"uv": [12, 10, 16, 15], "rotation": 90, "texture": "#1"},
				"up": {"uv": [0, 10, 6, 15], "texture": "#1"},
				"down": {"uv": [0, 10, 6, 15], "texture": "#1"}
			}
		},
		{
			"from": [4.3656, 2.6524, 0.5336],
			"to": [7.2888, 4.6012, 2.9696],
			"rotation": {"angle": 45, "axis": "y", "origin": [7.2944, 6.1488, 5.1356]},
			"faces": {
				"north": {"uv": [12, 10, 16, 15], "rotation": 90, "texture": "#1"},
				"east": {"uv": [12, 10, 16, 15], "rotation": 90, "texture": "#1"},
				"south": {"uv": [6, 10, 12, 14], "texture": "#1"},
				"west": {"uv": [12, 10, 16, 15], "rotation": 90, "texture": "#1"},
				"up": {"uv": [0, 10, 6, 15], "texture": "#1"},
				"down": {"uv": [0, 10, 6, 15], "texture": "#1"}
			}
		},
		{
			"from": [5.47254, 2.81154, 4.03062],
			"to": [8.57113, 4.87727, 6.61278],
			"rotation": {"angle": 22.5, "axis": "y", "origin": [7.25206, 6.51773, 4.96374]},
			"faces": {
				"north": {"uv": [12, 10, 16, 15], "rotation": 90, "texture": "#1"},
				"east": {"uv": [12, 10, 16, 15], "rotation": 90, "texture": "#1"},
				"south": {"uv": [6, 10, 12, 14], "texture": "#1"},
				"west": {"uv": [12, 10, 16, 15], "rotation": 90, "texture": "#1"},
				"up": {"uv": [0, 10, 6, 15], "texture": "#1"},
				"down": {"uv": [0, 10, 6, 15], "texture": "#1"}
			}
		},
		{
			"from": [13.80558, 2.6047, 7.88813],
			"to": [16.26014, 4.56835, 10.8336],
			"rotation": {"angle": -22.5, "axis": "y", "origin": [7.28902, 6.19565, 5.11378]},
			"faces": {
				"north": {"uv": [12, 10, 16, 15], "rotation": 90, "texture": "#1"},
				"east": {"uv": [12, 10, 16, 15], "rotation": 90, "texture": "#1"},
				"south": {"uv": [12, 10, 16, 15], "rotation": 90, "texture": "#1"},
				"west": {"uv": [6, 10, 12, 14], "texture": "#1"},
				"up": {"uv": [0, 10, 6, 15], "rotation": 90, "texture": "#1"},
				"down": {"uv": [0, 10, 6, 15], "rotation": 270, "texture": "#1"}
			}
		},
		{
			"from": [0.56, 0.36, 6.77],
			"to": [3.46, 2.68, 10.25],
			"rotation": {"angle": 22.5, "axis": "y", "origin": [11.16, 7.32, 7.09]},
			"faces": {
				"north": {"uv": [12, 10, 16, 15], "rotation": 90, "texture": "#1"},
				"east": {"uv": [12, 10, 16, 15], "rotation": 90, "texture": "#1"},
				"south": {"uv": [12, 10, 16, 15], "rotation": 90, "texture": "#1"},
				"west": {"uv": [6, 10, 12, 14], "texture": "#1"},
				"up": {"uv": [0, 10, 6, 15], "rotation": 90, "texture": "#1"},
				"down": {"uv": [0, 10, 6, 15], "rotation": 270, "texture": "#1"}
			}
		},
		{
			"from": [10, 0.36, 2.45],
			"to": [13.48, 2.68, 6.51],
			"faces": {
				"north": {"uv": [7, 0, 11, 6], "rotation": 90, "texture": "#1"},
				"east": {"uv": [7, 6, 0, 10], "texture": "#1"},
				"south": {"uv": [7, 0, 11, 6], "rotation": 90, "texture": "#1"},
				"west": {"uv": [0, 6, 7, 10], "texture": "#1"},
				"up": {"uv": [0, 0, 7, 6], "rotation": 90, "texture": "#1"},
				"down": {"uv": [0, 0, 6, 6], "rotation": 270, "texture": "#1"}
			}
		},
		{
			"from": [10.58, 0.36, 6.51],
			"to": [13.48, 2.1, 7.67],
			"faces": {
				"east": {"uv": [7, 0, 11, 6], "rotation": 90, "texture": "#1"},
				"south": {"uv": [13, 0, 16, 5], "rotation": 90, "texture": "#1"},
				"west": {"uv": [11, 4, 13, 7], "rotation": 180, "texture": "#1"},
				"up": {"uv": [11, 0, 13, 5], "rotation": 90, "texture": "#1"},
				"down": {"uv": [11, 0, 13, 5], "rotation": 270, "texture": "#1"}
			}
		},
		{
			"from": [2.58, 2.76, 5.51],
			"to": [5.48, 4.5, 6.67],
			"rotation": {"angle": 45, "axis": "y", "origin": [10, 5, 5.93]},
			"faces": {
				"east": {"uv": [7, 0, 11, 6], "rotation": 90, "texture": "#1"},
				"south": {"uv": [13, 0, 16, 5], "rotation": 90, "texture": "#1"},
				"west": {"uv": [11, 4, 13, 7], "rotation": 180, "texture": "#1"},
				"up": {"uv": [11, 0, 13, 5], "rotation": 90, "texture": "#1"},
				"down": {"uv": [11, 0, 13, 5], "rotation": 270, "texture": "#1"}
			}
		},
		{
			"from": [2, 2.76, 1.45],
			"to": [5.48, 5.08, 5.51],
			"rotation": {"angle": 45, "axis": "y", "origin": [10, 5, 5.93]},
			"faces": {
				"north": {"uv": [7, 0, 11, 6], "rotation": 90, "texture": "#1"},
				"east": {"uv": [7, 6, 0, 10], "texture": "#1"},
				"south": {"uv": [7, 0, 11, 6], "rotation": 90, "texture": "#1"},
				"west": {"uv": [0, 6, 7, 10], "texture": "#1"},
				"up": {"uv": [0, 0, 7, 6], "rotation": 90, "texture": "#1"},
				"down": {"uv": [0, 0, 6, 6], "rotation": 270, "texture": "#1"}
			}
		},
		{
			"from": [5.9892, 1.0392, 11.0592],
			"to": [7.0564, 2.64, 13.7272],
			"faces": {
				"north": {"uv": [11, 4, 13, 7], "rotation": 180, "texture": "#1"},
				"south": {"uv": [7, 0, 11, 6], "rotation": 90, "texture": "#1"},
				"west": {"uv": [13, 0, 16, 5], "rotation": 90, "texture": "#1"},
				"up": {"uv": [11, 0, 13, 5], "rotation": 180, "texture": "#1"},
				"down": {"uv": [11, 0, 13, 5], "rotation": 180, "texture": "#1"}
			}
		},
		{
			"from": [7.0564, 1.0392, 10.5256],
			"to": [10.7916, 3.1736, 13.7272],
			"faces": {
				"north": {"uv": [0, 6, 7, 10], "texture": "#1"},
				"east": {"uv": [7, 0, 11, 6], "rotation": 90, "texture": "#1"},
				"south": {"uv": [7, 6, 0, 10], "texture": "#1"},
				"west": {"uv": [7, 0, 11, 6], "rotation": 90, "texture": "#1"},
				"up": {"uv": [0, 0, 7, 6], "rotation": 180, "texture": "#1"},
				"down": {"uv": [0, 0, 6, 6], "rotation": 180, "texture": "#1"}
			}
		},
		{
			"from": [8.02, 3.26, 6.59],
			"to": [11.5, 5.58, 10.65],
			"rotation": {"angle": -22.5, "axis": "y", "origin": [10, 5, 10.07]},
			"faces": {
				"north": {"uv": [7, 6, 11, 0], "rotation": 90, "texture": "#1"},
				"east": {"uv": [7, 6, 0, 10], "texture": "#1"},
				"south": {"uv": [7, 6, 11, 0], "rotation": 90, "texture": "#1"},
				"west": {"uv": [0, 6, 7, 10], "texture": "#1"},
				"up": {"uv": [0, 6, 7, 0], "rotation": 90, "texture": "#1"},
				"down": {"uv": [0, 6, 6, 0], "rotation": 270, "texture": "#1"}
			}
		},
		{
			"from": [8.02, 3.26, 10.65],
			"to": [10.92, 5, 11.81],
			"rotation": {"angle": -22.5, "axis": "y", "origin": [10, 5, 10.07]},
			"faces": {
				"east": {"uv": [13, 4, 11, 7], "rotation": 180, "texture": "#1"},
				"south": {"uv": [13, 5, 16, 0], "rotation": 90, "texture": "#1"},
				"west": {"uv": [7, 6, 11, 0], "rotation": 90, "texture": "#1"},
				"up": {"uv": [11, 5, 13, 0], "rotation": 90, "texture": "#1"},
				"down": {"uv": [11, 5, 13, 0], "rotation": 270, "texture": "#1"}
			}
		}
	],
	"display": {
		"thirdperson_righthand": {
			"rotation": [75, 45, 0],
			"translation": [0, 2.5, 0],
			"scale": [0.375, 0.375, 0.375]
		},
		"thirdperson_lefthand": {
			"rotation": [75, 45, 0],
			"translation": [0, 2.5, 0],
			"scale": [0.375, 0.375, 0.375]
		},
		"firstperson_righthand": {
			"rotation": [0, 45, 0],
			"translation": [0, 2.25, 0],
			"scale": [0.4, 0.4, 0.4]
		},
		"firstperson_lefthand": {
			"rotation": [0, 225, 0],
			"translation": [0, 3.25, 0],
			"scale": [0.4, 0.4, 0.4]
		},
		"ground": {
			"translation": [0, 0.25, 0],
			"scale": [0.5, 0.5, 0.5]
		},
		"gui": {
			"rotation": [30, 225, 0],
			"translation": [0, 2.5, 0],
			"scale": [0.625, 0.625, 0.625]
		},
		"head": {
			"translation": [0, 14.5, 0]
		},
		"fixed": {
			"rotation": [-90, 0, 0],
			"translation": [0, 0, -15.25],
			"scale": [2, 2, 2]
		}
	},
	"groups": [
		{
			"name": "Basket",
			"children": [0, 1, 2, 3, 4, 5, 6, 7, 8, 9, 10,
				{
					"name": "Handle",
					"children": [11, 12, 13, 14, 15, 16, 17, 18, 19, 20]
				}
			]
		},
		{
			"name": "potato_0",
			"children": [21, 22, 23, 24, 25, 26, 27, 28]
		},
		{
			"name": "potato_2",
			"children": [29, 30, 31, 32, 33, 34, 35, 36, 37]
		}
	]
}