{
	"credit": "Made with Blockbench",
	"textures": {
		"0": "block/cattail",
		"particle": "block/cattail"
	},
	"elements": [
		{
			"from": [-2, 0, 4],
			"to": [8, 27, 4],
			"faces": {
				"north": {"uv": [1.28, 0.639, 7.717, 15.999], "texture": "#0"},
				"east": {"uv": [1.28, 0.639, 7.717, 15.999], "texture": "#0"},
				"south": {"uv": [1.28, 0.639, 7.717, 15.999], "texture": "#0"},
				"west": {"uv": [1.28, 0.639, 7.717, 15.999], "texture": "#0"},
				"up": {"uv": [1.28, 0.639, 7.717, 15.999], "texture": "#0"},
				"down": {"uv": [1.28, 0.639, 7.717, 15.999], "texture": "#0"}
			}
		},
		{
			"from": [2.6, 0, -1],
			"to": [2.6, 27, 9],
			"faces": {
				"north": {"uv": [1.28, 0.639, 7.717, 15.999], "texture": "#0"},
				"east": {"uv": [1.28, 0.639, 7.717, 15.999], "texture": "#0"},
				"south": {"uv": [1.28, 0.639, 7.717, 15.999], "texture": "#0"},
				"west": {"uv": [8.319, 0.639, 14.755, 15.999], "texture": "#0"},
				"up": {"uv": [1.28, 0.639, 7.717, 15.999], "rotation": 270, "texture": "#0"},
				"down": {"uv": [1.28, 0.639, 7.717, 15.999], "rotation": 90, "texture": "#0"}
			}
		},
		{
			"from": [7, 0, 12],
			"to": [17, 27, 12],
			"faces": {
				"north": {"uv": [7.717, 0.639, 1.28, 15.999], "texture": "#0"},
				"east": {"uv": [7.717, 0.639, 1.28, 15.999], "texture": "#0"},
				"south": {"uv": [7.717, 0.639, 1.28, 15.999], "texture": "#0"},
				"west": {"uv": [7.717, 0.639, 1.28, 15.999], "texture": "#0"},
				"up": {"uv": [7.717, 0.639, 1.28, 15.999], "texture": "#0"},
				"down": {"uv": [7.717, 0.639, 1.28, 15.999], "texture": "#0"}
			}
		},
		{
			"from": [12.3, 0, 7],
			"to": [12.3, 27, 17],
			"faces": {
				"north": {"uv": [7.717, 0.639, 1.28, 15.999], "texture": "#0"},
				"east": {"uv": [14.755, 0.639, 8.319, 15.999], "texture": "#0"},
				"south": {"uv": [7.717, 0.639, 1.28, 15.999], "texture": "#0"},
				"west": {"uv": [7.717, 0.639, 1.28, 15.999], "texture": "#0"},
				"up": {"uv": [1.28, 15.999, 7.717, 0.639], "rotation": 270, "texture": "#0"},
				"down": {"uv": [1.28, 15.999, 7.717, 0.639], "rotation": 90, "texture": "#0"}
			}
		},
		{
			"from": [5.2104, -0.0968, 7.368],
			"to": [5.2104, 23.8144, 16.224],
			"faces": {
				"north": {"uv": [1.28, 0.48, 7.716, 15.838], "texture": "#0"},
				"east": {"uv": [1.28, 0.48, 7.716, 15.838], "texture": "#0"},
				"south": {"uv": [1.28, 0.48, 7.716, 15.838], "texture": "#0"},
				"west": {"uv": [1.28, 0.48, 7.716, 15.838], "texture": "#0"},
				"up": {"uv": [1.28, 0.48, 7.716, 15.838], "texture": "#0"},
				"down": {"uv": [1.28, 0.48, 7.716, 15.838], "texture": "#0"}
			}
		},
		{
			"from": [0.9824, -0.0968, 12.096],
			"to": [9.8384, 23.8144, 12.096],
			"faces": {
				"north": {"uv": [1.28, 0.48, 7.716, 15.838], "texture": "#0"},
				"east": {"uv": [1.28, 0.48, 7.716, 15.838], "texture": "#0"},
				"south": {"uv": [1.28, 0.48, 7.716, 15.838], "texture": "#0"},
				"west": {"uv": [1.28, 0.48, 7.716, 15.838], "texture": "#0"},
				"up": {"uv": [1.28, 0.48, 7.716, 15.838], "texture": "#0"},
				"down": {"uv": [1.28, 0.48, 7.716, 15.838], "texture": "#0"}
			}
		},
		{
			"from": [7, 0.04, 3.7],
			"to": [15.2, 22.18, 3.7],
			"faces": {
				"north": {"uv": [7.717, 0.639, 1.28, 15.999], "texture": "#0"},
				"east": {"uv": [7.717, 0.639, 1.28, 15.999], "texture": "#0"},
				"south": {"uv": [7.717, 0.639, 1.28, 15.999], "texture": "#0"},
				"west": {"uv": [7.717, 0.639, 1.28, 15.999], "texture": "#0"},
				"up": {"uv": [7.717, 0.639, 1.28, 15.999], "texture": "#0"},
				"down": {"uv": [7.717, 0.639, 1.28, 15.999], "texture": "#0"}
			}
		},
		{
			"from": [11.3, 0.04, 0],
			"to": [11.3, 22.18, 8.2],
			"faces": {
				"north": {"uv": [7.717, 0.639, 1.28, 15.999], "texture": "#0"},
				"east": {"uv": [14.755, 0.639, 8.319, 15.999], "texture": "#0"},
				"south": {"uv": [7.717, 0.639, 1.28, 15.999], "texture": "#0"},
				"west": {"uv": [7.717, 0.639, 1.28, 15.999], "texture": "#0"},
				"up": {"uv": [1.28, 15.999, 7.717, 0.639], "rotation": 270, "texture": "#0"},
				"down": {"uv": [1.28, 15.999, 7.717, 0.639], "rotation": 90, "texture": "#0"}
			}
		}
	],
	"display": {
		"thirdperson_righthand": {
			"rotation": [75, 45, 0],
			"translation": [0, 2.5, 0],
			"scale": [0.375, 0.375, 0.375]
		},
		"thirdperson_lefthand": {
			"rotation": [75, 45, 0],
			"translation": [0, 2.5, 0],
			"scale": [0.375, 0.375, 0.375]
		},
		"firstperson_righthand": {
			"rotation": [0, 45, 0],
			"scale": [0.4, 0.4, 0.4]
		},
		"firstperson_lefthand": {
			"rotation": [0, 225, 0],
			"scale": [0.4, 0.4, 0.4]
		},
		"ground": {
			"translation": [0, -0.75, 0],
			"scale": [0.4, 0.4, 0.4]
		},
		"gui": {
			"rotation": [30, 225, 0],
			"translation": [0, -0.75, 0],
			"scale": [0.5, 0.5, 0.5]
		},
		"head": {
			"translation": [0, 14, 0]
		},
		"fixed": {
			"rotation": [-90, 0, 0],
			"translation": [0, 0, -15],
			"scale": [2, 2, 2]
		}
	},
	"groups": [
		{
			"name": "Cattail",
			"children": [0, 1]
		},
		{
			"name": "Cattail2",
			"children": [2, 3]
		},
		{
			"name": "Cattail3",
			"children": [4, 5]
		},
		{
			"name": "Cattail4",
			"children": [6, 7]
		}
	]
}