{
	"credit": "Made with Blockbench",
	"parent": "./cit_item",
	"textures": {
		"0": "block/MizunoArchive/bread_5",
		"1": "block/MizunoArchive/bread_5a",
		"3": "block/picnicbasket",
		"particle": "block/picnicbasket",
		"2_0": "block/MizunoArchive/apple_0"
	},
	"elements": [
		{
			"from": [7.5, 4, 12],
			"to": [8.5, 8, 12.5],
			"faces": {
				"north": {"uv": [0, 9, 3, 15], "texture": "#3"},
				"east": {"uv": [0, 9, 3, 15], "texture": "#3"},
				"south": {"uv": [0, 9, 3, 15], "texture": "#3"},
				"west": {"uv": [0, 9, 3, 15], "texture": "#3"},
				"up": {"uv": [0, 9, 3, 15], "texture": "#3"},
				"down": {"uv": [0, 9, 3, 15], "texture": "#3"}
			}
		},
		{
			"from": [7.5, 7.7, 11.3],
			"to": [8.5, 8.9, 11.8],
			"rotation": {"angle": -22.5, "axis": "x", "origin": [8, 9.6, 11.5]},
			"faces": {
				"north": {"uv": [0, 9, 3.5, 13], "texture": "#3"},
				"east": {"uv": [0, 9, 3.5, 13], "texture": "#3"},
				"south": {"uv": [0, 9, 3.5, 13], "texture": "#3"},
				"west": {"uv": [0, 9, 3.5, 13], "texture": "#3"},
				"up": {"uv": [0, 9, 3.5, 13], "texture": "#3"},
				"down": {"uv": [0, 9, 3.5, 13], "texture": "#3"}
			}
		},
		{
			"from": [7.5, 8.8, 11],
			"to": [8.5, 9.3, 12.2],
			"rotation": {"angle": 22.5, "axis": "x", "origin": [8, 9.6, 11.5]},
			"faces": {
				"north": {"uv": [1, 8, 4.5, 12], "rotation": 180, "texture": "#3"},
				"east": {"uv": [1, 8, 4.5, 12], "rotation": 180, "texture": "#3"},
				"south": {"uv": [1, 8, 4.5, 12], "rotation": 180, "texture": "#3"},
				"west": {"uv": [1, 8, 4.5, 12], "rotation": 180, "texture": "#3"},
				"up": {"uv": [1, 8, 4.5, 12], "rotation": 180, "texture": "#3"},
				"down": {"uv": [1, 8, 4.5, 12], "rotation": 180, "texture": "#3"}
			}
		},
		{
			"from": [7.5, 9, 5.1],
			"to": [8.5, 9.5, 11],
			"faces": {
				"north": {"uv": [1, 8, 4.5, 14.5], "texture": "#3"},
				"east": {"uv": [1, 8, 4.5, 14.5], "texture": "#3"},
				"south": {"uv": [1, 8, 4.5, 14.5], "texture": "#3"},
				"west": {"uv": [1, 8, 4.5, 14.5], "texture": "#3"},
				"up": {"uv": [1, 8, 4.5, 14.5], "texture": "#3"},
				"down": {"uv": [1, 8, 4.5, 14.5], "texture": "#3"}
			}
		},
		{
			"from": [7.5, 8.8, 3.8],
			"to": [8.5, 9.3, 5],
			"rotation": {"angle": -22.5, "axis": "x", "origin": [8, 9.6, 4.5]},
			"faces": {
				"north": {"uv": [0, 9, 3.5, 13], "texture": "#3"},
				"east": {"uv": [0, 9, 3.5, 13], "texture": "#3"},
				"south": {"uv": [0, 9, 3.5, 13], "texture": "#3"},
				"west": {"uv": [0, 9, 3.5, 13], "texture": "#3"},
				"up": {"uv": [0, 9, 3.5, 13], "texture": "#3"},
				"down": {"uv": [0, 9, 3.5, 13], "texture": "#3"}
			}
		},
		{
			"from": [7.5, 7.7, 4.2],
			"to": [8.5, 8.9, 4.7],
			"rotation": {"angle": 22.5, "axis": "x", "origin": [8, 9.6, 4.5]},
			"faces": {
				"north": {"uv": [2, 8, 5.5, 12], "texture": "#3"},
				"east": {"uv": [2, 8, 5.5, 12], "texture": "#3"},
				"south": {"uv": [2, 8, 5.5, 12], "texture": "#3"},
				"west": {"uv": [2, 8, 5.5, 12], "texture": "#3"},
				"up": {"uv": [2, 8, 5.5, 12], "texture": "#3"},
				"down": {"uv": [2, 8, 5.5, 12], "texture": "#3"}
			}
		},
		{
			"from": [7.5, 4, 3.5],
			"to": [8.5, 8, 4],
			"faces": {
				"north": {"uv": [1, 10.5, 5, 14.5], "texture": "#3"},
				"east": {"uv": [1, 10.5, 5, 14.5], "texture": "#3"},
				"south": {"uv": [1, 10.5, 5, 14.5], "texture": "#3"},
				"west": {"uv": [1, 10.5, 5, 14.5], "texture": "#3"},
				"up": {"uv": [1, 10.5, 5, 14.5], "texture": "#3"},
				"down": {"uv": [1, 10.5, 5, 14.5], "texture": "#3"}
			}
		},
		{
			"from": [7.8, 4.3, 12],
			"to": [8.2, 4.7, 12.7],
			"faces": {
				"north": {"uv": [0, 8, 1, 9], "texture": "#3"},
				"east": {"uv": [0, 8, 1, 9], "texture": "#3"},
				"south": {"uv": [0, 8, 1, 9], "texture": "#3"},
				"west": {"uv": [0, 8, 1, 9], "texture": "#3"},
				"up": {"uv": [0, 8, 1, 9], "texture": "#3"},
				"down": {"uv": [0, 8, 1, 9], "texture": "#3"}
			}
		},
		{
			"from": [7.8, 4.3, 3.3],
			"to": [8.2, 4.7, 3.6],
			"faces": {
				"north": {"uv": [0, 8, 1, 9], "texture": "#3"},
				"east": {"uv": [0, 8, 1, 9], "texture": "#3"},
				"south": {"uv": [0, 8, 1, 9], "texture": "#3"},
				"west": {"uv": [0, 8, 1, 9], "texture": "#3"},
				"up": {"uv": [0, 8, 1, 9], "texture": "#3"},
				"down": {"uv": [0, 8, 1, 9], "texture": "#3"}
			}
		},
		{
			"from": [13, 0, 5],
			"to": [14, 5, 11],
			"faces": {
				"north": {"uv": [0, 0, 7.5, 6], "texture": "#3"},
				"east": {"uv": [0, 0, 7.5, 6], "texture": "#3"},
				"south": {"uv": [0, 0, 7.5, 6], "texture": "#3"},
				"west": {"uv": [0, 0, 7.5, 6], "texture": "#3"},
				"up": {"uv": [1.5, 8, 2.5, 15.5], "texture": "#3"},
				"down": {"uv": [0, 9, 1, 15], "texture": "#3"}
			}
		},
		{
			"from": [3, 0, 5],
			"to": [13, 1, 11],
			"faces": {
				"north": {"uv": [0, 0, 10, 1], "texture": "#missing"},
				"east": {"uv": [0, 0, 6, 1], "texture": "#missing"},
				"south": {"uv": [0, 0, 10, 1], "texture": "#missing"},
				"west": {"uv": [0, 0, 6, 1], "texture": "#missing"},
				"up": {"uv": [0, 0, 10, 6], "texture": "#3"},
				"down": {"uv": [0, 9, 10, 15], "texture": "#3"}
			}
		},
		{
			"from": [3, 0, 4],
			"to": [13, 1, 5],
			"faces": {
				"north": {"uv": [0, 0.5, 7.5, 2], "texture": "#3"},
				"east": {"uv": [0, 0.5, 7.5, 2], "texture": "#3"},
				"south": {"uv": [0, 0.5, 7.5, 2], "texture": "#3"},
				"west": {"uv": [0, 0.5, 7.5, 2], "texture": "#3"},
				"up": {"uv": [0, 0.5, 7.5, 2], "texture": "#3"},
				"down": {"uv": [0, 9, 7.5, 10.5], "texture": "#3"}
			}
		},
		{
			"from": [3, 0, 11],
			"to": [13, 1, 12],
			"faces": {
				"north": {"uv": [0, 0.5, 7.5, 2], "texture": "#3"},
				"east": {"uv": [0, 0.5, 7.5, 2], "texture": "#3"},
				"south": {"uv": [0, 0.5, 7.5, 2], "texture": "#3"},
				"west": {"uv": [0, 0.5, 7.5, 2], "texture": "#3"},
				"up": {"uv": [0, 0.5, 7.5, 2], "texture": "#3"},
				"down": {"uv": [1, 8, 8.5, 9], "texture": "#3"}
			}
		},
		{
			"from": [12.8, 0, 4.5],
			"to": [14.2, 5, 5.2],
			"rotation": {"angle": -45, "axis": "y", "origin": [13.5, 0.5, 4.5]},
			"faces": {
				"north": {"uv": [1.5, 0, 3, 7], "texture": "#3"},
				"east": {"uv": [1.5, 0, 3, 7], "texture": "#3"},
				"south": {"uv": [1.5, 0, 3, 7], "texture": "#3"},
				"west": {"uv": [1.5, 0, 3, 7], "texture": "#3"},
				"up": {"uv": [1, 8, 2.5, 9], "texture": "#3"},
				"down": {"uv": [1, 8, 2, 9], "texture": "#3"}
			}
		},
		{
			"from": [12.8, 0, 10.8],
			"to": [14.2, 5, 11.5],
			"rotation": {"angle": 45, "axis": "y", "origin": [13.5, 0.5, 11.5]},
			"faces": {
				"north": {"uv": [1.4, 0, 2.9, 7], "texture": "#3"},
				"east": {"uv": [1.4, 0, 2.9, 7], "texture": "#3"},
				"south": {"uv": [1.4, 0, 2.9, 7], "texture": "#3"},
				"west": {"uv": [1.4, 0, 2.9, 7], "texture": "#3"},
				"up": {"uv": [1, 8, 2.5, 9], "texture": "#3"},
				"down": {"uv": [0, 9, 1.5, 10], "texture": "#3"}
			}
		},
		{
			"from": [3, 1, 11],
			"to": [13, 5, 12],
			"faces": {
				"north": {"uv": [0, 0, 7.5, 5.5], "texture": "#3"},
				"east": {"uv": [0, 0, 7.5, 5.5], "texture": "#3"},
				"south": {"uv": [0, 0, 7.5, 5.5], "texture": "#3"},
				"west": {"uv": [0, 0, 7.5, 5.5], "texture": "#3"},
				"up": {"uv": [0, 9, 7.5, 10], "texture": "#3"},
				"down": {"uv": [0, 0, 7.5, 5.5], "texture": "#3"}
			}
		},
		{
			"from": [3, 1, 4],
			"to": [13, 5, 5],
			"faces": {
				"north": {"uv": [0, 0, 7.5, 5.5], "texture": "#3"},
				"east": {"uv": [0, 0, 7.5, 5.5], "texture": "#3"},
				"south": {"uv": [0, 0, 7.5, 5.5], "texture": "#3"},
				"west": {"uv": [0, 0, 7.5, 5.5], "texture": "#3"},
				"up": {"uv": [0, 9, 7.5, 10], "texture": "#3"},
				"down": {"uv": [0, 0, 7.5, 5.5], "texture": "#3"}
			}
		},
		{
			"from": [1.8, 0, 4.5],
			"to": [3.2, 5, 5.2],
			"rotation": {"angle": 45, "axis": "y", "origin": [2.5, 0.5, 4.5]},
			"faces": {
				"north": {"uv": [3, 0, 1.5, 7], "texture": "#3"},
				"east": {"uv": [3, 0, 1.5, 7], "texture": "#3"},
				"south": {"uv": [3, 0, 1.5, 7], "texture": "#3"},
				"west": {"uv": [3, 0, 1.5, 7], "texture": "#3"},
				"up": {"uv": [1.5, 9, 0, 10], "texture": "#3"},
				"down": {"uv": [1.5, 9, 0, 10], "texture": "#3"}
			}
		},
		{
			"from": [2, 0, 5],
			"to": [3, 5, 11],
			"faces": {
				"north": {"uv": [7.5, 0, 0, 6], "texture": "#3"},
				"east": {"uv": [7.5, 0, 0, 6], "texture": "#3"},
				"south": {"uv": [7.5, 0, 0, 6], "texture": "#3"},
				"west": {"uv": [7.5, 0, 0, 6], "texture": "#3"},
				"up": {"uv": [1, 9, 0, 15], "texture": "#3"},
				"down": {"uv": [2, 8, 1, 14], "texture": "#3"}
			}
		},
		{
			"from": [1.8, 0, 10.8],
			"to": [3.2, 5, 11.5],
			"rotation": {"angle": -45, "axis": "y", "origin": [2.5, 0.5, 11.5]},
			"faces": {
				"north": {"uv": [2.9, 0, 1.4, 7], "texture": "#3"},
				"east": {"uv": [2.9, 0, 1.4, 7], "texture": "#3"},
				"south": {"uv": [2.9, 0, 1.4, 7], "texture": "#3"},
				"west": {"uv": [2.9, 0, 1.4, 7], "texture": "#3"},
				"up": {"uv": [2.5, 8, 1, 9], "texture": "#3"},
				"down": {"uv": [2.5, 8, 1, 9], "texture": "#3"}
			}
		},
		{
			"from": [3.4, 5, 5],
			"to": [8, 5.5, 11],
			"faces": {
				"north": {"uv": [0, 0, 4.6, 0.5], "texture": "#missing"},
				"east": {"uv": [0.5, 9, 6.5, 9.5], "texture": "#3"},
				"south": {"uv": [0, 0, 4.6, 0.5], "texture": "#missing"},
				"west": {"uv": [0, 0, 6, 0.5], "texture": "#missing"},
				"up": {"uv": [0, 0, 4.6, 6], "texture": "#3"},
				"down": {"uv": [0, 9, 4.6, 15], "texture": "#3"}
			}
		},
		{
			"from": [3.4, 5, 11],
			"to": [8, 5.5, 11.5],
			"faces": {
				"north": {"uv": [0, 9.5, 5.5, 10.5], "texture": "#3"},
				"east": {"uv": [0, 9.5, 5.5, 10.5], "texture": "#3"},
				"south": {"uv": [0, 9.5, 5.5, 10.5], "texture": "#3"},
				"west": {"uv": [0, 9.5, 5.5, 10.5], "texture": "#3"},
				"up": {"uv": [0, 9.5, 5.5, 10.5], "texture": "#3"},
				"down": {"uv": [0, 9.5, 5.5, 10.5], "texture": "#3"}
			}
		},
		{
			"from": [2.5, 5, 5.4],
			"to": [3, 5.5, 10.6],
			"faces": {
				"north": {"uv": [0, 9.5, 5.5, 10.5], "texture": "#3"},
				"east": {"uv": [0, 9.5, 5.5, 10.5], "texture": "#3"},
				"south": {"uv": [0, 9.5, 5.5, 10.5], "texture": "#3"},
				"west": {"uv": [0, 9.5, 5.5, 10.5], "texture": "#3"},
				"up": {"uv": [0, 9.5, 5.5, 10.5], "texture": "#3"},
				"down": {"uv": [0, 9.5, 5.5, 10.5], "texture": "#3"}
			}
		},
		{
			"from": [3.4, 5, 4.5],
			"to": [8, 5.5, 5],
			"faces": {
				"north": {"uv": [0, 9.5, 5.5, 10.5], "texture": "#3"},
				"east": {"uv": [0, 9.5, 5.5, 10.5], "texture": "#3"},
				"south": {"uv": [0, 9.5, 5.5, 10.5], "texture": "#3"},
				"west": {"uv": [0, 9.5, 5.5, 10.5], "texture": "#3"},
				"up": {"uv": [0, 9.5, 5.5, 10.5], "texture": "#3"},
				"down": {"uv": [0, 9.5, 5.5, 10.5], "texture": "#3"}
			}
		},
		{
			"from": [3, 5, 5.4],
			"to": [3.4, 5.5, 10.6],
			"faces": {
				"north": {"uv": [0, 0, 0.4, 0.5], "texture": "#missing"},
				"east": {"uv": [0, 0, 5.2, 0.5], "texture": "#missing"},
				"south": {"uv": [0, 0, 0.4, 0.5], "texture": "#missing"},
				"west": {"uv": [0, 0, 5.2, 0.5], "texture": "#missing"},
				"up": {"uv": [0, 0, 0.4, 5.2], "texture": "#3"},
				"down": {"uv": [0, 0, 0.4, 5.2], "texture": "#missing"}
			}
		},
		{
			"from": [2.8, 5, 10.6],
			"to": [3.4, 5.5, 11.2],
			"faces": {
				"north": {"uv": [0, 9.5, 5.5, 10.5], "texture": "#3"},
				"east": {"uv": [0, 9.5, 5.5, 10.5], "texture": "#3"},
				"south": {"uv": [0, 9.5, 5.5, 10.5], "texture": "#3"},
				"west": {"uv": [0, 9.5, 5.5, 10.5], "texture": "#3"},
				"up": {"uv": [0, 9.5, 5.5, 10.5], "texture": "#3"},
				"down": {"uv": [0, 9.5, 5.5, 10.5], "texture": "#3"}
			}
		},
		{
			"from": [2.8, 5, 4.8],
			"to": [3.4, 5.5, 5.4],
			"faces": {
				"north": {"uv": [0, 9.5, 5.5, 10.5], "texture": "#3"},
				"east": {"uv": [0, 9.5, 5.5, 10.5], "texture": "#3"},
				"south": {"uv": [0, 9.5, 5.5, 10.5], "texture": "#3"},
				"west": {"uv": [0, 9.5, 5.5, 10.5], "texture": "#3"},
				"up": {"uv": [0, 9.5, 5.5, 10.5], "texture": "#3"},
				"down": {"uv": [0, 9.5, 5.5, 10.5], "texture": "#3"}
			}
		},
		{
			"from": [6.8, 8.3, 5],
			"to": [7.3, 12.9, 11],
			"rotation": {"angle": -45, "axis": "z", "origin": [4, 5.5, 8]},
			"faces": {
				"north": {"uv": [0, 0, 4.6, 0.5], "rotation": 270, "texture": "#missing"},
				"east": {"uv": [0, 9, 4.6, 15], "rotation": 270, "texture": "#3"},
				"south": {"uv": [0, 0, 4.6, 0.5], "rotation": 90, "texture": "#missing"},
				"west": {"uv": [1.5, 0, 6.1, 6], "rotation": 270, "texture": "#3"},
				"up": {"uv": [0, 0, 6, 0.5], "rotation": 90, "texture": "#3"},
				"down": {"uv": [0, 0, 6, 0.5], "rotation": 270, "texture": "#missing"}
			}
		},
		{
			"from": [6.8, 8.3, 11],
			"to": [7.3, 12.9, 11.5],
			"rotation": {"angle": -45, "axis": "z", "origin": [4, 5.5, 8]},
			"faces": {
				"north": {"uv": [0, 10, 6.5, 11.5], "rotation": 90, "texture": "#3"},
				"east": {"uv": [0, 10, 6.5, 11.5], "rotation": 90, "texture": "#3"},
				"south": {"uv": [0, 10, 6.5, 11.5], "rotation": 90, "texture": "#3"},
				"west": {"uv": [0, 10, 6.5, 11.5], "rotation": 90, "texture": "#3"},
				"up": {"uv": [0, 10, 6.5, 11.5], "rotation": 90, "texture": "#3"},
				"down": {"uv": [0, 10, 6.5, 11.5], "rotation": 90, "texture": "#3"}
			}
		},
		{
			"from": [6.8, 13.3, 5.4],
			"to": [7.3, 13.8, 10.6],
			"rotation": {"angle": -45, "axis": "z", "origin": [4, 5.5, 8]},
			"faces": {
				"north": {"uv": [0, 10, 6.5, 11.5], "rotation": 90, "texture": "#3"},
				"east": {"uv": [0, 10, 6.5, 11.5], "rotation": 90, "texture": "#3"},
				"south": {"uv": [0, 10, 6.5, 11.5], "rotation": 90, "texture": "#3"},
				"west": {"uv": [0, 10, 6.5, 11.5], "rotation": 90, "texture": "#3"},
				"up": {"uv": [0, 10, 6.5, 11.5], "rotation": 90, "texture": "#3"},
				"down": {"uv": [0, 10, 6.5, 11.5], "rotation": 90, "texture": "#3"}
			}
		},
		{
			"from": [6.8, 8.3, 4.5],
			"to": [7.3, 12.9, 5],
			"rotation": {"angle": -45, "axis": "z", "origin": [4, 5.5, 8]},
			"faces": {
				"north": {"uv": [0, 9.5, 5.5, 10.5], "rotation": 90, "texture": "#3"},
				"east": {"uv": [0, 9.5, 5.5, 10.5], "rotation": 90, "texture": "#3"},
				"south": {"uv": [0, 9.5, 5.5, 10.5], "rotation": 90, "texture": "#3"},
				"west": {"uv": [0, 9.5, 5.5, 10.5], "rotation": 90, "texture": "#3"},
				"up": {"uv": [0, 9.5, 5.5, 10.5], "rotation": 90, "texture": "#3"},
				"down": {"uv": [0, 9.5, 5.5, 10.5], "rotation": 90, "texture": "#3"}
			}
		},
		{
			"from": [6.8, 12.9, 5.4],
			"to": [7.3, 13.3, 10.6],
			"rotation": {"angle": -45, "axis": "z", "origin": [4, 5.5, 8]},
			"faces": {
				"north": {"uv": [0, 0, 0.4, 0.5], "rotation": 270, "texture": "#missing"},
				"east": {"uv": [1, 9.5, 1.6, 14.5], "rotation": 270, "texture": "#3"},
				"south": {"uv": [0, 0, 0.4, 0.5], "rotation": 90, "texture": "#missing"},
				"west": {"uv": [0, 0.5, 0.4, 5.7], "rotation": 270, "texture": "#3"},
				"up": {"uv": [0, 0, 5.2, 0.5], "rotation": 90, "texture": "#3"},
				"down": {"uv": [0, 0, 5.2, 0.5], "rotation": 270, "texture": "#missing"}
			}
		},
		{
			"from": [6.8, 12.9, 10.6],
			"to": [7.3, 13.5, 11.2],
			"rotation": {"angle": -45, "axis": "z", "origin": [4, 5.5, 8]},
			"faces": {
				"north": {"uv": [0, 10, 6.5, 11.5], "rotation": 90, "texture": "#3"},
				"east": {"uv": [0, 10, 6.5, 11.5], "rotation": 90, "texture": "#3"},
				"south": {"uv": [0, 10, 6.5, 11.5], "rotation": 90, "texture": "#3"},
				"west": {"uv": [0, 10, 6.5, 11.5], "rotation": 90, "texture": "#3"},
				"up": {"uv": [0, 10, 6.5, 11.5], "rotation": 90, "texture": "#3"},
				"down": {"uv": [0, 10, 6.5, 11.5], "rotation": 90, "texture": "#3"}
			}
		},
		{
			"from": [6.8, 12.9, 4.8],
			"to": [7.3, 13.5, 5.4],
			"rotation": {"angle": -45, "axis": "z", "origin": [4, 5.5, 8]},
			"faces": {
				"north": {"uv": [0, 9.5, 5.5, 10.5], "rotation": 90, "texture": "#3"},
				"east": {"uv": [0, 9.5, 5.5, 10.5], "rotation": 90, "texture": "#3"},
				"south": {"uv": [0, 9.5, 5.5, 10.5], "rotation": 90, "texture": "#3"},
				"west": {"uv": [0, 9.5, 5.5, 10.5], "rotation": 90, "texture": "#3"},
				"up": {"uv": [0, 9.5, 5.5, 10.5], "rotation": 90, "texture": "#3"},
				"down": {"uv": [0, 9.5, 5.5, 10.5], "rotation": 90, "texture": "#3"}
			}
		},
		{
			"from": [3.73, 1.128, 5.686],
			"to": [8.07, 1.996, 10.026],
			"faces": {
				"north": {"uv": [0, 14, 10, 16], "texture": "#1"},
				"east": {"uv": [0, 14, 10, 16], "texture": "#1"},
				"south": {"uv": [0, 14, 10, 16], "texture": "#1"},
				"west": {"uv": [0, 14, 10, 16], "texture": "#1"},
				"up": {"uv": [0, 0, 10, 10], "texture": "#1"}
			}
		},
		{
			"from": [3.73, 2.43, 5.686],
			"to": [8.07, 3.298, 10.026],
			"faces": {
				"north": {"uv": [0, 14, 10, 16], "texture": "#1"},
				"east": {"uv": [0, 14, 10, 16], "texture": "#1"},
				"south": {"uv": [0, 14, 10, 16], "texture": "#1"},
				"west": {"uv": [0, 14, 10, 16], "texture": "#1"},
				"up": {"uv": [0, 0, 10, 10], "texture": "#1"},
				"down": {"uv": [0, 0, 10, 10], "texture": "#1"}
			}
		},
		{
			"from": [3.947, 1.996, 5.903],
			"to": [7.853, 2.43, 9.809],
			"faces": {
				"north": {"uv": [15, 7, 16, 16], "rotation": 90, "texture": "#1"},
				"east": {"uv": [14, 7, 15, 16], "rotation": 90, "texture": "#1"},
				"south": {"uv": [15, 7, 16, 16], "rotation": 90, "texture": "#1"},
				"west": {"uv": [14, 7, 15, 16], "rotation": 90, "texture": "#1"}
			}
		},
		{
			"from": [2.862, 2.00034, 4.818],
			"to": [8.938, 2.00468, 10.894],
			"faces": {
				"up": {"uv": [0, 0, 14, 14], "texture": "#0"},
				"down": {"uv": [0, 14, 14, 0], "texture": "#0"}
			}
		},
		{
			"from": [5.9, 2.00468, 9.809],
			"to": [7.202, 2.43868, 10.243],
			"faces": {
				"east": {"uv": [15, 11, 16, 12], "texture": "#1"},
				"south": {"uv": [15, 9, 16, 12], "rotation": 90, "texture": "#1"},
				"west": {"uv": [15, 11, 16, 12], "texture": "#1"},
				"up": {"uv": [15, 9, 16, 12], "rotation": 90, "texture": "#1"},
				"down": {"uv": [15, 9, 16, 12], "rotation": 90, "texture": "#1"}
			}
		},
		{
			"from": [4.815, 2.00468, 5.469],
			"to": [6.117, 2.43868, 5.903],
			"faces": {
				"north": {"uv": [15, 9, 16, 12], "rotation": 90, "texture": "#1"},
				"east": {"uv": [15, 11, 16, 12], "texture": "#1"},
				"west": {"uv": [15, 11, 16, 12], "texture": "#1"},
				"up": {"uv": [15, 9, 16, 12], "rotation": 90, "texture": "#1"},
				"down": {"uv": [15, 9, 16, 12], "rotation": 90, "texture": "#1"}
			}
		},
		{
			"from": [9.4, 1, 8.4],
			"to": [11.4, 3.4, 10.4],
			"faces": {
				"north": {"uv": [1, 7, 6, 13], "texture": "#2_0"},
				"east": {"uv": [1, 7, 6, 13], "texture": "#2_0"},
				"south": {"uv": [1, 7, 6, 13], "texture": "#2_0"},
				"west": {"uv": [1, 7, 6, 13], "texture": "#2_0"},
				"up": {"uv": [1, 1, 6, 6], "texture": "#2_0"},
				"down": {"uv": [8, 1, 13, 6], "texture": "#2_0"}
			}
		},
		{
			"from": [9.4, 1.4, 8],
			"to": [11.4, 3, 10.8],
			"faces": {
				"north": {"uv": [1, 8, 6, 12], "texture": "#2_0"},
				"east": {"uv": [0, 8, 7, 12], "texture": "#2_0"},
				"south": {"uv": [1, 8, 6, 12], "texture": "#2_0"},
				"west": {"uv": [0, 8, 7, 12], "texture": "#2_0"},
				"up": {"uv": [1, 0, 6, 7], "texture": "#2_0"},
				"down": {"uv": [8, 0, 13, 7], "texture": "#2_0"}
			}
		},
		{
			"from": [9, 1.4, 8.4],
			"to": [11.8, 3, 10.4],
			"faces": {
				"north": {"uv": [0, 8, 7, 12], "texture": "#2_0"},
				"east": {"uv": [1, 8, 6, 12], "texture": "#2_0"},
				"south": {"uv": [0, 8, 7, 12], "texture": "#2_0"},
				"west": {"uv": [1, 8, 6, 12], "texture": "#2_0"},
				"up": {"uv": [0, 1, 7, 6], "texture": "#2_0"},
				"down": {"uv": [7, 1, 14, 6], "texture": "#2_0"}
			}
		},
		{
			"from": [10.2, 3.4, 9.2],
			"to": [10.6, 3.8, 9.6],
			"faces": {
				"north": {"uv": [15, 1, 16, 2], "texture": "#2_0"},
				"east": {"uv": [15, 1, 16, 2], "texture": "#2_0"},
				"south": {"uv": [15, 1, 16, 2], "texture": "#2_0"},
				"west": {"uv": [15, 1, 16, 2], "texture": "#2_0"},
				"up": {"uv": [15, 0, 16, 1], "texture": "#2_0"}
			}
		},
		{
			"from": [10.6, 3.6, 8.4],
			"to": [11.4, 3.604, 9.2],
			"faces": {
				"up": {"uv": [14, 14, 16, 16], "texture": "#2_0"},
				"down": {"uv": [14, 14, 16, 16], "rotation": 90, "texture": "#2_0"}
			}
		},
		{
			"from": [12.3, 1, 7.1],
			"to": [14.3, 3.4, 9.1],
			"rotation": {"angle": 45, "axis": "y", "origin": [10.6, 4.2, 9.6]},
			"faces": {
				"north": {"uv": [1, 7, 6, 13], "texture": "#2_0"},
				"east": {"uv": [1, 7, 6, 13], "texture": "#2_0"},
				"south": {"uv": [1, 7, 6, 13], "texture": "#2_0"},
				"west": {"uv": [1, 7, 6, 13], "texture": "#2_0"},
				"up": {"uv": [1, 1, 6, 6], "texture": "#2_0"},
				"down": {"uv": [8, 1, 13, 6], "texture": "#2_0"}
			}
		},
		{
			"from": [12.3, 1.4, 6.7],
			"to": [14.3, 3, 9.5],
			"rotation": {"angle": 45, "axis": "y", "origin": [10.6, 4.2, 9.6]},
			"faces": {
				"north": {"uv": [1, 8, 6, 12], "texture": "#2_0"},
				"east": {"uv": [0, 8, 7, 12], "texture": "#2_0"},
				"south": {"uv": [1, 8, 6, 12], "texture": "#2_0"},
				"west": {"uv": [0, 8, 7, 12], "texture": "#2_0"},
				"up": {"uv": [1, 0, 6, 7], "texture": "#2_0"},
				"down": {"uv": [8, 0, 13, 7], "texture": "#2_0"}
			}
		},
		{
			"from": [11.9, 1.4, 7.1],
			"to": [14.7, 3, 9.1],
			"rotation": {"angle": 45, "axis": "y", "origin": [10.6, 4.2, 9.6]},
			"faces": {
				"north": {"uv": [0, 8, 7, 12], "texture": "#2_0"},
				"east": {"uv": [1, 8, 6, 12], "texture": "#2_0"},
				"south": {"uv": [0, 8, 7, 12], "texture": "#2_0"},
				"west": {"uv": [1, 8, 6, 12], "texture": "#2_0"},
				"up": {"uv": [0, 1, 7, 6], "texture": "#2_0"},
				"down": {"uv": [7, 1, 14, 6], "texture": "#2_0"}
			}
		},
		{
			"from": [13.1, 3.4, 7.9],
			"to": [13.5, 3.8, 8.3],
			"rotation": {"angle": 45, "axis": "y", "origin": [10.6, 4.2, 9.6]},
			"faces": {
				"north": {"uv": [15, 1, 16, 2], "texture": "#2_0"},
				"east": {"uv": [15, 1, 16, 2], "texture": "#2_0"},
				"south": {"uv": [15, 1, 16, 2], "texture": "#2_0"},
				"west": {"uv": [15, 1, 16, 2], "texture": "#2_0"},
				"up": {"uv": [15, 0, 16, 1], "texture": "#2_0"}
			}
		},
		{
			"from": [13.5, 3.6, 7.1],
			"to": [14.3, 3.604, 7.9],
			"rotation": {"angle": 45, "axis": "y", "origin": [10.6, 4.2, 9.6]},
			"faces": {
				"up": {"uv": [14, 14, 16, 16], "texture": "#2_0"},
				"down": {"uv": [14, 14, 16, 16], "rotation": 90, "texture": "#2_0"}
			}
		}
	],
	"display": {
		"thirdperson_righthand": {
			"rotation": [75, 45, 0],
			"translation": [1.5, 2.5, 2],
			"scale": [0.75, 0.75, 0.75]
		},
		"thirdperson_lefthand": {
			"rotation": [75, 45, 0],
			"translation": [1.5, 2.5, 2],
			"scale": [0.75, 0.75, 0.75]
		},
		"firstperson_righthand": {
			"rotation": [0, 45, 0],
			"translation": [0, 2.75, 0],
			"scale": [0.75, 0.75, 0.75]
		},
		"firstperson_lefthand": {
			"rotation": [0, 45, 0],
			"translation": [0, 3.5, 0],
			"scale": [0.75, 0.75, 0.75]
		},
		"ground": {
			"translation": [0, 8, 0],
			"scale": [1.5, 1.5, 1.5]
		},
		"gui": {
			"rotation": [30, 225, 0],
			"translation": [0.25, 4, 0]
		},
		"head": {
			"translation": [0, 18.5, 0],
			"scale": [1.5, 1.5, 1.5]
		},
		"fixed": {
			"rotation": [-90, 0, 0],
			"translation": [0, 0, -19],
			"scale": [2.5, 2.5, 2.5]
		}
	},
	"groups": [
		{
			"name": "Handle",
			"children": [0, 1, 2, 3, 4, 5, 6, 7, 8]
		},
		{
			"name": "Basket",
			"children": [9, 10, 11, 12, 13, 14, 15, 16, 17, 18, 19]
		},
		{
			"name": "Lid (Closed)",
			"children": [20, 21, 22, 23, 24, 25, 26]
		},
		{
			"name": "Lid (Closed)2",
			"children": [27, 28, 29, 30, 31, 32, 33]
		},
		{
			"name": "bread_5",
			"children": [34, 35, 36, 37, 38, 39]
		},
		{
			"name": "apple_0",
			"children": [40, 41, 42, 43, 44]
		},
		{
			"name": "apple_2",
			"children": [45, 46, 47, 48, 49]
		}
	]
}