{
	"credit": "Made with Blockbench",
	"textures": {
		"0": "block/MizunoArchive/stripped_spruce_log",
		"1": "block/MizunoArchive/oak_planks",
		"2": "block/MizunoArchive/hay_block_top",
		"3": "block/MizunoArchive/black_concrete",
		"4": "block/MizunoArchive/furnace_top",
		"particle": "block/MizunoArchive/stripped_spruce_log"
	},
	"elements": [
		{
			"name": "floor",
			"from": [-12.5, 0, 8.5],
			"to": [6, 1, 25.5],
			"faces": {
				"north": {"uv": [0, 0, 16, 1], "texture": "#0"},
				"east": {"uv": [0, 0, 16, 1], "texture": "#0"},
				"south": {"uv": [0, 0, 16, 1], "texture": "#0"},
				"west": {"uv": [0, 0, 16, 1], "texture": "#0"},
				"up": {"uv": [0, 0, 16, 16], "texture": "#0"},
				"down": {"uv": [0, 0, 16, 16], "texture": "#0"}
			}
		},
		{
			"from": [-7, -1.1, -3],
			"to": [1, -0.6, 9],
			"rotation": {"angle": -22.5, "axis": "x", "origin": [-4.5, -1.1, 4.5]},
			"faces": {
				"north": {"uv": [0, 1, 8, 14], "rotation": 270, "texture": "#1"},
				"east": {"uv": [0, 2, 11, 3], "rotation": 270, "texture": "#1"},
				"south": {"uv": [0, 1, 8, 14], "rotation": 270, "texture": "#1"},
				"west": {"uv": [0, 0, 11, 1], "rotation": 270, "texture": "#1"},
				"up": {"uv": [0, 1, 8, 14], "rotation": 270, "texture": "#1"},
				"down": {"uv": [0, 1, 8, 14], "rotation": 270, "texture": "#1"}
			}
		},
		{
			"from": [-6, -0.8, -2],
			"to": [0, -0.4, -1.5],
			"rotation": {"angle": -22.5, "axis": "x", "origin": [-4.5, -1.1, 4.5]},
			"faces": {
				"north": {"uv": [2, 3, 8, 3.5], "rotation": 180, "texture": "#4"},
				"east": {"uv": [2, 3, 8, 3.5], "rotation": 180, "texture": "#4"},
				"south": {"uv": [2, 3, 8, 3.5], "rotation": 180, "texture": "#4"},
				"west": {"uv": [2, 3, 8, 3.5], "rotation": 180, "texture": "#4"},
				"up": {"uv": [2, 3, 8, 3.5], "rotation": 180, "texture": "#4"},
				"down": {"uv": [2, 3, 8, 3.5], "rotation": 180, "texture": "#4"}
			}
		},
		{
			"from": [-6, -0.8, 1],
			"to": [0, -0.4, 1.5],
			"rotation": {"angle": -22.5, "axis": "x", "origin": [-4.5, -1.1, 4.5]},
			"faces": {
				"north": {"uv": [2, 4, 8, 4.5], "rotation": 180, "texture": "#4"},
				"east": {"uv": [2, 4, 8, 4.5], "rotation": 180, "texture": "#4"},
				"south": {"uv": [2, 4, 8, 4.5], "rotation": 180, "texture": "#4"},
				"west": {"uv": [2, 4, 8, 4.5], "rotation": 180, "texture": "#4"},
				"up": {"uv": [2, 4, 8, 4.5], "rotation": 180, "texture": "#4"},
				"down": {"uv": [2, 4, 8, 4.5], "rotation": 180, "texture": "#4"}
			}
		},
		{
			"from": [-6, -0.8, 4],
			"to": [0, -0.4, 4.5],
			"rotation": {"angle": -22.5, "axis": "x", "origin": [-4.5, -1.1, 4.5]},
			"faces": {
				"north": {"uv": [3, 2, 9, 2.5], "rotation": 180, "texture": "#4"},
				"east": {"uv": [3, 2, 9, 2.5], "rotation": 180, "texture": "#4"},
				"south": {"uv": [3, 2, 9, 2.5], "rotation": 180, "texture": "#4"},
				"west": {"uv": [3, 2, 9, 2.5], "rotation": 180, "texture": "#4"},
				"up": {"uv": [3, 2, 9, 2.5], "rotation": 180, "texture": "#4"},
				"down": {"uv": [3, 2, 9, 2.5], "rotation": 180, "texture": "#4"}
			}
		},
		{
			"from": [-6, -0.8, 7],
			"to": [0, -0.4, 7.5],
			"rotation": {"angle": -22.5, "axis": "x", "origin": [-4.5, -1.1, 4.5]},
			"faces": {
				"north": {"uv": [2, 6, 8, 6.5], "rotation": 180, "texture": "#4"},
				"east": {"uv": [2, 6, 8, 6.5], "rotation": 180, "texture": "#4"},
				"south": {"uv": [2, 6, 8, 6.5], "rotation": 180, "texture": "#4"},
				"west": {"uv": [2, 6, 8, 6.5], "rotation": 180, "texture": "#4"},
				"up": {"uv": [2, 6, 8, 6.5], "rotation": 180, "texture": "#4"},
				"down": {"uv": [2, 6, 8, 6.5], "rotation": 180, "texture": "#4"}
			}
		},
		{
			"from": [-8, 1, 9],
			"to": [-7, 9, 10],
			"faces": {
				"north": {"uv": [0, 0, 1, 8], "texture": "#0"},
				"east": {"uv": [0, 0, 1, 8], "texture": "#0"},
				"south": {"uv": [0, 0, 1, 8], "texture": "#0"},
				"west": {"uv": [0, 0, 1, 8], "texture": "#0"},
				"up": {"uv": [0, 0, 1, 1], "texture": "#0"},
				"down": {"uv": [0, 0, 1, 1], "texture": "#0"}
			}
		},
		{
			"from": [1, 1, 9],
			"to": [2, 9, 10],
			"faces": {
				"north": {"uv": [0, 0, 1, 8], "texture": "#0"},
				"east": {"uv": [0, 0, 1, 8], "texture": "#0"},
				"south": {"uv": [0, 0, 1, 8], "texture": "#0"},
				"west": {"uv": [0, 0, 1, 8], "texture": "#0"},
				"up": {"uv": [0, 0, 1, 1], "texture": "#0"},
				"down": {"uv": [0, 0, 1, 1], "texture": "#0"}
			}
		},
		{
			"from": [-3.7, 8, 9],
			"to": [3.3, 9, 10],
			"rotation": {"angle": -22.5, "axis": "z", "origin": [2.3, 8.5, 9.5]},
			"faces": {
				"north": {"uv": [0, 0, 1, 7], "rotation": 90, "texture": "#0"},
				"east": {"uv": [0, 0, 1, 1], "rotation": 270, "texture": "#0"},
				"south": {"uv": [0, 0, 1, 7], "rotation": 270, "texture": "#0"},
				"west": {"uv": [0, 0, 1, 1], "rotation": 90, "texture": "#0"},
				"up": {"uv": [0, 0, 1, 7], "rotation": 270, "texture": "#0"},
				"down": {"uv": [0, 0, 1, 7], "rotation": 270, "texture": "#0"}
			}
		},
		{
			"from": [-9.86059, 10.2961, 9],
			"to": [-2.86059, 11.2961, 10],
			"rotation": {"angle": 22.5, "axis": "z", "origin": [-2.86059, 10.7961, 9.5]},
			"faces": {
				"north": {"uv": [0, 0, 1, 7], "rotation": 90, "texture": "#0"},
				"east": {"uv": [0, 0, 1, 1], "rotation": 270, "texture": "#0"},
				"south": {"uv": [0, 0, 1, 7], "rotation": 270, "texture": "#0"},
				"west": {"uv": [0, 0, 1, 1], "rotation": 90, "texture": "#0"},
				"up": {"uv": [0, 0, 1, 7], "rotation": 270, "texture": "#0"},
				"down": {"uv": [0, 0, 1, 7], "rotation": 270, "texture": "#0"}
			}
		},
		{
			"from": [-7, 1, 9.9],
			"to": [1, 9, 10],
			"faces": {
				"north": {"uv": [0, 0, 14.299, 14], "texture": "#3"},
				"east": {"uv": [0, 0, 14.299, 14], "texture": "#3"},
				"south": {"uv": [0, 0, 14.299, 14], "texture": "#3"},
				"west": {"uv": [0, 0, 14.299, 14], "texture": "#3"},
				"up": {"uv": [0, 0, 14.299, 14], "texture": "#3"},
				"down": {"uv": [0, 0, 14.299, 14], "texture": "#3"}
			}
		},
		{
			"from": [-6, 9, 9.9],
			"to": [0, 10, 10],
			"faces": {
				"north": {"uv": [0, 0, 14.299, 14], "texture": "#3"},
				"east": {"uv": [0, 0, 14.299, 14], "texture": "#3"},
				"south": {"uv": [0, 0, 14.299, 14], "texture": "#3"},
				"west": {"uv": [0, 0, 14.299, 14], "texture": "#3"},
				"up": {"uv": [0, 0, 14.299, 14], "texture": "#3"},
				"down": {"uv": [0, 0, 14.299, 14], "texture": "#3"}
			}
		},
		{
			"from": [-4, 10, 9.9],
			"to": [-2, 10.7, 10],
			"faces": {
				"north": {"uv": [0, 0, 14.299, 14], "texture": "#3"},
				"east": {"uv": [0, 0, 14.299, 14], "texture": "#3"},
				"south": {"uv": [0, 0, 14.299, 14], "texture": "#3"},
				"west": {"uv": [0, 0, 14.299, 14], "texture": "#3"},
				"up": {"uv": [0, 0, 14.299, 14], "texture": "#3"},
				"down": {"uv": [0, 0, 14.299, 14], "texture": "#3"}
			}
		},
		{
			"from": [-12, -3, 23],
			"to": [-10, 15, 25],
			"faces": {
				"north": {"uv": [0, 0, 2, 16], "texture": "#0"},
				"east": {"uv": [0, 0, 2, 16], "texture": "#0"},
				"south": {"uv": [0, 0, 2, 16], "texture": "#0"},
				"west": {"uv": [0, 0, 2, 16], "texture": "#0"},
				"up": {"uv": [0, 0, 2, 2], "texture": "#0"},
				"down": {"uv": [0, 0, 2, 2], "texture": "#0"}
			}
		},
		{
			"from": [-12, -3, 9],
			"to": [-10, 15, 11],
			"faces": {
				"north": {"uv": [0, 0, 2, 16], "texture": "#0"},
				"east": {"uv": [0, 0, 2, 16], "texture": "#0"},
				"south": {"uv": [0, 0, 2, 16], "texture": "#0"},
				"west": {"uv": [0, 0, 2, 16], "texture": "#0"},
				"up": {"uv": [0, 0, 2, 2], "texture": "#0"},
				"down": {"uv": [0, 0, 2, 2], "texture": "#0"}
			}
		},
		{
			"from": [4, -3, 9],
			"to": [6, 28, 11],
			"faces": {
				"north": {"uv": [0, 0, 2, 16], "texture": "#0"},
				"east": {"uv": [0, 0, 2, 16], "texture": "#0"},
				"south": {"uv": [0, 0, 2, 16], "texture": "#0"},
				"west": {"uv": [0, 0, 2, 16], "texture": "#0"},
				"up": {"uv": [0, 0, 2, 2], "texture": "#0"},
				"down": {"uv": [0, 0, 2, 2], "texture": "#0"}
			}
		},
		{
			"from": [4, -3, 23],
			"to": [6, 28, 25],
			"faces": {
				"north": {"uv": [0, 0, 2, 16], "texture": "#0"},
				"east": {"uv": [0, 0, 2, 16], "texture": "#0"},
				"south": {"uv": [0, 0, 2, 16], "texture": "#0"},
				"west": {"uv": [0, 0, 2, 16], "texture": "#0"},
				"up": {"uv": [0, 0, 2, 2], "texture": "#0"},
				"down": {"uv": [0, 0, 2, 2], "texture": "#0"}
			}
		},
		{
			"from": [-12.5, -4, 8.5],
			"to": [-9.5, -3, 11.5],
			"faces": {
				"north": {"uv": [2, 7, 5, 10], "texture": "#4"},
				"east": {"uv": [2, 7, 5, 10], "texture": "#4"},
				"south": {"uv": [2, 7, 5, 10], "texture": "#4"},
				"west": {"uv": [2, 7, 5, 10], "texture": "#4"},
				"up": {"uv": [2, 7, 5, 10], "texture": "#4"},
				"down": {"uv": [2, 7, 5, 10], "texture": "#4"}
			}
		},
		{
			"from": [-12.5, -4, 22.5],
			"to": [-9.5, -3, 25.5],
			"faces": {
				"north": {"uv": [2, 7, 5, 10], "texture": "#4"},
				"east": {"uv": [2, 7, 5, 10], "texture": "#4"},
				"south": {"uv": [2, 7, 5, 10], "texture": "#4"},
				"west": {"uv": [2, 7, 5, 10], "texture": "#4"},
				"up": {"uv": [2, 7, 5, 10], "texture": "#4"},
				"down": {"uv": [2, 7, 5, 10], "texture": "#4"}
			}
		},
		{
			"from": [3.5, -4, 8.5],
			"to": [6.5, -3, 11.5],
			"faces": {
				"north": {"uv": [2, 7, 5, 10], "texture": "#4"},
				"east": {"uv": [2, 7, 5, 10], "texture": "#4"},
				"south": {"uv": [2, 7, 5, 10], "texture": "#4"},
				"west": {"uv": [2, 7, 5, 10], "texture": "#4"},
				"up": {"uv": [2, 7, 5, 10], "texture": "#4"},
				"down": {"uv": [2, 7, 5, 10], "texture": "#4"}
			}
		},
		{
			"from": [3.5, -4, 22.5],
			"to": [6.5, -3, 25.5],
			"faces": {
				"north": {"uv": [2, 7, 5, 10], "texture": "#4"},
				"east": {"uv": [2, 7, 5, 10], "texture": "#4"},
				"south": {"uv": [2, 7, 5, 10], "texture": "#4"},
				"west": {"uv": [2, 7, 5, 10], "texture": "#4"},
				"up": {"uv": [2, 7, 5, 10], "texture": "#4"},
				"down": {"uv": [2, 7, 5, 10], "texture": "#4"}
			}
		},
		{
			"name": "floor",
			"from": [-13, 15.6, 14],
			"to": [6, 16.6, 25],
			"rotation": {"angle": -22.5, "axis": "x", "origin": [-4, -2.4, 16]},
			"faces": {
				"north": {"uv": [0, 0, 16, 1], "texture": "#4"},
				"east": {"uv": [0, 0, 11, 1], "texture": "#4"},
				"south": {"uv": [0, 0, 16, 1], "texture": "#4"},
				"west": {"uv": [0, 0, 11, 1], "texture": "#4"},
				"up": {"uv": [0, 0, 16, 11], "texture": "#4"},
				"down": {"uv": [0, 0, 16, 11], "texture": "#4"}
			}
		},
		{
			"name": "floor",
			"from": [-13, 15.98268, 9.16398],
			"to": [6, 16.98268, 20.16398],
			"rotation": {"angle": 22.5, "axis": "x", "origin": [-4, -2.01732, 17.16398]},
			"faces": {
				"north": {"uv": [0, 0, 16, 1], "texture": "#4"},
				"east": {"uv": [0, 0, 11, 1], "texture": "#4"},
				"south": {"uv": [0, 0, 16, 1], "texture": "#4"},
				"west": {"uv": [0, 0, 11, 1], "texture": "#4"},
				"up": {"uv": [0, 5, 16, 16], "texture": "#4"},
				"down": {"uv": [0, 0, 16, 11], "texture": "#4"}
			}
		},
		{
			"name": "main cubey",
			"from": [-11, 1, 10],
			"to": [5, 15, 24],
			"faces": {
				"north": {"uv": [0, 0, 16, 14], "texture": "#1"},
				"east": {"uv": [0, 0, 14, 14], "texture": "#1"},
				"south": {"uv": [0, 0, 16, 14], "texture": "#1"},
				"west": {"uv": [0, 0, 14, 14], "texture": "#1"},
				"up": {"uv": [0, 0, 16, 14], "texture": "#1"},
				"down": {"uv": [0, 0, 16, 14], "texture": "#1"}
			}
		},
		{
			"name": "main cubey",
			"from": [-11, 15, 11],
			"to": [5, 16, 23],
			"faces": {
				"north": {"uv": [0, 0, 16, 1], "texture": "#1"},
				"east": {"uv": [0, 0, 12, 1], "texture": "#1"},
				"south": {"uv": [0, 0, 16, 1], "texture": "#1"},
				"west": {"uv": [0, 0, 12, 1], "texture": "#1"},
				"up": {"uv": [0, 0, 16, 12], "texture": "#1"},
				"down": {"uv": [0, 0, 16, 12], "texture": "#1"}
			}
		},
		{
			"name": "main cubey",
			"from": [-11, 16, 13.3],
			"to": [5, 17, 20.8],
			"faces": {
				"north": {"uv": [0, 0, 16, 1], "texture": "#1"},
				"east": {"uv": [0, 0, 7.5, 1], "texture": "#1"},
				"south": {"uv": [0, 0, 16, 1], "texture": "#1"},
				"west": {"uv": [0, 0, 7.5, 1], "texture": "#1"},
				"up": {"uv": [0, 0, 16, 7.5], "texture": "#1"},
				"down": {"uv": [0, 0, 16, 7.5], "texture": "#1"}
			}
		},
		{
			"name": "main cubey",
			"from": [-11, 17, 15.6],
			"to": [5, 17.9, 18.3],
			"faces": {
				"north": {"uv": [0, 0, 16, 0.9], "texture": "#1"},
				"east": {"uv": [0, 0, 2.7, 0.9], "texture": "#1"},
				"south": {"uv": [0, 0, 16, 0.9], "texture": "#1"},
				"west": {"uv": [0, 0, 2.7, 0.9], "texture": "#1"},
				"up": {"uv": [0, 0, 16, 2.7], "texture": "#1"},
				"down": {"uv": [0, 0, 16, 2.7], "texture": "#1"}
			}
		},
		{
			"name": "floor",
			"from": [3.5, 0, -6.4],
			"to": [29.5, 1, 25.6],
			"faces": {
				"north": {"uv": [0, 0, 16, 1], "texture": "#0"},
				"east": {"uv": [0, 0, 16, 1], "texture": "#0"},
				"south": {"uv": [0, 0, 16, 1], "texture": "#0"},
				"west": {"uv": [0, 0, 16, 1], "texture": "#0"},
				"up": {"uv": [0, 0, 16, 16], "texture": "#0"},
				"down": {"uv": [0, 0, 16, 16], "texture": "#0"}
			}
		},
		{
			"from": [3.5, -4, -6.5],
			"to": [6.5, -3, -3.5],
			"faces": {
				"north": {"uv": [2, 7, 5, 10], "texture": "#4"},
				"east": {"uv": [2, 7, 5, 10], "texture": "#4"},
				"south": {"uv": [2, 7, 5, 10], "texture": "#4"},
				"west": {"uv": [2, 7, 5, 10], "texture": "#4"},
				"up": {"uv": [2, 7, 5, 10], "texture": "#4"},
				"down": {"uv": [2, 7, 5, 10], "texture": "#4"}
			}
		},
		{
			"from": [4, -3, -6],
			"to": [6, 14.7, -4],
			"faces": {
				"north": {"uv": [0, 0, 2, 16], "texture": "#0"},
				"east": {"uv": [0, 0, 2, 16], "texture": "#0"},
				"south": {"uv": [0, 0, 2, 16], "texture": "#0"},
				"west": {"uv": [0, 0, 2, 16], "texture": "#0"},
				"up": {"uv": [0, 0, 2, 2], "texture": "#0"},
				"down": {"uv": [0, 0, 2, 2], "texture": "#0"}
			}
		},
		{
			"from": [26.5, -4, -6.5],
			"to": [29.5, -3, -3.5],
			"faces": {
				"north": {"uv": [2, 7, 5, 10], "texture": "#4"},
				"east": {"uv": [2, 7, 5, 10], "texture": "#4"},
				"south": {"uv": [2, 7, 5, 10], "texture": "#4"},
				"west": {"uv": [2, 7, 5, 10], "texture": "#4"},
				"up": {"uv": [2, 7, 5, 10], "texture": "#4"},
				"down": {"uv": [2, 7, 5, 10], "texture": "#4"}
			}
		},
		{
			"from": [27, -3, -6],
			"to": [29, 14.7, -4],
			"faces": {
				"north": {"uv": [0, 0, 2, 16], "texture": "#0"},
				"east": {"uv": [0, 0, 2, 16], "texture": "#0"},
				"south": {"uv": [0, 0, 2, 16], "texture": "#0"},
				"west": {"uv": [0, 0, 2, 16], "texture": "#0"},
				"up": {"uv": [0, 0, 2, 2], "texture": "#0"},
				"down": {"uv": [0, 0, 2, 2], "texture": "#0"}
			}
		},
		{
			"from": [26.5, -4, 22.5],
			"to": [29.5, -3, 25.5],
			"faces": {
				"north": {"uv": [2, 7, 5, 10], "texture": "#4"},
				"east": {"uv": [2, 7, 5, 10], "texture": "#4"},
				"south": {"uv": [2, 7, 5, 10], "texture": "#4"},
				"west": {"uv": [2, 7, 5, 10], "texture": "#4"},
				"up": {"uv": [2, 7, 5, 10], "texture": "#4"},
				"down": {"uv": [2, 7, 5, 10], "texture": "#4"}
			}
		},
		{
			"from": [27, -3, 23],
			"to": [29, 28, 25],
			"faces": {
				"north": {"uv": [0, 0, 2, 16], "texture": "#0"},
				"east": {"uv": [0, 0, 2, 16], "texture": "#0"},
				"south": {"uv": [0, 0, 2, 16], "texture": "#0"},
				"west": {"uv": [0, 0, 2, 16], "texture": "#0"},
				"up": {"uv": [0, 0, 2, 2], "texture": "#0"},
				"down": {"uv": [0, 0, 2, 2], "texture": "#0"}
			}
		},
		{
			"from": [26.5, -4, 8.5],
			"to": [29.5, -3, 11.5],
			"faces": {
				"north": {"uv": [2, 7, 5, 10], "texture": "#4"},
				"east": {"uv": [2, 7, 5, 10], "texture": "#4"},
				"south": {"uv": [2, 7, 5, 10], "texture": "#4"},
				"west": {"uv": [2, 7, 5, 10], "texture": "#4"},
				"up": {"uv": [2, 7, 5, 10], "texture": "#4"},
				"down": {"uv": [2, 7, 5, 10], "texture": "#4"}
			}
		},
		{
			"from": [27, -3, 9],
			"to": [29, 28, 11],
			"faces": {
				"north": {"uv": [0, 0, 2, 16], "texture": "#0"},
				"east": {"uv": [0, 0, 2, 16], "texture": "#0"},
				"south": {"uv": [0, 0, 2, 16], "texture": "#0"},
				"west": {"uv": [0, 0, 2, 16], "texture": "#0"},
				"up": {"uv": [0, 0, 2, 2], "texture": "#0"},
				"down": {"uv": [0, 0, 2, 2], "texture": "#0"}
			}
		},
		{
			"name": "floor",
			"from": [5, 1, -4.9],
			"to": [28, 14, 24.1],
			"faces": {
				"north": {"uv": [0, 0, 16, 13], "texture": "#1"},
				"east": {"uv": [0, 0, 16, 13], "texture": "#1"},
				"south": {"uv": [0, 0, 16, 13], "texture": "#1"},
				"west": {"uv": [0, 0, 16, 13], "texture": "#1"},
				"up": {"uv": [0, 0, 16, 16], "texture": "#1"},
				"down": {"uv": [0, 0, 16, 16], "texture": "#1"}
			}
		},
		{
			"name": "main cubey",
			"from": [5, 14, 10],
			"to": [28, 28, 24],
			"faces": {
				"north": {"uv": [0, 2, 16, 16], "texture": "#1"},
				"east": {"uv": [0, 2, 14, 16], "texture": "#1"},
				"south": {"uv": [0, 2, 16, 16], "texture": "#1"},
				"west": {"uv": [0, 2, 14, 16], "texture": "#1"},
				"up": {"uv": [0, 0, 16, 14], "texture": "#1"},
				"down": {"uv": [0, 0, 16, 14], "texture": "#1"}
			}
		},
		{
			"name": "main cubey",
			"from": [5, 28, 11],
			"to": [28, 29, 23],
			"faces": {
				"north": {"uv": [0, 0, 16, 1], "texture": "#1"},
				"east": {"uv": [0, 0, 12, 1], "texture": "#1"},
				"south": {"uv": [0, 0, 16, 1], "texture": "#1"},
				"west": {"uv": [0, 0, 12, 1], "texture": "#1"},
				"up": {"uv": [0, 0, 16, 12], "texture": "#1"},
				"down": {"uv": [0, 0, 16, 12], "texture": "#1"}
			}
		},
		{
			"name": "main cubey",
			"from": [5, 29, 13.3],
			"to": [28, 30, 20.8],
			"faces": {
				"north": {"uv": [0, 0, 16, 1], "texture": "#1"},
				"east": {"uv": [0, 0, 7.5, 1], "texture": "#1"},
				"south": {"uv": [0, 0, 16, 1], "texture": "#1"},
				"west": {"uv": [0, 0, 7.5, 1], "texture": "#1"},
				"up": {"uv": [0, 0, 16, 7.5], "texture": "#1"},
				"down": {"uv": [0, 0, 16, 7.5], "texture": "#1"}
			}
		},
		{
			"name": "main cubey",
			"from": [5, 30, 15.6],
			"to": [28, 30.9, 18.3],
			"faces": {
				"north": {"uv": [0, 0, 16, 0.9], "texture": "#1"},
				"east": {"uv": [0, 0, 2.7, 0.9], "texture": "#1"},
				"south": {"uv": [0, 0, 16, 0.9], "texture": "#1"},
				"west": {"uv": [0, 0, 2.7, 0.9], "texture": "#1"},
				"up": {"uv": [0, 0, 16, 2.7], "texture": "#1"},
				"down": {"uv": [0, 0, 16, 2.7], "texture": "#1"}
			}
		},
		{
			"name": "floor",
			"from": [3, 28.6, 14],
			"to": [30, 29.6, 25],
			"rotation": {"angle": -22.5, "axis": "x", "origin": [13, 10.6, 16]},
			"faces": {
				"north": {"uv": [0, 0, 16, 1], "texture": "#4"},
				"east": {"uv": [0, 0, 11, 1], "texture": "#4"},
				"south": {"uv": [0, 0, 16, 1], "texture": "#4"},
				"west": {"uv": [0, 0, 11, 1], "texture": "#4"},
				"up": {"uv": [0, 0, 16, 11], "texture": "#4"},
				"down": {"uv": [0, 0, 16, 11], "texture": "#4"}
			}
		},
		{
			"name": "floor",
			"from": [3, 28.98268, 9.16398],
			"to": [30, 29.98268, 20.16398],
			"rotation": {"angle": 22.5, "axis": "x", "origin": [13, 10.98268, 17.16398]},
			"faces": {
				"north": {"uv": [0, 0, 16, 1], "texture": "#4"},
				"east": {"uv": [0, 0, 11, 1], "texture": "#4"},
				"south": {"uv": [0, 0, 16, 1], "texture": "#4"},
				"west": {"uv": [0, 0, 11, 1], "texture": "#4"},
				"up": {"uv": [0, 5, 16, 16], "texture": "#4"},
				"down": {"uv": [0, 0, 16, 11], "texture": "#4"}
			}
		},
		{
			"from": [8.3, 0.70903, -10.02844],
			"to": [24.5, 1.70903, -5.22844],
			"faces": {
				"north": {"uv": [0, 0, 1, 16], "rotation": 90, "texture": "#missing"},
				"east": {"uv": [0, 0, 1, 4.8], "rotation": 270, "texture": "#missing"},
				"south": {"uv": [0, 0, 1, 16], "rotation": 270, "texture": "#missing"},
				"west": {"uv": [0, 0, 1, 4.8], "rotation": 90, "texture": "#missing"},
				"up": {"uv": [0, 0, 4.8, 16], "rotation": 270, "texture": "#2"},
				"down": {"uv": [0, 0, 4.8, 16], "rotation": 270, "texture": "#missing"}
			}
		},
		{
			"from": [8.3, -1.59097, -9.62844],
			"to": [24.5, -0.59097, -4.82844],
			"faces": {
				"north": {"uv": [0, 0, 4, 16], "rotation": 90, "texture": "#0"},
				"east": {"uv": [0, 0, 4, 16], "rotation": 90, "texture": "#0"},
				"south": {"uv": [0, 0, 4, 16], "rotation": 90, "texture": "#0"},
				"west": {"uv": [0, 0, 4, 16], "rotation": 90, "texture": "#0"},
				"up": {"uv": [0, 0, 4, 16], "rotation": 90, "texture": "#0"},
				"down": {"uv": [0, 0, 4, 16], "rotation": 90, "texture": "#0"}
			}
		},
		{
			"from": [24.5, -1.69097, -9.82844],
			"to": [25.5, -0.69097, -4.82844],
			"faces": {
				"north": {"uv": [0, 0, 1, 1], "rotation": 90, "texture": "#0"},
				"east": {"uv": [0, 0, 1, 5], "rotation": 270, "texture": "#0"},
				"south": {"uv": [0, 0, 1, 1], "rotation": 270, "texture": "#0"},
				"west": {"uv": [0, 0, 1, 5], "rotation": 90, "texture": "#0"},
				"up": {"uv": [0, 0, 5, 1], "rotation": 270, "texture": "#0"},
				"down": {"uv": [0, 0, 5, 1], "rotation": 270, "texture": "#0"}
			}
		},
		{
			"from": [7.3, -1.69097, -9.82844],
			"to": [8.3, -0.69097, -4.82844],
			"faces": {
				"north": {"uv": [0, 0, 1, 1], "rotation": 90, "texture": "#0"},
				"east": {"uv": [0, 0, 1, 5], "rotation": 270, "texture": "#0"},
				"south": {"uv": [0, 0, 1, 1], "rotation": 270, "texture": "#0"},
				"west": {"uv": [0, 0, 1, 5], "rotation": 90, "texture": "#0"},
				"up": {"uv": [0, 0, 5, 1], "rotation": 270, "texture": "#0"},
				"down": {"uv": [0, 0, 5, 1], "rotation": 270, "texture": "#0"}
			}
		},
		{
			"from": [24.3, -0.69097, -10.12844],
			"to": [25.3, 2.30903, -4.82844],
			"faces": {
				"north": {"uv": [0, 0, 3, 1], "rotation": 90, "texture": "#0"},
				"east": {"uv": [0, 0, 3, 5.3], "rotation": 270, "texture": "#0"},
				"south": {"uv": [0, 0, 3, 1], "rotation": 270, "texture": "#0"},
				"west": {"uv": [0, 0, 3, 5.3], "rotation": 90, "texture": "#0"},
				"up": {"uv": [0, 0, 5.3, 1], "rotation": 270, "texture": "#0"},
				"down": {"uv": [0, 0, 5.3, 1], "rotation": 270, "texture": "#0"}
			}
		},
		{
			"from": [7.5, -0.69097, -10.12844],
			"to": [8.5, 2.30903, -4.82844],
			"faces": {
				"north": {"uv": [0, 0, 3, 1], "rotation": 90, "texture": "#0"},
				"east": {"uv": [0, 0, 3, 5.3], "rotation": 270, "texture": "#0"},
				"south": {"uv": [0, 0, 3, 1], "rotation": 270, "texture": "#0"},
				"west": {"uv": [0, 0, 3, 5.3], "rotation": 90, "texture": "#0"},
				"up": {"uv": [0, 0, 5.3, 1], "rotation": 270, "texture": "#0"},
				"down": {"uv": [0, 0, 5.3, 1], "rotation": 270, "texture": "#0"}
			}
		},
		{
			"from": [24.3, 1, -14.7],
			"to": [25.5, 5, -13.5],
			"rotation": {"angle": -22.5, "axis": "x", "origin": [13.2, 11.9, -5.5]},
			"faces": {
				"north": {"uv": [0, 0, 4, 1.2], "rotation": 90, "texture": "#0"},
				"east": {"uv": [0, 0, 4, 1.2], "rotation": 270, "texture": "#0"},
				"south": {"uv": [0, 0, 4, 1.2], "rotation": 270, "texture": "#0"},
				"west": {"uv": [0, 0, 4, 1.2], "rotation": 90, "texture": "#0"},
				"up": {"uv": [0, 0, 1.2, 1.2], "rotation": 270, "texture": "#0"},
				"down": {"uv": [0, 0, 1.2, 1.2], "rotation": 270, "texture": "#0"}
			}
		},
		{
			"from": [7.3, 1, -14.7],
			"to": [8.5, 5, -13.5],
			"rotation": {"angle": -22.5, "axis": "x", "origin": [13.2, 11.9, -5.5]},
			"faces": {
				"north": {"uv": [0, 0, 4, 1.2], "rotation": 90, "texture": "#0"},
				"east": {"uv": [0, 0, 4, 1.2], "rotation": 270, "texture": "#0"},
				"south": {"uv": [0, 0, 4, 1.2], "rotation": 270, "texture": "#0"},
				"west": {"uv": [0, 0, 4, 1.2], "rotation": 90, "texture": "#0"},
				"up": {"uv": [0, 0, 1.2, 1.2], "rotation": 270, "texture": "#0"},
				"down": {"uv": [0, 0, 1.2, 1.2], "rotation": 270, "texture": "#0"}
			}
		},
		{
			"from": [8.5, 1, -14.5],
			"to": [24.5, 5, -13.5],
			"rotation": {"angle": -22.5, "axis": "x", "origin": [13.2, 11.9, -5.5]},
			"faces": {
				"north": {"uv": [0, 0, 4, 16], "rotation": 90, "texture": "#0"},
				"east": {"uv": [0, 0, 4, 1], "rotation": 270, "texture": "#0"},
				"south": {"uv": [0, 0, 4, 16], "rotation": 270, "texture": "#0"},
				"west": {"uv": [0, 0, 4, 1], "rotation": 90, "texture": "#0"},
				"up": {"uv": [0, 0, 1, 16], "rotation": 270, "texture": "#0"},
				"down": {"uv": [0, 0, 1, 16], "rotation": 270, "texture": "#0"}
			}
		},
		{
			"from": [8, 3, -6],
			"to": [9, 10, -5],
			"faces": {
				"north": {"uv": [0, 0, 1, 7], "texture": "#0"},
				"east": {"uv": [0, 0, 1, 7], "texture": "#0"},
				"south": {"uv": [0, 0, 1, 7], "texture": "#0"},
				"west": {"uv": [0, 0, 1, 7], "texture": "#0"},
				"up": {"uv": [0, 0, 1, 1], "texture": "#0"},
				"down": {"uv": [0, 0, 1, 1], "texture": "#0"}
			}
		},
		{
			"from": [16, 3, -6],
			"to": [17, 10, -5],
			"faces": {
				"north": {"uv": [0, 0, 1, 7], "texture": "#0"},
				"east": {"uv": [0, 0, 1, 7], "texture": "#0"},
				"south": {"uv": [0, 0, 1, 7], "texture": "#0"},
				"west": {"uv": [0, 0, 1, 7], "texture": "#0"},
				"up": {"uv": [0, 0, 1, 1], "texture": "#0"},
				"down": {"uv": [0, 0, 1, 1], "texture": "#0"}
			}
		},
		{
			"from": [24, 3, -6],
			"to": [25, 10, -5],
			"faces": {
				"north": {"uv": [0, 0, 1, 7], "texture": "#0"},
				"east": {"uv": [0, 0, 1, 7], "texture": "#0"},
				"south": {"uv": [0, 0, 1, 7], "texture": "#0"},
				"west": {"uv": [0, 0, 1, 7], "texture": "#0"},
				"up": {"uv": [0, 0, 1, 1], "texture": "#0"},
				"down": {"uv": [0, 0, 1, 1], "texture": "#0"}
			}
		},
		{
			"from": [7.5, 2, -6.5],
			"to": [25.5, 3, -5],
			"faces": {
				"north": {"uv": [0, 0, 1, 16], "rotation": 90, "texture": "#0"},
				"east": {"uv": [0, 0, 1, 1.5], "rotation": 270, "texture": "#0"},
				"south": {"uv": [0, 0, 1, 16], "rotation": 270, "texture": "#0"},
				"west": {"uv": [0, 0, 1, 1.5], "rotation": 90, "texture": "#0"},
				"up": {"uv": [0, 0, 1.5, 16], "rotation": 270, "texture": "#0"},
				"down": {"uv": [0, 0, 1.5, 16], "rotation": 270, "texture": "#0"}
			}
		},
		{
			"from": [7.5, 10, -6],
			"to": [25.5, 11, -5],
			"faces": {
				"north": {"uv": [0, 0, 1, 16], "rotation": 90, "texture": "#0"},
				"east": {"uv": [0, 0, 1, 1], "rotation": 270, "texture": "#0"},
				"south": {"uv": [0, 0, 1, 16], "rotation": 270, "texture": "#0"},
				"west": {"uv": [0, 0, 1, 1], "rotation": 90, "texture": "#0"},
				"up": {"uv": [0, 0, 1, 16], "rotation": 270, "texture": "#0"},
				"down": {"uv": [0, 0, 1, 16], "rotation": 270, "texture": "#0"}
			}
		},
		{
			"from": [9, 3, -5.3],
			"to": [24, 10, -5],
			"faces": {
				"north": {"uv": [0, 0, 14.299, 14], "texture": "#3"},
				"east": {"uv": [0, 0, 14.299, 14], "texture": "#3"},
				"south": {"uv": [0, 0, 14.299, 14], "texture": "#3"},
				"west": {"uv": [0, 0, 14.299, 14], "texture": "#3"},
				"up": {"uv": [0, 0, 14.299, 14], "texture": "#3"},
				"down": {"uv": [0, 0, 14.299, 14], "texture": "#3"}
			}
		},
		{
			"name": "main cubey",
			"from": [5, 16, -0.4],
			"to": [28, 17, 9.6],
			"faces": {
				"north": {"uv": [0, 13, 10, 14], "texture": "#1"},
				"east": {"uv": [0, 13, 10, 14], "texture": "#1"},
				"south": {"uv": [0, 13, 10, 14], "texture": "#1"},
				"west": {"uv": [0, 13, 10, 14], "texture": "#1"},
				"up": {"uv": [0, 13, 10, 14], "texture": "#1"},
				"down": {"uv": [0, 13, 10, 14], "texture": "#1"}
			}
		},
		{
			"name": "main cubey",
			"from": [5, 15, -2.7],
			"to": [28, 16, 9.8],
			"faces": {
				"north": {"uv": [0, 14, 12.5, 15], "texture": "#1"},
				"east": {"uv": [0, 14, 12.5, 15], "texture": "#1"},
				"south": {"uv": [0, 14, 12.5, 15], "texture": "#1"},
				"west": {"uv": [0, 14, 12.5, 15], "texture": "#1"},
				"up": {"uv": [0, 14, 12.5, 15], "texture": "#1"},
				"down": {"uv": [0, 14, 12.5, 15], "texture": "#1"}
			}
		},
		{
			"name": "main cubey",
			"from": [5, 14, -5],
			"to": [28, 15, 10],
			"faces": {
				"north": {"uv": [0, 3, 15, 4], "texture": "#1"},
				"east": {"uv": [0, 3, 15, 4], "texture": "#1"},
				"south": {"uv": [0, 3, 15, 4], "texture": "#1"},
				"west": {"uv": [0, 3, 15, 4], "texture": "#1"},
				"up": {"uv": [0, 3, 15, 4], "texture": "#1"},
				"down": {"uv": [0, 3, 15, 4], "texture": "#1"}
			}
		},
		{
			"name": "floor",
			"from": [3, 14.6, -2],
			"to": [30, 15.6, 19],
			"rotation": {"angle": -22.5, "axis": "x", "origin": [13, -3.4, 0]},
			"faces": {
				"north": {"uv": [0, 0, 16, 1], "texture": "#4"},
				"east": {"uv": [0, 0, 16, 1], "texture": "#4"},
				"south": {"uv": [0, 0, 16, 1], "texture": "#4"},
				"west": {"uv": [0, 0, 16, 1], "texture": "#4"},
				"up": {"uv": [0, 0, 16, 16], "texture": "#4"},
				"down": {"uv": [0, 0, 16, 16], "texture": "#4"}
			}
		},
		{
			"name": "main cubey",
			"from": [5, 17, 2.2],
			"to": [28, 18, 10.3],
			"faces": {
				"north": {"uv": [0, 12, 8.1, 13], "texture": "#1"},
				"east": {"uv": [0, 12, 8.1, 13], "texture": "#1"},
				"south": {"uv": [0, 12, 8.1, 13], "texture": "#1"},
				"west": {"uv": [0, 12, 8.1, 13], "texture": "#1"},
				"up": {"uv": [0, 12, 8.1, 13], "texture": "#1"},
				"down": {"uv": [0, 12, 8.1, 13], "texture": "#1"}
			}
		},
		{
			"name": "main cubey",
			"from": [5, 18, 4.5],
			"to": [28, 19, 10.3],
			"faces": {
				"north": {"uv": [0, 7, 5.799, 8], "texture": "#1"},
				"east": {"uv": [0, 7, 5.799, 8], "texture": "#1"},
				"south": {"uv": [0, 7, 5.799, 8], "texture": "#1"},
				"west": {"uv": [0, 7, 5.799, 8], "texture": "#1"},
				"up": {"uv": [0, 7, 5.799, 8], "texture": "#1"},
				"down": {"uv": [0, 7, 5.799, 8], "texture": "#1"}
			}
		},
		{
			"name": "main cubey",
			"from": [5, 19, 7.1],
			"to": [28, 20, 10.3],
			"faces": {
				"north": {"uv": [0, 0, 16, 1], "texture": "#1"},
				"east": {"uv": [0, 0, 3.2, 1], "texture": "#1"},
				"south": {"uv": [0, 0, 16, 1], "texture": "#1"},
				"west": {"uv": [0, 0, 3.2, 1], "texture": "#1"},
				"up": {"uv": [0, 0, 16, 3.2], "texture": "#1"},
				"down": {"uv": [0, 0, 16, 3.2], "texture": "#0"}
			}
		}
	],
	"display": {
		"thirdperson_righthand": {
			"rotation": [75, 45, 0],
			"translation": [0, 2.5, 0],
			"scale": [0.3, 0.3, 0.3]
		},
		"thirdperson_lefthand": {
			"rotation": [75, 45, 0],
			"translation": [0, 2.5, 0],
			"scale": [0.3, 0.3, 0.3]
		},
		"firstperson_righthand": {
			"rotation": [0, 45, 0],
			"translation": [0, 1.25, 0],
			"scale": [0.2, 0.2, 0.2]
		},
		"firstperson_lefthand": {
			"rotation": [0, 225, 0],
			"scale": [0.2, 0.2, 0.2]
		},
		"ground": {
			"translation": [0, 3, 0],
			"scale": [0.5, 0.5, 0.5]
		},
		"gui": {
			"rotation": [30, 149, 0],
			"translation": [0, -1.25, 0],
			"scale": [0.3, 0.3, 0.3]
		},
		"head": {
			"translation": [0, 12.25, 0],
			"scale": [0.5, 0.5, 0.5]
		},
		"fixed": {
			"rotation": [-90, 0, 0],
			"translation": [0, 0, -23.25],
			"scale": [2, 2, 2]
		}
	},
	"groups": [
		{
			"name": "first box",
			"children": [0,
				{
					"name": "ramp",
					"children": [1, 2, 3, 4, 5]
				},
				{
					"name": "door",
					"children": [6, 7, 8, 9, 10, 11, 12]
				},
				{
					"name": "legs",
					"children": [13, 14, 15, 16, 17, 18, 19, 20]
				},
				{
					"name": "roof",
					"children": [21, 22]
				},
				{
					"name": "main cubey",
					"children": [23, 24, 25, 26]
				}
			]
		},
		{
			"name": "Second Box",
			"children": [27,
				{
					"name": "Legs",
					"children": [28, 29, 30, 31, 32, 33, 34, 35]
				}, 36, 37]
		},
		{
			"name": "third box",
			"children": [38, 39, 40, 41, 42,
				{
					"name": "trough",
					"children": [43, 44, 45, 46, 47, 48, 49, 50, 51]
				},
				{
					"name": "feed window",
					"children": [52, 53, 54, 55, 56, 57]
				},
				{
					"name": "secondroof",
					"children": [58, 59, 60, 61, 62, 63, 64]
				}
			]
		}
	]
}