{
	"credit": "Made with Blockbench",
	"textures": {
		"0": "block/MizunoArchive/acacia_sapling_1",
		"1": "block/MizunoArchive/baked_potato_0a",
		"particle": "block/MizunoArchive/acacia_sapling_1"
	},
	"elements": [
		{
			"from": [7, 10, 3],
			"to": [11, 17, 3],
			"rotation": {"angle": 45, "axis": "x", "origin": [8.5, 4, 7.5]},
			"faces": {
				"north": {"uv": [4.5, 7.5, 11, 16], "texture": "#0"},
				"east": {"uv": [4.5, 7.5, 11, 16], "texture": "#0"},
				"south": {"uv": [4.5, 7.5, 11, 16], "texture": "#0"},
				"west": {"uv": [4.5, 7.5, 11, 16], "texture": "#0"},
				"up": {"uv": [4.5, 7.5, 11, 16], "texture": "#0"},
				"down": {"uv": [4.5, 7.5, 11, 16], "texture": "#0"}
			}
		},
		{
			"from": [8, -1, 8],
			"to": [8.75, 25, 8.75],
			"rotation": {"angle": 22.5, "axis": "y", "origin": [8.5, 12, 8.5]},
			"faces": {
				"north": {"uv": [0.5, 2, 1.5, 6], "texture": "#0"},
				"east": {"uv": [0.5, 2, 1.5, 6], "texture": "#0"},
				"south": {"uv": [0.5, 2, 1.5, 6], "texture": "#0"},
				"west": {"uv": [0.5, 2, 1.5, 6], "texture": "#0"},
				"up": {"uv": [0.5, 2, 1.5, 6], "texture": "#0"},
				"down": {"uv": [0.5, 2, 1.5, 6], "texture": "#0"}
			}
		},
		{
			"from": [5, -1, 6],
			"to": [12, 9, 6],
			"rotation": {"angle": -22.5, "axis": "x", "origin": [8.5, 4, 7.5]},
			"faces": {
				"north": {"uv": [2, 8, 13, 16], "texture": "#0"},
				"east": {"uv": [2, 8, 13, 16], "texture": "#0"},
				"south": {"uv": [2, 8, 13, 16], "texture": "#0"},
				"west": {"uv": [2, 8, 13, 16], "texture": "#0"},
				"up": {"uv": [2, 8, 13, 16], "texture": "#0"},
				"down": {"uv": [2, 8, 13, 16], "texture": "#0"}
			}
		},
		{
			"from": [11, -1, 5],
			"to": [11, 9, 13],
			"rotation": {"angle": -22.5, "axis": "z", "origin": [8.5, 4, 7.5]},
			"faces": {
				"north": {"uv": [2, 8, 13, 16], "texture": "#0"},
				"east": {"uv": [2, 8, 13, 16], "texture": "#0"},
				"south": {"uv": [2, 8, 13, 16], "texture": "#0"},
				"west": {"uv": [2, 8, 13, 16], "texture": "#0"},
				"up": {"uv": [2, 8, 13, 16], "texture": "#0"},
				"down": {"uv": [2, 8, 13, 16], "texture": "#0"}
			}
		},
		{
			"from": [12.1, 15, 6],
			"to": [12.1, 23, 10],
			"rotation": {"angle": 22.5, "axis": "z", "origin": [8.5, 4, 7.5]},
			"faces": {
				"north": {"uv": [4.5, 7.5, 11, 16], "texture": "#0"},
				"east": {"uv": [4.5, 7.5, 11, 16], "texture": "#0"},
				"south": {"uv": [4.5, 7.5, 11, 16], "texture": "#0"},
				"west": {"uv": [4.5, 7.5, 11, 16], "texture": "#0"},
				"up": {"uv": [4.5, 7.5, 11, 16], "texture": "#0"},
				"down": {"uv": [4.5, 7.5, 11, 16], "texture": "#0"}
			}
		},
		{
			"from": [8, 25, 8],
			"to": [9, 28, 9],
			"faces": {
				"north": {"uv": [3, 0, 4, 3], "texture": "#1"},
				"east": {"uv": [3, 0, 4, 3], "texture": "#1"},
				"south": {"uv": [3, 0, 4, 3], "texture": "#1"},
				"west": {"uv": [3, 0, 4, 3], "texture": "#1"},
				"up": {"uv": [3, 0, 4, 3], "texture": "#1"},
				"down": {"uv": [3, 0, 4, 3], "texture": "#1"}
			}
		},
		{
			"from": [8.2, 28, 8.2],
			"to": [8.8, 29.1, 8.8],
			"faces": {
				"north": {"uv": [0, 2, 1, 4], "texture": "#1"},
				"east": {"uv": [0, 2, 1, 4], "texture": "#1"},
				"south": {"uv": [0, 2, 1, 4], "texture": "#1"},
				"west": {"uv": [0, 2, 1, 4], "texture": "#1"},
				"up": {"uv": [0, 2, 1, 4], "texture": "#1"},
				"down": {"uv": [0, 2, 1, 4], "texture": "#1"}
			}
		},
		{
			"from": [7, 22, 1.5],
			"to": [10, 27, 1.5],
			"rotation": {"angle": 22.5, "axis": "x", "origin": [8.5, 4, 7.5]},
			"faces": {
				"north": {"uv": [4.5, 7.5, 11, 16], "texture": "#0"},
				"east": {"uv": [4.5, 7.5, 11, 16], "texture": "#0"},
				"south": {"uv": [4.5, 7.5, 11, 16], "texture": "#0"},
				"west": {"uv": [4.5, 7.5, 11, 16], "texture": "#0"},
				"up": {"uv": [4.5, 7.5, 11, 16], "texture": "#0"},
				"down": {"uv": [4.5, 7.5, 11, 16], "texture": "#0"}
			}
		},
		{
			"from": [22.8, 18.4, 6.9],
			"to": [22.8, 23.6, 9.9],
			"rotation": {"angle": 45, "axis": "z", "origin": [8.5, 4, 7.5]},
			"faces": {
				"north": {"uv": [4.5, 7.5, 11, 16], "texture": "#0"},
				"east": {"uv": [4.5, 7.5, 11, 16], "texture": "#0"},
				"south": {"uv": [4.5, 7.5, 11, 16], "texture": "#0"},
				"west": {"uv": [4.5, 7.5, 11, 16], "texture": "#0"},
				"up": {"uv": [4.5, 7.5, 11, 16], "rotation": 90, "texture": "#0"},
				"down": {"uv": [4.5, 7.5, 11, 16], "rotation": 270, "texture": "#0"}
			}
		},
		{
			"from": [7, 21.1, 15.2],
			"to": [10, 25.7, 15.2],
			"rotation": {"angle": -22.5, "axis": "x", "origin": [8.5, 4, 7.5]},
			"faces": {
				"north": {"uv": [4.5, 7.5, 11, 16], "texture": "#0"},
				"east": {"uv": [4.5, 7.5, 11, 16], "texture": "#0"},
				"south": {"uv": [4.5, 7.5, 11, 16], "texture": "#0"},
				"west": {"uv": [4.5, 7.5, 11, 16], "texture": "#0"},
				"up": {"uv": [4.5, 7.5, 11, 16], "rotation": 180, "texture": "#0"},
				"down": {"uv": [4.5, 7.5, 11, 16], "rotation": 180, "texture": "#0"}
			}
		},
		{
			"from": [-5.7, 18.3, 6.9],
			"to": [-5.7, 22.9, 9.9],
			"rotation": {"angle": -45, "axis": "z", "origin": [8.5, 4, 7.5]},
			"faces": {
				"north": {"uv": [4.5, 7.5, 11, 16], "texture": "#0"},
				"east": {"uv": [4.5, 7.5, 11, 16], "texture": "#0"},
				"south": {"uv": [4.5, 7.5, 11, 16], "texture": "#0"},
				"west": {"uv": [4.5, 7.5, 11, 16], "texture": "#0"},
				"up": {"uv": [4.5, 7.5, 11, 16], "rotation": 270, "texture": "#0"},
				"down": {"uv": [4.5, 7.5, 11, 16], "rotation": 90, "texture": "#0"}
			}
		},
		{
			"from": [7.76, 22.12, 11.36],
			"to": [8.6, 22.96, 12.2],
			"rotation": {"angle": -22.5, "axis": "x", "origin": [15.32, 7, 13.88]},
			"faces": {
				"north": {"uv": [3, 3, 5, 5], "texture": "#1"},
				"east": {"uv": [3, 3, 5, 5], "texture": "#1"},
				"south": {"uv": [3, 3, 5, 5], "texture": "#1"},
				"west": {"uv": [3, 3, 5, 5], "texture": "#1"},
				"up": {"uv": [3, 3, 5, 5], "texture": "#1"},
				"down": {"uv": [3, 3, 5, 5], "texture": "#1"}
			}
		},
		{
			"from": [7.34, 19.6, 10.94],
			"to": [9.02, 22.12, 12.62],
			"rotation": {"angle": -22.5, "axis": "x", "origin": [15.32, 7, 13.88]},
			"faces": {
				"north": {"uv": [2, 1, 5, 5], "texture": "#1"},
				"east": {"uv": [2, 1, 5, 5], "texture": "#1"},
				"south": {"uv": [2, 1, 5, 5], "texture": "#1"},
				"west": {"uv": [2, 1, 5, 5], "texture": "#1"},
				"up": {"uv": [2, 1, 5, 4], "texture": "#1"},
				"down": {"uv": [2, 1, 5, 5], "texture": "#1"}
			}
		},
		{
			"from": [6.92, 18.76, 10.52],
			"to": [9.44, 19.6, 13.04],
			"rotation": {"angle": -22.5, "axis": "x", "origin": [15.32, 7, 13.88]},
			"faces": {
				"north": {"uv": [0.5, 3.5, 2, 4.5], "texture": "#0"},
				"east": {"uv": [0.5, 3.5, 2, 4.5], "texture": "#0"},
				"south": {"uv": [0.5, 3.5, 2, 4.5], "texture": "#0"},
				"west": {"uv": [0.5, 3.5, 2, 4.5], "texture": "#0"},
				"up": {"uv": [0.5, 3.5, 2, 4.5], "texture": "#0"},
				"down": {"uv": [0.5, 3.5, 2, 4.5], "texture": "#0"}
			}
		},
		{
			"from": [7.34, 17.92, 10.94],
			"to": [9.02, 18.76, 12.62],
			"rotation": {"angle": -22.5, "axis": "x", "origin": [15.32, 7, 13.88]},
			"faces": {
				"north": {"uv": [0.5, 4, 1.5, 4.5], "texture": "#0"},
				"east": {"uv": [0.5, 4, 1.5, 4.5], "texture": "#0"},
				"south": {"uv": [0.5, 4, 1.5, 4.5], "texture": "#0"},
				"west": {"uv": [0.5, 4, 1.5, 4.5], "texture": "#0"},
				"up": {"uv": [0.5, 4, 1.5, 4.5], "texture": "#0"},
				"down": {"uv": [0.5, 4, 1.5, 4.5], "texture": "#0"}
			}
		},
		{
			"from": [7.76, 17.08, 11.36],
			"to": [8.6, 17.92, 12.2],
			"rotation": {"angle": -22.5, "axis": "x", "origin": [15.32, 7, 13.88]},
			"faces": {
				"north": {"uv": [0.5, 4.5, 1, 5], "texture": "#0"},
				"east": {"uv": [0.5, 4.5, 1, 5], "texture": "#0"},
				"south": {"uv": [0.5, 4.5, 1, 5], "texture": "#0"},
				"west": {"uv": [0.5, 4.5, 1, 5], "texture": "#0"},
				"up": {"uv": [0.5, 4.5, 1, 5], "texture": "#0"},
				"down": {"uv": [0.5, 4.5, 1, 5], "texture": "#0"}
			}
		},
		{
			"from": [7.76, 12.04, 8],
			"to": [8.6, 12.88, 8.84],
			"rotation": {"angle": -22.5, "axis": "z", "origin": [15.32, 7, 13.88]},
			"faces": {
				"north": {"uv": [3, 3, 5, 5], "texture": "#1"},
				"east": {"uv": [3, 3, 5, 5], "texture": "#1"},
				"south": {"uv": [3, 3, 5, 5], "texture": "#1"},
				"west": {"uv": [3, 3, 5, 5], "texture": "#1"},
				"up": {"uv": [3, 3, 5, 5], "texture": "#1"},
				"down": {"uv": [3, 3, 5, 5], "texture": "#1"}
			}
		},
		{
			"from": [7.34, 9.52, 7.58],
			"to": [9.02, 12.04, 9.26],
			"rotation": {"angle": -22.5, "axis": "z", "origin": [15.32, 7, 13.88]},
			"faces": {
				"north": {"uv": [2, 1, 5, 5], "texture": "#1"},
				"east": {"uv": [2, 1, 5, 5], "texture": "#1"},
				"south": {"uv": [2, 1, 5, 5], "texture": "#1"},
				"west": {"uv": [2, 1, 5, 5], "texture": "#1"},
				"up": {"uv": [2, 1, 5, 4], "texture": "#1"},
				"down": {"uv": [2, 1, 5, 5], "texture": "#1"}
			}
		},
		{
			"from": [6.92, 8.68, 7.16],
			"to": [9.44, 9.52, 9.68],
			"rotation": {"angle": -22.5, "axis": "z", "origin": [15.32, 7, 13.88]},
			"faces": {
				"north": {"uv": [0.5, 3.5, 2, 4.5], "texture": "#0"},
				"east": {"uv": [0.5, 3.5, 2, 4.5], "texture": "#0"},
				"south": {"uv": [0.5, 3.5, 2, 4.5], "texture": "#0"},
				"west": {"uv": [0.5, 3.5, 2, 4.5], "texture": "#0"},
				"up": {"uv": [0.5, 3.5, 2, 4.5], "texture": "#0"},
				"down": {"uv": [0.5, 3.5, 2, 4.5], "texture": "#0"}
			}
		},
		{
			"from": [7.34, 7.84, 7.58],
			"to": [9.02, 8.68, 9.26],
			"rotation": {"angle": -22.5, "axis": "z", "origin": [15.32, 7, 13.88]},
			"faces": {
				"north": {"uv": [0.5, 4, 1.5, 4.5], "texture": "#0"},
				"east": {"uv": [0.5, 4, 1.5, 4.5], "texture": "#0"},
				"south": {"uv": [0.5, 4, 1.5, 4.5], "texture": "#0"},
				"west": {"uv": [0.5, 4, 1.5, 4.5], "texture": "#0"},
				"up": {"uv": [0.5, 4, 1.5, 4.5], "texture": "#0"},
				"down": {"uv": [0.5, 4, 1.5, 4.5], "texture": "#0"}
			}
		},
		{
			"from": [7.76, 7, 8],
			"to": [8.6, 7.84, 8.84],
			"rotation": {"angle": -22.5, "axis": "z", "origin": [15.32, 7, 13.88]},
			"faces": {
				"north": {"uv": [0.5, 4.5, 1, 5], "texture": "#0"},
				"east": {"uv": [0.5, 4.5, 1, 5], "texture": "#0"},
				"south": {"uv": [0.5, 4.5, 1, 5], "texture": "#0"},
				"west": {"uv": [0.5, 4.5, 1, 5], "texture": "#0"},
				"up": {"uv": [0.5, 4.5, 1, 5], "texture": "#0"},
				"down": {"uv": [0.5, 4.5, 1, 5], "texture": "#0"}
			}
		},
		{
			"from": [-4, 12, 12],
			"to": [0, 19, 12],
			"rotation": {"angle": -45, "axis": "x", "origin": [-1.5, 6, 7.5]},
			"faces": {
				"north": {"uv": [4.5, 7.5, 11, 16], "texture": "#0"},
				"east": {"uv": [4.5, 7.5, 11, 16], "texture": "#0"},
				"south": {"uv": [4.5, 7.5, 11, 16], "texture": "#0"},
				"west": {"uv": [4.5, 7.5, 11, 16], "texture": "#0"},
				"up": {"uv": [4.5, 7.5, 11, 16], "rotation": 180, "texture": "#0"},
				"down": {"uv": [4.5, 7.5, 11, 16], "rotation": 180, "texture": "#0"}
			}
		},
		{
			"from": [-1.75, 1, 6.25],
			"to": [-1, 27, 7],
			"rotation": {"angle": 22.5, "axis": "y", "origin": [-1.5, 14, 6.5]},
			"faces": {
				"north": {"uv": [0.5, 2, 1.5, 6], "texture": "#0"},
				"east": {"uv": [0.5, 2, 1.5, 6], "texture": "#0"},
				"south": {"uv": [0.5, 2, 1.5, 6], "texture": "#0"},
				"west": {"uv": [0.5, 2, 1.5, 6], "texture": "#0"},
				"up": {"uv": [0.5, 2, 1.5, 6], "rotation": 180, "texture": "#0"},
				"down": {"uv": [0.5, 2, 1.5, 6], "rotation": 180, "texture": "#0"}
			}
		},
		{
			"from": [-5, 1, 9],
			"to": [2, 11, 9],
			"rotation": {"angle": 22.5, "axis": "x", "origin": [-1.5, 6, 7.5]},
			"faces": {
				"north": {"uv": [2, 8, 13, 16], "texture": "#0"},
				"east": {"uv": [2, 8, 13, 16], "texture": "#0"},
				"south": {"uv": [2, 8, 13, 16], "texture": "#0"},
				"west": {"uv": [2, 8, 13, 16], "texture": "#0"},
				"up": {"uv": [2, 8, 13, 16], "rotation": 180, "texture": "#0"},
				"down": {"uv": [2, 8, 13, 16], "rotation": 180, "texture": "#0"}
			}
		},
		{
			"from": [-4, 1, 2],
			"to": [-4, 11, 10],
			"rotation": {"angle": 22.5, "axis": "z", "origin": [-1.5, 6, 7.5]},
			"faces": {
				"north": {"uv": [2, 8, 13, 16], "texture": "#0"},
				"east": {"uv": [2, 8, 13, 16], "texture": "#0"},
				"south": {"uv": [2, 8, 13, 16], "texture": "#0"},
				"west": {"uv": [2, 8, 13, 16], "texture": "#0"},
				"up": {"uv": [2, 8, 13, 16], "rotation": 180, "texture": "#0"},
				"down": {"uv": [2, 8, 13, 16], "rotation": 180, "texture": "#0"}
			}
		},
		{
			"from": [-5.1, 17, 5],
			"to": [-5.1, 25, 9],
			"rotation": {"angle": -22.5, "axis": "z", "origin": [-1.5, 6, 7.5]},
			"faces": {
				"north": {"uv": [4.5, 7.5, 11, 16], "texture": "#0"},
				"east": {"uv": [4.5, 7.5, 11, 16], "texture": "#0"},
				"south": {"uv": [4.5, 7.5, 11, 16], "texture": "#0"},
				"west": {"uv": [4.5, 7.5, 11, 16], "texture": "#0"},
				"up": {"uv": [4.5, 7.5, 11, 16], "rotation": 180, "texture": "#0"},
				"down": {"uv": [4.5, 7.5, 11, 16], "rotation": 180, "texture": "#0"}
			}
		},
		{
			"from": [-2, 27, 6],
			"to": [-1, 30, 7],
			"faces": {
				"north": {"uv": [3, 0, 4, 3], "texture": "#1"},
				"east": {"uv": [3, 0, 4, 3], "texture": "#1"},
				"south": {"uv": [3, 0, 4, 3], "texture": "#1"},
				"west": {"uv": [3, 0, 4, 3], "texture": "#1"},
				"up": {"uv": [3, 0, 4, 3], "rotation": 180, "texture": "#1"},
				"down": {"uv": [3, 0, 4, 3], "rotation": 180, "texture": "#1"}
			}
		},
		{
			"from": [-1.8, 30, 6.2],
			"to": [-1.2, 31.1, 6.8],
			"faces": {
				"north": {"uv": [0, 2, 1, 4], "texture": "#1"},
				"east": {"uv": [0, 2, 1, 4], "texture": "#1"},
				"south": {"uv": [0, 2, 1, 4], "texture": "#1"},
				"west": {"uv": [0, 2, 1, 4], "texture": "#1"},
				"up": {"uv": [0, 2, 1, 4], "rotation": 180, "texture": "#1"},
				"down": {"uv": [0, 2, 1, 4], "rotation": 180, "texture": "#1"}
			}
		},
		{
			"from": [-3, 24, 13.5],
			"to": [0, 29, 13.5],
			"rotation": {"angle": -22.5, "axis": "x", "origin": [-1.5, 6, 7.5]},
			"faces": {
				"north": {"uv": [4.5, 7.5, 11, 16], "texture": "#0"},
				"east": {"uv": [4.5, 7.5, 11, 16], "texture": "#0"},
				"south": {"uv": [4.5, 7.5, 11, 16], "texture": "#0"},
				"west": {"uv": [4.5, 7.5, 11, 16], "texture": "#0"},
				"up": {"uv": [4.5, 7.5, 11, 16], "rotation": 180, "texture": "#0"},
				"down": {"uv": [4.5, 7.5, 11, 16], "rotation": 180, "texture": "#0"}
			}
		},
		{
			"from": [-15.8, 20.4, 5.1],
			"to": [-15.8, 25.6, 8.1],
			"rotation": {"angle": -45, "axis": "z", "origin": [-1.5, 6, 7.5]},
			"faces": {
				"north": {"uv": [4.5, 7.5, 11, 16], "texture": "#0"},
				"east": {"uv": [4.5, 7.5, 11, 16], "texture": "#0"},
				"south": {"uv": [4.5, 7.5, 11, 16], "texture": "#0"},
				"west": {"uv": [4.5, 7.5, 11, 16], "texture": "#0"},
				"up": {"uv": [4.5, 7.5, 11, 16], "rotation": 270, "texture": "#0"},
				"down": {"uv": [4.5, 7.5, 11, 16], "rotation": 90, "texture": "#0"}
			}
		},
		{
			"from": [-3, 23.1, -0.2],
			"to": [0, 27.7, -0.2],
			"rotation": {"angle": 22.5, "axis": "x", "origin": [-1.5, 6, 7.5]},
			"faces": {
				"north": {"uv": [4.5, 7.5, 11, 16], "texture": "#0"},
				"east": {"uv": [4.5, 7.5, 11, 16], "texture": "#0"},
				"south": {"uv": [4.5, 7.5, 11, 16], "texture": "#0"},
				"west": {"uv": [4.5, 7.5, 11, 16], "texture": "#0"},
				"up": {"uv": [4.5, 7.5, 11, 16], "texture": "#0"},
				"down": {"uv": [4.5, 7.5, 11, 16], "texture": "#0"}
			}
		},
		{
			"from": [12.7, 20.3, 5.1],
			"to": [12.7, 24.9, 8.1],
			"rotation": {"angle": 45, "axis": "z", "origin": [-1.5, 6, 7.5]},
			"faces": {
				"north": {"uv": [4.5, 7.5, 11, 16], "texture": "#0"},
				"east": {"uv": [4.5, 7.5, 11, 16], "texture": "#0"},
				"south": {"uv": [4.5, 7.5, 11, 16], "texture": "#0"},
				"west": {"uv": [4.5, 7.5, 11, 16], "texture": "#0"},
				"up": {"uv": [4.5, 7.5, 11, 16], "rotation": 90, "texture": "#0"},
				"down": {"uv": [4.5, 7.5, 11, 16], "rotation": 270, "texture": "#0"}
			}
		},
		{
			"from": [-1.6, 24.12, 2.8],
			"to": [-0.76, 24.96, 3.64],
			"rotation": {"angle": 22.5, "axis": "x", "origin": [-8.32, 9, 1.12]},
			"faces": {
				"north": {"uv": [3, 3, 5, 5], "texture": "#1"},
				"east": {"uv": [3, 3, 5, 5], "texture": "#1"},
				"south": {"uv": [3, 3, 5, 5], "texture": "#1"},
				"west": {"uv": [3, 3, 5, 5], "texture": "#1"},
				"up": {"uv": [3, 3, 5, 5], "rotation": 180, "texture": "#1"},
				"down": {"uv": [3, 3, 5, 5], "rotation": 180, "texture": "#1"}
			}
		},
		{
			"from": [-2.02, 21.6, 2.38],
			"to": [-0.34, 24.12, 4.06],
			"rotation": {"angle": 22.5, "axis": "x", "origin": [-8.32, 9, 1.12]},
			"faces": {
				"north": {"uv": [2, 1, 5, 5], "texture": "#1"},
				"east": {"uv": [2, 1, 5, 5], "texture": "#1"},
				"south": {"uv": [2, 1, 5, 5], "texture": "#1"},
				"west": {"uv": [2, 1, 5, 5], "texture": "#1"},
				"up": {"uv": [2, 1, 5, 4], "rotation": 180, "texture": "#1"},
				"down": {"uv": [2, 1, 5, 5], "rotation": 180, "texture": "#1"}
			}
		},
		{
			"from": [-2.44, 20.76, 1.96],
			"to": [0.08, 21.6, 4.48],
			"rotation": {"angle": 22.5, "axis": "x", "origin": [-8.32, 9, 1.12]},
			"faces": {
				"north": {"uv": [0.5, 3.5, 2, 4.5], "texture": "#0"},
				"east": {"uv": [0.5, 3.5, 2, 4.5], "texture": "#0"},
				"south": {"uv": [0.5, 3.5, 2, 4.5], "texture": "#0"},
				"west": {"uv": [0.5, 3.5, 2, 4.5], "texture": "#0"},
				"up": {"uv": [0.5, 3.5, 2, 4.5], "rotation": 180, "texture": "#0"},
				"down": {"uv": [0.5, 3.5, 2, 4.5], "rotation": 180, "texture": "#0"}
			}
		},
		{
			"from": [-2.02, 19.92, 2.38],
			"to": [-0.34, 20.76, 4.06],
			"rotation": {"angle": 22.5, "axis": "x", "origin": [-8.32, 9, 1.12]},
			"faces": {
				"north": {"uv": [0.5, 4, 1.5, 4.5], "texture": "#0"},
				"east": {"uv": [0.5, 4, 1.5, 4.5], "texture": "#0"},
				"south": {"uv": [0.5, 4, 1.5, 4.5], "texture": "#0"},
				"west": {"uv": [0.5, 4, 1.5, 4.5], "texture": "#0"},
				"up": {"uv": [0.5, 4, 1.5, 4.5], "rotation": 180, "texture": "#0"},
				"down": {"uv": [0.5, 4, 1.5, 4.5], "rotation": 180, "texture": "#0"}
			}
		},
		{
			"from": [-1.6, 19.08, 2.8],
			"to": [-0.76, 19.92, 3.64],
			"rotation": {"angle": 22.5, "axis": "x", "origin": [-8.32, 9, 1.12]},
			"faces": {
				"north": {"uv": [0.5, 4.5, 1, 5], "texture": "#0"},
				"east": {"uv": [0.5, 4.5, 1, 5], "texture": "#0"},
				"south": {"uv": [0.5, 4.5, 1, 5], "texture": "#0"},
				"west": {"uv": [0.5, 4.5, 1, 5], "texture": "#0"},
				"up": {"uv": [0.5, 4.5, 1, 5], "rotation": 180, "texture": "#0"},
				"down": {"uv": [0.5, 4.5, 1, 5], "rotation": 180, "texture": "#0"}
			}
		},
		{
			"from": [-1.6, 14.04, 6.16],
			"to": [-0.76, 14.88, 7],
			"rotation": {"angle": 22.5, "axis": "z", "origin": [-8.32, 9, 1.12]},
			"faces": {
				"north": {"uv": [3, 3, 5, 5], "texture": "#1"},
				"east": {"uv": [3, 3, 5, 5], "texture": "#1"},
				"south": {"uv": [3, 3, 5, 5], "texture": "#1"},
				"west": {"uv": [3, 3, 5, 5], "texture": "#1"},
				"up": {"uv": [3, 3, 5, 5], "rotation": 180, "texture": "#1"},
				"down": {"uv": [3, 3, 5, 5], "rotation": 180, "texture": "#1"}
			}
		},
		{
			"from": [-2.02, 11.52, 5.74],
			"to": [-0.34, 14.04, 7.42],
			"rotation": {"angle": 22.5, "axis": "z", "origin": [-8.32, 9, 1.12]},
			"faces": {
				"north": {"uv": [2, 1, 5, 5], "texture": "#1"},
				"east": {"uv": [2, 1, 5, 5], "texture": "#1"},
				"south": {"uv": [2, 1, 5, 5], "texture": "#1"},
				"west": {"uv": [2, 1, 5, 5], "texture": "#1"},
				"up": {"uv": [2, 1, 5, 4], "rotation": 180, "texture": "#1"},
				"down": {"uv": [2, 1, 5, 5], "rotation": 180, "texture": "#1"}
			}
		},
		{
			"from": [-2.44, 10.68, 5.32],
			"to": [0.08, 11.52, 7.84],
			"rotation": {"angle": 22.5, "axis": "z", "origin": [-8.32, 9, 1.12]},
			"faces": {
				"north": {"uv": [0.5, 3.5, 2, 4.5], "texture": "#0"},
				"east": {"uv": [0.5, 3.5, 2, 4.5], "texture": "#0"},
				"south": {"uv": [0.5, 3.5, 2, 4.5], "texture": "#0"},
				"west": {"uv": [0.5, 3.5, 2, 4.5], "texture": "#0"},
				"up": {"uv": [0.5, 3.5, 2, 4.5], "rotation": 180, "texture": "#0"},
				"down": {"uv": [0.5, 3.5, 2, 4.5], "rotation": 180, "texture": "#0"}
			}
		},
		{
			"from": [-2.02, 9.84, 5.74],
			"to": [-0.34, 10.68, 7.42],
			"rotation": {"angle": 22.5, "axis": "z", "origin": [-8.32, 9, 1.12]},
			"faces": {
				"north": {"uv": [0.5, 4, 1.5, 4.5], "texture": "#0"},
				"east": {"uv": [0.5, 4, 1.5, 4.5], "texture": "#0"},
				"south": {"uv": [0.5, 4, 1.5, 4.5], "texture": "#0"},
				"west": {"uv": [0.5, 4, 1.5, 4.5], "texture": "#0"},
				"up": {"uv": [0.5, 4, 1.5, 4.5], "rotation": 180, "texture": "#0"},
				"down": {"uv": [0.5, 4, 1.5, 4.5], "rotation": 180, "texture": "#0"}
			}
		},
		{
			"from": [-1.6, 9, 6.16],
			"to": [-0.76, 9.84, 7],
			"rotation": {"angle": 22.5, "axis": "z", "origin": [-8.32, 9, 1.12]},
			"faces": {
				"north": {"uv": [0.5, 4.5, 1, 5], "texture": "#0"},
				"east": {"uv": [0.5, 4.5, 1, 5], "texture": "#0"},
				"south": {"uv": [0.5, 4.5, 1, 5], "texture": "#0"},
				"west": {"uv": [0.5, 4.5, 1, 5], "texture": "#0"},
				"up": {"uv": [0.5, 4.5, 1, 5], "rotation": 180, "texture": "#0"},
				"down": {"uv": [0.5, 4.5, 1, 5], "rotation": 180, "texture": "#0"}
			}
		},
		{
			"from": [24, 11, 6],
			"to": [24, 18, 10],
			"rotation": {"angle": 45, "axis": "z", "origin": [19.5, 5, 7.5]},
			"faces": {
				"north": {"uv": [4.5, 7.5, 11, 16], "texture": "#0"},
				"east": {"uv": [4.5, 7.5, 11, 16], "texture": "#0"},
				"south": {"uv": [4.5, 7.5, 11, 16], "texture": "#0"},
				"west": {"uv": [4.5, 7.5, 11, 16], "texture": "#0"},
				"up": {"uv": [4.5, 7.5, 11, 16], "rotation": 90, "texture": "#0"},
				"down": {"uv": [4.5, 7.5, 11, 16], "rotation": 270, "texture": "#0"}
			}
		},
		{
			"from": [18.25, 0, 7],
			"to": [19, 26, 7.75],
			"rotation": {"angle": 22.5, "axis": "y", "origin": [18.5, 13, 7.5]},
			"faces": {
				"north": {"uv": [0.5, 2, 1.5, 6], "texture": "#0"},
				"east": {"uv": [0.5, 2, 1.5, 6], "texture": "#0"},
				"south": {"uv": [0.5, 2, 1.5, 6], "texture": "#0"},
				"west": {"uv": [0.5, 2, 1.5, 6], "texture": "#0"},
				"up": {"uv": [0.5, 2, 1.5, 6], "rotation": 90, "texture": "#0"},
				"down": {"uv": [0.5, 2, 1.5, 6], "rotation": 270, "texture": "#0"}
			}
		},
		{
			"from": [21, 0, 4],
			"to": [21, 10, 11],
			"rotation": {"angle": -22.5, "axis": "z", "origin": [19.5, 5, 7.5]},
			"faces": {
				"north": {"uv": [2, 8, 13, 16], "texture": "#0"},
				"east": {"uv": [2, 8, 13, 16], "texture": "#0"},
				"south": {"uv": [2, 8, 13, 16], "texture": "#0"},
				"west": {"uv": [2, 8, 13, 16], "texture": "#0"},
				"up": {"uv": [2, 8, 13, 16], "rotation": 90, "texture": "#0"},
				"down": {"uv": [2, 8, 13, 16], "rotation": 270, "texture": "#0"}
			}
		},
		{
			"from": [14, 0, 10],
			"to": [22, 10, 10],
			"rotation": {"angle": 22.5, "axis": "x", "origin": [19.5, 5, 7.5]},
			"faces": {
				"north": {"uv": [2, 8, 13, 16], "texture": "#0"},
				"east": {"uv": [2, 8, 13, 16], "texture": "#0"},
				"south": {"uv": [2, 8, 13, 16], "texture": "#0"},
				"west": {"uv": [2, 8, 13, 16], "texture": "#0"},
				"up": {"uv": [2, 8, 13, 16], "rotation": 90, "texture": "#0"},
				"down": {"uv": [2, 8, 13, 16], "rotation": 270, "texture": "#0"}
			}
		},
		{
			"from": [17, 16, 11.1],
			"to": [21, 24, 11.1],
			"rotation": {"angle": -22.5, "axis": "x", "origin": [19.5, 5, 7.5]},
			"faces": {
				"north": {"uv": [4.5, 7.5, 11, 16], "texture": "#0"},
				"east": {"uv": [4.5, 7.5, 11, 16], "texture": "#0"},
				"south": {"uv": [4.5, 7.5, 11, 16], "texture": "#0"},
				"west": {"uv": [4.5, 7.5, 11, 16], "texture": "#0"},
				"up": {"uv": [4.5, 7.5, 11, 16], "rotation": 90, "texture": "#0"},
				"down": {"uv": [4.5, 7.5, 11, 16], "rotation": 270, "texture": "#0"}
			}
		},
		{
			"from": [18, 26, 7],
			"to": [19, 29, 8],
			"faces": {
				"north": {"uv": [3, 0, 4, 3], "texture": "#1"},
				"east": {"uv": [3, 0, 4, 3], "texture": "#1"},
				"south": {"uv": [3, 0, 4, 3], "texture": "#1"},
				"west": {"uv": [3, 0, 4, 3], "texture": "#1"},
				"up": {"uv": [3, 0, 4, 3], "rotation": 90, "texture": "#1"},
				"down": {"uv": [3, 0, 4, 3], "rotation": 270, "texture": "#1"}
			}
		},
		{
			"from": [18.2, 29, 7.2],
			"to": [18.8, 30.1, 7.8],
			"faces": {
				"north": {"uv": [0, 2, 1, 4], "texture": "#1"},
				"east": {"uv": [0, 2, 1, 4], "texture": "#1"},
				"south": {"uv": [0, 2, 1, 4], "texture": "#1"},
				"west": {"uv": [0, 2, 1, 4], "texture": "#1"},
				"up": {"uv": [0, 2, 1, 4], "rotation": 90, "texture": "#1"},
				"down": {"uv": [0, 2, 1, 4], "rotation": 270, "texture": "#1"}
			}
		},
		{
			"from": [25.5, 23, 6],
			"to": [25.5, 28, 9],
			"rotation": {"angle": 22.5, "axis": "z", "origin": [19.5, 5, 7.5]},
			"faces": {
				"north": {"uv": [4.5, 7.5, 11, 16], "texture": "#0"},
				"east": {"uv": [4.5, 7.5, 11, 16], "texture": "#0"},
				"south": {"uv": [4.5, 7.5, 11, 16], "texture": "#0"},
				"west": {"uv": [4.5, 7.5, 11, 16], "texture": "#0"},
				"up": {"uv": [4.5, 7.5, 11, 16], "rotation": 90, "texture": "#0"},
				"down": {"uv": [4.5, 7.5, 11, 16], "rotation": 270, "texture": "#0"}
			}
		},
		{
			"from": [17.1, 19.4, 21.8],
			"to": [20.1, 24.6, 21.8],
			"rotation": {"angle": -45, "axis": "x", "origin": [19.5, 5, 7.5]},
			"faces": {
				"north": {"uv": [4.5, 7.5, 11, 16], "texture": "#0"},
				"east": {"uv": [4.5, 7.5, 11, 16], "texture": "#0"},
				"south": {"uv": [4.5, 7.5, 11, 16], "texture": "#0"},
				"west": {"uv": [4.5, 7.5, 11, 16], "texture": "#0"},
				"up": {"uv": [4.5, 7.5, 11, 16], "rotation": 180, "texture": "#0"},
				"down": {"uv": [4.5, 7.5, 11, 16], "rotation": 180, "texture": "#0"}
			}
		},
		{
			"from": [11.8, 22.1, 6],
			"to": [11.8, 26.7, 9],
			"rotation": {"angle": -22.5, "axis": "z", "origin": [19.5, 5, 7.5]},
			"faces": {
				"north": {"uv": [4.5, 7.5, 11, 16], "texture": "#0"},
				"east": {"uv": [4.5, 7.5, 11, 16], "texture": "#0"},
				"south": {"uv": [4.5, 7.5, 11, 16], "texture": "#0"},
				"west": {"uv": [4.5, 7.5, 11, 16], "texture": "#0"},
				"up": {"uv": [4.5, 7.5, 11, 16], "rotation": 270, "texture": "#0"},
				"down": {"uv": [4.5, 7.5, 11, 16], "rotation": 90, "texture": "#0"}
			}
		},
		{
			"from": [17.1, 19.3, -6.7],
			"to": [20.1, 23.9, -6.7],
			"rotation": {"angle": 45, "axis": "x", "origin": [19.5, 5, 7.5]},
			"faces": {
				"north": {"uv": [4.5, 7.5, 11, 16], "texture": "#0"},
				"east": {"uv": [4.5, 7.5, 11, 16], "texture": "#0"},
				"south": {"uv": [4.5, 7.5, 11, 16], "texture": "#0"},
				"west": {"uv": [4.5, 7.5, 11, 16], "texture": "#0"},
				"up": {"uv": [4.5, 7.5, 11, 16], "texture": "#0"},
				"down": {"uv": [4.5, 7.5, 11, 16], "texture": "#0"}
			}
		},
		{
			"from": [14.8, 23.12, 6.76],
			"to": [15.64, 23.96, 7.6],
			"rotation": {"angle": -22.5, "axis": "z", "origin": [13.12, 8, 14.32]},
			"faces": {
				"north": {"uv": [3, 3, 5, 5], "texture": "#1"},
				"east": {"uv": [3, 3, 5, 5], "texture": "#1"},
				"south": {"uv": [3, 3, 5, 5], "texture": "#1"},
				"west": {"uv": [3, 3, 5, 5], "texture": "#1"},
				"up": {"uv": [3, 3, 5, 5], "rotation": 90, "texture": "#1"},
				"down": {"uv": [3, 3, 5, 5], "rotation": 270, "texture": "#1"}
			}
		},
		{
			"from": [14.38, 20.6, 6.34],
			"to": [16.06, 23.12, 8.02],
			"rotation": {"angle": -22.5, "axis": "z", "origin": [13.12, 8, 14.32]},
			"faces": {
				"north": {"uv": [2, 1, 5, 5], "texture": "#1"},
				"east": {"uv": [2, 1, 5, 5], "texture": "#1"},
				"south": {"uv": [2, 1, 5, 5], "texture": "#1"},
				"west": {"uv": [2, 1, 5, 5], "texture": "#1"},
				"up": {"uv": [2, 1, 5, 4], "rotation": 90, "texture": "#1"},
				"down": {"uv": [2, 1, 5, 5], "rotation": 270, "texture": "#1"}
			}
		},
		{
			"from": [13.96, 19.76, 5.92],
			"to": [16.48, 20.6, 8.44],
			"rotation": {"angle": -22.5, "axis": "z", "origin": [13.12, 8, 14.32]},
			"faces": {
				"north": {"uv": [0.5, 3.5, 2, 4.5], "texture": "#0"},
				"east": {"uv": [0.5, 3.5, 2, 4.5], "texture": "#0"},
				"south": {"uv": [0.5, 3.5, 2, 4.5], "texture": "#0"},
				"west": {"uv": [0.5, 3.5, 2, 4.5], "texture": "#0"},
				"up": {"uv": [0.5, 3.5, 2, 4.5], "rotation": 90, "texture": "#0"},
				"down": {"uv": [0.5, 3.5, 2, 4.5], "rotation": 270, "texture": "#0"}
			}
		},
		{
			"from": [14.38, 18.92, 6.34],
			"to": [16.06, 19.76, 8.02],
			"rotation": {"angle": -22.5, "axis": "z", "origin": [13.12, 8, 14.32]},
			"faces": {
				"north": {"uv": [0.5, 4, 1.5, 4.5], "texture": "#0"},
				"east": {"uv": [0.5, 4, 1.5, 4.5], "texture": "#0"},
				"south": {"uv": [0.5, 4, 1.5, 4.5], "texture": "#0"},
				"west": {"uv": [0.5, 4, 1.5, 4.5], "texture": "#0"},
				"up": {"uv": [0.5, 4, 1.5, 4.5], "rotation": 90, "texture": "#0"},
				"down": {"uv": [0.5, 4, 1.5, 4.5], "rotation": 270, "texture": "#0"}
			}
		},
		{
			"from": [14.8, 18.08, 6.76],
			"to": [15.64, 18.92, 7.6],
			"rotation": {"angle": -22.5, "axis": "z", "origin": [13.12, 8, 14.32]},
			"faces": {
				"north": {"uv": [0.5, 4.5, 1, 5], "texture": "#0"},
				"east": {"uv": [0.5, 4.5, 1, 5], "texture": "#0"},
				"south": {"uv": [0.5, 4.5, 1, 5], "texture": "#0"},
				"west": {"uv": [0.5, 4.5, 1, 5], "texture": "#0"},
				"up": {"uv": [0.5, 4.5, 1, 5], "rotation": 90, "texture": "#0"},
				"down": {"uv": [0.5, 4.5, 1, 5], "rotation": 270, "texture": "#0"}
			}
		},
		{
			"from": [18.16, 13.04, 6.76],
			"to": [19, 13.88, 7.6],
			"rotation": {"angle": 22.5, "axis": "x", "origin": [13.12, 8, 14.32]},
			"faces": {
				"north": {"uv": [3, 3, 5, 5], "texture": "#1"},
				"east": {"uv": [3, 3, 5, 5], "texture": "#1"},
				"south": {"uv": [3, 3, 5, 5], "texture": "#1"},
				"west": {"uv": [3, 3, 5, 5], "texture": "#1"},
				"up": {"uv": [3, 3, 5, 5], "rotation": 90, "texture": "#1"},
				"down": {"uv": [3, 3, 5, 5], "rotation": 270, "texture": "#1"}
			}
		},
		{
			"from": [17.74, 10.52, 6.34],
			"to": [19.42, 13.04, 8.02],
			"rotation": {"angle": 22.5, "axis": "x", "origin": [13.12, 8, 14.32]},
			"faces": {
				"north": {"uv": [2, 1, 5, 5], "texture": "#1"},
				"east": {"uv": [2, 1, 5, 5], "texture": "#1"},
				"south": {"uv": [2, 1, 5, 5], "texture": "#1"},
				"west": {"uv": [2, 1, 5, 5], "texture": "#1"},
				"up": {"uv": [2, 1, 5, 4], "rotation": 90, "texture": "#1"},
				"down": {"uv": [2, 1, 5, 5], "rotation": 270, "texture": "#1"}
			}
		},
		{
			"from": [17.32, 9.68, 5.92],
			"to": [19.84, 10.52, 8.44],
			"rotation": {"angle": 22.5, "axis": "x", "origin": [13.12, 8, 14.32]},
			"faces": {
				"north": {"uv": [0.5, 3.5, 2, 4.5], "texture": "#0"},
				"east": {"uv": [0.5, 3.5, 2, 4.5], "texture": "#0"},
				"south": {"uv": [0.5, 3.5, 2, 4.5], "texture": "#0"},
				"west": {"uv": [0.5, 3.5, 2, 4.5], "texture": "#0"},
				"up": {"uv": [0.5, 3.5, 2, 4.5], "rotation": 90, "texture": "#0"},
				"down": {"uv": [0.5, 3.5, 2, 4.5], "rotation": 270, "texture": "#0"}
			}
		},
		{
			"from": [17.74, 8.84, 6.34],
			"to": [19.42, 9.68, 8.02],
			"rotation": {"angle": 22.5, "axis": "x", "origin": [13.12, 8, 14.32]},
			"faces": {
				"north": {"uv": [0.5, 4, 1.5, 4.5], "texture": "#0"},
				"east": {"uv": [0.5, 4, 1.5, 4.5], "texture": "#0"},
				"south": {"uv": [0.5, 4, 1.5, 4.5], "texture": "#0"},
				"west": {"uv": [0.5, 4, 1.5, 4.5], "texture": "#0"},
				"up": {"uv": [0.5, 4, 1.5, 4.5], "rotation": 90, "texture": "#0"},
				"down": {"uv": [0.5, 4, 1.5, 4.5], "rotation": 270, "texture": "#0"}
			}
		},
		{
			"from": [18.16, 8, 6.76],
			"to": [19, 8.84, 7.6],
			"rotation": {"angle": 22.5, "axis": "x", "origin": [13.12, 8, 14.32]},
			"faces": {
				"north": {"uv": [0.5, 4.5, 1, 5], "texture": "#0"},
				"east": {"uv": [0.5, 4.5, 1, 5], "texture": "#0"},
				"south": {"uv": [0.5, 4.5, 1, 5], "texture": "#0"},
				"west": {"uv": [0.5, 4.5, 1, 5], "texture": "#0"},
				"up": {"uv": [0.5, 4.5, 1, 5], "rotation": 90, "texture": "#0"},
				"down": {"uv": [0.5, 4.5, 1, 5], "rotation": 270, "texture": "#0"}
			}
		},
		{
			"from": [15, 9, 22],
			"to": [19, 16, 22],
			"rotation": {"angle": -45, "axis": "x", "origin": [17.5, 3, 17.5]},
			"faces": {
				"north": {"uv": [4.5, 7.5, 11, 16], "texture": "#0"},
				"east": {"uv": [4.5, 7.5, 11, 16], "texture": "#0"},
				"south": {"uv": [4.5, 7.5, 11, 16], "texture": "#0"},
				"west": {"uv": [4.5, 7.5, 11, 16], "texture": "#0"},
				"up": {"uv": [4.5, 7.5, 11, 16], "rotation": 180, "texture": "#0"},
				"down": {"uv": [4.5, 7.5, 11, 16], "rotation": 180, "texture": "#0"}
			}
		},
		{
			"from": [17.25, 0, 16.25],
			"to": [18, 24, 17],
			"rotation": {"angle": 22.5, "axis": "y", "origin": [17.5, 11, 16.5]},
			"faces": {
				"north": {"uv": [0.5, 2, 1.5, 6], "texture": "#0"},
				"east": {"uv": [0.5, 2, 1.5, 6], "texture": "#0"},
				"south": {"uv": [0.5, 2, 1.5, 6], "texture": "#0"},
				"west": {"uv": [0.5, 2, 1.5, 6], "texture": "#0"},
				"up": {"uv": [0.5, 2, 1.5, 6], "rotation": 180, "texture": "#0"},
				"down": {"uv": [0.5, 2, 1.5, 6], "rotation": 180, "texture": "#0"}
			}
		},
		{
			"from": [14, -1, 19],
			"to": [21, 9, 19],
			"rotation": {"angle": 22.5, "axis": "x", "origin": [17.5, 4, 17.5]},
			"faces": {
				"north": {"uv": [2, 8, 13, 16], "texture": "#0"},
				"east": {"uv": [2, 8, 13, 16], "texture": "#0"},
				"south": {"uv": [2, 8, 13, 16], "texture": "#0"},
				"west": {"uv": [2, 8, 13, 16], "texture": "#0"},
				"up": {"uv": [2, 8, 13, 16], "rotation": 180, "texture": "#0"},
				"down": {"uv": [2, 8, 13, 16], "rotation": 180, "texture": "#0"}
			}
		},
		{
			"from": [15, -1, 12],
			"to": [15, 9, 20],
			"rotation": {"angle": 22.5, "axis": "z", "origin": [17.5, 4, 17.5]},
			"faces": {
				"north": {"uv": [2, 8, 13, 16], "texture": "#0"},
				"east": {"uv": [2, 8, 13, 16], "texture": "#0"},
				"south": {"uv": [2, 8, 13, 16], "texture": "#0"},
				"west": {"uv": [2, 8, 13, 16], "texture": "#0"},
				"up": {"uv": [2, 8, 13, 16], "rotation": 180, "texture": "#0"},
				"down": {"uv": [2, 8, 13, 16], "rotation": 180, "texture": "#0"}
			}
		},
		{
			"from": [13.9, 14, 15],
			"to": [13.9, 22, 19],
			"rotation": {"angle": -22.5, "axis": "z", "origin": [17.5, 3, 17.5]},
			"faces": {
				"north": {"uv": [4.5, 7.5, 11, 16], "texture": "#0"},
				"east": {"uv": [4.5, 7.5, 11, 16], "texture": "#0"},
				"south": {"uv": [4.5, 7.5, 11, 16], "texture": "#0"},
				"west": {"uv": [4.5, 7.5, 11, 16], "texture": "#0"},
				"up": {"uv": [4.5, 7.5, 11, 16], "rotation": 180, "texture": "#0"},
				"down": {"uv": [4.5, 7.5, 11, 16], "rotation": 180, "texture": "#0"}
			}
		},
		{
			"from": [17, 24, 16],
			"to": [18, 27, 17],
			"faces": {
				"north": {"uv": [3, 0, 4, 3], "texture": "#1"},
				"east": {"uv": [3, 0, 4, 3], "texture": "#1"},
				"south": {"uv": [3, 0, 4, 3], "texture": "#1"},
				"west": {"uv": [3, 0, 4, 3], "texture": "#1"},
				"up": {"uv": [3, 0, 4, 3], "rotation": 180, "texture": "#1"},
				"down": {"uv": [3, 0, 4, 3], "rotation": 180, "texture": "#1"}
			}
		},
		{
			"from": [17.2, 27, 16.2],
			"to": [17.8, 28.1, 16.8],
			"faces": {
				"north": {"uv": [0, 2, 1, 4], "texture": "#1"},
				"east": {"uv": [0, 2, 1, 4], "texture": "#1"},
				"south": {"uv": [0, 2, 1, 4], "texture": "#1"},
				"west": {"uv": [0, 2, 1, 4], "texture": "#1"},
				"up": {"uv": [0, 2, 1, 4], "rotation": 180, "texture": "#1"},
				"down": {"uv": [0, 2, 1, 4], "rotation": 180, "texture": "#1"}
			}
		},
		{
			"from": [16, 21, 23.5],
			"to": [19, 26, 23.5],
			"rotation": {"angle": -22.5, "axis": "x", "origin": [17.5, 3, 17.5]},
			"faces": {
				"north": {"uv": [4.5, 7.5, 11, 16], "texture": "#0"},
				"east": {"uv": [4.5, 7.5, 11, 16], "texture": "#0"},
				"south": {"uv": [4.5, 7.5, 11, 16], "texture": "#0"},
				"west": {"uv": [4.5, 7.5, 11, 16], "texture": "#0"},
				"up": {"uv": [4.5, 7.5, 11, 16], "rotation": 180, "texture": "#0"},
				"down": {"uv": [4.5, 7.5, 11, 16], "rotation": 180, "texture": "#0"}
			}
		},
		{
			"from": [3.2, 17.4, 15.1],
			"to": [3.2, 22.6, 18.1],
			"rotation": {"angle": -45, "axis": "z", "origin": [17.5, 3, 17.5]},
			"faces": {
				"north": {"uv": [4.5, 7.5, 11, 16], "texture": "#0"},
				"east": {"uv": [4.5, 7.5, 11, 16], "texture": "#0"},
				"south": {"uv": [4.5, 7.5, 11, 16], "texture": "#0"},
				"west": {"uv": [4.5, 7.5, 11, 16], "texture": "#0"},
				"up": {"uv": [4.5, 7.5, 11, 16], "rotation": 270, "texture": "#0"},
				"down": {"uv": [4.5, 7.5, 11, 16], "rotation": 90, "texture": "#0"}
			}
		},
		{
			"from": [16, 20.1, 9.8],
			"to": [19, 24.7, 9.8],
			"rotation": {"angle": 22.5, "axis": "x", "origin": [17.5, 3, 17.5]},
			"faces": {
				"north": {"uv": [4.5, 7.5, 11, 16], "texture": "#0"},
				"east": {"uv": [4.5, 7.5, 11, 16], "texture": "#0"},
				"south": {"uv": [4.5, 7.5, 11, 16], "texture": "#0"},
				"west": {"uv": [4.5, 7.5, 11, 16], "texture": "#0"},
				"up": {"uv": [4.5, 7.5, 11, 16], "texture": "#0"},
				"down": {"uv": [4.5, 7.5, 11, 16], "texture": "#0"}
			}
		},
		{
			"from": [31.7, 17.3, 15.1],
			"to": [31.7, 21.9, 18.1],
			"rotation": {"angle": 45, "axis": "z", "origin": [17.5, 3, 17.5]},
			"faces": {
				"north": {"uv": [4.5, 7.5, 11, 16], "texture": "#0"},
				"east": {"uv": [4.5, 7.5, 11, 16], "texture": "#0"},
				"south": {"uv": [4.5, 7.5, 11, 16], "texture": "#0"},
				"west": {"uv": [4.5, 7.5, 11, 16], "texture": "#0"},
				"up": {"uv": [4.5, 7.5, 11, 16], "rotation": 90, "texture": "#0"},
				"down": {"uv": [4.5, 7.5, 11, 16], "rotation": 270, "texture": "#0"}
			}
		},
		{
			"from": [17.4, 21.12, 12.8],
			"to": [18.24, 21.96, 13.64],
			"rotation": {"angle": 22.5, "axis": "x", "origin": [10.68, 6, 11.12]},
			"faces": {
				"north": {"uv": [3, 3, 5, 5], "texture": "#1"},
				"east": {"uv": [3, 3, 5, 5], "texture": "#1"},
				"south": {"uv": [3, 3, 5, 5], "texture": "#1"},
				"west": {"uv": [3, 3, 5, 5], "texture": "#1"},
				"up": {"uv": [3, 3, 5, 5], "rotation": 180, "texture": "#1"},
				"down": {"uv": [3, 3, 5, 5], "rotation": 180, "texture": "#1"}
			}
		},
		{
			"from": [16.98, 18.6, 12.38],
			"to": [18.66, 21.12, 14.06],
			"rotation": {"angle": 22.5, "axis": "x", "origin": [10.68, 6, 11.12]},
			"faces": {
				"north": {"uv": [2, 1, 5, 5], "texture": "#1"},
				"east": {"uv": [2, 1, 5, 5], "texture": "#1"},
				"south": {"uv": [2, 1, 5, 5], "texture": "#1"},
				"west": {"uv": [2, 1, 5, 5], "texture": "#1"},
				"up": {"uv": [2, 1, 5, 4], "rotation": 180, "texture": "#1"},
				"down": {"uv": [2, 1, 5, 5], "rotation": 180, "texture": "#1"}
			}
		},
		{
			"from": [16.56, 17.76, 11.96],
			"to": [19.08, 18.6, 14.48],
			"rotation": {"angle": 22.5, "axis": "x", "origin": [10.68, 6, 11.12]},
			"faces": {
				"north": {"uv": [0.5, 3.5, 2, 4.5], "texture": "#0"},
				"east": {"uv": [0.5, 3.5, 2, 4.5], "texture": "#0"},
				"south": {"uv": [0.5, 3.5, 2, 4.5], "texture": "#0"},
				"west": {"uv": [0.5, 3.5, 2, 4.5], "texture": "#0"},
				"up": {"uv": [0.5, 3.5, 2, 4.5], "rotation": 180, "texture": "#0"},
				"down": {"uv": [0.5, 3.5, 2, 4.5], "rotation": 180, "texture": "#0"}
			}
		},
		{
			"from": [16.98, 16.92, 12.38],
			"to": [18.66, 17.76, 14.06],
			"rotation": {"angle": 22.5, "axis": "x", "origin": [10.68, 6, 11.12]},
			"faces": {
				"north": {"uv": [0.5, 4, 1.5, 4.5], "texture": "#0"},
				"east": {"uv": [0.5, 4, 1.5, 4.5], "texture": "#0"},
				"south": {"uv": [0.5, 4, 1.5, 4.5], "texture": "#0"},
				"west": {"uv": [0.5, 4, 1.5, 4.5], "texture": "#0"},
				"up": {"uv": [0.5, 4, 1.5, 4.5], "rotation": 180, "texture": "#0"},
				"down": {"uv": [0.5, 4, 1.5, 4.5], "rotation": 180, "texture": "#0"}
			}
		},
		{
			"from": [17.4, 16.08, 12.8],
			"to": [18.24, 16.92, 13.64],
			"rotation": {"angle": 22.5, "axis": "x", "origin": [10.68, 6, 11.12]},
			"faces": {
				"north": {"uv": [0.5, 4.5, 1, 5], "texture": "#0"},
				"east": {"uv": [0.5, 4.5, 1, 5], "texture": "#0"},
				"south": {"uv": [0.5, 4.5, 1, 5], "texture": "#0"},
				"west": {"uv": [0.5, 4.5, 1, 5], "texture": "#0"},
				"up": {"uv": [0.5, 4.5, 1, 5], "rotation": 180, "texture": "#0"},
				"down": {"uv": [0.5, 4.5, 1, 5], "rotation": 180, "texture": "#0"}
			}
		},
		{
			"from": [17.4, 11.04, 16.16],
			"to": [18.24, 11.88, 17],
			"rotation": {"angle": 22.5, "axis": "z", "origin": [10.68, 6, 11.12]},
			"faces": {
				"north": {"uv": [3, 3, 5, 5], "texture": "#1"},
				"east": {"uv": [3, 3, 5, 5], "texture": "#1"},
				"south": {"uv": [3, 3, 5, 5], "texture": "#1"},
				"west": {"uv": [3, 3, 5, 5], "texture": "#1"},
				"up": {"uv": [3, 3, 5, 5], "rotation": 180, "texture": "#1"},
				"down": {"uv": [3, 3, 5, 5], "rotation": 180, "texture": "#1"}
			}
		},
		{
			"from": [16.98, 8.52, 15.74],
			"to": [18.66, 11.04, 17.42],
			"rotation": {"angle": 22.5, "axis": "z", "origin": [10.68, 6, 11.12]},
			"faces": {
				"north": {"uv": [2, 1, 5, 5], "texture": "#1"},
				"east": {"uv": [2, 1, 5, 5], "texture": "#1"},
				"south": {"uv": [2, 1, 5, 5], "texture": "#1"},
				"west": {"uv": [2, 1, 5, 5], "texture": "#1"},
				"up": {"uv": [2, 1, 5, 4], "rotation": 180, "texture": "#1"},
				"down": {"uv": [2, 1, 5, 5], "rotation": 180, "texture": "#1"}
			}
		},
		{
			"from": [16.56, 7.68, 15.32],
			"to": [19.08, 8.52, 17.84],
			"rotation": {"angle": 22.5, "axis": "z", "origin": [10.68, 6, 11.12]},
			"faces": {
				"north": {"uv": [0.5, 3.5, 2, 4.5], "texture": "#0"},
				"east": {"uv": [0.5, 3.5, 2, 4.5], "texture": "#0"},
				"south": {"uv": [0.5, 3.5, 2, 4.5], "texture": "#0"},
				"west": {"uv": [0.5, 3.5, 2, 4.5], "texture": "#0"},
				"up": {"uv": [0.5, 3.5, 2, 4.5], "rotation": 180, "texture": "#0"},
				"down": {"uv": [0.5, 3.5, 2, 4.5], "rotation": 180, "texture": "#0"}
			}
		},
		{
			"from": [16.98, 6.84, 15.74],
			"to": [18.66, 7.68, 17.42],
			"rotation": {"angle": 22.5, "axis": "z", "origin": [10.68, 6, 11.12]},
			"faces": {
				"north": {"uv": [0.5, 4, 1.5, 4.5], "texture": "#0"},
				"east": {"uv": [0.5, 4, 1.5, 4.5], "texture": "#0"},
				"south": {"uv": [0.5, 4, 1.5, 4.5], "texture": "#0"},
				"west": {"uv": [0.5, 4, 1.5, 4.5], "texture": "#0"},
				"up": {"uv": [0.5, 4, 1.5, 4.5], "rotation": 180, "texture": "#0"},
				"down": {"uv": [0.5, 4, 1.5, 4.5], "rotation": 180, "texture": "#0"}
			}
		},
		{
			"from": [17.4, 6, 16.16],
			"to": [18.24, 6.84, 17],
			"rotation": {"angle": 22.5, "axis": "z", "origin": [10.68, 6, 11.12]},
			"faces": {
				"north": {"uv": [0.5, 4.5, 1, 5], "texture": "#0"},
				"east": {"uv": [0.5, 4.5, 1, 5], "texture": "#0"},
				"south": {"uv": [0.5, 4.5, 1, 5], "texture": "#0"},
				"west": {"uv": [0.5, 4.5, 1, 5], "texture": "#0"},
				"up": {"uv": [0.5, 4.5, 1, 5], "rotation": 180, "texture": "#0"},
				"down": {"uv": [0.5, 4.5, 1, 5], "rotation": 180, "texture": "#0"}
			}
		},
		{
			"from": [3, 11, 15],
			"to": [3, 18, 19],
			"rotation": {"angle": -45, "axis": "z", "origin": [7.5, 5, 17.5]},
			"faces": {
				"north": {"uv": [4.5, 7.5, 11, 16], "texture": "#0"},
				"east": {"uv": [4.5, 7.5, 11, 16], "texture": "#0"},
				"south": {"uv": [4.5, 7.5, 11, 16], "texture": "#0"},
				"west": {"uv": [4.5, 7.5, 11, 16], "texture": "#0"},
				"up": {"uv": [4.5, 7.5, 11, 16], "rotation": 270, "texture": "#0"},
				"down": {"uv": [4.5, 7.5, 11, 16], "rotation": 90, "texture": "#0"}
			}
		},
		{
			"from": [8, 0, 17.25],
			"to": [8.75, 26, 18],
			"rotation": {"angle": 22.5, "axis": "y", "origin": [8.5, 13, 17.5]},
			"faces": {
				"north": {"uv": [0.5, 2, 1.5, 6], "texture": "#0"},
				"east": {"uv": [0.5, 2, 1.5, 6], "texture": "#0"},
				"south": {"uv": [0.5, 2, 1.5, 6], "texture": "#0"},
				"west": {"uv": [0.5, 2, 1.5, 6], "texture": "#0"},
				"up": {"uv": [0.5, 2, 1.5, 6], "rotation": 270, "texture": "#0"},
				"down": {"uv": [0.5, 2, 1.5, 6], "rotation": 90, "texture": "#0"}
			}
		},
		{
			"from": [6, 0, 14],
			"to": [6, 10, 21],
			"rotation": {"angle": 22.5, "axis": "z", "origin": [7.5, 5, 17.5]},
			"faces": {
				"north": {"uv": [2, 8, 13, 16], "texture": "#0"},
				"east": {"uv": [2, 8, 13, 16], "texture": "#0"},
				"south": {"uv": [2, 8, 13, 16], "texture": "#0"},
				"west": {"uv": [2, 8, 13, 16], "texture": "#0"},
				"up": {"uv": [2, 8, 13, 16], "rotation": 270, "texture": "#0"},
				"down": {"uv": [2, 8, 13, 16], "rotation": 90, "texture": "#0"}
			}
		},
		{
			"from": [5, 0, 15],
			"to": [13, 10, 15],
			"rotation": {"angle": -22.5, "axis": "x", "origin": [7.5, 5, 17.5]},
			"faces": {
				"north": {"uv": [2, 8, 13, 16], "texture": "#0"},
				"east": {"uv": [2, 8, 13, 16], "texture": "#0"},
				"south": {"uv": [2, 8, 13, 16], "texture": "#0"},
				"west": {"uv": [2, 8, 13, 16], "texture": "#0"},
				"up": {"uv": [2, 8, 13, 16], "rotation": 270, "texture": "#0"},
				"down": {"uv": [2, 8, 13, 16], "rotation": 90, "texture": "#0"}
			}
		},
		{
			"from": [6, 16, 13.9],
			"to": [10, 24, 13.9],
			"rotation": {"angle": 22.5, "axis": "x", "origin": [7.5, 5, 17.5]},
			"faces": {
				"north": {"uv": [4.5, 7.5, 11, 16], "texture": "#0"},
				"east": {"uv": [4.5, 7.5, 11, 16], "texture": "#0"},
				"south": {"uv": [4.5, 7.5, 11, 16], "texture": "#0"},
				"west": {"uv": [4.5, 7.5, 11, 16], "texture": "#0"},
				"up": {"uv": [4.5, 7.5, 11, 16], "rotation": 270, "texture": "#0"},
				"down": {"uv": [4.5, 7.5, 11, 16], "rotation": 90, "texture": "#0"}
			}
		},
		{
			"from": [8, 26, 17],
			"to": [9, 29, 18],
			"faces": {
				"north": {"uv": [3, 0, 4, 3], "texture": "#1"},
				"east": {"uv": [3, 0, 4, 3], "texture": "#1"},
				"south": {"uv": [3, 0, 4, 3], "texture": "#1"},
				"west": {"uv": [3, 0, 4, 3], "texture": "#1"},
				"up": {"uv": [3, 0, 4, 3], "rotation": 270, "texture": "#1"},
				"down": {"uv": [3, 0, 4, 3], "rotation": 90, "texture": "#1"}
			}
		},
		{
			"from": [8.2, 29, 17.2],
			"to": [8.8, 30.1, 17.8],
			"faces": {
				"north": {"uv": [0, 2, 1, 4], "texture": "#1"},
				"east": {"uv": [0, 2, 1, 4], "texture": "#1"},
				"south": {"uv": [0, 2, 1, 4], "texture": "#1"},
				"west": {"uv": [0, 2, 1, 4], "texture": "#1"},
				"up": {"uv": [0, 2, 1, 4], "rotation": 270, "texture": "#1"},
				"down": {"uv": [0, 2, 1, 4], "rotation": 90, "texture": "#1"}
			}
		},
		{
			"from": [1.5, 23, 16],
			"to": [1.5, 28, 19],
			"rotation": {"angle": -22.5, "axis": "z", "origin": [7.5, 5, 17.5]},
			"faces": {
				"north": {"uv": [4.5, 7.5, 11, 16], "texture": "#0"},
				"east": {"uv": [4.5, 7.5, 11, 16], "texture": "#0"},
				"south": {"uv": [4.5, 7.5, 11, 16], "texture": "#0"},
				"west": {"uv": [4.5, 7.5, 11, 16], "texture": "#0"},
				"up": {"uv": [4.5, 7.5, 11, 16], "rotation": 270, "texture": "#0"},
				"down": {"uv": [4.5, 7.5, 11, 16], "rotation": 90, "texture": "#0"}
			}
		},
		{
			"from": [6.9, 19.4, 3.2],
			"to": [9.9, 24.6, 3.2],
			"rotation": {"angle": 45, "axis": "x", "origin": [7.5, 5, 17.5]},
			"faces": {
				"north": {"uv": [4.5, 7.5, 11, 16], "texture": "#0"},
				"east": {"uv": [4.5, 7.5, 11, 16], "texture": "#0"},
				"south": {"uv": [4.5, 7.5, 11, 16], "texture": "#0"},
				"west": {"uv": [4.5, 7.5, 11, 16], "texture": "#0"},
				"up": {"uv": [4.5, 7.5, 11, 16], "texture": "#0"},
				"down": {"uv": [4.5, 7.5, 11, 16], "texture": "#0"}
			}
		},
		{
			"from": [15.2, 22.1, 16],
			"to": [15.2, 26.7, 19],
			"rotation": {"angle": 22.5, "axis": "z", "origin": [7.5, 5, 17.5]},
			"faces": {
				"north": {"uv": [4.5, 7.5, 11, 16], "texture": "#0"},
				"east": {"uv": [4.5, 7.5, 11, 16], "texture": "#0"},
				"south": {"uv": [4.5, 7.5, 11, 16], "texture": "#0"},
				"west": {"uv": [4.5, 7.5, 11, 16], "texture": "#0"},
				"up": {"uv": [4.5, 7.5, 11, 16], "rotation": 90, "texture": "#0"},
				"down": {"uv": [4.5, 7.5, 11, 16], "rotation": 270, "texture": "#0"}
			}
		},
		{
			"from": [6.9, 19.3, 31.7],
			"to": [9.9, 23.9, 31.7],
			"rotation": {"angle": -45, "axis": "x", "origin": [7.5, 5, 17.5]},
			"faces": {
				"north": {"uv": [4.5, 7.5, 11, 16], "texture": "#0"},
				"east": {"uv": [4.5, 7.5, 11, 16], "texture": "#0"},
				"south": {"uv": [4.5, 7.5, 11, 16], "texture": "#0"},
				"west": {"uv": [4.5, 7.5, 11, 16], "texture": "#0"},
				"up": {"uv": [4.5, 7.5, 11, 16], "rotation": 180, "texture": "#0"},
				"down": {"uv": [4.5, 7.5, 11, 16], "rotation": 180, "texture": "#0"}
			}
		},
		{
			"from": [11.36, 23.12, 17.4],
			"to": [12.2, 23.96, 18.24],
			"rotation": {"angle": 22.5, "axis": "z", "origin": [13.88, 8, 10.68]},
			"faces": {
				"north": {"uv": [3, 3, 5, 5], "texture": "#1"},
				"east": {"uv": [3, 3, 5, 5], "texture": "#1"},
				"south": {"uv": [3, 3, 5, 5], "texture": "#1"},
				"west": {"uv": [3, 3, 5, 5], "texture": "#1"},
				"up": {"uv": [3, 3, 5, 5], "rotation": 270, "texture": "#1"},
				"down": {"uv": [3, 3, 5, 5], "rotation": 90, "texture": "#1"}
			}
		},
		{
			"from": [10.94, 20.6, 16.98],
			"to": [12.62, 23.12, 18.66],
			"rotation": {"angle": 22.5, "axis": "z", "origin": [13.88, 8, 10.68]},
			"faces": {
				"north": {"uv": [2, 1, 5, 5], "texture": "#1"},
				"east": {"uv": [2, 1, 5, 5], "texture": "#1"},
				"south": {"uv": [2, 1, 5, 5], "texture": "#1"},
				"west": {"uv": [2, 1, 5, 5], "texture": "#1"},
				"up": {"uv": [2, 1, 5, 4], "rotation": 270, "texture": "#1"},
				"down": {"uv": [2, 1, 5, 5], "rotation": 90, "texture": "#1"}
			}
		},
		{
			"from": [10.52, 19.76, 16.56],
			"to": [13.04, 20.6, 19.08],
			"rotation": {"angle": 22.5, "axis": "z", "origin": [13.88, 8, 10.68]},
			"faces": {
				"north": {"uv": [0.5, 3.5, 2, 4.5], "texture": "#0"},
				"east": {"uv": [0.5, 3.5, 2, 4.5], "texture": "#0"},
				"south": {"uv": [0.5, 3.5, 2, 4.5], "texture": "#0"},
				"west": {"uv": [0.5, 3.5, 2, 4.5], "texture": "#0"},
				"up": {"uv": [0.5, 3.5, 2, 4.5], "rotation": 270, "texture": "#0"},
				"down": {"uv": [0.5, 3.5, 2, 4.5], "rotation": 90, "texture": "#0"}
			}
		},
		{
			"from": [10.94, 18.92, 16.98],
			"to": [12.62, 19.76, 18.66],
			"rotation": {"angle": 22.5, "axis": "z", "origin": [13.88, 8, 10.68]},
			"faces": {
				"north": {"uv": [0.5, 4, 1.5, 4.5], "texture": "#0"},
				"east": {"uv": [0.5, 4, 1.5, 4.5], "texture": "#0"},
				"south": {"uv": [0.5, 4, 1.5, 4.5], "texture": "#0"},
				"west": {"uv": [0.5, 4, 1.5, 4.5], "texture": "#0"},
				"up": {"uv": [0.5, 4, 1.5, 4.5], "rotation": 270, "texture": "#0"},
				"down": {"uv": [0.5, 4, 1.5, 4.5], "rotation": 90, "texture": "#0"}
			}
		},
		{
			"from": [11.36, 18.08, 17.4],
			"to": [12.2, 18.92, 18.24],
			"rotation": {"angle": 22.5, "axis": "z", "origin": [13.88, 8, 10.68]},
			"faces": {
				"north": {"uv": [0.5, 4.5, 1, 5], "texture": "#0"},
				"east": {"uv": [0.5, 4.5, 1, 5], "texture": "#0"},
				"south": {"uv": [0.5, 4.5, 1, 5], "texture": "#0"},
				"west": {"uv": [0.5, 4.5, 1, 5], "texture": "#0"},
				"up": {"uv": [0.5, 4.5, 1, 5], "rotation": 270, "texture": "#0"},
				"down": {"uv": [0.5, 4.5, 1, 5], "rotation": 90, "texture": "#0"}
			}
		},
		{
			"from": [8, 13.04, 17.4],
			"to": [8.84, 13.88, 18.24],
			"rotation": {"angle": -22.5, "axis": "x", "origin": [13.88, 8, 10.68]},
			"faces": {
				"north": {"uv": [3, 3, 5, 5], "texture": "#1"},
				"east": {"uv": [3, 3, 5, 5], "texture": "#1"},
				"south": {"uv": [3, 3, 5, 5], "texture": "#1"},
				"west": {"uv": [3, 3, 5, 5], "texture": "#1"},
				"up": {"uv": [3, 3, 5, 5], "rotation": 270, "texture": "#1"},
				"down": {"uv": [3, 3, 5, 5], "rotation": 90, "texture": "#1"}
			}
		},
		{
			"from": [7.58, 10.52, 16.98],
			"to": [9.26, 13.04, 18.66],
			"rotation": {"angle": -22.5, "axis": "x", "origin": [13.88, 8, 10.68]},
			"faces": {
				"north": {"uv": [2, 1, 5, 5], "texture": "#1"},
				"east": {"uv": [2, 1, 5, 5], "texture": "#1"},
				"south": {"uv": [2, 1, 5, 5], "texture": "#1"},
				"west": {"uv": [2, 1, 5, 5], "texture": "#1"},
				"up": {"uv": [2, 1, 5, 4], "rotation": 270, "texture": "#1"},
				"down": {"uv": [2, 1, 5, 5], "rotation": 90, "texture": "#1"}
			}
		},
		{
			"from": [7.16, 9.68, 16.56],
			"to": [9.68, 10.52, 19.08],
			"rotation": {"angle": -22.5, "axis": "x", "origin": [13.88, 8, 10.68]},
			"faces": {
				"north": {"uv": [0.5, 3.5, 2, 4.5], "texture": "#0"},
				"east": {"uv": [0.5, 3.5, 2, 4.5], "texture": "#0"},
				"south": {"uv": [0.5, 3.5, 2, 4.5], "texture": "#0"},
				"west": {"uv": [0.5, 3.5, 2, 4.5], "texture": "#0"},
				"up": {"uv": [0.5, 3.5, 2, 4.5], "rotation": 270, "texture": "#0"},
				"down": {"uv": [0.5, 3.5, 2, 4.5], "rotation": 90, "texture": "#0"}
			}
		},
		{
			"from": [7.58, 8.84, 16.98],
			"to": [9.26, 9.68, 18.66],
			"rotation": {"angle": -22.5, "axis": "x", "origin": [13.88, 8, 10.68]},
			"faces": {
				"north": {"uv": [0.5, 4, 1.5, 4.5], "texture": "#0"},
				"east": {"uv": [0.5, 4, 1.5, 4.5], "texture": "#0"},
				"south": {"uv": [0.5, 4, 1.5, 4.5], "texture": "#0"},
				"west": {"uv": [0.5, 4, 1.5, 4.5], "texture": "#0"},
				"up": {"uv": [0.5, 4, 1.5, 4.5], "rotation": 270, "texture": "#0"},
				"down": {"uv": [0.5, 4, 1.5, 4.5], "rotation": 90, "texture": "#0"}
			}
		},
		{
			"from": [8, 8, 17.4],
			"to": [8.84, 8.84, 18.24],
			"rotation": {"angle": -22.5, "axis": "x", "origin": [13.88, 8, 10.68]},
			"faces": {
				"north": {"uv": [0.5, 4.5, 1, 5], "texture": "#0"},
				"east": {"uv": [0.5, 4.5, 1, 5], "texture": "#0"},
				"south": {"uv": [0.5, 4.5, 1, 5], "texture": "#0"},
				"west": {"uv": [0.5, 4.5, 1, 5], "texture": "#0"},
				"up": {"uv": [0.5, 4.5, 1, 5], "rotation": 270, "texture": "#0"},
				"down": {"uv": [0.5, 4.5, 1, 5], "rotation": 90, "texture": "#0"}
			}
		},
		{
			"from": [4, 9, 16],
			"to": [4, 16, 20],
			"rotation": {"angle": 45, "axis": "z", "origin": [-0.5, 3, 17.5]},
			"faces": {
				"north": {"uv": [4.5, 7.5, 11, 16], "texture": "#0"},
				"east": {"uv": [4.5, 7.5, 11, 16], "texture": "#0"},
				"south": {"uv": [4.5, 7.5, 11, 16], "texture": "#0"},
				"west": {"uv": [4.5, 7.5, 11, 16], "texture": "#0"},
				"up": {"uv": [4.5, 7.5, 11, 16], "rotation": 90, "texture": "#0"},
				"down": {"uv": [4.5, 7.5, 11, 16], "rotation": 270, "texture": "#0"}
			}
		},
		{
			"from": [-1.75, 0, 17],
			"to": [-1, 24, 17.75],
			"rotation": {"angle": 22.5, "axis": "y", "origin": [-1.5, 11, 17.5]},
			"faces": {
				"north": {"uv": [0.5, 2, 1.5, 6], "texture": "#0"},
				"east": {"uv": [0.5, 2, 1.5, 6], "texture": "#0"},
				"south": {"uv": [0.5, 2, 1.5, 6], "texture": "#0"},
				"west": {"uv": [0.5, 2, 1.5, 6], "texture": "#0"},
				"up": {"uv": [0.5, 2, 1.5, 6], "rotation": 90, "texture": "#0"},
				"down": {"uv": [0.5, 2, 1.5, 6], "rotation": 270, "texture": "#0"}
			}
		},
		{
			"from": [1, -1, 14],
			"to": [1, 9, 21],
			"rotation": {"angle": -22.5, "axis": "z", "origin": [-0.5, 4, 17.5]},
			"faces": {
				"north": {"uv": [2, 8, 13, 16], "texture": "#0"},
				"east": {"uv": [2, 8, 13, 16], "texture": "#0"},
				"south": {"uv": [2, 8, 13, 16], "texture": "#0"},
				"west": {"uv": [2, 8, 13, 16], "texture": "#0"},
				"up": {"uv": [2, 8, 13, 16], "rotation": 90, "texture": "#0"},
				"down": {"uv": [2, 8, 13, 16], "rotation": 270, "texture": "#0"}
			}
		},
		{
			"from": [-6, 0, 20],
			"to": [2, 10, 20],
			"rotation": {"angle": 22.5, "axis": "x", "origin": [-0.5, 4, 17.5]},
			"faces": {
				"north": {"uv": [2, 8, 13, 16], "texture": "#0"},
				"east": {"uv": [2, 8, 13, 16], "texture": "#0"},
				"south": {"uv": [2, 8, 13, 16], "texture": "#0"},
				"west": {"uv": [2, 8, 13, 16], "texture": "#0"},
				"up": {"uv": [2, 8, 13, 16], "rotation": 90, "texture": "#0"},
				"down": {"uv": [2, 8, 13, 16], "rotation": 270, "texture": "#0"}
			}
		},
		{
			"from": [-3, 14, 21.1],
			"to": [1, 22, 21.1],
			"rotation": {"angle": -22.5, "axis": "x", "origin": [-0.5, 3, 17.5]},
			"faces": {
				"north": {"uv": [4.5, 7.5, 11, 16], "texture": "#0"},
				"east": {"uv": [4.5, 7.5, 11, 16], "texture": "#0"},
				"south": {"uv": [4.5, 7.5, 11, 16], "texture": "#0"},
				"west": {"uv": [4.5, 7.5, 11, 16], "texture": "#0"},
				"up": {"uv": [4.5, 7.5, 11, 16], "rotation": 90, "texture": "#0"},
				"down": {"uv": [4.5, 7.5, 11, 16], "rotation": 270, "texture": "#0"}
			}
		},
		{
			"from": [-2, 24, 17],
			"to": [-1, 27, 18],
			"faces": {
				"north": {"uv": [3, 0, 4, 3], "texture": "#1"},
				"east": {"uv": [3, 0, 4, 3], "texture": "#1"},
				"south": {"uv": [3, 0, 4, 3], "texture": "#1"},
				"west": {"uv": [3, 0, 4, 3], "texture": "#1"},
				"up": {"uv": [3, 0, 4, 3], "rotation": 90, "texture": "#1"},
				"down": {"uv": [3, 0, 4, 3], "rotation": 270, "texture": "#1"}
			}
		},
		{
			"from": [-1.8, 27, 17.2],
			"to": [-1.2, 28.1, 17.8],
			"faces": {
				"north": {"uv": [0, 2, 1, 4], "texture": "#1"},
				"east": {"uv": [0, 2, 1, 4], "texture": "#1"},
				"south": {"uv": [0, 2, 1, 4], "texture": "#1"},
				"west": {"uv": [0, 2, 1, 4], "texture": "#1"},
				"up": {"uv": [0, 2, 1, 4], "rotation": 90, "texture": "#1"},
				"down": {"uv": [0, 2, 1, 4], "rotation": 270, "texture": "#1"}
			}
		},
		{
			"from": [5.5, 21, 16],
			"to": [5.5, 26, 19],
			"rotation": {"angle": 22.5, "axis": "z", "origin": [-0.5, 3, 17.5]},
			"faces": {
				"north": {"uv": [4.5, 7.5, 11, 16], "texture": "#0"},
				"east": {"uv": [4.5, 7.5, 11, 16], "texture": "#0"},
				"south": {"uv": [4.5, 7.5, 11, 16], "texture": "#0"},
				"west": {"uv": [4.5, 7.5, 11, 16], "texture": "#0"},
				"up": {"uv": [4.5, 7.5, 11, 16], "rotation": 90, "texture": "#0"},
				"down": {"uv": [4.5, 7.5, 11, 16], "rotation": 270, "texture": "#0"}
			}
		},
		{
			"from": [-2.9, 17.4, 31.8],
			"to": [0.1, 22.6, 31.8],
			"rotation": {"angle": -45, "axis": "x", "origin": [-0.5, 3, 17.5]},
			"faces": {
				"north": {"uv": [4.5, 7.5, 11, 16], "texture": "#0"},
				"east": {"uv": [4.5, 7.5, 11, 16], "texture": "#0"},
				"south": {"uv": [4.5, 7.5, 11, 16], "texture": "#0"},
				"west": {"uv": [4.5, 7.5, 11, 16], "texture": "#0"},
				"up": {"uv": [4.5, 7.5, 11, 16], "rotation": 180, "texture": "#0"},
				"down": {"uv": [4.5, 7.5, 11, 16], "rotation": 180, "texture": "#0"}
			}
		},
		{
			"from": [-8.2, 20.1, 16],
			"to": [-8.2, 24.7, 19],
			"rotation": {"angle": -22.5, "axis": "z", "origin": [-0.5, 3, 17.5]},
			"faces": {
				"north": {"uv": [4.5, 7.5, 11, 16], "texture": "#0"},
				"east": {"uv": [4.5, 7.5, 11, 16], "texture": "#0"},
				"south": {"uv": [4.5, 7.5, 11, 16], "texture": "#0"},
				"west": {"uv": [4.5, 7.5, 11, 16], "texture": "#0"},
				"up": {"uv": [4.5, 7.5, 11, 16], "rotation": 270, "texture": "#0"},
				"down": {"uv": [4.5, 7.5, 11, 16], "rotation": 90, "texture": "#0"}
			}
		},
		{
			"from": [-2.9, 17.3, 3.3],
			"to": [0.1, 21.9, 3.3],
			"rotation": {"angle": 45, "axis": "x", "origin": [-0.5, 3, 17.5]},
			"faces": {
				"north": {"uv": [4.5, 7.5, 11, 16], "texture": "#0"},
				"east": {"uv": [4.5, 7.5, 11, 16], "texture": "#0"},
				"south": {"uv": [4.5, 7.5, 11, 16], "texture": "#0"},
				"west": {"uv": [4.5, 7.5, 11, 16], "texture": "#0"},
				"up": {"uv": [4.5, 7.5, 11, 16], "texture": "#0"},
				"down": {"uv": [4.5, 7.5, 11, 16], "texture": "#0"}
			}
		},
		{
			"from": [-5.2, 21.12, 16.76],
			"to": [-4.36, 21.96, 17.6],
			"rotation": {"angle": -22.5, "axis": "z", "origin": [-6.88, 6, 24.32]},
			"faces": {
				"north": {"uv": [3, 3, 5, 5], "texture": "#1"},
				"east": {"uv": [3, 3, 5, 5], "texture": "#1"},
				"south": {"uv": [3, 3, 5, 5], "texture": "#1"},
				"west": {"uv": [3, 3, 5, 5], "texture": "#1"},
				"up": {"uv": [3, 3, 5, 5], "rotation": 90, "texture": "#1"},
				"down": {"uv": [3, 3, 5, 5], "rotation": 270, "texture": "#1"}
			}
		},
		{
			"from": [-5.62, 18.6, 16.34],
			"to": [-3.94, 21.12, 18.02],
			"rotation": {"angle": -22.5, "axis": "z", "origin": [-6.88, 6, 24.32]},
			"faces": {
				"north": {"uv": [2, 1, 5, 5], "texture": "#1"},
				"east": {"uv": [2, 1, 5, 5], "texture": "#1"},
				"south": {"uv": [2, 1, 5, 5], "texture": "#1"},
				"west": {"uv": [2, 1, 5, 5], "texture": "#1"},
				"up": {"uv": [2, 1, 5, 4], "rotation": 90, "texture": "#1"},
				"down": {"uv": [2, 1, 5, 5], "rotation": 270, "texture": "#1"}
			}
		},
		{
			"from": [-6.04, 17.76, 15.92],
			"to": [-3.52, 18.6, 18.44],
			"rotation": {"angle": -22.5, "axis": "z", "origin": [-6.88, 6, 24.32]},
			"faces": {
				"north": {"uv": [0.5, 3.5, 2, 4.5], "texture": "#0"},
				"east": {"uv": [0.5, 3.5, 2, 4.5], "texture": "#0"},
				"south": {"uv": [0.5, 3.5, 2, 4.5], "texture": "#0"},
				"west": {"uv": [0.5, 3.5, 2, 4.5], "texture": "#0"},
				"up": {"uv": [0.5, 3.5, 2, 4.5], "rotation": 90, "texture": "#0"},
				"down": {"uv": [0.5, 3.5, 2, 4.5], "rotation": 270, "texture": "#0"}
			}
		},
		{
			"from": [-5.62, 16.92, 16.34],
			"to": [-3.94, 17.76, 18.02],
			"rotation": {"angle": -22.5, "axis": "z", "origin": [-6.88, 6, 24.32]},
			"faces": {
				"north": {"uv": [0.5, 4, 1.5, 4.5], "texture": "#0"},
				"east": {"uv": [0.5, 4, 1.5, 4.5], "texture": "#0"},
				"south": {"uv": [0.5, 4, 1.5, 4.5], "texture": "#0"},
				"west": {"uv": [0.5, 4, 1.5, 4.5], "texture": "#0"},
				"up": {"uv": [0.5, 4, 1.5, 4.5], "rotation": 90, "texture": "#0"},
				"down": {"uv": [0.5, 4, 1.5, 4.5], "rotation": 270, "texture": "#0"}
			}
		},
		{
			"from": [-5.2, 16.08, 16.76],
			"to": [-4.36, 16.92, 17.6],
			"rotation": {"angle": -22.5, "axis": "z", "origin": [-6.88, 6, 24.32]},
			"faces": {
				"north": {"uv": [0.5, 4.5, 1, 5], "texture": "#0"},
				"east": {"uv": [0.5, 4.5, 1, 5], "texture": "#0"},
				"south": {"uv": [0.5, 4.5, 1, 5], "texture": "#0"},
				"west": {"uv": [0.5, 4.5, 1, 5], "texture": "#0"},
				"up": {"uv": [0.5, 4.5, 1, 5], "rotation": 90, "texture": "#0"},
				"down": {"uv": [0.5, 4.5, 1, 5], "rotation": 270, "texture": "#0"}
			}
		},
		{
			"from": [-1.84, 11.04, 16.76],
			"to": [-1, 11.88, 17.6],
			"rotation": {"angle": 22.5, "axis": "x", "origin": [-6.88, 6, 24.32]},
			"faces": {
				"north": {"uv": [3, 3, 5, 5], "texture": "#1"},
				"east": {"uv": [3, 3, 5, 5], "texture": "#1"},
				"south": {"uv": [3, 3, 5, 5], "texture": "#1"},
				"west": {"uv": [3, 3, 5, 5], "texture": "#1"},
				"up": {"uv": [3, 3, 5, 5], "rotation": 90, "texture": "#1"},
				"down": {"uv": [3, 3, 5, 5], "rotation": 270, "texture": "#1"}
			}
		},
		{
			"from": [-2.26, 8.52, 16.34],
			"to": [-0.58, 11.04, 18.02],
			"rotation": {"angle": 22.5, "axis": "x", "origin": [-6.88, 6, 24.32]},
			"faces": {
				"north": {"uv": [2, 1, 5, 5], "texture": "#1"},
				"east": {"uv": [2, 1, 5, 5], "texture": "#1"},
				"south": {"uv": [2, 1, 5, 5], "texture": "#1"},
				"west": {"uv": [2, 1, 5, 5], "texture": "#1"},
				"up": {"uv": [2, 1, 5, 4], "rotation": 90, "texture": "#1"},
				"down": {"uv": [2, 1, 5, 5], "rotation": 270, "texture": "#1"}
			}
		},
		{
			"from": [-2.68, 7.68, 15.92],
			"to": [-0.16, 8.52, 18.44],
			"rotation": {"angle": 22.5, "axis": "x", "origin": [-6.88, 6, 24.32]},
			"faces": {
				"north": {"uv": [0.5, 3.5, 2, 4.5], "texture": "#0"},
				"east": {"uv": [0.5, 3.5, 2, 4.5], "texture": "#0"},
				"south": {"uv": [0.5, 3.5, 2, 4.5], "texture": "#0"},
				"west": {"uv": [0.5, 3.5, 2, 4.5], "texture": "#0"},
				"up": {"uv": [0.5, 3.5, 2, 4.5], "rotation": 90, "texture": "#0"},
				"down": {"uv": [0.5, 3.5, 2, 4.5], "rotation": 270, "texture": "#0"}
			}
		},
		{
			"from": [-2.26, 6.84, 16.34],
			"to": [-0.58, 7.68, 18.02],
			"rotation": {"angle": 22.5, "axis": "x", "origin": [-6.88, 6, 24.32]},
			"faces": {
				"north": {"uv": [0.5, 4, 1.5, 4.5], "texture": "#0"},
				"east": {"uv": [0.5, 4, 1.5, 4.5], "texture": "#0"},
				"south": {"uv": [0.5, 4, 1.5, 4.5], "texture": "#0"},
				"west": {"uv": [0.5, 4, 1.5, 4.5], "texture": "#0"},
				"up": {"uv": [0.5, 4, 1.5, 4.5], "rotation": 90, "texture": "#0"},
				"down": {"uv": [0.5, 4, 1.5, 4.5], "rotation": 270, "texture": "#0"}
			}
		},
		{
			"from": [-1.84, 6, 16.76],
			"to": [-1, 6.84, 17.6],
			"rotation": {"angle": 22.5, "axis": "x", "origin": [-6.88, 6, 24.32]},
			"faces": {
				"north": {"uv": [0.5, 4.5, 1, 5], "texture": "#0"},
				"east": {"uv": [0.5, 4.5, 1, 5], "texture": "#0"},
				"south": {"uv": [0.5, 4.5, 1, 5], "texture": "#0"},
				"west": {"uv": [0.5, 4.5, 1, 5], "texture": "#0"},
				"up": {"uv": [0.5, 4.5, 1, 5], "rotation": 90, "texture": "#0"},
				"down": {"uv": [0.5, 4.5, 1, 5], "rotation": 270, "texture": "#0"}
			}
		},
		{
			"from": [4, 11, -3],
			"to": [4, 18, 1],
			"rotation": {"angle": 45, "axis": "z", "origin": [-0.5, 5, -1.5]},
			"faces": {
				"north": {"uv": [4.5, 7.5, 11, 16], "texture": "#0"},
				"east": {"uv": [4.5, 7.5, 11, 16], "texture": "#0"},
				"south": {"uv": [4.5, 7.5, 11, 16], "texture": "#0"},
				"west": {"uv": [4.5, 7.5, 11, 16], "texture": "#0"},
				"up": {"uv": [4.5, 7.5, 11, 16], "rotation": 90, "texture": "#0"},
				"down": {"uv": [4.5, 7.5, 11, 16], "rotation": 270, "texture": "#0"}
			}
		},
		{
			"from": [-1.75, 0, -2],
			"to": [-1, 26, -1.25],
			"rotation": {"angle": 22.5, "axis": "y", "origin": [-1.5, 13, -1.5]},
			"faces": {
				"north": {"uv": [0.5, 2, 1.5, 6], "texture": "#0"},
				"east": {"uv": [0.5, 2, 1.5, 6], "texture": "#0"},
				"south": {"uv": [0.5, 2, 1.5, 6], "texture": "#0"},
				"west": {"uv": [0.5, 2, 1.5, 6], "texture": "#0"},
				"up": {"uv": [0.5, 2, 1.5, 6], "rotation": 90, "texture": "#0"},
				"down": {"uv": [0.5, 2, 1.5, 6], "rotation": 270, "texture": "#0"}
			}
		},
		{
			"from": [1, 0, -5],
			"to": [1, 10, 2],
			"rotation": {"angle": -22.5, "axis": "z", "origin": [-0.5, 5, -1.5]},
			"faces": {
				"north": {"uv": [2, 8, 13, 16], "texture": "#0"},
				"east": {"uv": [2, 8, 13, 16], "texture": "#0"},
				"south": {"uv": [2, 8, 13, 16], "texture": "#0"},
				"west": {"uv": [2, 8, 13, 16], "texture": "#0"},
				"up": {"uv": [2, 8, 13, 16], "rotation": 90, "texture": "#0"},
				"down": {"uv": [2, 8, 13, 16], "rotation": 270, "texture": "#0"}
			}
		},
		{
			"from": [-6, 0, 1],
			"to": [2, 10, 1],
			"rotation": {"angle": 22.5, "axis": "x", "origin": [-0.5, 5, -1.5]},
			"faces": {
				"north": {"uv": [2, 8, 13, 16], "texture": "#0"},
				"east": {"uv": [2, 8, 13, 16], "texture": "#0"},
				"south": {"uv": [2, 8, 13, 16], "texture": "#0"},
				"west": {"uv": [2, 8, 13, 16], "texture": "#0"},
				"up": {"uv": [2, 8, 13, 16], "rotation": 90, "texture": "#0"},
				"down": {"uv": [2, 8, 13, 16], "rotation": 270, "texture": "#0"}
			}
		},
		{
			"from": [-3, 16, 2.1],
			"to": [1, 24, 2.1],
			"rotation": {"angle": -22.5, "axis": "x", "origin": [-0.5, 5, -1.5]},
			"faces": {
				"north": {"uv": [4.5, 7.5, 11, 16], "texture": "#0"},
				"east": {"uv": [4.5, 7.5, 11, 16], "texture": "#0"},
				"south": {"uv": [4.5, 7.5, 11, 16], "texture": "#0"},
				"west": {"uv": [4.5, 7.5, 11, 16], "texture": "#0"},
				"up": {"uv": [4.5, 7.5, 11, 16], "rotation": 90, "texture": "#0"},
				"down": {"uv": [4.5, 7.5, 11, 16], "rotation": 270, "texture": "#0"}
			}
		},
		{
			"from": [-2, 26, -2],
			"to": [-1, 29, -1],
			"faces": {
				"north": {"uv": [3, 0, 4, 3], "texture": "#1"},
				"east": {"uv": [3, 0, 4, 3], "texture": "#1"},
				"south": {"uv": [3, 0, 4, 3], "texture": "#1"},
				"west": {"uv": [3, 0, 4, 3], "texture": "#1"},
				"up": {"uv": [3, 0, 4, 3], "rotation": 90, "texture": "#1"},
				"down": {"uv": [3, 0, 4, 3], "rotation": 270, "texture": "#1"}
			}
		},
		{
			"from": [-1.8, 29, -1.8],
			"to": [-1.2, 30.1, -1.2],
			"faces": {
				"north": {"uv": [0, 2, 1, 4], "texture": "#1"},
				"east": {"uv": [0, 2, 1, 4], "texture": "#1"},
				"south": {"uv": [0, 2, 1, 4], "texture": "#1"},
				"west": {"uv": [0, 2, 1, 4], "texture": "#1"},
				"up": {"uv": [0, 2, 1, 4], "rotation": 90, "texture": "#1"},
				"down": {"uv": [0, 2, 1, 4], "rotation": 270, "texture": "#1"}
			}
		},
		{
			"from": [5.5, 23, -3],
			"to": [5.5, 28, 0],
			"rotation": {"angle": 22.5, "axis": "z", "origin": [-0.5, 5, -1.5]},
			"faces": {
				"north": {"uv": [4.5, 7.5, 11, 16], "texture": "#0"},
				"east": {"uv": [4.5, 7.5, 11, 16], "texture": "#0"},
				"south": {"uv": [4.5, 7.5, 11, 16], "texture": "#0"},
				"west": {"uv": [4.5, 7.5, 11, 16], "texture": "#0"},
				"up": {"uv": [4.5, 7.5, 11, 16], "rotation": 90, "texture": "#0"},
				"down": {"uv": [4.5, 7.5, 11, 16], "rotation": 270, "texture": "#0"}
			}
		},
		{
			"from": [-2.9, 19.4, 12.8],
			"to": [0.1, 24.6, 12.8],
			"rotation": {"angle": -45, "axis": "x", "origin": [-0.5, 5, -1.5]},
			"faces": {
				"north": {"uv": [4.5, 7.5, 11, 16], "texture": "#0"},
				"east": {"uv": [4.5, 7.5, 11, 16], "texture": "#0"},
				"south": {"uv": [4.5, 7.5, 11, 16], "texture": "#0"},
				"west": {"uv": [4.5, 7.5, 11, 16], "texture": "#0"},
				"up": {"uv": [4.5, 7.5, 11, 16], "rotation": 180, "texture": "#0"},
				"down": {"uv": [4.5, 7.5, 11, 16], "rotation": 180, "texture": "#0"}
			}
		},
		{
			"from": [-8.2, 22.1, -3],
			"to": [-8.2, 26.7, 0],
			"rotation": {"angle": -22.5, "axis": "z", "origin": [-0.5, 5, -1.5]},
			"faces": {
				"north": {"uv": [4.5, 7.5, 11, 16], "texture": "#0"},
				"east": {"uv": [4.5, 7.5, 11, 16], "texture": "#0"},
				"south": {"uv": [4.5, 7.5, 11, 16], "texture": "#0"},
				"west": {"uv": [4.5, 7.5, 11, 16], "texture": "#0"},
				"up": {"uv": [4.5, 7.5, 11, 16], "rotation": 270, "texture": "#0"},
				"down": {"uv": [4.5, 7.5, 11, 16], "rotation": 90, "texture": "#0"}
			}
		},
		{
			"from": [-2.9, 19.3, -15.7],
			"to": [0.1, 23.9, -15.7],
			"rotation": {"angle": 45, "axis": "x", "origin": [-0.5, 5, -1.5]},
			"faces": {
				"north": {"uv": [4.5, 7.5, 11, 16], "texture": "#0"},
				"east": {"uv": [4.5, 7.5, 11, 16], "texture": "#0"},
				"south": {"uv": [4.5, 7.5, 11, 16], "texture": "#0"},
				"west": {"uv": [4.5, 7.5, 11, 16], "texture": "#0"},
				"up": {"uv": [4.5, 7.5, 11, 16], "texture": "#0"},
				"down": {"uv": [4.5, 7.5, 11, 16], "texture": "#0"}
			}
		},
		{
			"from": [-5.2, 23.12, -2.24],
			"to": [-4.36, 23.96, -1.4],
			"rotation": {"angle": -22.5, "axis": "z", "origin": [-6.88, 8, 5.32]},
			"faces": {
				"north": {"uv": [3, 3, 5, 5], "texture": "#1"},
				"east": {"uv": [3, 3, 5, 5], "texture": "#1"},
				"south": {"uv": [3, 3, 5, 5], "texture": "#1"},
				"west": {"uv": [3, 3, 5, 5], "texture": "#1"},
				"up": {"uv": [3, 3, 5, 5], "rotation": 90, "texture": "#1"},
				"down": {"uv": [3, 3, 5, 5], "rotation": 270, "texture": "#1"}
			}
		},
		{
			"from": [-5.62, 20.6, -2.66],
			"to": [-3.94, 23.12, -0.98],
			"rotation": {"angle": -22.5, "axis": "z", "origin": [-6.88, 8, 5.32]},
			"faces": {
				"north": {"uv": [2, 1, 5, 5], "texture": "#1"},
				"east": {"uv": [2, 1, 5, 5], "texture": "#1"},
				"south": {"uv": [2, 1, 5, 5], "texture": "#1"},
				"west": {"uv": [2, 1, 5, 5], "texture": "#1"},
				"up": {"uv": [2, 1, 5, 4], "rotation": 90, "texture": "#1"},
				"down": {"uv": [2, 1, 5, 5], "rotation": 270, "texture": "#1"}
			}
		},
		{
			"from": [-6.04, 19.76, -3.08],
			"to": [-3.52, 20.6, -0.56],
			"rotation": {"angle": -22.5, "axis": "z", "origin": [-6.88, 8, 5.32]},
			"faces": {
				"north": {"uv": [0.5, 3.5, 2, 4.5], "texture": "#0"},
				"east": {"uv": [0.5, 3.5, 2, 4.5], "texture": "#0"},
				"south": {"uv": [0.5, 3.5, 2, 4.5], "texture": "#0"},
				"west": {"uv": [0.5, 3.5, 2, 4.5], "texture": "#0"},
				"up": {"uv": [0.5, 3.5, 2, 4.5], "rotation": 90, "texture": "#0"},
				"down": {"uv": [0.5, 3.5, 2, 4.5], "rotation": 270, "texture": "#0"}
			}
		},
		{
			"from": [-5.62, 18.92, -2.66],
			"to": [-3.94, 19.76, -0.98],
			"rotation": {"angle": -22.5, "axis": "z", "origin": [-6.88, 8, 5.32]},
			"faces": {
				"north": {"uv": [0.5, 4, 1.5, 4.5], "texture": "#0"},
				"east": {"uv": [0.5, 4, 1.5, 4.5], "texture": "#0"},
				"south": {"uv": [0.5, 4, 1.5, 4.5], "texture": "#0"},
				"west": {"uv": [0.5, 4, 1.5, 4.5], "texture": "#0"},
				"up": {"uv": [0.5, 4, 1.5, 4.5], "rotation": 90, "texture": "#0"},
				"down": {"uv": [0.5, 4, 1.5, 4.5], "rotation": 270, "texture": "#0"}
			}
		},
		{
			"from": [-5.2, 18.08, -2.24],
			"to": [-4.36, 18.92, -1.4],
			"rotation": {"angle": -22.5, "axis": "z", "origin": [-6.88, 8, 5.32]},
			"faces": {
				"north": {"uv": [0.5, 4.5, 1, 5], "texture": "#0"},
				"east": {"uv": [0.5, 4.5, 1, 5], "texture": "#0"},
				"south": {"uv": [0.5, 4.5, 1, 5], "texture": "#0"},
				"west": {"uv": [0.5, 4.5, 1, 5], "texture": "#0"},
				"up": {"uv": [0.5, 4.5, 1, 5], "rotation": 90, "texture": "#0"},
				"down": {"uv": [0.5, 4.5, 1, 5], "rotation": 270, "texture": "#0"}
			}
		},
		{
			"from": [-1.84, 13.04, -2.24],
			"to": [-1, 13.88, -1.4],
			"rotation": {"angle": 22.5, "axis": "x", "origin": [-6.88, 8, 5.32]},
			"faces": {
				"north": {"uv": [3, 3, 5, 5], "texture": "#1"},
				"east": {"uv": [3, 3, 5, 5], "texture": "#1"},
				"south": {"uv": [3, 3, 5, 5], "texture": "#1"},
				"west": {"uv": [3, 3, 5, 5], "texture": "#1"},
				"up": {"uv": [3, 3, 5, 5], "rotation": 90, "texture": "#1"},
				"down": {"uv": [3, 3, 5, 5], "rotation": 270, "texture": "#1"}
			}
		},
		{
			"from": [-2.26, 10.52, -2.66],
			"to": [-0.58, 13.04, -0.98],
			"rotation": {"angle": 22.5, "axis": "x", "origin": [-6.88, 8, 5.32]},
			"faces": {
				"north": {"uv": [2, 1, 5, 5], "texture": "#1"},
				"east": {"uv": [2, 1, 5, 5], "texture": "#1"},
				"south": {"uv": [2, 1, 5, 5], "texture": "#1"},
				"west": {"uv": [2, 1, 5, 5], "texture": "#1"},
				"up": {"uv": [2, 1, 5, 4], "rotation": 90, "texture": "#1"},
				"down": {"uv": [2, 1, 5, 5], "rotation": 270, "texture": "#1"}
			}
		},
		{
			"from": [-2.68, 9.68, -3.08],
			"to": [-0.16, 10.52, -0.56],
			"rotation": {"angle": 22.5, "axis": "x", "origin": [-6.88, 8, 5.32]},
			"faces": {
				"north": {"uv": [0.5, 3.5, 2, 4.5], "texture": "#0"},
				"east": {"uv": [0.5, 3.5, 2, 4.5], "texture": "#0"},
				"south": {"uv": [0.5, 3.5, 2, 4.5], "texture": "#0"},
				"west": {"uv": [0.5, 3.5, 2, 4.5], "texture": "#0"},
				"up": {"uv": [0.5, 3.5, 2, 4.5], "rotation": 90, "texture": "#0"},
				"down": {"uv": [0.5, 3.5, 2, 4.5], "rotation": 270, "texture": "#0"}
			}
		},
		{
			"from": [-2.26, 8.84, -2.66],
			"to": [-0.58, 9.68, -0.98],
			"rotation": {"angle": 22.5, "axis": "x", "origin": [-6.88, 8, 5.32]},
			"faces": {
				"north": {"uv": [0.5, 4, 1.5, 4.5], "texture": "#0"},
				"east": {"uv": [0.5, 4, 1.5, 4.5], "texture": "#0"},
				"south": {"uv": [0.5, 4, 1.5, 4.5], "texture": "#0"},
				"west": {"uv": [0.5, 4, 1.5, 4.5], "texture": "#0"},
				"up": {"uv": [0.5, 4, 1.5, 4.5], "rotation": 90, "texture": "#0"},
				"down": {"uv": [0.5, 4, 1.5, 4.5], "rotation": 270, "texture": "#0"}
			}
		},
		{
			"from": [-1.84, 8, -2.24],
			"to": [-1, 8.84, -1.4],
			"rotation": {"angle": 22.5, "axis": "x", "origin": [-6.88, 8, 5.32]},
			"faces": {
				"north": {"uv": [0.5, 4.5, 1, 5], "texture": "#0"},
				"east": {"uv": [0.5, 4.5, 1, 5], "texture": "#0"},
				"south": {"uv": [0.5, 4.5, 1, 5], "texture": "#0"},
				"west": {"uv": [0.5, 4.5, 1, 5], "texture": "#0"},
				"up": {"uv": [0.5, 4.5, 1, 5], "rotation": 90, "texture": "#0"},
				"down": {"uv": [0.5, 4.5, 1, 5], "rotation": 270, "texture": "#0"}
			}
		},
		{
			"from": [3, 11, -4],
			"to": [3, 18, 0],
			"rotation": {"angle": -45, "axis": "z", "origin": [7.5, 5, -1.5]},
			"faces": {
				"north": {"uv": [4.5, 7.5, 11, 16], "texture": "#0"},
				"east": {"uv": [4.5, 7.5, 11, 16], "texture": "#0"},
				"south": {"uv": [4.5, 7.5, 11, 16], "texture": "#0"},
				"west": {"uv": [4.5, 7.5, 11, 16], "texture": "#0"},
				"up": {"uv": [4.5, 7.5, 11, 16], "rotation": 270, "texture": "#0"},
				"down": {"uv": [4.5, 7.5, 11, 16], "rotation": 90, "texture": "#0"}
			}
		},
		{
			"from": [8, 0, -1.75],
			"to": [8.75, 26, -1],
			"rotation": {"angle": 22.5, "axis": "y", "origin": [8.5, 13, -1.5]},
			"faces": {
				"north": {"uv": [0.5, 2, 1.5, 6], "texture": "#0"},
				"east": {"uv": [0.5, 2, 1.5, 6], "texture": "#0"},
				"south": {"uv": [0.5, 2, 1.5, 6], "texture": "#0"},
				"west": {"uv": [0.5, 2, 1.5, 6], "texture": "#0"},
				"up": {"uv": [0.5, 2, 1.5, 6], "rotation": 270, "texture": "#0"},
				"down": {"uv": [0.5, 2, 1.5, 6], "rotation": 90, "texture": "#0"}
			}
		},
		{
			"from": [6, 0, -5],
			"to": [6, 10, 2],
			"rotation": {"angle": 22.5, "axis": "z", "origin": [7.5, 5, -1.5]},
			"faces": {
				"north": {"uv": [2, 8, 13, 16], "texture": "#0"},
				"east": {"uv": [2, 8, 13, 16], "texture": "#0"},
				"south": {"uv": [2, 8, 13, 16], "texture": "#0"},
				"west": {"uv": [2, 8, 13, 16], "texture": "#0"},
				"up": {"uv": [2, 8, 13, 16], "rotation": 270, "texture": "#0"},
				"down": {"uv": [2, 8, 13, 16], "rotation": 90, "texture": "#0"}
			}
		},
		{
			"from": [5, 0, -4],
			"to": [13, 10, -4],
			"rotation": {"angle": -22.5, "axis": "x", "origin": [7.5, 5, -1.5]},
			"faces": {
				"north": {"uv": [2, 8, 13, 16], "texture": "#0"},
				"east": {"uv": [2, 8, 13, 16], "texture": "#0"},
				"south": {"uv": [2, 8, 13, 16], "texture": "#0"},
				"west": {"uv": [2, 8, 13, 16], "texture": "#0"},
				"up": {"uv": [2, 8, 13, 16], "rotation": 270, "texture": "#0"},
				"down": {"uv": [2, 8, 13, 16], "rotation": 90, "texture": "#0"}
			}
		},
		{
			"from": [6, 16, -5.1],
			"to": [10, 24, -5.1],
			"rotation": {"angle": 22.5, "axis": "x", "origin": [7.5, 5, -1.5]},
			"faces": {
				"north": {"uv": [4.5, 7.5, 11, 16], "texture": "#0"},
				"east": {"uv": [4.5, 7.5, 11, 16], "texture": "#0"},
				"south": {"uv": [4.5, 7.5, 11, 16], "texture": "#0"},
				"west": {"uv": [4.5, 7.5, 11, 16], "texture": "#0"},
				"up": {"uv": [4.5, 7.5, 11, 16], "rotation": 270, "texture": "#0"},
				"down": {"uv": [4.5, 7.5, 11, 16], "rotation": 90, "texture": "#0"}
			}
		},
		{
			"from": [8, 26, -2],
			"to": [9, 29, -1],
			"faces": {
				"north": {"uv": [3, 0, 4, 3], "texture": "#1"},
				"east": {"uv": [3, 0, 4, 3], "texture": "#1"},
				"south": {"uv": [3, 0, 4, 3], "texture": "#1"},
				"west": {"uv": [3, 0, 4, 3], "texture": "#1"},
				"up": {"uv": [3, 0, 4, 3], "rotation": 270, "texture": "#1"},
				"down": {"uv": [3, 0, 4, 3], "rotation": 90, "texture": "#1"}
			}
		},
		{
			"from": [8.2, 29, -1.8],
			"to": [8.8, 30.1, -1.2],
			"faces": {
				"north": {"uv": [0, 2, 1, 4], "texture": "#1"},
				"east": {"uv": [0, 2, 1, 4], "texture": "#1"},
				"south": {"uv": [0, 2, 1, 4], "texture": "#1"},
				"west": {"uv": [0, 2, 1, 4], "texture": "#1"},
				"up": {"uv": [0, 2, 1, 4], "rotation": 270, "texture": "#1"},
				"down": {"uv": [0, 2, 1, 4], "rotation": 90, "texture": "#1"}
			}
		},
		{
			"from": [1.5, 23, -3],
			"to": [1.5, 28, 0],
			"rotation": {"angle": -22.5, "axis": "z", "origin": [7.5, 5, -1.5]},
			"faces": {
				"north": {"uv": [4.5, 7.5, 11, 16], "texture": "#0"},
				"east": {"uv": [4.5, 7.5, 11, 16], "texture": "#0"},
				"south": {"uv": [4.5, 7.5, 11, 16], "texture": "#0"},
				"west": {"uv": [4.5, 7.5, 11, 16], "texture": "#0"},
				"up": {"uv": [4.5, 7.5, 11, 16], "rotation": 270, "texture": "#0"},
				"down": {"uv": [4.5, 7.5, 11, 16], "rotation": 90, "texture": "#0"}
			}
		},
		{
			"from": [6.9, 19.4, -15.8],
			"to": [9.9, 24.6, -15.8],
			"rotation": {"angle": 45, "axis": "x", "origin": [7.5, 5, -1.5]},
			"faces": {
				"north": {"uv": [4.5, 7.5, 11, 16], "texture": "#0"},
				"east": {"uv": [4.5, 7.5, 11, 16], "texture": "#0"},
				"south": {"uv": [4.5, 7.5, 11, 16], "texture": "#0"},
				"west": {"uv": [4.5, 7.5, 11, 16], "texture": "#0"},
				"up": {"uv": [4.5, 7.5, 11, 16], "texture": "#0"},
				"down": {"uv": [4.5, 7.5, 11, 16], "texture": "#0"}
			}
		},
		{
			"from": [15.2, 22.1, -3],
			"to": [15.2, 26.7, 0],
			"rotation": {"angle": 22.5, "axis": "z", "origin": [7.5, 5, -1.5]},
			"faces": {
				"north": {"uv": [4.5, 7.5, 11, 16], "texture": "#0"},
				"east": {"uv": [4.5, 7.5, 11, 16], "texture": "#0"},
				"south": {"uv": [4.5, 7.5, 11, 16], "texture": "#0"},
				"west": {"uv": [4.5, 7.5, 11, 16], "texture": "#0"},
				"up": {"uv": [4.5, 7.5, 11, 16], "rotation": 90, "texture": "#0"},
				"down": {"uv": [4.5, 7.5, 11, 16], "rotation": 270, "texture": "#0"}
			}
		},
		{
			"from": [6.9, 19.3, 12.7],
			"to": [9.9, 23.9, 12.7],
			"rotation": {"angle": -45, "axis": "x", "origin": [7.5, 5, -1.5]},
			"faces": {
				"north": {"uv": [4.5, 7.5, 11, 16], "texture": "#0"},
				"east": {"uv": [4.5, 7.5, 11, 16], "texture": "#0"},
				"south": {"uv": [4.5, 7.5, 11, 16], "texture": "#0"},
				"west": {"uv": [4.5, 7.5, 11, 16], "texture": "#0"},
				"up": {"uv": [4.5, 7.5, 11, 16], "rotation": 180, "texture": "#0"},
				"down": {"uv": [4.5, 7.5, 11, 16], "rotation": 180, "texture": "#0"}
			}
		},
		{
			"from": [11.36, 23.12, -1.6],
			"to": [12.2, 23.96, -0.76],
			"rotation": {"angle": 22.5, "axis": "z", "origin": [13.88, 8, -8.32]},
			"faces": {
				"north": {"uv": [3, 3, 5, 5], "texture": "#1"},
				"east": {"uv": [3, 3, 5, 5], "texture": "#1"},
				"south": {"uv": [3, 3, 5, 5], "texture": "#1"},
				"west": {"uv": [3, 3, 5, 5], "texture": "#1"},
				"up": {"uv": [3, 3, 5, 5], "rotation": 270, "texture": "#1"},
				"down": {"uv": [3, 3, 5, 5], "rotation": 90, "texture": "#1"}
			}
		},
		{
			"from": [10.94, 20.6, -2.02],
			"to": [12.62, 23.12, -0.34],
			"rotation": {"angle": 22.5, "axis": "z", "origin": [13.88, 8, -8.32]},
			"faces": {
				"north": {"uv": [2, 1, 5, 5], "texture": "#1"},
				"east": {"uv": [2, 1, 5, 5], "texture": "#1"},
				"south": {"uv": [2, 1, 5, 5], "texture": "#1"},
				"west": {"uv": [2, 1, 5, 5], "texture": "#1"},
				"up": {"uv": [2, 1, 5, 4], "rotation": 270, "texture": "#1"},
				"down": {"uv": [2, 1, 5, 5], "rotation": 90, "texture": "#1"}
			}
		},
		{
			"from": [10.52, 19.76, -2.44],
			"to": [13.04, 20.6, 0.08],
			"rotation": {"angle": 22.5, "axis": "z", "origin": [13.88, 8, -8.32]},
			"faces": {
				"north": {"uv": [0.5, 3.5, 2, 4.5], "texture": "#0"},
				"east": {"uv": [0.5, 3.5, 2, 4.5], "texture": "#0"},
				"south": {"uv": [0.5, 3.5, 2, 4.5], "texture": "#0"},
				"west": {"uv": [0.5, 3.5, 2, 4.5], "texture": "#0"},
				"up": {"uv": [0.5, 3.5, 2, 4.5], "rotation": 270, "texture": "#0"},
				"down": {"uv": [0.5, 3.5, 2, 4.5], "rotation": 90, "texture": "#0"}
			}
		},
		{
			"from": [10.94, 18.92, -2.02],
			"to": [12.62, 19.76, -0.34],
			"rotation": {"angle": 22.5, "axis": "z", "origin": [13.88, 8, -8.32]},
			"faces": {
				"north": {"uv": [0.5, 4, 1.5, 4.5], "texture": "#0"},
				"east": {"uv": [0.5, 4, 1.5, 4.5], "texture": "#0"},
				"south": {"uv": [0.5, 4, 1.5, 4.5], "texture": "#0"},
				"west": {"uv": [0.5, 4, 1.5, 4.5], "texture": "#0"},
				"up": {"uv": [0.5, 4, 1.5, 4.5], "rotation": 270, "texture": "#0"},
				"down": {"uv": [0.5, 4, 1.5, 4.5], "rotation": 90, "texture": "#0"}
			}
		},
		{
			"from": [11.36, 18.08, -1.6],
			"to": [12.2, 18.92, -0.76],
			"rotation": {"angle": 22.5, "axis": "z", "origin": [13.88, 8, -8.32]},
			"faces": {
				"north": {"uv": [0.5, 4.5, 1, 5], "texture": "#0"},
				"east": {"uv": [0.5, 4.5, 1, 5], "texture": "#0"},
				"south": {"uv": [0.5, 4.5, 1, 5], "texture": "#0"},
				"west": {"uv": [0.5, 4.5, 1, 5], "texture": "#0"},
				"up": {"uv": [0.5, 4.5, 1, 5], "rotation": 270, "texture": "#0"},
				"down": {"uv": [0.5, 4.5, 1, 5], "rotation": 90, "texture": "#0"}
			}
		},
		{
			"from": [8, 13.04, -1.6],
			"to": [8.84, 13.88, -0.76],
			"rotation": {"angle": -22.5, "axis": "x", "origin": [13.88, 8, -8.32]},
			"faces": {
				"north": {"uv": [3, 3, 5, 5], "texture": "#1"},
				"east": {"uv": [3, 3, 5, 5], "texture": "#1"},
				"south": {"uv": [3, 3, 5, 5], "texture": "#1"},
				"west": {"uv": [3, 3, 5, 5], "texture": "#1"},
				"up": {"uv": [3, 3, 5, 5], "rotation": 270, "texture": "#1"},
				"down": {"uv": [3, 3, 5, 5], "rotation": 90, "texture": "#1"}
			}
		},
		{
			"from": [7.58, 10.52, -2.02],
			"to": [9.26, 13.04, -0.34],
			"rotation": {"angle": -22.5, "axis": "x", "origin": [13.88, 8, -8.32]},
			"faces": {
				"north": {"uv": [2, 1, 5, 5], "texture": "#1"},
				"east": {"uv": [2, 1, 5, 5], "texture": "#1"},
				"south": {"uv": [2, 1, 5, 5], "texture": "#1"},
				"west": {"uv": [2, 1, 5, 5], "texture": "#1"},
				"up": {"uv": [2, 1, 5, 4], "rotation": 270, "texture": "#1"},
				"down": {"uv": [2, 1, 5, 5], "rotation": 90, "texture": "#1"}
			}
		},
		{
			"from": [7.16, 9.68, -2.44],
			"to": [9.68, 10.52, 0.08],
			"rotation": {"angle": -22.5, "axis": "x", "origin": [13.88, 8, -8.32]},
			"faces": {
				"north": {"uv": [0.5, 3.5, 2, 4.5], "texture": "#0"},
				"east": {"uv": [0.5, 3.5, 2, 4.5], "texture": "#0"},
				"south": {"uv": [0.5, 3.5, 2, 4.5], "texture": "#0"},
				"west": {"uv": [0.5, 3.5, 2, 4.5], "texture": "#0"},
				"up": {"uv": [0.5, 3.5, 2, 4.5], "rotation": 270, "texture": "#0"},
				"down": {"uv": [0.5, 3.5, 2, 4.5], "rotation": 90, "texture": "#0"}
			}
		},
		{
			"from": [7.58, 8.84, -2.02],
			"to": [9.26, 9.68, -0.34],
			"rotation": {"angle": -22.5, "axis": "x", "origin": [13.88, 8, -8.32]},
			"faces": {
				"north": {"uv": [0.5, 4, 1.5, 4.5], "texture": "#0"},
				"east": {"uv": [0.5, 4, 1.5, 4.5], "texture": "#0"},
				"south": {"uv": [0.5, 4, 1.5, 4.5], "texture": "#0"},
				"west": {"uv": [0.5, 4, 1.5, 4.5], "texture": "#0"},
				"up": {"uv": [0.5, 4, 1.5, 4.5], "rotation": 270, "texture": "#0"},
				"down": {"uv": [0.5, 4, 1.5, 4.5], "rotation": 90, "texture": "#0"}
			}
		},
		{
			"from": [8, 8, -1.6],
			"to": [8.84, 8.84, -0.76],
			"rotation": {"angle": -22.5, "axis": "x", "origin": [13.88, 8, -8.32]},
			"faces": {
				"north": {"uv": [0.5, 4.5, 1, 5], "texture": "#0"},
				"east": {"uv": [0.5, 4.5, 1, 5], "texture": "#0"},
				"south": {"uv": [0.5, 4.5, 1, 5], "texture": "#0"},
				"west": {"uv": [0.5, 4.5, 1, 5], "texture": "#0"},
				"up": {"uv": [0.5, 4.5, 1, 5], "rotation": 270, "texture": "#0"},
				"down": {"uv": [0.5, 4.5, 1, 5], "rotation": 90, "texture": "#0"}
			}
		},
		{
			"from": [16, 8, -6],
			"to": [20, 15, -6],
			"rotation": {"angle": 45, "axis": "x", "origin": [17.5, 2, -1.5]},
			"faces": {
				"north": {"uv": [4.5, 7.5, 11, 16], "texture": "#0"},
				"east": {"uv": [4.5, 7.5, 11, 16], "texture": "#0"},
				"south": {"uv": [4.5, 7.5, 11, 16], "texture": "#0"},
				"west": {"uv": [4.5, 7.5, 11, 16], "texture": "#0"},
				"up": {"uv": [4.5, 7.5, 11, 16], "texture": "#0"},
				"down": {"uv": [4.5, 7.5, 11, 16], "texture": "#0"}
			}
		},
		{
			"from": [17, -1, -1],
			"to": [17.75, 23, -0.25],
			"rotation": {"angle": 22.5, "axis": "y", "origin": [17.5, 10, -0.5]},
			"faces": {
				"north": {"uv": [0.5, 2, 1.5, 6], "texture": "#0"},
				"east": {"uv": [0.5, 2, 1.5, 6], "texture": "#0"},
				"south": {"uv": [0.5, 2, 1.5, 6], "texture": "#0"},
				"west": {"uv": [0.5, 2, 1.5, 6], "texture": "#0"},
				"up": {"uv": [0.5, 2, 1.5, 6], "texture": "#0"},
				"down": {"uv": [0.5, 2, 1.5, 6], "texture": "#0"}
			}
		},
		{
			"from": [14, -1, -3],
			"to": [21, 9, -3],
			"rotation": {"angle": -22.5, "axis": "x", "origin": [17.5, 4, -1.5]},
			"faces": {
				"north": {"uv": [2, 8, 13, 16], "texture": "#0"},
				"east": {"uv": [2, 8, 13, 16], "texture": "#0"},
				"south": {"uv": [2, 8, 13, 16], "texture": "#0"},
				"west": {"uv": [2, 8, 13, 16], "texture": "#0"},
				"up": {"uv": [2, 8, 13, 16], "texture": "#0"},
				"down": {"uv": [2, 8, 13, 16], "texture": "#0"}
			}
		},
		{
			"from": [20, -1, -4],
			"to": [20, 9, 4],
			"rotation": {"angle": -22.5, "axis": "z", "origin": [17.5, 4, -1.5]},
			"faces": {
				"north": {"uv": [2, 8, 13, 16], "texture": "#0"},
				"east": {"uv": [2, 8, 13, 16], "texture": "#0"},
				"south": {"uv": [2, 8, 13, 16], "texture": "#0"},
				"west": {"uv": [2, 8, 13, 16], "texture": "#0"},
				"up": {"uv": [2, 8, 13, 16], "texture": "#0"},
				"down": {"uv": [2, 8, 13, 16], "texture": "#0"}
			}
		},
		{
			"from": [21.1, 13, -3],
			"to": [21.1, 21, 1],
			"rotation": {"angle": 22.5, "axis": "z", "origin": [17.5, 2, -1.5]},
			"faces": {
				"north": {"uv": [4.5, 7.5, 11, 16], "texture": "#0"},
				"east": {"uv": [4.5, 7.5, 11, 16], "texture": "#0"},
				"south": {"uv": [4.5, 7.5, 11, 16], "texture": "#0"},
				"west": {"uv": [4.5, 7.5, 11, 16], "texture": "#0"},
				"up": {"uv": [4.5, 7.5, 11, 16], "texture": "#0"},
				"down": {"uv": [4.5, 7.5, 11, 16], "texture": "#0"}
			}
		},
		{
			"from": [17, 23, -1],
			"to": [18, 26, 0],
			"faces": {
				"north": {"uv": [3, 0, 4, 3], "texture": "#1"},
				"east": {"uv": [3, 0, 4, 3], "texture": "#1"},
				"south": {"uv": [3, 0, 4, 3], "texture": "#1"},
				"west": {"uv": [3, 0, 4, 3], "texture": "#1"},
				"up": {"uv": [3, 0, 4, 3], "texture": "#1"},
				"down": {"uv": [3, 0, 4, 3], "texture": "#1"}
			}
		},
		{
			"from": [17.2, 26, -0.8],
			"to": [17.8, 27.1, -0.2],
			"faces": {
				"north": {"uv": [0, 2, 1, 4], "texture": "#1"},
				"east": {"uv": [0, 2, 1, 4], "texture": "#1"},
				"south": {"uv": [0, 2, 1, 4], "texture": "#1"},
				"west": {"uv": [0, 2, 1, 4], "texture": "#1"},
				"up": {"uv": [0, 2, 1, 4], "texture": "#1"},
				"down": {"uv": [0, 2, 1, 4], "texture": "#1"}
			}
		},
		{
			"from": [16, 20, -7.5],
			"to": [19, 25, -7.5],
			"rotation": {"angle": 22.5, "axis": "x", "origin": [17.5, 2, -1.5]},
			"faces": {
				"north": {"uv": [4.5, 7.5, 11, 16], "texture": "#0"},
				"east": {"uv": [4.5, 7.5, 11, 16], "texture": "#0"},
				"south": {"uv": [4.5, 7.5, 11, 16], "texture": "#0"},
				"west": {"uv": [4.5, 7.5, 11, 16], "texture": "#0"},
				"up": {"uv": [4.5, 7.5, 11, 16], "texture": "#0"},
				"down": {"uv": [4.5, 7.5, 11, 16], "texture": "#0"}
			}
		},
		{
			"from": [31.8, 16.4, -2.1],
			"to": [31.8, 21.6, 0.9],
			"rotation": {"angle": 45, "axis": "z", "origin": [17.5, 2, -1.5]},
			"faces": {
				"north": {"uv": [4.5, 7.5, 11, 16], "texture": "#0"},
				"east": {"uv": [4.5, 7.5, 11, 16], "texture": "#0"},
				"south": {"uv": [4.5, 7.5, 11, 16], "texture": "#0"},
				"west": {"uv": [4.5, 7.5, 11, 16], "texture": "#0"},
				"up": {"uv": [4.5, 7.5, 11, 16], "rotation": 90, "texture": "#0"},
				"down": {"uv": [4.5, 7.5, 11, 16], "rotation": 270, "texture": "#0"}
			}
		},
		{
			"from": [16, 19.1, 6.2],
			"to": [19, 23.7, 6.2],
			"rotation": {"angle": -22.5, "axis": "x", "origin": [17.5, 2, -1.5]},
			"faces": {
				"north": {"uv": [4.5, 7.5, 11, 16], "texture": "#0"},
				"east": {"uv": [4.5, 7.5, 11, 16], "texture": "#0"},
				"south": {"uv": [4.5, 7.5, 11, 16], "texture": "#0"},
				"west": {"uv": [4.5, 7.5, 11, 16], "texture": "#0"},
				"up": {"uv": [4.5, 7.5, 11, 16], "rotation": 180, "texture": "#0"},
				"down": {"uv": [4.5, 7.5, 11, 16], "rotation": 180, "texture": "#0"}
			}
		},
		{
			"from": [3.3, 16.3, -2.1],
			"to": [3.3, 20.9, 0.9],
			"rotation": {"angle": -45, "axis": "z", "origin": [17.5, 2, -1.5]},
			"faces": {
				"north": {"uv": [4.5, 7.5, 11, 16], "texture": "#0"},
				"east": {"uv": [4.5, 7.5, 11, 16], "texture": "#0"},
				"south": {"uv": [4.5, 7.5, 11, 16], "texture": "#0"},
				"west": {"uv": [4.5, 7.5, 11, 16], "texture": "#0"},
				"up": {"uv": [4.5, 7.5, 11, 16], "rotation": 270, "texture": "#0"},
				"down": {"uv": [4.5, 7.5, 11, 16], "rotation": 90, "texture": "#0"}
			}
		},
		{
			"from": [16.76, 20.12, 2.36],
			"to": [17.6, 20.96, 3.2],
			"rotation": {"angle": -22.5, "axis": "x", "origin": [24.32, 5, 4.88]},
			"faces": {
				"north": {"uv": [3, 3, 5, 5], "texture": "#1"},
				"east": {"uv": [3, 3, 5, 5], "texture": "#1"},
				"south": {"uv": [3, 3, 5, 5], "texture": "#1"},
				"west": {"uv": [3, 3, 5, 5], "texture": "#1"},
				"up": {"uv": [3, 3, 5, 5], "texture": "#1"},
				"down": {"uv": [3, 3, 5, 5], "texture": "#1"}
			}
		},
		{
			"from": [16.34, 17.6, 1.94],
			"to": [18.02, 20.12, 3.62],
			"rotation": {"angle": -22.5, "axis": "x", "origin": [24.32, 5, 4.88]},
			"faces": {
				"north": {"uv": [2, 1, 5, 5], "texture": "#1"},
				"east": {"uv": [2, 1, 5, 5], "texture": "#1"},
				"south": {"uv": [2, 1, 5, 5], "texture": "#1"},
				"west": {"uv": [2, 1, 5, 5], "texture": "#1"},
				"up": {"uv": [2, 1, 5, 4], "texture": "#1"},
				"down": {"uv": [2, 1, 5, 5], "texture": "#1"}
			}
		},
		{
			"from": [15.92, 16.76, 1.52],
			"to": [18.44, 17.6, 4.04],
			"rotation": {"angle": -22.5, "axis": "x", "origin": [24.32, 5, 4.88]},
			"faces": {
				"north": {"uv": [0.5, 3.5, 2, 4.5], "texture": "#0"},
				"east": {"uv": [0.5, 3.5, 2, 4.5], "texture": "#0"},
				"south": {"uv": [0.5, 3.5, 2, 4.5], "texture": "#0"},
				"west": {"uv": [0.5, 3.5, 2, 4.5], "texture": "#0"},
				"up": {"uv": [0.5, 3.5, 2, 4.5], "texture": "#0"},
				"down": {"uv": [0.5, 3.5, 2, 4.5], "texture": "#0"}
			}
		},
		{
			"from": [16.34, 15.92, 1.94],
			"to": [18.02, 16.76, 3.62],
			"rotation": {"angle": -22.5, "axis": "x", "origin": [24.32, 5, 4.88]},
			"faces": {
				"north": {"uv": [0.5, 4, 1.5, 4.5], "texture": "#0"},
				"east": {"uv": [0.5, 4, 1.5, 4.5], "texture": "#0"},
				"south": {"uv": [0.5, 4, 1.5, 4.5], "texture": "#0"},
				"west": {"uv": [0.5, 4, 1.5, 4.5], "texture": "#0"},
				"up": {"uv": [0.5, 4, 1.5, 4.5], "texture": "#0"},
				"down": {"uv": [0.5, 4, 1.5, 4.5], "texture": "#0"}
			}
		},
		{
			"from": [16.76, 15.08, 2.36],
			"to": [17.6, 15.92, 3.2],
			"rotation": {"angle": -22.5, "axis": "x", "origin": [24.32, 5, 4.88]},
			"faces": {
				"north": {"uv": [0.5, 4.5, 1, 5], "texture": "#0"},
				"east": {"uv": [0.5, 4.5, 1, 5], "texture": "#0"},
				"south": {"uv": [0.5, 4.5, 1, 5], "texture": "#0"},
				"west": {"uv": [0.5, 4.5, 1, 5], "texture": "#0"},
				"up": {"uv": [0.5, 4.5, 1, 5], "texture": "#0"},
				"down": {"uv": [0.5, 4.5, 1, 5], "texture": "#0"}
			}
		},
		{
			"from": [16.76, 10.04, -1],
			"to": [17.6, 10.88, -0.16],
			"rotation": {"angle": -22.5, "axis": "z", "origin": [24.32, 5, 4.88]},
			"faces": {
				"north": {"uv": [3, 3, 5, 5], "texture": "#1"},
				"east": {"uv": [3, 3, 5, 5], "texture": "#1"},
				"south": {"uv": [3, 3, 5, 5], "texture": "#1"},
				"west": {"uv": [3, 3, 5, 5], "texture": "#1"},
				"up": {"uv": [3, 3, 5, 5], "texture": "#1"},
				"down": {"uv": [3, 3, 5, 5], "texture": "#1"}
			}
		},
		{
			"from": [16.34, 7.52, -1.42],
			"to": [18.02, 10.04, 0.26],
			"rotation": {"angle": -22.5, "axis": "z", "origin": [24.32, 5, 4.88]},
			"faces": {
				"north": {"uv": [2, 1, 5, 5], "texture": "#1"},
				"east": {"uv": [2, 1, 5, 5], "texture": "#1"},
				"south": {"uv": [2, 1, 5, 5], "texture": "#1"},
				"west": {"uv": [2, 1, 5, 5], "texture": "#1"},
				"up": {"uv": [2, 1, 5, 4], "texture": "#1"},
				"down": {"uv": [2, 1, 5, 5], "texture": "#1"}
			}
		},
		{
			"from": [15.92, 6.68, -1.84],
			"to": [18.44, 7.52, 0.68],
			"rotation": {"angle": -22.5, "axis": "z", "origin": [24.32, 5, 4.88]},
			"faces": {
				"north": {"uv": [0.5, 3.5, 2, 4.5], "texture": "#0"},
				"east": {"uv": [0.5, 3.5, 2, 4.5], "texture": "#0"},
				"south": {"uv": [0.5, 3.5, 2, 4.5], "texture": "#0"},
				"west": {"uv": [0.5, 3.5, 2, 4.5], "texture": "#0"},
				"up": {"uv": [0.5, 3.5, 2, 4.5], "texture": "#0"},
				"down": {"uv": [0.5, 3.5, 2, 4.5], "texture": "#0"}
			}
		},
		{
			"from": [16.34, 5.84, -1.42],
			"to": [18.02, 6.68, 0.26],
			"rotation": {"angle": -22.5, "axis": "z", "origin": [24.32, 5, 4.88]},
			"faces": {
				"north": {"uv": [0.5, 4, 1.5, 4.5], "texture": "#0"},
				"east": {"uv": [0.5, 4, 1.5, 4.5], "texture": "#0"},
				"south": {"uv": [0.5, 4, 1.5, 4.5], "texture": "#0"},
				"west": {"uv": [0.5, 4, 1.5, 4.5], "texture": "#0"},
				"up": {"uv": [0.5, 4, 1.5, 4.5], "texture": "#0"},
				"down": {"uv": [0.5, 4, 1.5, 4.5], "texture": "#0"}
			}
		},
		{
			"from": [16.76, 5, -1],
			"to": [17.6, 5.84, -0.16],
			"rotation": {"angle": -22.5, "axis": "z", "origin": [24.32, 5, 4.88]},
			"faces": {
				"north": {"uv": [0.5, 4.5, 1, 5], "texture": "#0"},
				"east": {"uv": [0.5, 4.5, 1, 5], "texture": "#0"},
				"south": {"uv": [0.5, 4.5, 1, 5], "texture": "#0"},
				"west": {"uv": [0.5, 4.5, 1, 5], "texture": "#0"},
				"up": {"uv": [0.5, 4.5, 1, 5], "texture": "#0"},
				"down": {"uv": [0.5, 4.5, 1, 5], "texture": "#0"}
			}
		}
	],
	"display": {
		"thirdperson_righthand": {
			"rotation": [75, 45, 0],
			"translation": [0, 2.5, 0],
			"scale": [0.375, 0.375, 0.375]
		},
		"thirdperson_lefthand": {
			"rotation": [75, 45, 0],
			"translation": [0, 2.5, 0],
			"scale": [0.375, 0.375, 0.375]
		},
		"firstperson_righthand": {
			"rotation": [0, 45, 0],
			"translation": [3.5, 0, 0],
			"scale": [0.4, 0.4, 0.4]
		},
		"firstperson_lefthand": {
			"rotation": [0, 45, 0],
			"translation": [3.5, 0, 0],
			"scale": [0.4, 0.4, 0.4]
		},
		"ground": {
			"scale": [0.5, 0.5, 0.5]
		},
		"gui": {
			"rotation": [30, 225, 0],
			"translation": [0, -2.25, 0],
			"scale": [0.4, 0.4, 0.4]
		},
		"fixed": {
			"rotation": [-90, 0, 0],
			"translation": [0, 0, -15.25],
			"scale": [2, 2, 2]
		}
	},
	"groups": [
		{
			"name": "Plant 1",
			"children": [
				{
					"name": "Stalk",
					"children": [0, 1, 2, 3, 4]
				},
				{
					"name": "Top",
					"children": [5, 6, 7, 8, 9, 10]
				},
				{
					"name": "Corn2",
					"children": [11, 12, 13, 14, 15]
				},
				{
					"name": "Corn",
					"children": [16, 17, 18, 19, 20]
				}
			]
		},
		{
			"name": "Plant 2",
			"children": [
				{
					"name": "Stalk",
					"children": [21, 22, 23, 24, 25]
				},
				{
					"name": "Top",
					"children": [26, 27, 28, 29, 30, 31]
				},
				{
					"name": "Corn2",
					"children": [32, 33, 34, 35, 36]
				},
				{
					"name": "Corn",
					"children": [37, 38, 39, 40, 41]
				}
			]
		},
		{
			"name": "Plant 3",
			"children": [
				{
					"name": "Stalk",
					"children": [42, 43, 44, 45, 46]
				},
				{
					"name": "Top",
					"children": [47, 48, 49, 50, 51, 52]
				},
				{
					"name": "Corn2",
					"children": [53, 54, 55, 56, 57]
				},
				{
					"name": "Corn",
					"children": [58, 59, 60, 61, 62]
				}
			]
		},
		{
			"name": "Plant 4",
			"children": [
				{
					"name": "Stalk",
					"children": [63, 64, 65, 66, 67]
				},
				{
					"name": "Top",
					"children": [68, 69, 70, 71, 72, 73]
				},
				{
					"name": "Corn2",
					"children": [74, 75, 76, 77, 78]
				},
				{
					"name": "Corn",
					"children": [79, 80, 81, 82, 83]
				}
			]
		},
		{
			"name": "Plant 5",
			"children": [
				{
					"name": "Stalk",
					"children": [84, 85, 86, 87, 88]
				},
				{
					"name": "Top",
					"children": [89, 90, 91, 92, 93, 94]
				},
				{
					"name": "Corn2",
					"children": [95, 96, 97, 98, 99]
				},
				{
					"name": "Corn",
					"children": [100, 101, 102, 103, 104]
				}
			]
		},
		{
			"name": "Plant 6",
			"children": [
				{
					"name": "Stalk",
					"children": [105, 106, 107, 108, 109]
				},
				{
					"name": "Top",
					"children": [110, 111, 112, 113, 114, 115]
				},
				{
					"name": "Corn2",
					"children": [116, 117, 118, 119, 120]
				},
				{
					"name": "Corn",
					"children": [121, 122, 123, 124, 125]
				}
			]
		},
		{
			"name": "Plant 7",
			"children": [
				{
					"name": "Stalk",
					"children": [126, 127, 128, 129, 130]
				},
				{
					"name": "Top",
					"children": [131, 132, 133, 134, 135, 136]
				},
				{
					"name": "Corn2",
					"children": [137, 138, 139, 140, 141]
				},
				{
					"name": "Corn",
					"children": [142, 143, 144, 145, 146]
				}
			]
		},
		{
			"name": "Plant 8",
			"children": [
				{
					"name": "Stalk",
					"children": [147, 148, 149, 150, 151]
				},
				{
					"name": "Top",
					"children": [152, 153, 154, 155, 156, 157]
				},
				{
					"name": "Corn2",
					"children": [158, 159, 160, 161, 162]
				},
				{
					"name": "Corn",
					"children": [163, 164, 165, 166, 167]
				}
			]
		},
		{
			"name": "Plant 9",
			"children": [
				{
					"name": "Stalk",
					"children": [168, 169, 170, 171, 172]
				},
				{
					"name": "Top",
					"children": [173, 174, 175, 176, 177, 178]
				},
				{
					"name": "Corn2",
					"children": [179, 180, 181, 182, 183]
				},
				{
					"name": "Corn",
					"children": [184, 185, 186, 187, 188]
				}
			]
		}
	]
}