{
	"credit": "Made with Blockbench",
	"parent": "./cit_item_l",
	"textures": {
		"0": "block/MizunoArchive/oak_sapling_3",
		"2": "block/MizunoArchive/coarse_dirt",
		"3": "block/MizunoArchive/light_blue_glazed_terracotta",
		"4": "block/MizunoArchive/birch_log",
		"particle": "block/MizunoArchive/birch_log"
	},
	"elements": [
		{
			"from": [11.46406, 4.56473, 4.94859],
			"to": [12.21406, 5.31473, 10.94859],
			"faces": {
				"north": {"uv": [0, 0, 1, 1], "texture": "#3"},
				"east": {"uv": [0, 0, 1, 1], "texture": "#3"},
				"south": {"uv": [0, 0, 1, 1], "texture": "#3"},
				"west": {"uv": [0, 0, 1, 1], "texture": "#3"},
				"up": {"uv": [0, 0, 1, 1], "texture": "#3"},
				"down": {"uv": [0, 0, 1, 1], "texture": "#3"}
			}
		},
		{
			"from": [4.71406, -2.18527, 4.94859],
			"to": [10.71406, -1.43527, 10.94859],
			"faces": {
				"north": {"uv": [0, 2, 1, 5], "texture": "#3"},
				"east": {"uv": [0, 2, 1, 5], "texture": "#3"},
				"south": {"uv": [0, 2, 1, 5], "texture": "#3"},
				"west": {"uv": [0, 2, 1, 5], "texture": "#3"},
				"up": {"uv": [0, 2, 1, 5], "texture": "#3"},
				"down": {"uv": [0, 2, 1, 5], "texture": "#3"}
			}
		},
		{
			"from": [3.21406, -1.43527, 4.94859],
			"to": [4.71406, 0.06473, 10.94859],
			"faces": {
				"north": {"uv": [0, 0, 1, 1], "texture": "#3"},
				"east": {"uv": [0, 0, 1, 1], "texture": "#3"},
				"south": {"uv": [0, 0, 1, 1], "texture": "#3"},
				"west": {"uv": [0, 0, 1, 1], "texture": "#3"},
				"up": {"uv": [0, 0, 1, 1], "texture": "#3"},
				"down": {"uv": [0, 0, 1, 1], "texture": "#3"}
			}
		},
		{
			"from": [10.71406, -1.43527, 4.94859],
			"to": [12.21406, 0.06473, 10.94859],
			"faces": {
				"north": {"uv": [0, 0, 1, 1], "texture": "#3"},
				"east": {"uv": [0, 0, 1, 1], "texture": "#3"},
				"south": {"uv": [0, 0, 1, 1], "texture": "#3"},
				"west": {"uv": [0, 0, 1, 1], "texture": "#3"},
				"up": {"uv": [0, 0, 1, 1], "texture": "#3"},
				"down": {"uv": [0, 0, 1, 1], "texture": "#3"}
			}
		},
		{
			"from": [4.70753, -1.43528, 3.45513],
			"to": [10.70753, 0.06472, 4.95513],
			"faces": {
				"north": {"uv": [0, 0, 1, 1], "texture": "#3"},
				"east": {"uv": [0, 0, 1, 1], "texture": "#3"},
				"south": {"uv": [0, 0, 1, 1], "texture": "#3"},
				"west": {"uv": [0, 0, 1, 1], "texture": "#3"},
				"up": {"uv": [0, 0, 1, 1], "texture": "#3"},
				"down": {"uv": [0, 0, 1, 1], "texture": "#3"}
			}
		},
		{
			"from": [4.70753, -1.43528, 10.95513],
			"to": [10.70753, 0.06472, 12.45513],
			"faces": {
				"north": {"uv": [0, 0, 1, 1], "texture": "#3"},
				"east": {"uv": [0, 0, 1, 1], "texture": "#3"},
				"south": {"uv": [0, 0, 1, 1], "texture": "#3"},
				"west": {"uv": [0, 0, 1, 1], "texture": "#3"},
				"up": {"uv": [0, 0, 1, 1], "texture": "#3"},
				"down": {"uv": [0, 0, 1, 1], "texture": "#3"}
			}
		},
		{
			"from": [1.71406, 0.06473, 4.94859],
			"to": [3.21406, 4.56473, 10.94859],
			"faces": {
				"north": {"uv": [0, 2, 1, 5], "texture": "#3"},
				"east": {"uv": [0, 2, 1, 5], "texture": "#3"},
				"south": {"uv": [0, 2, 1, 5], "texture": "#3"},
				"west": {"uv": [0, 2, 1, 5], "texture": "#3"},
				"up": {"uv": [0, 2, 1, 5], "texture": "#3"},
				"down": {"uv": [0, 2, 1, 5], "texture": "#3"}
			}
		},
		{
			"from": [4.70753, 0.06472, 1.95513],
			"to": [10.70753, 4.56472, 3.45513],
			"faces": {
				"north": {"uv": [0, 2, 1, 5], "texture": "#3"},
				"east": {"uv": [0, 2, 1, 5], "texture": "#3"},
				"south": {"uv": [0, 2, 1, 5], "texture": "#3"},
				"west": {"uv": [0, 2, 1, 5], "texture": "#3"},
				"up": {"uv": [0, 2, 1, 5], "texture": "#3"},
				"down": {"uv": [0, 2, 1, 5], "texture": "#3"}
			}
		},
		{
			"from": [12.21406, 0.06473, 4.94859],
			"to": [13.71406, 4.56473, 10.94859],
			"faces": {
				"north": {"uv": [0, 2, 1, 5], "texture": "#3"},
				"east": {"uv": [0, 2, 1, 5], "texture": "#3"},
				"south": {"uv": [0, 2, 1, 5], "texture": "#3"},
				"west": {"uv": [0, 2, 1, 5], "texture": "#3"},
				"up": {"uv": [0, 2, 1, 5], "texture": "#3"},
				"down": {"uv": [0, 2, 1, 5], "texture": "#3"}
			}
		},
		{
			"from": [4.70753, 0.06472, 12.45513],
			"to": [10.70753, 4.56472, 13.95513],
			"faces": {
				"north": {"uv": [0, 2, 1, 5], "texture": "#3"},
				"east": {"uv": [0, 2, 1, 5], "texture": "#3"},
				"south": {"uv": [0, 2, 1, 5], "texture": "#3"},
				"west": {"uv": [0, 2, 1, 5], "texture": "#3"},
				"up": {"uv": [0, 2, 1, 5], "texture": "#3"},
				"down": {"uv": [0, 2, 1, 5], "texture": "#3"}
			}
		},
		{
			"from": [3.21406, 4.56473, 4.94859],
			"to": [3.96406, 5.31473, 10.94859],
			"faces": {
				"north": {"uv": [0, 0, 1, 1], "texture": "#3"},
				"east": {"uv": [0, 0, 1, 1], "texture": "#3"},
				"south": {"uv": [0, 0, 1, 1], "texture": "#3"},
				"west": {"uv": [0, 0, 1, 1], "texture": "#3"},
				"up": {"uv": [0, 0, 1, 1], "texture": "#3"},
				"down": {"uv": [0, 0, 1, 1], "texture": "#3"}
			}
		},
		{
			"from": [4.70753, 4.56472, 3.45513],
			"to": [10.70753, 5.31472, 4.20513],
			"faces": {
				"north": {"uv": [0, 0, 1, 1], "texture": "#3"},
				"east": {"uv": [0, 0, 1, 1], "texture": "#3"},
				"south": {"uv": [0, 0, 1, 1], "texture": "#3"},
				"west": {"uv": [0, 0, 1, 1], "texture": "#3"},
				"up": {"uv": [0, 0, 1, 1], "texture": "#3"},
				"down": {"uv": [0, 0, 1, 1], "texture": "#3"}
			}
		},
		{
			"from": [4.70753, 4.56472, 11.70513],
			"to": [10.70753, 5.31472, 12.45513],
			"faces": {
				"north": {"uv": [0, 0, 1, 1], "texture": "#3"},
				"east": {"uv": [0, 0, 1, 1], "texture": "#3"},
				"south": {"uv": [0, 0, 1, 1], "texture": "#3"},
				"west": {"uv": [0, 0, 1, 1], "texture": "#3"},
				"up": {"uv": [0, 0, 1, 1], "texture": "#3"},
				"down": {"uv": [0, 0, 1, 1], "texture": "#3"}
			}
		},
		{
			"from": [2.07171, 0.06907, -0.17074],
			"to": [6.32171, 4.56907, 1.32926],
			"rotation": {"angle": 45, "axis": "y", "origin": [8.07171, 10.56907, 2.82926]},
			"faces": {
				"north": {"uv": [0, 2, 1, 5], "texture": "#3"},
				"east": {"uv": [0, 2, 1, 5], "texture": "#3"},
				"south": {"uv": [0, 2, 1, 5], "texture": "#3"},
				"west": {"uv": [0, 2, 1, 5], "texture": "#3"},
				"up": {"uv": [0, 2, 1, 5], "texture": "#3"},
				"down": {"uv": [0, 2, 1, 5], "texture": "#3"}
			}
		},
		{
			"from": [6.83842, 0.06346, 5.31078],
			"to": [11.08842, 4.56346, 6.81078],
			"rotation": {"angle": -45, "axis": "y", "origin": [12.83842, 10.56346, 8.31078]},
			"faces": {
				"north": {"uv": [0, 2, 1, 5], "texture": "#3"},
				"east": {"uv": [0, 2, 1, 5], "texture": "#3"},
				"south": {"uv": [0, 2, 1, 5], "texture": "#3"},
				"west": {"uv": [0, 2, 1, 5], "texture": "#3"},
				"up": {"uv": [0, 2, 1, 5], "texture": "#3"},
				"down": {"uv": [0, 2, 1, 5], "texture": "#3"}
			}
		},
		{
			"from": [9.10642, 0.06907, 14.56792],
			"to": [13.35642, 4.56907, 16.06792],
			"rotation": {"angle": 45, "axis": "y", "origin": [7.35642, 10.56907, 13.06792]},
			"faces": {
				"north": {"uv": [0, 2, 1, 5], "texture": "#3"},
				"east": {"uv": [0, 2, 1, 5], "texture": "#3"},
				"south": {"uv": [0, 2, 1, 5], "texture": "#3"},
				"west": {"uv": [0, 2, 1, 5], "texture": "#3"},
				"up": {"uv": [0, 2, 1, 5], "texture": "#3"},
				"down": {"uv": [0, 2, 1, 5], "texture": "#3"}
			}
		},
		{
			"from": [4.3397, 0.06346, 9.08639],
			"to": [8.5897, 4.56346, 10.58639],
			"rotation": {"angle": -45, "axis": "y", "origin": [2.5897, 10.56346, 7.58639]},
			"faces": {
				"north": {"uv": [0, 2, 1, 5], "texture": "#3"},
				"east": {"uv": [0, 2, 1, 5], "texture": "#3"},
				"south": {"uv": [0, 2, 1, 5], "texture": "#3"},
				"west": {"uv": [0, 2, 1, 5], "texture": "#3"},
				"up": {"uv": [0, 2, 1, 5], "texture": "#3"},
				"down": {"uv": [0, 2, 1, 5], "texture": "#3"}
			}
		},
		{
			"from": [6.57956, -1.4283, 6.71878],
			"to": [7.32956, 5.3217, 8.81878],
			"rotation": {"angle": -45, "axis": "y", "origin": [9.57956, 6.0717, 2.81878]},
			"faces": {
				"north": {"uv": [0, 0, 1, 2], "texture": "#3"},
				"east": {"uv": [0, 0, 1, 2], "texture": "#3"},
				"south": {"uv": [0, 0, 1, 2], "texture": "#3"},
				"west": {"uv": [0, 0, 1, 2], "texture": "#3"},
				"up": {"uv": [0, 0, 1, 2], "texture": "#3"},
				"down": {"uv": [0, 0, 1, 2], "texture": "#3"}
			}
		},
		{
			"from": [6.84107, -1.44182, 6.8134],
			"to": [8.94107, 5.30818, 7.5634],
			"rotation": {"angle": -45, "axis": "y", "origin": [12.84107, 6.05818, 9.8134]},
			"faces": {
				"north": {"uv": [0, 0, 1, 2], "texture": "#3"},
				"east": {"uv": [0, 0, 1, 2], "texture": "#3"},
				"south": {"uv": [0, 0, 1, 2], "texture": "#3"},
				"west": {"uv": [0, 0, 1, 2], "texture": "#3"},
				"up": {"uv": [0, 0, 1, 2], "texture": "#3"},
				"down": {"uv": [0, 0, 1, 2], "texture": "#3"}
			}
		},
		{
			"from": [6.84107, -1.44182, 8.33378],
			"to": [8.94107, 5.30818, 9.08378],
			"rotation": {"angle": 45, "axis": "y", "origin": [12.84107, 6.05818, 6.08378]},
			"faces": {
				"north": {"uv": [0, 0, 1, 2], "texture": "#3"},
				"east": {"uv": [0, 0, 1, 2], "texture": "#3"},
				"south": {"uv": [0, 0, 1, 2], "texture": "#3"},
				"west": {"uv": [0, 0, 1, 2], "texture": "#3"},
				"up": {"uv": [0, 0, 1, 2], "texture": "#3"},
				"down": {"uv": [0, 0, 1, 2], "texture": "#3"}
			}
		},
		{
			"from": [6.57956, -1.4283, 7.0784],
			"to": [7.32956, 5.3217, 9.1784],
			"rotation": {"angle": 45, "axis": "y", "origin": [9.57956, 6.0717, 13.0784]},
			"faces": {
				"north": {"uv": [0, 0, 1, 2], "texture": "#3"},
				"east": {"uv": [0, 0, 1, 2], "texture": "#3"},
				"south": {"uv": [0, 0, 1, 2], "texture": "#3"},
				"west": {"uv": [0, 0, 1, 2], "texture": "#3"},
				"up": {"uv": [0, 0, 1, 2], "texture": "#3"},
				"down": {"uv": [0, 0, 1, 2], "texture": "#3"}
			}
		},
		{
			"from": [3.71406, 3.76473, 3.94859],
			"to": [12.21406, 4.51473, 11.94859],
			"faces": {
				"north": {"uv": [0, 0, 16, 16], "texture": "#2"},
				"east": {"uv": [0, 0, 16, 16], "texture": "#2"},
				"south": {"uv": [0, 0, 16, 16], "texture": "#2"},
				"west": {"uv": [0, 0, 16, 16], "texture": "#2"},
				"up": {"uv": [0, 0, 16, 16], "texture": "#2"},
				"down": {"uv": [0, 0, 16, 16], "texture": "#2"}
			}
		},
		{
			"from": [4.6474, 1.01072, 12.54526],
			"to": [10.7674, 3.60072, 14.07526],
			"faces": {
				"north": {"uv": [0, 3, 16, 12], "texture": "#3"},
				"east": {"uv": [0, 3, 16, 12], "texture": "#3"},
				"south": {"uv": [0, 3, 16, 12], "texture": "#3"},
				"west": {"uv": [0, 3, 16, 12], "texture": "#3"},
				"up": {"uv": [0, 3, 16, 12], "texture": "#3"},
				"down": {"uv": [0, 3, 16, 12], "texture": "#3"}
			}
		},
		{
			"from": [9.13427, 1.01515, 14.7003],
			"to": [13.46927, 3.60515, 16.2303],
			"rotation": {"angle": 45, "axis": "y", "origin": [7.34927, 10.72515, 13.1703]},
			"faces": {
				"north": {"uv": [0, 3, 16, 12], "texture": "#3"},
				"east": {"uv": [0, 3, 16, 12], "texture": "#3"},
				"south": {"uv": [0, 3, 16, 12], "texture": "#3"},
				"west": {"uv": [0, 3, 16, 12], "texture": "#3"},
				"up": {"uv": [0, 3, 16, 12], "texture": "#3"},
				"down": {"uv": [0, 3, 16, 12], "texture": "#3"}
			}
		},
		{
			"from": [12.30406, 1.01073, 4.88859],
			"to": [13.83406, 3.60073, 11.00859],
			"faces": {
				"north": {"uv": [0, 3, 16, 12], "texture": "#3"},
				"east": {"uv": [0, 3, 16, 12], "texture": "#3"},
				"south": {"uv": [0, 3, 16, 12], "texture": "#3"},
				"west": {"uv": [0, 3, 16, 12], "texture": "#3"},
				"up": {"uv": [0, 3, 16, 12], "texture": "#3"},
				"down": {"uv": [0, 3, 16, 12], "texture": "#3"}
			}
		},
		{
			"from": [4.27221, 1.00943, 9.10915],
			"to": [8.60721, 3.59943, 10.63915],
			"rotation": {"angle": -45, "axis": "y", "origin": [2.48721, 10.71943, 7.57915]},
			"faces": {
				"north": {"uv": [0, 3, 16, 12], "texture": "#3"},
				"east": {"uv": [0, 3, 16, 12], "texture": "#3"},
				"south": {"uv": [0, 3, 16, 12], "texture": "#3"},
				"west": {"uv": [0, 3, 16, 12], "texture": "#3"},
				"up": {"uv": [0, 3, 16, 12], "texture": "#3"},
				"down": {"uv": [0, 3, 16, 12], "texture": "#3"}
			}
		},
		{
			"from": [1.59406, 1.01073, 4.88859],
			"to": [3.12406, 3.60073, 11.00859],
			"faces": {
				"north": {"uv": [0, 3, 16, 12], "texture": "#3"},
				"east": {"uv": [0, 3, 16, 12], "texture": "#3"},
				"south": {"uv": [0, 3, 16, 12], "texture": "#3"},
				"west": {"uv": [0, 3, 16, 12], "texture": "#3"},
				"up": {"uv": [0, 3, 16, 12], "texture": "#3"},
				"down": {"uv": [0, 3, 16, 12], "texture": "#3"}
			}
		},
		{
			"from": [1.95886, 1.01515, -0.33313],
			"to": [6.29386, 3.60515, 1.19687],
			"rotation": {"angle": 45, "axis": "y", "origin": [8.07886, 10.72515, 2.72687]},
			"faces": {
				"north": {"uv": [0, 3, 16, 12], "texture": "#3"},
				"east": {"uv": [0, 3, 16, 12], "texture": "#3"},
				"south": {"uv": [0, 3, 16, 12], "texture": "#3"},
				"west": {"uv": [0, 3, 16, 12], "texture": "#3"},
				"up": {"uv": [0, 3, 16, 12], "texture": "#3"},
				"down": {"uv": [0, 3, 16, 12], "texture": "#3"}
			}
		},
		{
			"from": [4.6474, 1.01072, 1.83526],
			"to": [10.7674, 3.60072, 3.36526],
			"faces": {
				"north": {"uv": [0, 3, 16, 12], "texture": "#3"},
				"east": {"uv": [0, 3, 16, 12], "texture": "#3"},
				"south": {"uv": [0, 3, 16, 12], "texture": "#3"},
				"west": {"uv": [0, 3, 16, 12], "texture": "#3"},
				"up": {"uv": [0, 3, 16, 12], "texture": "#3"},
				"down": {"uv": [0, 3, 16, 12], "texture": "#3"}
			}
		},
		{
			"from": [6.82091, 1.00943, 5.25802],
			"to": [11.15591, 3.59943, 6.78802],
			"rotation": {"angle": -45, "axis": "y", "origin": [12.94091, 10.71943, 8.31802]},
			"faces": {
				"north": {"uv": [0, 3, 16, 12], "texture": "#3"},
				"east": {"uv": [0, 3, 16, 12], "texture": "#3"},
				"south": {"uv": [0, 3, 16, 12], "texture": "#3"},
				"west": {"uv": [0, 3, 16, 12], "texture": "#3"},
				"up": {"uv": [0, 3, 16, 12], "texture": "#3"},
				"down": {"uv": [0, 3, 16, 12], "texture": "#3"}
			}
		},
		{
			"from": [0.3, 15.5, 8],
			"to": [14.7, 31.5, 8.01],
			"rotation": {"angle": 45, "axis": "y", "origin": [7.5, 22, 8], "rescale": true},
			"faces": {
				"north": {"uv": [0, 8, 8, 16], "texture": "#0"},
				"east": {"uv": [0, 8, 8, 16], "texture": "#0"},
				"south": {"uv": [0, 8, 8, 16], "texture": "#0"},
				"west": {"uv": [0, 8, 8, 16], "texture": "#0"},
				"up": {"uv": [0, 8, 8, 16], "texture": "#0"},
				"down": {"uv": [0, 8, 8, 16], "texture": "#0"}
			}
		},
		{
			"from": [7.5, 15.5, 0.8],
			"to": [7.51, 31.5, 15.2],
			"rotation": {"angle": 45, "axis": "y", "origin": [7.5, 22, 8], "rescale": true},
			"faces": {
				"north": {"uv": [0, 8, 8, 16], "texture": "#0"},
				"east": {"uv": [0, 8, 8, 16], "texture": "#0"},
				"south": {"uv": [0, 8, 8, 16], "texture": "#0"},
				"west": {"uv": [0, 8, 8, 16], "texture": "#0"},
				"up": {"uv": [0, 8, 8, 16], "texture": "#0"},
				"down": {"uv": [0, 8, 8, 16], "texture": "#0"}
			}
		},
		{
			"from": [7.5, 16.7, 0],
			"to": [7.51, 31.1, 16],
			"rotation": {"angle": -45, "axis": "z", "origin": [7.5, 23.9, 8], "rescale": true},
			"faces": {
				"east": {"uv": [0, 8, 8, 16], "texture": "#0"},
				"west": {"uv": [0, 8, 8, 16], "texture": "#0"}
			}
		},
		{
			"from": [7.49, 16.7, 0],
			"to": [7.5, 31.1, 16],
			"rotation": {"angle": 45, "axis": "z", "origin": [7.5, 23.9, 8], "rescale": true},
			"faces": {
				"east": {"uv": [8, 8, 0, 16], "texture": "#0"},
				"west": {"uv": [8, 8, 0, 16], "texture": "#0"}
			}
		},
		{
			"from": [-0.5, 16.7, 7.99],
			"to": [15.5, 31.1, 8],
			"rotation": {"angle": -45, "axis": "x", "origin": [7.5, 23.9, 8], "rescale": true},
			"faces": {
				"north": {"uv": [8, 8, 0, 16], "texture": "#0"},
				"south": {"uv": [8, 8, 0, 16], "texture": "#0"}
			}
		},
		{
			"from": [-0.5, 16.7, 8],
			"to": [15.5, 31.1, 8.01],
			"rotation": {"angle": 45, "axis": "x", "origin": [7.5, 23.9, 8], "rescale": true},
			"faces": {
				"north": {"uv": [0, 8, 8, 16], "texture": "#0"},
				"south": {"uv": [0, 8, 8, 16], "texture": "#0"}
			}
		},
		{
			"from": [7.25, 4.5, 7],
			"to": [8.25, 20.5, 8],
			"rotation": {"angle": -45, "axis": "y", "origin": [7.75, 12.5, 8]},
			"faces": {
				"north": {"uv": [0, 0, 2, 16], "texture": "#4"},
				"east": {"uv": [14, 0, 16, 16], "texture": "#4"},
				"south": {"uv": [0, 0, 2, 16], "texture": "#4"},
				"west": {"uv": [2, 0, 4, 16], "texture": "#4"},
				"up": {"uv": [0, 0, 2, 16], "texture": "#4"},
				"down": {"uv": [0, 0, 2, 16], "texture": "#4"}
			}
		},
		{
			"from": [7.75174, 4.5, 7.49825],
			"to": [8.75174, 20.5, 8.49825],
			"rotation": {"angle": -45, "axis": "y", "origin": [7.75, 12.5, 8]},
			"faces": {
				"north": {"uv": [14, 0, 16, 16], "texture": "#4"},
				"east": {"uv": [13, 0, 15, 16], "texture": "#4"},
				"south": {"uv": [11, 0, 13, 16], "texture": "#4"},
				"west": {"uv": [0, 0, 2, 16], "texture": "#4"},
				"up": {"uv": [0, 0, 2, 16], "texture": "#4"},
				"down": {"uv": [0, 0, 2, 16], "texture": "#4"}
			}
		},
		{
			"from": [6.75175, 4.49651, 7.50174],
			"to": [7.75175, 20.49651, 8.50174],
			"rotation": {"angle": -45, "axis": "y", "origin": [7.75, 12.5, 8]},
			"faces": {
				"north": {"uv": [2, 0, 4, 16], "texture": "#4"},
				"east": {"uv": [0, 0, 2, 16], "texture": "#4"},
				"south": {"uv": [6, 0, 8, 16], "texture": "#4"},
				"west": {"uv": [3, 0, 5, 16], "texture": "#4"},
				"up": {"uv": [0, 0, 2, 16], "texture": "#4"},
				"down": {"uv": [0, 0, 2, 16], "texture": "#4"}
			}
		},
		{
			"from": [7.25349, 4.49651, 7.99999],
			"to": [8.25349, 20.49651, 8.99999],
			"rotation": {"angle": -45, "axis": "y", "origin": [7.75, 12.5, 8]},
			"faces": {
				"north": {"uv": [0, 0, 2, 16], "texture": "#4"},
				"east": {"uv": [11, 0, 13, 16], "texture": "#4"},
				"south": {"uv": [8, 0, 10, 16], "texture": "#4"},
				"west": {"uv": [6, 0, 8, 16], "texture": "#4"},
				"up": {"uv": [0, 0, 2, 16], "texture": "#4"},
				"down": {"uv": [0, 0, 2, 16], "texture": "#4"}
			}
		},
		{
			"from": [9.35175, 14.69651, 7.50174],
			"to": [10.35175, 20.69651, 8.50174],
			"rotation": {"angle": 45, "axis": "z", "origin": [7.75, 12.5, 8]},
			"faces": {
				"north": {"uv": [6, 4, 8, 10], "texture": "#4"},
				"east": {"uv": [6, 4, 8, 10], "texture": "#4"},
				"south": {"uv": [6, 4, 8, 10], "texture": "#4"},
				"west": {"uv": [6, 4, 8, 10], "texture": "#4"},
				"up": {"uv": [6, 4, 8, 10], "texture": "#4"},
				"down": {"uv": [6, 4, 8, 10], "texture": "#4"}
			}
		},
		{
			"from": [7.24826, 14.69651, 7.80175],
			"to": [8.24826, 19.69651, 8.80175],
			"rotation": {"angle": -22.5, "axis": "x", "origin": [7.75, 12.5, 8]},
			"faces": {
				"north": {"uv": [6, 4, 8, 10], "texture": "#4"},
				"east": {"uv": [6, 4, 8, 10], "texture": "#4"},
				"south": {"uv": [6, 4, 8, 10], "texture": "#4"},
				"west": {"uv": [6, 4, 8, 10], "texture": "#4"},
				"up": {"uv": [6, 4, 8, 10], "rotation": 90, "texture": "#4"},
				"down": {"uv": [6, 4, 8, 10], "rotation": 270, "texture": "#4"}
			}
		},
		{
			"from": [7.25174, 14.69651, 7.19825],
			"to": [8.25174, 19.69651, 8.19825],
			"rotation": {"angle": 22.5, "axis": "x", "origin": [7.75, 12.5, 8]},
			"faces": {
				"north": {"uv": [6, 4, 8, 10], "texture": "#4"},
				"east": {"uv": [6, 4, 8, 10], "texture": "#4"},
				"south": {"uv": [6, 4, 8, 10], "texture": "#4"},
				"west": {"uv": [6, 4, 8, 10], "texture": "#4"},
				"up": {"uv": [6, 4, 8, 10], "rotation": 270, "texture": "#4"},
				"down": {"uv": [6, 4, 8, 10], "rotation": 90, "texture": "#4"}
			}
		},
		{
			"from": [5.14825, 14.69651, 7.49826],
			"to": [6.14825, 20.69651, 8.49826],
			"rotation": {"angle": -45, "axis": "z", "origin": [7.75, 12.5, 8]},
			"faces": {
				"north": {"uv": [6, 4, 8, 10], "texture": "#4"},
				"east": {"uv": [6, 4, 8, 10], "texture": "#4"},
				"south": {"uv": [6, 4, 8, 10], "texture": "#4"},
				"west": {"uv": [6, 4, 8, 10], "texture": "#4"},
				"up": {"uv": [6, 4, 8, 10], "rotation": 180, "texture": "#4"},
				"down": {"uv": [6, 4, 8, 10], "rotation": 180, "texture": "#4"}
			}
		}
	],
	"display": {
		"thirdperson_righthand": {
			"rotation": [75, 45, 0],
			"translation": [0, 2.5, 0],
			"scale": [0.375, 0.375, 0.375]
		},
		"thirdperson_lefthand": {
			"rotation": [75, 45, 0],
			"translation": [0, 2.5, 0],
			"scale": [0.375, 0.375, 0.375]
		},
		"firstperson_righthand": {
			"rotation": [0, 16, 0],
			"scale": [0.4, 0.4, 0.4]
		},
		"firstperson_lefthand": {
			"rotation": [0, 124, 0],
			"scale": [0.4, 0.4, 0.4]
		},
		"ground": {
			"translation": [0, 1, 0],
			"scale": [0.5, 0.5, 0.5]
		},
		"gui": {
			"rotation": [30, 225, 0],
			"translation": [-0.25, -1.75, 0],
			"scale": [0.4, 0.4, 0.4]
		},
		"head": {
			"translation": [0, 10.75, 0],
			"scale": [0.5, 0.5, 0.5]
		},
		"fixed": {
			"rotation": [-90, 0, 0],
			"translation": [0, 0, -19.25],
			"scale": [2, 2, 2]
		}
	},
	"groups": [
		{
			"name": "Flower Pot",
			"children": [0, 1, 2, 3, 4, 5, 6, 7, 8, 9, 10, 11, 12, 13, 14, 15, 16, 17, 18, 19, 20, 21, 22, 23, 24, 25, 26, 27, 28, 29]
		},
		{
			"name": "Leaves",
			"children": [30, 31, 32, 33, 34, 35]
		},
		{
			"name": "Trunk",
			"children": [36, 37, 38, 39, 40, 41, 42, 43]
		}
	]
}