{
	"credit": "Made with Blockbench",
	"textures": {
		"0": "block/MizunoArchive/stripped_oak_log",
		"1": "block/MizunoArchive/stripped_spruce_log",
		"particle": "block/MizunoArchive/stripped_oak_log"
	},
	"elements": [
		{
			"from": [-8.2, 12.9, -0.2],
			"to": [24.2, 16.1, 16],
			"faces": {
				"north": {"uv": [0, 3, 16, 8], "texture": "#1"},
				"east": {"uv": [0, 0, 16, 4], "texture": "#1"},
				"south": {"uv": [0, 0, 16, 5], "texture": "#1"},
				"west": {"uv": [0, 0, 16, 4], "texture": "#1"},
				"up": {"uv": [0, 0, 16, 16], "texture": "#1"},
				"down": {"uv": [0, 0, 16, 16], "texture": "#1"}
			}
		},
		{
			"from": [-7, 0, 1],
			"to": [-5, 14.1, 3],
			"faces": {
				"north": {"uv": [0, 0, 2, 14.1], "texture": "#1"},
				"east": {"uv": [0, 0, 2, 14.1], "texture": "#1"},
				"south": {"uv": [0, 0, 2, 14.1], "texture": "#1"},
				"west": {"uv": [0, 0, 2, 14.1], "texture": "#1"},
				"up": {"uv": [0, 0, 2, 2], "texture": "#1"},
				"down": {"uv": [0, 0, 2, 2], "texture": "#1"}
			}
		},
		{
			"from": [21, 0, 1],
			"to": [23, 14.1, 3],
			"faces": {
				"north": {"uv": [0, 0, 2, 14.1], "texture": "#1"},
				"east": {"uv": [0, 0, 2, 14.1], "texture": "#1"},
				"south": {"uv": [0, 0, 2, 14.1], "texture": "#1"},
				"west": {"uv": [0, 0, 2, 14.1], "texture": "#1"},
				"up": {"uv": [0, 0, 2, 2], "texture": "#1"},
				"down": {"uv": [0, 0, 2, 2], "texture": "#1"}
			}
		},
		{
			"from": [-7, 0, 14],
			"to": [-5, 28, 16],
			"faces": {
				"north": {"uv": [0, 0, 2, 16], "texture": "#1"},
				"east": {"uv": [0, 0, 2, 16], "texture": "#1"},
				"south": {"uv": [0, 0, 2, 16], "texture": "#1"},
				"west": {"uv": [0, 0, 2, 16], "texture": "#1"},
				"up": {"uv": [0, 0, 2, 2], "texture": "#1"},
				"down": {"uv": [0, 0, 2, 2], "texture": "#1"}
			}
		},
		{
			"from": [21, 0, 14],
			"to": [23, 28, 16],
			"faces": {
				"north": {"uv": [0, 0, 2, 16], "texture": "#1"},
				"east": {"uv": [0, 0, 2, 16], "texture": "#1"},
				"south": {"uv": [0, 0, 2, 16], "texture": "#1"},
				"west": {"uv": [0, 0, 2, 16], "texture": "#1"},
				"up": {"uv": [0, 0, 2, 2], "texture": "#1"},
				"down": {"uv": [0, 0, 2, 2], "texture": "#1"}
			}
		},
		{
			"from": [-5, 8.8, 2],
			"to": [21, 12.9, 16],
			"faces": {
				"north": {"uv": [0, 0, 16, 4.1], "texture": "#0"},
				"east": {"uv": [0, 0, 14, 4.1], "texture": "#0"},
				"south": {"uv": [0, 0, 16, 4.1], "texture": "#0"},
				"west": {"uv": [0, 0, 14, 4.1], "texture": "#0"},
				"up": {"uv": [0, 0, 16, 14], "texture": "#0"},
				"down": {"uv": [0, 0, 16, 14], "texture": "#0"}
			}
		},
		{
			"from": [9, 9.4, 1.5],
			"to": [19, 11.3, 2],
			"faces": {
				"north": {"uv": [0, 0, 10, 1.9], "texture": "#1"},
				"east": {"uv": [0, 0, 0.5, 1.9], "texture": "#1"},
				"south": {"uv": [0, 0, 10, 1.9], "texture": "#1"},
				"west": {"uv": [0, 0, 0.5, 1.9], "texture": "#1"},
				"up": {"uv": [0, 0, 10, 0.5], "texture": "#1"},
				"down": {"uv": [0, 0, 10, 0.5], "texture": "#1"}
			}
		},
		{
			"from": [15, 11.3, 1.5],
			"to": [19, 12.3, 2],
			"faces": {
				"north": {"uv": [0, 0, 4, 1], "texture": "#1"},
				"east": {"uv": [0, 0, 0.5, 1], "texture": "#1"},
				"south": {"uv": [0, 0, 4, 1], "texture": "#1"},
				"west": {"uv": [0, 0, 0.5, 1], "texture": "#1"},
				"up": {"uv": [0, 0, 4, 0.5], "texture": "#1"},
				"down": {"uv": [0, 0, 4, 0.5], "texture": "#1"}
			}
		},
		{
			"from": [9, 11.3, 1.5],
			"to": [13, 12.3, 2],
			"faces": {
				"north": {"uv": [0, 0, 4, 1], "texture": "#1"},
				"east": {"uv": [0, 0, 0.5, 1], "texture": "#1"},
				"south": {"uv": [0, 0, 4, 1], "texture": "#1"},
				"west": {"uv": [0, 0, 0.5, 1], "texture": "#1"},
				"up": {"uv": [0, 0, 4, 0.5], "texture": "#1"},
				"down": {"uv": [0, 0, 4, 0.5], "texture": "#1"}
			}
		},
		{
			"from": [13, 11.9, 1.5],
			"to": [15, 12.3, 2],
			"faces": {
				"north": {"uv": [0, 0, 2, 0.4], "texture": "#1"},
				"east": {"uv": [0, 0, 0.5, 0.4], "texture": "#1"},
				"south": {"uv": [0, 0, 2, 0.4], "texture": "#1"},
				"west": {"uv": [0, 0, 0.5, 0.4], "texture": "#1"},
				"up": {"uv": [0, 0, 2, 0.5], "texture": "#1"},
				"down": {"uv": [0, 0, 2, 0.5], "texture": "#1"}
			}
		},
		{
			"from": [-3, 9.4, 1.5],
			"to": [7, 11.3, 2],
			"faces": {
				"north": {"uv": [0, 0, 10, 1.9], "texture": "#1"},
				"east": {"uv": [0, 0, 0.5, 1.9], "texture": "#1"},
				"south": {"uv": [0, 0, 10, 1.9], "texture": "#1"},
				"west": {"uv": [0, 0, 0.5, 1.9], "texture": "#1"},
				"up": {"uv": [0, 0, 10, 0.5], "texture": "#1"},
				"down": {"uv": [0, 0, 10, 0.5], "texture": "#1"}
			}
		},
		{
			"from": [3, 11.3, 1.5],
			"to": [7, 12.3, 2],
			"faces": {
				"north": {"uv": [0, 0, 4, 1], "texture": "#1"},
				"east": {"uv": [0, 0, 0.5, 1], "texture": "#1"},
				"south": {"uv": [0, 0, 4, 1], "texture": "#1"},
				"west": {"uv": [0, 0, 0.5, 1], "texture": "#1"},
				"up": {"uv": [0, 0, 4, 0.5], "texture": "#1"},
				"down": {"uv": [0, 0, 4, 0.5], "texture": "#1"}
			}
		},
		{
			"from": [-3, 11.3, 1.5],
			"to": [1, 12.3, 2],
			"faces": {
				"north": {"uv": [0, 0, 4, 1], "texture": "#1"},
				"east": {"uv": [0, 0, 0.5, 1], "texture": "#1"},
				"south": {"uv": [0, 0, 4, 1], "texture": "#1"},
				"west": {"uv": [0, 0, 0.5, 1], "texture": "#1"},
				"up": {"uv": [0, 0, 4, 0.5], "texture": "#1"},
				"down": {"uv": [0, 0, 4, 0.5], "texture": "#1"}
			}
		},
		{
			"from": [1, 11.9, 1.5],
			"to": [3, 12.3, 2],
			"faces": {
				"north": {"uv": [0, 0, 2, 0.4], "texture": "#1"},
				"east": {"uv": [0, 0, 0.5, 0.4], "texture": "#1"},
				"south": {"uv": [0, 0, 2, 0.4], "texture": "#1"},
				"west": {"uv": [0, 0, 0.5, 0.4], "texture": "#1"},
				"up": {"uv": [0, 0, 2, 0.5], "texture": "#1"},
				"down": {"uv": [0, 0, 2, 0.5], "texture": "#1"}
			}
		},
		{
			"from": [-5, 1, 2],
			"to": [21, 2.1, 16],
			"faces": {
				"north": {"uv": [0, 0, 16, 1.1], "texture": "#0"},
				"east": {"uv": [0, 0, 14, 1.1], "texture": "#0"},
				"south": {"uv": [0, 0, 16, 1.1], "texture": "#0"},
				"west": {"uv": [0, 0, 14, 1.1], "texture": "#0"},
				"up": {"uv": [0, 0, 16, 14], "texture": "#0"},
				"down": {"uv": [0, 0, 16, 14], "texture": "#0"}
			}
		},
		{
			"from": [-5, 26.9, 14],
			"to": [21, 28, 16],
			"faces": {
				"north": {"uv": [0, 0, 16, 1.1], "texture": "#0"},
				"east": {"uv": [0, 0, 16, 1.1], "texture": "#0"},
				"south": {"uv": [0, 0, 16, 1.1], "texture": "#0"},
				"west": {"uv": [0, 0, 16, 1.1], "texture": "#0"},
				"up": {"uv": [0, 0, 16, 1.1], "texture": "#0"},
				"down": {"uv": [0, 0, 16, 1.1], "texture": "#0"}
			}
		},
		{
			"from": [-7, 26.9, 10],
			"to": [23, 28, 14],
			"faces": {
				"north": {"uv": [0, 0, 16, 1.1], "texture": "#0"},
				"east": {"uv": [0, 0, 4, 1.1], "texture": "#0"},
				"south": {"uv": [0, 0, 16, 1.1], "texture": "#0"},
				"west": {"uv": [0, 0, 4, 1.1], "texture": "#0"},
				"up": {"uv": [0, 0, 16, 4], "texture": "#0"},
				"down": {"uv": [0, 0, 16, 4], "texture": "#0"}
			}
		},
		{
			"from": [-2, 16, 14.8],
			"to": [-1, 27, 15.8],
			"faces": {
				"north": {"uv": [0, 0, 1, 11], "texture": "#1"},
				"east": {"uv": [0, 0, 1, 11], "texture": "#1"},
				"south": {"uv": [0, 0, 1, 11], "texture": "#1"},
				"west": {"uv": [0, 0, 1, 11], "texture": "#1"},
				"up": {"uv": [0, 0, 1, 1], "texture": "#1"},
				"down": {"uv": [0, 0, 1, 1], "texture": "#1"}
			}
		},
		{
			"from": [17, 16, 14.8],
			"to": [18, 27, 15.8],
			"faces": {
				"north": {"uv": [0, 0, 1, 11], "texture": "#1"},
				"east": {"uv": [0, 0, 1, 11], "texture": "#1"},
				"south": {"uv": [0, 0, 1, 11], "texture": "#1"},
				"west": {"uv": [0, 0, 1, 11], "texture": "#1"},
				"up": {"uv": [0, 0, 1, 1], "texture": "#1"},
				"down": {"uv": [0, 0, 1, 1], "texture": "#1"}
			}
		},
		{
			"from": [-1, 15.7, 15.3],
			"to": [17, 16.7, 15.8],
			"faces": {
				"north": {"uv": [0, 0, 16, 1], "texture": "#0"},
				"east": {"uv": [0, 0, 1, 0.5], "rotation": 270, "texture": "#0"},
				"south": {"uv": [0, 0, 1, 16], "rotation": 270, "texture": "#0"},
				"west": {"uv": [0, 0, 1, 0.5], "rotation": 90, "texture": "#0"},
				"up": {"uv": [0, 0, 0.5, 16], "rotation": 270, "texture": "#0"},
				"down": {"uv": [0, 0, 0.5, 16], "rotation": 270, "texture": "#0"}
			}
		},
		{
			"from": [-1, 17.2, 15.3],
			"to": [17, 18.2, 15.8],
			"faces": {
				"north": {"uv": [0, 4, 16, 5], "texture": "#0"},
				"east": {"uv": [0, 0, 1, 0.5], "rotation": 270, "texture": "#0"},
				"south": {"uv": [0, 0, 1, 16], "rotation": 270, "texture": "#0"},
				"west": {"uv": [0, 0, 1, 0.5], "rotation": 90, "texture": "#0"},
				"up": {"uv": [0, 0, 0.5, 16], "rotation": 270, "texture": "#0"},
				"down": {"uv": [0, 0, 0.5, 16], "rotation": 270, "texture": "#0"}
			}
		},
		{
			"from": [-1, 18.7, 15.3],
			"to": [17, 19.7, 15.8],
			"faces": {
				"north": {"uv": [0, 0, 16, 1], "texture": "#0"},
				"east": {"uv": [0, 0, 1, 0.5], "rotation": 270, "texture": "#0"},
				"south": {"uv": [0, 0, 1, 16], "rotation": 270, "texture": "#0"},
				"west": {"uv": [0, 0, 1, 0.5], "rotation": 90, "texture": "#0"},
				"up": {"uv": [0, 0, 0.5, 16], "rotation": 270, "texture": "#0"},
				"down": {"uv": [0, 0, 0.5, 16], "rotation": 270, "texture": "#0"}
			}
		},
		{
			"from": [-1, 20.2, 15.3],
			"to": [17, 21.2, 15.8],
			"faces": {
				"north": {"uv": [0, 11, 16, 12], "texture": "#0"},
				"east": {"uv": [0, 0, 1, 0.5], "rotation": 270, "texture": "#0"},
				"south": {"uv": [0, 0, 1, 16], "rotation": 270, "texture": "#0"},
				"west": {"uv": [0, 0, 1, 0.5], "rotation": 90, "texture": "#0"},
				"up": {"uv": [0, 0, 0.5, 16], "rotation": 270, "texture": "#0"},
				"down": {"uv": [0, 0, 0.5, 16], "rotation": 270, "texture": "#0"}
			}
		},
		{
			"from": [-1, 21.7, 15.3],
			"to": [17, 22.7, 15.8],
			"faces": {
				"north": {"uv": [0, 0, 16, 1], "texture": "#0"},
				"east": {"uv": [0, 0, 1, 0.5], "rotation": 270, "texture": "#0"},
				"south": {"uv": [0, 0, 1, 16], "rotation": 270, "texture": "#0"},
				"west": {"uv": [0, 0, 1, 0.5], "rotation": 90, "texture": "#0"},
				"up": {"uv": [0, 0, 0.5, 16], "rotation": 270, "texture": "#0"},
				"down": {"uv": [0, 0, 0.5, 16], "rotation": 270, "texture": "#0"}
			}
		},
		{
			"from": [-1, 23.2, 15.3],
			"to": [17, 24.2, 15.8],
			"faces": {
				"north": {"uv": [0, 11, 16, 12], "texture": "#0"},
				"east": {"uv": [0, 0, 1, 0.5], "rotation": 270, "texture": "#0"},
				"south": {"uv": [0, 0, 1, 16], "rotation": 270, "texture": "#0"},
				"west": {"uv": [0, 0, 1, 0.5], "rotation": 90, "texture": "#0"},
				"up": {"uv": [0, 0, 0.5, 16], "rotation": 270, "texture": "#0"},
				"down": {"uv": [0, 0, 0.5, 16], "rotation": 270, "texture": "#0"}
			}
		},
		{
			"from": [-6.8, 4, 5.6],
			"to": [-5.3, 14, 7.1],
			"rotation": {"angle": 45, "axis": "x", "origin": [8, 8, 21]},
			"faces": {
				"north": {"uv": [0, 0, 1.5, 10], "texture": "#1"},
				"east": {"uv": [0, 0, 1.5, 10], "texture": "#1"},
				"south": {"uv": [0, 0, 1.5, 10], "texture": "#1"},
				"west": {"uv": [0, 0, 1.5, 10], "texture": "#1"},
				"up": {"uv": [0, 0, 1.5, 1.5], "texture": "#1"},
				"down": {"uv": [0, 0, 1.5, 1.5], "texture": "#1"}
			}
		},
		{
			"from": [21.2, 4, 5.6],
			"to": [22.7, 14, 7.1],
			"rotation": {"angle": 45, "axis": "x", "origin": [8, 8, 21]},
			"faces": {
				"north": {"uv": [0, 0, 1.5, 10], "texture": "#1"},
				"east": {"uv": [0, 0, 1.5, 10], "texture": "#1"},
				"south": {"uv": [0, 0, 1.5, 10], "texture": "#1"},
				"west": {"uv": [0, 0, 1.5, 10], "texture": "#1"},
				"up": {"uv": [0, 0, 1.5, 1.5], "texture": "#1"},
				"down": {"uv": [0, 0, 1.5, 1.5], "texture": "#1"}
			}
		},
		{
			"from": [-1, 26.2, 15.3],
			"to": [17, 27.2, 15.8],
			"faces": {
				"north": {"uv": [0, 0, 16, 1], "texture": "#0"},
				"east": {"uv": [0, 0, 1, 0.5], "rotation": 270, "texture": "#0"},
				"south": {"uv": [0, 0, 1, 16], "rotation": 270, "texture": "#0"},
				"west": {"uv": [0, 0, 1, 0.5], "rotation": 90, "texture": "#0"},
				"up": {"uv": [0, 0, 0.5, 16], "rotation": 270, "texture": "#0"},
				"down": {"uv": [0, 0, 0.5, 16], "rotation": 270, "texture": "#0"}
			}
		},
		{
			"from": [-1, 24.7, 15.3],
			"to": [17, 25.7, 15.8],
			"faces": {
				"north": {"uv": [0, 2, 16, 3], "texture": "#0"},
				"east": {"uv": [0, 0, 1, 0.5], "rotation": 270, "texture": "#0"},
				"south": {"uv": [0, 0, 1, 16], "rotation": 270, "texture": "#0"},
				"west": {"uv": [0, 0, 1, 0.5], "rotation": 90, "texture": "#0"},
				"up": {"uv": [0, 0, 0.5, 16], "rotation": 270, "texture": "#0"},
				"down": {"uv": [0, 0, 0.5, 16], "rotation": 270, "texture": "#0"}
			}
		}
	],
	"display": {
		"thirdperson_righthand": {
			"rotation": [75, 45, 0],
			"translation": [0, 2.5, 0],
			"scale": [0.375, 0.375, 0.375]
		},
		"thirdperson_lefthand": {
			"rotation": [75, 45, 0],
			"translation": [0, 2.5, 0],
			"scale": [0.375, 0.375, 0.375]
		},
		"firstperson_righthand": {
			"rotation": [0, 45, 0],
			"scale": [0.4, 0.4, 0.4]
		},
		"firstperson_lefthand": {
			"rotation": [0, 225, 0],
			"scale": [0.4, 0.4, 0.4]
		},
		"ground": {
			"scale": [0.5, 0.5, 0.5]
		},
		"gui": {
			"rotation": [30, 225, 0],
			"translation": [-0.25, -2, 0],
			"scale": [0.4, 0.4, 0.4]
		},
		"head": {
			"translation": [0, 10.25, 0],
			"scale": [0.5, 0.5, 0.5]
		},
		"fixed": {
			"rotation": [-90, 0, 0],
			"translation": [-15.75, 0, -14.25],
			"scale": [2, 2, 2]
		}
	},
	"groups": [0, 1, 2, 3, 4, 5,
		{
			"name": "drawers",
			"children": [6, 7, 8, 9, 10, 11, 12, 13]
		}, 14, 15, 16, 17, 18, 19, 20, 21, 22, 23, 24, 25, 26, 27, 28]
}