{
	"credit": "Made with Blockbench",
	"textures": {
		"0": "block/MizunoArchive/jungle_leaves_0",
		"1": "block/MizunoArchive/fence_spruce",
		"2": "block/grapes",
		"1_0": "block/MizunoArchive/oak_log",
		"particle": "block/MizunoArchive/oak_log"
	},
	"elements": [
		{
			"from": [10.9, 2.6, 6.5],
			"to": [13.9, 6.6, 6.5],
			"faces": {
				"north": {"uv": [7.36, 10.56, 10.677, 15.357], "texture": "#2"},
				"east": {"uv": [7.36, 10.56, 10.677, 15.357], "texture": "#2"},
				"south": {"uv": [7.36, 10.56, 10.677, 15.357], "texture": "#2"},
				"west": {"uv": [7.36, 10.56, 10.677, 15.357], "texture": "#2"},
				"up": {"uv": [7.36, 10.56, 10.677, 15.357], "texture": "#2"},
				"down": {"uv": [7.36, 10.56, 10.677, 15.357], "texture": "#2"}
			}
		},
		{
			"from": [12.4, 2.6, 5],
			"to": [12.4, 6.6, 8],
			"faces": {
				"north": {"uv": [7.36, 10.56, 10.677, 15.357], "texture": "#2"},
				"east": {"uv": [7.36, 10.56, 10.677, 15.357], "texture": "#2"},
				"south": {"uv": [7.36, 10.56, 10.677, 15.357], "texture": "#2"},
				"west": {"uv": [7.36, 10.56, 10.677, 15.357], "texture": "#2"},
				"up": {"uv": [7.36, 10.56, 10.677, 15.357], "texture": "#2"},
				"down": {"uv": [7.36, 10.56, 10.677, 15.357], "texture": "#2"}
			}
		},
		{
			"from": [1.8, 7.7, 6.7],
			"to": [4.8, 11.7, 6.7],
			"faces": {
				"north": {"uv": [7.36, 10.56, 10.677, 15.357], "texture": "#2"},
				"east": {"uv": [7.36, 10.56, 10.677, 15.357], "texture": "#2"},
				"south": {"uv": [7.36, 10.56, 10.677, 15.357], "texture": "#2"},
				"west": {"uv": [7.36, 10.56, 10.677, 15.357], "texture": "#2"},
				"up": {"uv": [7.36, 10.56, 10.677, 15.357], "texture": "#2"},
				"down": {"uv": [7.36, 10.56, 10.677, 15.357], "texture": "#2"}
			}
		},
		{
			"from": [3.3, 7.7, 5.2],
			"to": [3.3, 11.7, 8.2],
			"faces": {
				"north": {"uv": [7.36, 10.56, 10.677, 15.357], "texture": "#2"},
				"east": {"uv": [7.36, 10.56, 10.677, 15.357], "texture": "#2"},
				"south": {"uv": [7.36, 10.56, 10.677, 15.357], "texture": "#2"},
				"west": {"uv": [7.36, 10.56, 10.677, 15.357], "texture": "#2"},
				"up": {"uv": [7.36, 10.56, 10.677, 15.357], "texture": "#2"},
				"down": {"uv": [7.36, 10.56, 10.677, 15.357], "texture": "#2"}
			}
		},
		{
			"from": [11, 4.5, 9.3],
			"to": [14, 8.5, 9.3],
			"faces": {
				"north": {"uv": [7.36, 10.56, 10.677, 15.357], "texture": "#2"},
				"east": {"uv": [7.36, 10.56, 10.677, 15.357], "texture": "#2"},
				"south": {"uv": [7.36, 10.56, 10.677, 15.357], "texture": "#2"},
				"west": {"uv": [7.36, 10.56, 10.677, 15.357], "texture": "#2"},
				"up": {"uv": [7.36, 10.56, 10.677, 15.357], "texture": "#2"},
				"down": {"uv": [7.36, 10.56, 10.677, 15.357], "texture": "#2"}
			}
		},
		{
			"from": [12.5, 4.5, 7.8],
			"to": [12.5, 8.5, 10.8],
			"faces": {
				"north": {"uv": [7.36, 10.56, 10.677, 15.357], "texture": "#2"},
				"east": {"uv": [7.36, 10.56, 10.677, 15.357], "texture": "#2"},
				"south": {"uv": [7.36, 10.56, 10.677, 15.357], "texture": "#2"},
				"west": {"uv": [7.36, 10.56, 10.677, 15.357], "texture": "#2"},
				"up": {"uv": [7.36, 10.56, 10.677, 15.357], "texture": "#2"},
				"down": {"uv": [7.36, 10.56, 10.677, 15.357], "texture": "#2"}
			}
		},
		{
			"from": [8.5, 9.9, 9.3],
			"to": [11.5, 13.9, 9.3],
			"faces": {
				"north": {"uv": [7.36, 10.56, 10.677, 15.357], "texture": "#2"},
				"east": {"uv": [7.36, 10.56, 10.677, 15.357], "texture": "#2"},
				"south": {"uv": [7.36, 10.56, 10.677, 15.357], "texture": "#2"},
				"west": {"uv": [7.36, 10.56, 10.677, 15.357], "texture": "#2"},
				"up": {"uv": [7.36, 10.56, 10.677, 15.357], "texture": "#2"},
				"down": {"uv": [7.36, 10.56, 10.677, 15.357], "texture": "#2"}
			}
		},
		{
			"from": [10, 9.9, 7.8],
			"to": [10, 13.9, 10.8],
			"faces": {
				"north": {"uv": [7.36, 10.56, 10.677, 15.357], "texture": "#2"},
				"east": {"uv": [7.36, 10.56, 10.677, 15.357], "texture": "#2"},
				"south": {"uv": [7.36, 10.56, 10.677, 15.357], "texture": "#2"},
				"west": {"uv": [7.36, 10.56, 10.677, 15.357], "texture": "#2"},
				"up": {"uv": [7.36, 10.56, 10.677, 15.357], "texture": "#2"},
				"down": {"uv": [7.36, 10.56, 10.677, 15.357], "texture": "#2"}
			}
		},
		{
			"from": [4, 9.9, 6.7],
			"to": [7, 13.9, 6.7],
			"faces": {
				"north": {"uv": [7.36, 10.56, 10.677, 15.357], "texture": "#2"},
				"east": {"uv": [7.36, 10.56, 10.677, 15.357], "texture": "#2"},
				"south": {"uv": [7.36, 10.56, 10.677, 15.357], "texture": "#2"},
				"west": {"uv": [7.36, 10.56, 10.677, 15.357], "texture": "#2"},
				"up": {"uv": [7.36, 10.56, 10.677, 15.357], "texture": "#2"},
				"down": {"uv": [7.36, 10.56, 10.677, 15.357], "texture": "#2"}
			}
		},
		{
			"from": [5.5, 9.9, 5.2],
			"to": [5.5, 13.9, 8.2],
			"faces": {
				"north": {"uv": [7.36, 10.56, 10.677, 15.357], "texture": "#2"},
				"east": {"uv": [7.36, 10.56, 10.677, 15.357], "texture": "#2"},
				"south": {"uv": [7.36, 10.56, 10.677, 15.357], "texture": "#2"},
				"west": {"uv": [7.36, 10.56, 10.677, 15.357], "texture": "#2"},
				"up": {"uv": [7.36, 10.56, 10.677, 15.357], "texture": "#2"},
				"down": {"uv": [7.36, 10.56, 10.677, 15.357], "texture": "#2"}
			}
		},
		{
			"from": [2.45, 8.85, 9.6],
			"to": [5.45, 12.85, 9.6],
			"faces": {
				"north": {"uv": [3.68, 10.72, 6.999, 15.518], "texture": "#2"},
				"east": {"uv": [3.68, 10.72, 6.999, 15.518], "texture": "#2"},
				"south": {"uv": [3.68, 10.72, 6.999, 15.518], "texture": "#2"},
				"west": {"uv": [3.68, 10.72, 6.999, 15.518], "texture": "#2"},
				"up": {"uv": [3.68, 10.72, 6.999, 15.518], "texture": "#2"},
				"down": {"uv": [3.68, 10.72, 6.999, 15.518], "texture": "#2"}
			}
		},
		{
			"from": [3.95, 8.85, 8.1],
			"to": [3.95, 12.85, 11.1],
			"faces": {
				"north": {"uv": [3.68, 10.72, 6.999, 15.518], "texture": "#2"},
				"east": {"uv": [3.68, 10.72, 6.999, 15.518], "texture": "#2"},
				"south": {"uv": [3.68, 10.72, 6.999, 15.518], "texture": "#2"},
				"west": {"uv": [3.68, 10.72, 6.999, 15.518], "texture": "#2"},
				"up": {"uv": [3.68, 10.72, 6.999, 15.518], "texture": "#2"},
				"down": {"uv": [3.68, 10.72, 6.999, 15.518], "texture": "#2"}
			}
		},
		{
			"from": [7.2, 6.1, 6.7],
			"to": [10.2, 10.1, 6.7],
			"faces": {
				"north": {"uv": [3.68, 10.72, 6.999, 15.518], "texture": "#2"},
				"east": {"uv": [3.68, 10.72, 6.999, 15.518], "texture": "#2"},
				"south": {"uv": [3.68, 10.72, 6.999, 15.518], "texture": "#2"},
				"west": {"uv": [3.68, 10.72, 6.999, 15.518], "texture": "#2"},
				"up": {"uv": [3.68, 10.72, 6.999, 15.518], "texture": "#2"},
				"down": {"uv": [3.68, 10.72, 6.999, 15.518], "texture": "#2"}
			}
		},
		{
			"from": [8.7, 6.1, 5.2],
			"to": [8.7, 10.1, 8.2],
			"faces": {
				"north": {"uv": [3.68, 10.72, 6.999, 15.518], "texture": "#2"},
				"east": {"uv": [3.68, 10.72, 6.999, 15.518], "texture": "#2"},
				"south": {"uv": [3.68, 10.72, 6.999, 15.518], "texture": "#2"},
				"west": {"uv": [3.68, 10.72, 6.999, 15.518], "texture": "#2"},
				"up": {"uv": [3.68, 10.72, 6.999, 15.518], "texture": "#2"},
				"down": {"uv": [3.68, 10.72, 6.999, 15.518], "texture": "#2"}
			}
		},
		{
			"from": [5.5, 4.1, 9.7],
			"to": [8.5, 8.1, 9.7],
			"faces": {
				"north": {"uv": [0, 10.72, 3.32, 15.519], "texture": "#2"},
				"east": {"uv": [0, 10.72, 3.32, 15.519], "texture": "#2"},
				"south": {"uv": [0, 10.72, 3.32, 15.519], "texture": "#2"},
				"west": {"uv": [0, 10.72, 3.32, 15.519], "texture": "#2"},
				"up": {"uv": [0, 10.72, 3.32, 15.519], "texture": "#2"},
				"down": {"uv": [0, 10.72, 3.32, 15.519], "texture": "#2"}
			}
		},
		{
			"from": [7, 4.1, 8.2],
			"to": [7, 8.1, 11.2],
			"faces": {
				"north": {"uv": [0, 10.72, 3.32, 15.519], "rotation": 90, "texture": "#2"},
				"east": {"uv": [0, 10.72, 3.32, 15.519], "rotation": 90, "texture": "#2"},
				"south": {"uv": [0, 10.72, 3.32, 15.519], "rotation": 90, "texture": "#2"},
				"west": {"uv": [0, 10.72, 3.32, 15.519], "rotation": 90, "texture": "#2"},
				"up": {"uv": [0, 10.72, 3.32, 15.519], "rotation": 90, "texture": "#2"},
				"down": {"uv": [0, 10.72, 3.32, 15.519], "rotation": 90, "texture": "#2"}
			}
		},
		{
			"from": [11.1, 10, 6.7],
			"to": [14.1, 14, 6.7],
			"faces": {
				"north": {"uv": [0, 10.72, 3.32, 15.519], "texture": "#2"},
				"east": {"uv": [0, 10.72, 3.32, 15.519], "texture": "#2"},
				"south": {"uv": [0, 10.72, 3.32, 15.519], "texture": "#2"},
				"west": {"uv": [0, 10.72, 3.32, 15.519], "texture": "#2"},
				"up": {"uv": [0, 10.72, 3.32, 15.519], "texture": "#2"},
				"down": {"uv": [0, 10.72, 3.32, 15.519], "texture": "#2"}
			}
		},
		{
			"from": [12.6, 10, 5.2],
			"to": [12.6, 14, 8.2],
			"faces": {
				"north": {"uv": [0, 10.72, 3.32, 15.519], "rotation": 90, "texture": "#2"},
				"east": {"uv": [0, 10.72, 3.32, 15.519], "rotation": 90, "texture": "#2"},
				"south": {"uv": [0, 10.72, 3.32, 15.519], "rotation": 90, "texture": "#2"},
				"west": {"uv": [0, 10.72, 3.32, 15.519], "rotation": 90, "texture": "#2"},
				"up": {"uv": [0, 10.72, 3.32, 15.519], "rotation": 90, "texture": "#2"},
				"down": {"uv": [0, 10.72, 3.32, 15.519], "rotation": 90, "texture": "#2"}
			}
		},
		{
			"from": [7.6, 8.75, 8.6],
			"to": [15.6, 16.75, 8.6],
			"faces": {
				"north": {"uv": [8, 0.5, 16, 8.5], "texture": "#0"},
				"east": {"uv": [8, 0, 16, 8], "texture": "#0"},
				"south": {"uv": [8, 8.5, 15.5, 14.5], "texture": "#0"},
				"west": {"uv": [8, 0, 16, 8], "texture": "#0"},
				"up": {"uv": [8, 0, 16, 8], "texture": "#0"},
				"down": {"uv": [8, 0, 16, 8], "texture": "#0"}
			}
		},
		{
			"from": [0.4, 1.55, 8.8],
			"to": [9.4, 12.55, 8.8],
			"faces": {
				"north": {"uv": [0, 0.5, 8, 11], "texture": "#0"},
				"east": {"uv": [0, 0.5, 8, 11], "texture": "#0"},
				"south": {"uv": [0, 0.5, 8, 11], "texture": "#0"},
				"west": {"uv": [0, 0.5, 8, 11], "texture": "#0"},
				"up": {"uv": [0, 0.5, 8, 11], "texture": "#0"},
				"down": {"uv": [0, 0.5, 8, 11], "texture": "#0"}
			}
		},
		{
			"from": [1, 4.75, 7.2],
			"to": [10, 15.75, 7.2],
			"faces": {
				"north": {"uv": [8, 0, 16, 8], "texture": "#0"},
				"east": {"uv": [8, 0, 16, 8], "texture": "#0"},
				"south": {"uv": [8, 0, 16, 8], "texture": "#0"},
				"west": {"uv": [8, 0, 16, 8], "texture": "#0"},
				"up": {"uv": [8, 0, 16, 8], "texture": "#0"},
				"down": {"uv": [8, 0, 16, 8], "texture": "#0"}
			}
		},
		{
			"from": [6, 1.75, 7.4],
			"to": [15, 12.75, 7.4],
			"faces": {
				"north": {"uv": [0, 0.5, 8, 11], "texture": "#0"},
				"east": {"uv": [0, 0.5, 8, 11], "texture": "#0"},
				"south": {"uv": [0, 0.5, 8, 11], "texture": "#0"},
				"west": {"uv": [0, 0.5, 8, 11], "texture": "#0"},
				"up": {"uv": [0, 0.5, 8, 11], "texture": "#0"},
				"down": {"uv": [0, 0.5, 8, 11], "texture": "#0"}
			}
		},
		{
			"from": [0.5, 5.25, 7.75],
			"to": [15, 5.75, 8.25],
			"faces": {
				"north": {"uv": [7, 2, 9, 3], "texture": "#1"},
				"east": {"uv": [7, 2, 9, 3], "texture": "#1"},
				"south": {"uv": [7, 2, 9, 3], "texture": "#1"},
				"west": {"uv": [7, 2, 9, 3], "texture": "#1"},
				"up": {"uv": [7, 2, 9, 3], "texture": "#1"},
				"down": {"uv": [7, 2, 9, 3], "texture": "#1"}
			}
		},
		{
			"from": [15, 0, 7],
			"to": [17, 16, 9],
			"faces": {
				"north": {"uv": [6, 0, 10, 16], "texture": "#1"},
				"east": {"uv": [6, 0, 10, 16], "texture": "#1"},
				"south": {"uv": [6, 0, 10, 16], "texture": "#1"},
				"west": {"uv": [6, 0, 10, 16], "texture": "#1"},
				"up": {"uv": [11, 5, 15, 9], "texture": "#1"},
				"down": {"uv": [11, 10, 15, 14], "texture": "#1"}
			}
		},
		{
			"from": [-1, 0, 7],
			"to": [1, 16, 9],
			"faces": {
				"north": {"uv": [6, 0, 10, 16], "texture": "#1"},
				"east": {"uv": [6, 0, 10, 16], "texture": "#1"},
				"south": {"uv": [6, 0, 10, 16], "texture": "#1"},
				"west": {"uv": [6, 0, 10, 16], "texture": "#1"},
				"up": {"uv": [11, 5, 15, 9], "texture": "#1"},
				"down": {"uv": [11, 10, 15, 14], "texture": "#1"}
			}
		},
		{
			"from": [0.5, 14, 7.75],
			"to": [15, 14.7, 8.45],
			"faces": {
				"north": {"uv": [0, 1, 5.5, 1.7], "texture": "#1"},
				"east": {"uv": [0, 1, 5.5, 1.7], "texture": "#1"},
				"south": {"uv": [0, 1, 5.5, 1.7], "texture": "#1"},
				"west": {"uv": [0, 1, 5.5, 1.7], "texture": "#1"},
				"up": {"uv": [0, 1, 5.5, 1.7], "texture": "#1"},
				"down": {"uv": [0, 1, 5.5, 1.7], "texture": "#1"}
			}
		},
		{
			"from": [0.5, 9.7, 7.75],
			"to": [15, 10.2, 8.25],
			"faces": {
				"north": {"uv": [7, 2, 9, 3], "texture": "#1"},
				"east": {"uv": [7, 2, 9, 3], "texture": "#1"},
				"south": {"uv": [7, 2, 9, 3], "texture": "#1"},
				"west": {"uv": [7, 2, 9, 3], "texture": "#1"},
				"up": {"uv": [7, 2, 9, 3], "texture": "#1"},
				"down": {"uv": [7, 2, 9, 3], "texture": "#1"}
			}
		},
		{
			"from": [4, 0, 7.5],
			"to": [5, 5, 8.5],
			"faces": {
				"north": {"uv": [3, 1, 5, 3], "texture": "#1_0"},
				"east": {"uv": [3, 1, 5, 3], "texture": "#1_0"},
				"south": {"uv": [3, 1, 5, 3], "texture": "#1_0"},
				"west": {"uv": [3, 1, 5, 3], "texture": "#1_0"},
				"up": {"uv": [3, 1, 5, 3], "rotation": 90, "texture": "#1_0"},
				"down": {"uv": [3, 1, 5, 3], "rotation": 270, "texture": "#1_0"}
			}
		},
		{
			"from": [5, 0, 7.5],
			"to": [6, 3, 8.5],
			"faces": {
				"north": {"uv": [3, 1, 5, 7], "texture": "#1_0"},
				"east": {"uv": [3, 1, 5, 7], "texture": "#1_0"},
				"south": {"uv": [3, 1, 5, 7], "texture": "#1_0"},
				"west": {"uv": [3, 1, 5, 7], "texture": "#1_0"},
				"up": {"uv": [3, 1, 5, 7], "texture": "#1_0"},
				"down": {"uv": [3, 1, 5, 7], "texture": "#1_0"}
			}
		},
		{
			"from": [4, 0, 6.5],
			"to": [5, 2, 7.5],
			"faces": {
				"north": {"uv": [3, 1, 5, 5], "texture": "#1_0"},
				"east": {"uv": [3, 1, 5, 5], "texture": "#1_0"},
				"south": {"uv": [3, 1, 5, 5], "texture": "#1_0"},
				"west": {"uv": [3, 1, 5, 5], "texture": "#1_0"},
				"up": {"uv": [3, 1, 5, 5], "texture": "#1_0"},
				"down": {"uv": [3, 1, 5, 5], "texture": "#1_0"}
			}
		},
		{
			"from": [3, 0, 8.5],
			"to": [4, 2, 9.5],
			"faces": {
				"north": {"uv": [3, 1, 5, 6], "texture": "#1_0"},
				"east": {"uv": [3, 1, 5, 6], "texture": "#1_0"},
				"south": {"uv": [3, 1, 5, 6], "texture": "#1_0"},
				"west": {"uv": [3, 1, 5, 6], "texture": "#1_0"},
				"up": {"uv": [3, 1, 5, 6], "texture": "#1_0"},
				"down": {"uv": [3, 1, 5, 6], "texture": "#1_0"}
			}
		},
		{
			"from": [5, 0, 8.5],
			"to": [6, 1, 9.5],
			"faces": {
				"north": {"uv": [3, 1, 5, 3], "texture": "#1_0"},
				"east": {"uv": [3, 1, 5, 3], "texture": "#1_0"},
				"south": {"uv": [3, 1, 5, 3], "texture": "#1_0"},
				"west": {"uv": [3, 1, 5, 3], "texture": "#1_0"},
				"up": {"uv": [3, 1, 5, 3], "rotation": 90, "texture": "#1_0"},
				"down": {"uv": [3, 1, 5, 3], "rotation": 270, "texture": "#1_0"}
			}
		},
		{
			"from": [5, 5, 7.5],
			"to": [6, 7, 8.5],
			"faces": {
				"north": {"uv": [3, 1, 5, 3], "texture": "#1_0"},
				"east": {"uv": [3, 1, 5, 3], "texture": "#1_0"},
				"south": {"uv": [3, 1, 5, 3], "texture": "#1_0"},
				"west": {"uv": [3, 1, 5, 3], "texture": "#1_0"},
				"up": {"uv": [3, 1, 5, 3], "rotation": 90, "texture": "#1_0"},
				"down": {"uv": [3, 1, 5, 3], "rotation": 270, "texture": "#1_0"}
			}
		},
		{
			"from": [4, 7, 7.5],
			"to": [5, 9, 8.5],
			"faces": {
				"north": {"uv": [3, 1, 5, 3], "texture": "#1_0"},
				"east": {"uv": [3, 1, 5, 3], "texture": "#1_0"},
				"south": {"uv": [3, 1, 5, 3], "texture": "#1_0"},
				"west": {"uv": [3, 1, 5, 3], "texture": "#1_0"},
				"up": {"uv": [3, 1, 5, 3], "rotation": 90, "texture": "#1_0"},
				"down": {"uv": [3, 1, 5, 3], "rotation": 270, "texture": "#1_0"}
			}
		},
		{
			"from": [3, 5, 7.5],
			"to": [4, 6, 8.5],
			"faces": {
				"north": {"uv": [3, 2, 5, 4], "texture": "#1_0"},
				"east": {"uv": [3, 1, 5, 3], "texture": "#1_0"},
				"south": {"uv": [3, 1, 5, 3], "texture": "#1_0"},
				"west": {"uv": [3, 1, 5, 3], "texture": "#1_0"},
				"up": {"uv": [3, 1, 5, 3], "rotation": 90, "texture": "#1_0"},
				"down": {"uv": [3, 1, 5, 3], "rotation": 270, "texture": "#1_0"}
			}
		},
		{
			"from": [11, 0, 7.6],
			"to": [12, 5, 8.6],
			"faces": {
				"north": {"uv": [3, 1, 5, 11], "texture": "#1_0"},
				"east": {"uv": [3, 1, 5, 11], "texture": "#1_0"},
				"south": {"uv": [3, 1, 5, 11], "texture": "#1_0"},
				"west": {"uv": [3, 1, 5, 11], "texture": "#1_0"},
				"up": {"uv": [3, 1, 5, 11], "texture": "#1_0"},
				"down": {"uv": [3, 1, 5, 11], "texture": "#1_0"}
			}
		},
		{
			"from": [11, 0, 6.6],
			"to": [12, 3, 7.6],
			"faces": {
				"north": {"uv": [3, 1, 5, 7], "texture": "#1_0"},
				"east": {"uv": [3, 1, 5, 7], "texture": "#1_0"},
				"south": {"uv": [3, 1, 5, 7], "texture": "#1_0"},
				"west": {"uv": [3, 1, 5, 7], "texture": "#1_0"},
				"up": {"uv": [3, 1, 5, 7], "texture": "#1_0"},
				"down": {"uv": [3, 1, 5, 7], "texture": "#1_0"}
			}
		},
		{
			"from": [10, 0, 7.6],
			"to": [11, 2, 8.6],
			"faces": {
				"north": {"uv": [3, 1, 5, 3], "texture": "#1_0"},
				"east": {"uv": [3, 1, 5, 3], "texture": "#1_0"},
				"south": {"uv": [3, 1, 5, 3], "texture": "#1_0"},
				"west": {"uv": [3, 1, 5, 3], "texture": "#1_0"},
				"up": {"uv": [3, 1, 5, 3], "texture": "#1_0"},
				"down": {"uv": [3, 1, 5, 3], "texture": "#1_0"}
			}
		},
		{
			"from": [12, 0, 8.6],
			"to": [13, 2, 9.6],
			"faces": {
				"north": {"uv": [3, 1, 5, 3], "texture": "#1_0"},
				"east": {"uv": [3, 1, 5, 3], "texture": "#1_0"},
				"south": {"uv": [3, 1, 5, 3], "texture": "#1_0"},
				"west": {"uv": [3, 1, 5, 3], "texture": "#1_0"},
				"up": {"uv": [3, 1, 5, 3], "texture": "#1_0"},
				"down": {"uv": [3, 1, 5, 3], "texture": "#1_0"}
			}
		},
		{
			"from": [13, 0, 7.6],
			"to": [14, 1, 8.6],
			"faces": {
				"north": {"uv": [3, 1, 5, 3], "texture": "#1_0"},
				"east": {"uv": [3, 1, 5, 3], "texture": "#1_0"},
				"south": {"uv": [3, 1, 5, 3], "texture": "#1_0"},
				"west": {"uv": [3, 1, 5, 3], "texture": "#1_0"},
				"up": {"uv": [3, 1, 5, 3], "texture": "#1_0"},
				"down": {"uv": [3, 1, 5, 3], "texture": "#1_0"}
			}
		},
		{
			"from": [11, 5, 6.6],
			"to": [12, 7, 7.6],
			"faces": {
				"north": {"uv": [3, 1, 5, 3], "texture": "#1_0"},
				"east": {"uv": [3, 1, 5, 3], "texture": "#1_0"},
				"south": {"uv": [3, 1, 5, 3], "texture": "#1_0"},
				"west": {"uv": [3, 1, 5, 3], "texture": "#1_0"},
				"up": {"uv": [3, 1, 5, 3], "texture": "#1_0"},
				"down": {"uv": [3, 1, 5, 3], "texture": "#1_0"}
			}
		},
		{
			"from": [11, 7, 7.6],
			"to": [12, 9, 8.6],
			"faces": {
				"north": {"uv": [3, 1, 5, 3], "texture": "#1_0"},
				"east": {"uv": [3, 1, 5, 3], "texture": "#1_0"},
				"south": {"uv": [3, 1, 5, 3], "texture": "#1_0"},
				"west": {"uv": [3, 1, 5, 3], "texture": "#1_0"},
				"up": {"uv": [3, 1, 5, 3], "texture": "#1_0"},
				"down": {"uv": [3, 1, 5, 3], "texture": "#1_0"}
			}
		},
		{
			"from": [11, 5, 8.6],
			"to": [12, 6, 9.6],
			"faces": {
				"north": {"uv": [3, 1, 5, 3], "texture": "#1_0"},
				"east": {"uv": [3, 1, 5, 3], "texture": "#1_0"},
				"south": {"uv": [3, 1, 5, 3], "texture": "#1_0"},
				"west": {"uv": [3, 2, 5, 4], "texture": "#1_0"},
				"up": {"uv": [3, 1, 5, 3], "texture": "#1_0"},
				"down": {"uv": [3, 1, 5, 3], "texture": "#1_0"}
			}
		},
		{
			"from": [9, 0, 8.6],
			"to": [10, 1, 9.6],
			"faces": {
				"north": {"uv": [3, 1, 5, 3], "texture": "#1_0"},
				"east": {"uv": [3, 1, 5, 3], "texture": "#1_0"},
				"south": {"uv": [3, 1, 5, 3], "texture": "#1_0"},
				"west": {"uv": [3, 1, 5, 3], "texture": "#1_0"},
				"up": {"uv": [3, 1, 5, 3], "texture": "#1_0"},
				"down": {"uv": [3, 1, 5, 3], "texture": "#1_0"}
			}
		},
		{
			"from": [11, 0, 5.6],
			"to": [12, 1, 6.6],
			"faces": {
				"north": {"uv": [3, 1, 5, 3], "texture": "#1_0"},
				"east": {"uv": [3, 1, 5, 3], "texture": "#1_0"},
				"south": {"uv": [3, 1, 5, 3], "texture": "#1_0"},
				"west": {"uv": [3, 1, 5, 3], "texture": "#1_0"},
				"up": {"uv": [3, 1, 5, 3], "texture": "#1_0"},
				"down": {"uv": [3, 1, 5, 3], "texture": "#1_0"}
			}
		}
	],
	"display": {
		"thirdperson_righthand": {
			"rotation": [75, 45, 0],
			"translation": [0, 2.5, 0],
			"scale": [0.375, 0.375, 0.375]
		},
		"thirdperson_lefthand": {
			"rotation": [75, 45, 0],
			"translation": [0, 2.5, 0],
			"scale": [0.375, 0.375, 0.375]
		},
		"firstperson_righthand": {
			"rotation": [0, -17, 0],
			"translation": [0, 2, 0],
			"scale": [0.4, 0.4, 0.4]
		},
		"firstperson_lefthand": {
			"rotation": [0, -17, 0],
			"translation": [0, 2, 0],
			"scale": [0.4, 0.4, 0.4]
		},
		"ground": {
			"translation": [0, 3, 0],
			"scale": [0.5, 0.5, 0.5]
		},
		"gui": {
			"rotation": [30, 225, 0],
			"translation": [0, 0.75, 0],
			"scale": [0.625, 0.625, 0.625]
		},
		"head": {
			"rotation": [0, 180, 0],
			"translation": [0, 14.5, -0.75]
		},
		"fixed": {
			"rotation": [-90, 0, 0],
			"translation": [0, 0, -15],
			"scale": [2, 2, 2]
		}
	},
	"groups": [
		{
			"name": "Grapes",
			"children": [
				{
					"name": "Grape Cluster5",
					"children": [0, 1]
				},
				{
					"name": "Grape Cluster4",
					"children": [2, 3]
				},
				{
					"name": "Grape Cluster9",
					"children": [4, 5]
				},
				{
					"name": "Grape Cluster8",
					"children": [6, 7]
				},
				{
					"name": "Grape Cluster3",
					"children": [8, 9]
				},
				{
					"name": "Grape Cluster6",
					"children": [10, 11]
				},
				{
					"name": "Grape Cluster2",
					"children": [12, 13]
				},
				{
					"name": "Grape Cluster7",
					"children": [14, 15]
				},
				{
					"name": "Grape Cluster",
					"children": [16, 17]
				}
			]
		},
		{
			"name": "Leaves",
			"children": [18, 19, 20, 21]
		},
		{
			"name": "Trellis",
			"children": [22, 23, 24, 25, 26]
		},
		{
			"name": "Vine Start",
			"children": [27, 28, 29, 30, 31, 32, 33, 34]
		},
		{
			"name": "Vine Start2",
			"children": [35, 36, 37, 38, 39, 40, 41, 42, 43, 44]
		}
	]
}