{
	"credit": "Made with Blockbench",
	"textures": {
		"0": "block/MizunoArchive/stripped_oak_log",
		"1": "block/MizunoArchive/light_gray_concrete",
		"2": "block/MizunoArchive/light_gray_stained_glass",
		"particle": "block/MizunoArchive/stripped_oak_log"
	},
	"elements": [
		{
			"from": [-0.5, 19.3, -7.5],
			"to": [0.5, 21.3, 9.8],
			"rotation": {"angle": 22.5, "axis": "x", "origin": [-5.6, 1, 0.5]},
			"faces": {
				"north": {"uv": [0, 0, 1, 2], "texture": "#0"},
				"east": {"uv": [0, 0, 16, 2], "texture": "#0"},
				"south": {"uv": [0, 0, 1, 2], "texture": "#0"},
				"west": {"uv": [0, 0, 16, 2], "texture": "#0"},
				"up": {"uv": [0, 0, 16, 1], "rotation": 270, "texture": "#0"},
				"down": {"uv": [0, 0, 16, 1], "rotation": 90, "texture": "#0"}
			}
		},
		{
			"from": [-15.1, 19.3, -7.5],
			"to": [-14.1, 21.3, 9.8],
			"rotation": {"angle": 22.5, "axis": "x", "origin": [-5.6, 1, 0.5]},
			"faces": {
				"north": {"uv": [0, 0, 1, 2], "texture": "#0"},
				"east": {"uv": [0, 0, 16, 2], "texture": "#0"},
				"south": {"uv": [0, 0, 1, 2], "texture": "#0"},
				"west": {"uv": [0, 0, 16, 2], "texture": "#0"},
				"up": {"uv": [0, 0, 16, 1], "rotation": 270, "texture": "#0"},
				"down": {"uv": [0, 0, 16, 1], "rotation": 90, "texture": "#0"}
			}
		},
		{
			"from": [15.5, 19.3, -7.5],
			"to": [16.5, 21.3, 9.8],
			"rotation": {"angle": 22.5, "axis": "x", "origin": [-5.6, 1, 0.5]},
			"faces": {
				"north": {"uv": [0, 0, 1, 2], "texture": "#0"},
				"east": {"uv": [0, 0, 16, 2], "texture": "#0"},
				"south": {"uv": [0, 0, 1, 2], "texture": "#0"},
				"west": {"uv": [0, 0, 16, 2], "texture": "#0"},
				"up": {"uv": [0, 0, 16, 1], "rotation": 270, "texture": "#0"},
				"down": {"uv": [0, 0, 16, 1], "rotation": 90, "texture": "#0"}
			}
		},
		{
			"from": [30.1, 19.3, -7.5],
			"to": [31.1, 21.3, 9.8],
			"rotation": {"angle": 22.5, "axis": "x", "origin": [-5.6, 1, 0.5]},
			"faces": {
				"north": {"uv": [0, 0, 1, 2], "texture": "#0"},
				"east": {"uv": [0, 0, 16, 2], "texture": "#0"},
				"south": {"uv": [0, 0, 1, 2], "texture": "#0"},
				"west": {"uv": [0, 0, 16, 2], "texture": "#0"},
				"up": {"uv": [0, 0, 16, 1], "rotation": 270, "texture": "#0"},
				"down": {"uv": [0, 0, 16, 1], "rotation": 90, "texture": "#0"}
			}
		},
		{
			"from": [-0.5, 19.3, -7.5],
			"to": [0.5, 21.3, 9.8],
			"rotation": {"angle": 22.5, "axis": "x", "origin": [-5.6, 1, 0.5]},
			"faces": {
				"north": {"uv": [0, 0, 1, 2], "texture": "#0"},
				"east": {"uv": [0, 0, 16, 2], "texture": "#0"},
				"south": {"uv": [0, 0, 1, 2], "texture": "#0"},
				"west": {"uv": [0, 0, 16, 2], "texture": "#0"},
				"up": {"uv": [0, 0, 16, 1], "rotation": 270, "texture": "#0"},
				"down": {"uv": [0, 0, 16, 1], "rotation": 90, "texture": "#0"}
			}
		},
		{
			"from": [-15.09974, 19.72207, -5.22687],
			"to": [30.90026, 21.72207, -3.22687],
			"rotation": {"angle": 22.5, "axis": "x", "origin": [7.40026, 6.92207, 0.57313]},
			"faces": {
				"north": {"uv": [0, 0, 16, 2], "texture": "#0"},
				"east": {"uv": [0, 0, 2, 2], "texture": "#0"},
				"south": {"uv": [0, 0, 16, 2], "texture": "#0"},
				"west": {"uv": [0, 0, 2, 2], "texture": "#0"},
				"up": {"uv": [0, 0, 16, 2], "texture": "#0"},
				"down": {"uv": [0, 0, 16, 2], "texture": "#0"}
			}
		},
		{
			"from": [0.90026, 21.72207, -4.72687],
			"to": [1.90026, 22.72207, -3.72687],
			"rotation": {"angle": 22.5, "axis": "x", "origin": [7.40026, 6.92207, 0.57313]},
			"faces": {
				"north": {"uv": [0, 0, 1, 1], "texture": "#1"},
				"east": {"uv": [0, 0, 1, 1], "texture": "#1"},
				"south": {"uv": [0, 0, 1, 1], "texture": "#1"},
				"west": {"uv": [0, 0, 1, 1], "texture": "#1"},
				"up": {"uv": [0, 0, 1, 1], "texture": "#1"},
				"down": {"uv": [0, 0, 1, 1], "texture": "#1"}
			}
		},
		{
			"from": [13.90026, 21.72207, -4.72687],
			"to": [14.90026, 22.72207, -3.72687],
			"rotation": {"angle": 22.5, "axis": "x", "origin": [7.40026, 6.92207, 0.57313]},
			"faces": {
				"north": {"uv": [0, 0, 1, 1], "texture": "#1"},
				"east": {"uv": [0, 0, 1, 1], "texture": "#1"},
				"south": {"uv": [0, 0, 1, 1], "texture": "#1"},
				"west": {"uv": [0, 0, 1, 1], "texture": "#1"},
				"up": {"uv": [0, 0, 1, 1], "texture": "#1"},
				"down": {"uv": [0, 0, 1, 1], "texture": "#1"}
			}
		},
		{
			"from": [-0.09974, 22.72207, -5.22687],
			"to": [15.90026, 23.72207, -3.22687],
			"rotation": {"angle": 22.5, "axis": "x", "origin": [7.40026, 6.92207, 0.57313]},
			"faces": {
				"north": {"uv": [0, 0, 16, 1], "texture": "#0"},
				"east": {"uv": [0, 0, 2, 1], "texture": "#0"},
				"south": {"uv": [0, 0, 16, 1], "texture": "#0"},
				"west": {"uv": [0, 0, 2, 1], "texture": "#0"},
				"up": {"uv": [0, 0, 16, 2], "texture": "#0"},
				"down": {"uv": [0, 0, 16, 2], "texture": "#0"}
			}
		},
		{
			"from": [15.5, 6.3, 2.5],
			"to": [16.5, 8.3, 19.8],
			"rotation": {"angle": -22.5, "axis": "x", "origin": [-5.6, 1, 0.5]},
			"faces": {
				"north": {"uv": [0, 0, 1, 2], "texture": "#0"},
				"east": {"uv": [0, 0, 16, 2], "texture": "#0"},
				"south": {"uv": [0, 0, 1, 2], "texture": "#0"},
				"west": {"uv": [0, 0, 16, 2], "texture": "#0"},
				"up": {"uv": [0, 0, 16, 1], "rotation": 270, "texture": "#0"},
				"down": {"uv": [0, 0, 16, 1], "rotation": 90, "texture": "#0"}
			}
		},
		{
			"from": [-16, 0, -1],
			"to": [-14, 9, 1],
			"faces": {
				"north": {"uv": [0, 0, 2, 9], "texture": "#0"},
				"east": {"uv": [0, 0, 2, 9], "texture": "#0"},
				"south": {"uv": [0, 0, 2, 9], "texture": "#0"},
				"west": {"uv": [0, 0, 2, 9], "texture": "#0"},
				"up": {"uv": [0, 0, 2, 2], "texture": "#0"},
				"down": {"uv": [0, 0, 2, 2], "texture": "#0"}
			}
		},
		{
			"from": [30, 0, -1],
			"to": [32, 9, 1],
			"faces": {
				"north": {"uv": [0, 0, 2, 9], "texture": "#0"},
				"east": {"uv": [0, 0, 2, 9], "texture": "#0"},
				"south": {"uv": [0, 0, 2, 9], "texture": "#0"},
				"west": {"uv": [0, 0, 2, 9], "texture": "#0"},
				"up": {"uv": [0, 0, 2, 2], "texture": "#0"},
				"down": {"uv": [0, 0, 2, 2], "texture": "#0"}
			}
		},
		{
			"from": [-14, 0, 0],
			"to": [30, 2, 1],
			"faces": {
				"north": {"uv": [0, 0, 16, 2], "texture": "#0"},
				"east": {"uv": [0, 0, 1, 2], "texture": "#0"},
				"south": {"uv": [0, 0, 16, 2], "texture": "#0"},
				"west": {"uv": [0, 0, 1, 2], "texture": "#0"},
				"up": {"uv": [0, 0, 16, 1], "texture": "#0"},
				"down": {"uv": [0, 0, 16, 1], "texture": "#0"}
			}
		},
		{
			"from": [-14, 6, 0],
			"to": [30, 8, 1],
			"faces": {
				"north": {"uv": [0, 0, 16, 2], "texture": "#0"},
				"east": {"uv": [0, 0, 1, 2], "texture": "#0"},
				"south": {"uv": [0, 0, 16, 2], "texture": "#0"},
				"west": {"uv": [0, 0, 1, 2], "texture": "#0"},
				"up": {"uv": [0, 0, 16, 1], "texture": "#0"},
				"down": {"uv": [0, 0, 16, 1], "texture": "#0"}
			}
		},
		{
			"from": [-1, 0, -1],
			"to": [1, 9, 1],
			"faces": {
				"north": {"uv": [0, 0, 2, 9], "texture": "#0"},
				"east": {"uv": [0, 0, 2, 9], "texture": "#0"},
				"south": {"uv": [0, 0, 2, 9], "texture": "#0"},
				"west": {"uv": [0, 0, 2, 9], "texture": "#0"},
				"up": {"uv": [0, 0, 2, 2], "texture": "#0"},
				"down": {"uv": [0, 0, 2, 2], "texture": "#0"}
			}
		},
		{
			"from": [15, 0, -1],
			"to": [17, 9, 1],
			"faces": {
				"north": {"uv": [0, 0, 2, 9], "texture": "#0"},
				"east": {"uv": [0, 0, 2, 9], "texture": "#0"},
				"south": {"uv": [0, 0, 2, 9], "texture": "#0"},
				"west": {"uv": [0, 0, 2, 9], "texture": "#0"},
				"up": {"uv": [0, 0, 2, 2], "texture": "#0"},
				"down": {"uv": [0, 0, 2, 2], "texture": "#0"}
			}
		},
		{
			"from": [-16, 0, 15],
			"to": [-14, 16, 17],
			"faces": {
				"north": {"uv": [0, 0, 2, 16], "texture": "#0"},
				"east": {"uv": [0, 0, 2, 16], "texture": "#0"},
				"south": {"uv": [0, 0, 2, 16], "texture": "#0"},
				"west": {"uv": [0, 0, 2, 16], "texture": "#0"},
				"up": {"uv": [0, 0, 2, 2], "texture": "#0"},
				"down": {"uv": [0, 0, 2, 2], "texture": "#0"}
			}
		},
		{
			"from": [30, 0, 15],
			"to": [32, 16, 17],
			"faces": {
				"north": {"uv": [0, 0, 2, 16], "texture": "#0"},
				"east": {"uv": [0, 0, 2, 16], "texture": "#0"},
				"south": {"uv": [0, 0, 2, 16], "texture": "#0"},
				"west": {"uv": [0, 0, 2, 16], "texture": "#0"},
				"up": {"uv": [0, 0, 2, 2], "texture": "#0"},
				"down": {"uv": [0, 0, 2, 2], "texture": "#0"}
			}
		},
		{
			"from": [15, 0, 15],
			"to": [17, 16, 17],
			"faces": {
				"north": {"uv": [0, 0, 2, 16], "texture": "#0"},
				"east": {"uv": [0, 0, 2, 16], "texture": "#0"},
				"south": {"uv": [0, 0, 2, 16], "texture": "#0"},
				"west": {"uv": [0, 0, 2, 16], "texture": "#0"},
				"up": {"uv": [0, 0, 2, 2], "texture": "#0"},
				"down": {"uv": [0, 0, 2, 2], "texture": "#0"}
			}
		},
		{
			"from": [-1, 0, 15],
			"to": [1, 16, 17],
			"faces": {
				"north": {"uv": [0, 0, 2, 16], "texture": "#0"},
				"east": {"uv": [0, 0, 2, 16], "texture": "#0"},
				"south": {"uv": [0, 0, 2, 16], "texture": "#0"},
				"west": {"uv": [0, 0, 2, 16], "texture": "#0"},
				"up": {"uv": [0, 0, 2, 2], "texture": "#0"},
				"down": {"uv": [0, 0, 2, 2], "texture": "#0"}
			}
		},
		{
			"from": [-14, 0, 15],
			"to": [30, 2, 16],
			"faces": {
				"north": {"uv": [0, 0, 16, 2], "texture": "#0"},
				"east": {"uv": [0, 0, 1, 2], "texture": "#0"},
				"south": {"uv": [0, 0, 16, 2], "texture": "#0"},
				"west": {"uv": [0, 0, 1, 2], "texture": "#0"},
				"up": {"uv": [0, 0, 16, 1], "texture": "#0"},
				"down": {"uv": [0, 0, 16, 1], "texture": "#0"}
			}
		},
		{
			"from": [-14, 14, 15],
			"to": [30, 16, 16],
			"faces": {
				"north": {"uv": [0, 0, 16, 2], "texture": "#0"},
				"east": {"uv": [0, 0, 1, 2], "texture": "#0"},
				"south": {"uv": [0, 0, 16, 2], "texture": "#0"},
				"west": {"uv": [0, 0, 1, 2], "texture": "#0"},
				"up": {"uv": [0, 0, 16, 1], "texture": "#0"},
				"down": {"uv": [0, 0, 16, 1], "texture": "#0"}
			}
		},
		{
			"from": [-15.1, 0, 0.5],
			"to": [-14.1, 2, 15.5],
			"faces": {
				"north": {"uv": [0, 0, 1, 2], "texture": "#0"},
				"east": {"uv": [0, 0, 15, 2], "texture": "#0"},
				"south": {"uv": [0, 0, 1, 2], "texture": "#0"},
				"west": {"uv": [0, 0, 15, 2], "texture": "#0"},
				"up": {"uv": [0, 0, 15, 1], "rotation": 270, "texture": "#0"},
				"down": {"uv": [0, 0, 15, 1], "rotation": 90, "texture": "#0"}
			}
		},
		{
			"from": [-15.1, 6.3, 2.5],
			"to": [-14.1, 8.3, 19.8],
			"rotation": {"angle": -22.5, "axis": "x", "origin": [-5.6, 1, 0.5]},
			"faces": {
				"north": {"uv": [0, 0, 1, 2], "texture": "#0"},
				"east": {"uv": [0, 0, 16, 2], "texture": "#0"},
				"south": {"uv": [0, 0, 1, 2], "texture": "#0"},
				"west": {"uv": [0, 0, 16, 2], "texture": "#0"},
				"up": {"uv": [0, 0, 16, 1], "rotation": 270, "texture": "#0"},
				"down": {"uv": [0, 0, 16, 1], "rotation": 90, "texture": "#0"}
			}
		},
		{
			"from": [30.1, 6.3, 2.5],
			"to": [31.1, 8.3, 19.8],
			"rotation": {"angle": -22.5, "axis": "x", "origin": [39.6, 1, 0.5]},
			"faces": {
				"north": {"uv": [0, 0, 1, 2], "texture": "#0"},
				"east": {"uv": [0, 0, 16, 2], "texture": "#0"},
				"south": {"uv": [0, 0, 1, 2], "texture": "#0"},
				"west": {"uv": [0, 0, 16, 2], "texture": "#0"},
				"up": {"uv": [0, 0, 16, 1], "rotation": 270, "texture": "#0"},
				"down": {"uv": [0, 0, 16, 1], "rotation": 90, "texture": "#0"}
			}
		},
		{
			"from": [30.1, 0, 0.5],
			"to": [31.1, 2, 15.5],
			"faces": {
				"north": {"uv": [0, 0, 1, 2], "texture": "#0"},
				"east": {"uv": [0, 0, 15, 2], "texture": "#0"},
				"south": {"uv": [0, 0, 1, 2], "texture": "#0"},
				"west": {"uv": [0, 0, 15, 2], "texture": "#0"},
				"up": {"uv": [0, 0, 15, 1], "rotation": 270, "texture": "#0"},
				"down": {"uv": [0, 0, 15, 1], "rotation": 90, "texture": "#0"}
			}
		},
		{
			"from": [-0.5, 6.3, 2.5],
			"to": [0.5, 8.3, 19.8],
			"rotation": {"angle": -22.5, "axis": "x", "origin": [-5.6, 1, 0.5]},
			"faces": {
				"north": {"uv": [0, 0, 1, 2], "texture": "#0"},
				"east": {"uv": [0, 0, 16, 2], "texture": "#0"},
				"south": {"uv": [0, 0, 1, 2], "texture": "#0"},
				"west": {"uv": [0, 0, 16, 2], "texture": "#0"},
				"up": {"uv": [0, 0, 16, 1], "rotation": 270, "texture": "#0"},
				"down": {"uv": [0, 0, 16, 1], "rotation": 90, "texture": "#0"}
			}
		},
		{
			"from": [6.90026, 18.72207, -6.22687],
			"to": [8.90026, 21.72207, -5.22687],
			"rotation": {"angle": 22.5, "axis": "x", "origin": [7.40026, 6.92207, 0.57313]},
			"faces": {
				"north": {"uv": [0, 0, 2, 3], "texture": "#1"},
				"east": {"uv": [0, 0, 2, 3], "texture": "#1"},
				"south": {"uv": [0, 0, 2, 3], "texture": "#1"},
				"west": {"uv": [0, 0, 2, 3], "texture": "#1"},
				"up": {"uv": [0, 0, 2, 3], "texture": "#1"},
				"down": {"uv": [0, 0, 2, 3], "texture": "#1"}
			}
		},
		{
			"from": [6.90026, 5.72207, -1.22687],
			"to": [8.90026, 8.72207, -0.22687],
			"faces": {
				"north": {"uv": [0, 0, 2, 3], "texture": "#1"},
				"east": {"uv": [0, 0, 2, 3], "texture": "#1"},
				"south": {"uv": [0, 0, 2, 3], "texture": "#1"},
				"west": {"uv": [0, 0, 2, 3], "texture": "#1"},
				"up": {"uv": [0, 0, 2, 3], "texture": "#1"},
				"down": {"uv": [0, 0, 2, 3], "texture": "#1"}
			}
		},
		{
			"name": "glass",
			"from": [-14, 2, 0],
			"to": [30, 6, 0.8],
			"faces": {
				"north": {"uv": [3, 1, 7, 7], "texture": "#2"},
				"east": {"uv": [3, 1, 7, 7], "texture": "#2"},
				"south": {"uv": [3, 1, 7, 7], "texture": "#2"},
				"west": {"uv": [3, 1, 7, 7], "texture": "#2"},
				"up": {"uv": [3, 1, 7, 7], "texture": "#2"},
				"down": {"uv": [3, 1, 7, 7], "texture": "#2"}
			}
		},
		{
			"name": "glass",
			"from": [-14, 2, 15.2],
			"to": [30, 14, 16],
			"faces": {
				"north": {"uv": [3, 1, 7, 7], "texture": "#2"},
				"east": {"uv": [3, 1, 7, 7], "texture": "#2"},
				"south": {"uv": [3, 1, 7, 7], "texture": "#2"},
				"west": {"uv": [3, 1, 7, 7], "texture": "#2"},
				"up": {"uv": [3, 1, 7, 7], "texture": "#2"},
				"down": {"uv": [3, 1, 7, 7], "texture": "#2"}
			}
		},
		{
			"name": "glass",
			"from": [-14, 14.8, -1.5],
			"to": [30, 15.5, 12.5],
			"rotation": {"angle": 22.5, "axis": "x", "origin": [8, 8, 15.5]},
			"faces": {
				"north": {"uv": [3, 1, 7, 7], "rotation": 180, "texture": "#2"},
				"east": {"uv": [3, 1, 7, 7], "rotation": 90, "texture": "#2"},
				"south": {"uv": [3, 1, 7, 7], "texture": "#2"},
				"west": {"uv": [3, 1, 7, 7], "rotation": 270, "texture": "#2"},
				"up": {"uv": [3, 1, 7, 7], "texture": "#2"},
				"down": {"uv": [3, 1, 7, 7], "rotation": 180, "texture": "#2"}
			}
		},
		{
			"name": "glass",
			"from": [-15, 2, 0.5],
			"to": [-14.4, 8, 16.5],
			"faces": {
				"north": {"uv": [3, 1, 7, 7], "texture": "#2"},
				"east": {"uv": [3, 1, 7, 7], "texture": "#2"},
				"south": {"uv": [3, 1, 7, 7], "texture": "#2"},
				"west": {"uv": [3, 1, 7, 7], "texture": "#2"}
			}
		},
		{
			"name": "glass",
			"from": [-15, 8, 3.5],
			"to": [-14.4, 10, 16.5],
			"faces": {
				"north": {"uv": [3, 1, 7, 7], "texture": "#2"},
				"east": {"uv": [3, 1, 7, 7], "texture": "#2"},
				"south": {"uv": [3, 1, 7, 7], "texture": "#2"},
				"west": {"uv": [3, 1, 7, 7], "texture": "#2"}
			}
		},
		{
			"name": "glass",
			"from": [-15, 10, 8.5],
			"to": [-14.4, 12, 16.5],
			"faces": {
				"north": {"uv": [3, 1, 7, 7], "texture": "#2"},
				"east": {"uv": [3, 1, 7, 7], "texture": "#2"},
				"south": {"uv": [3, 1, 7, 7], "texture": "#2"},
				"west": {"uv": [3, 1, 7, 7], "texture": "#2"}
			}
		},
		{
			"name": "glass",
			"from": [-15, 12, 12.5],
			"to": [-14.4, 13, 16.5],
			"faces": {
				"north": {"uv": [3, 1, 7, 7], "texture": "#2"},
				"east": {"uv": [3, 1, 7, 7], "texture": "#2"},
				"south": {"uv": [3, 1, 7, 7], "texture": "#2"},
				"west": {"uv": [3, 1, 7, 7], "texture": "#2"}
			}
		},
		{
			"name": "glass",
			"from": [30.3, 12, 12.5],
			"to": [30.9, 13, 16.5],
			"faces": {
				"north": {"uv": [3, 1, 7, 7], "texture": "#2"},
				"east": {"uv": [3, 1, 7, 7], "texture": "#2"},
				"south": {"uv": [3, 1, 7, 7], "texture": "#2"},
				"west": {"uv": [3, 1, 7, 7], "texture": "#2"}
			}
		},
		{
			"name": "glass",
			"from": [30.3, 10, 8.5],
			"to": [30.9, 12, 16.5],
			"faces": {
				"north": {"uv": [3, 1, 7, 7], "texture": "#2"},
				"east": {"uv": [3, 1, 7, 7], "texture": "#2"},
				"south": {"uv": [3, 1, 7, 7], "texture": "#2"},
				"west": {"uv": [3, 1, 7, 7], "texture": "#2"}
			}
		},
		{
			"name": "glass",
			"from": [30.3, 8, 3.5],
			"to": [30.9, 10, 16.5],
			"faces": {
				"north": {"uv": [3, 1, 7, 7], "texture": "#2"},
				"east": {"uv": [3, 1, 7, 7], "texture": "#2"},
				"south": {"uv": [3, 1, 7, 7], "texture": "#2"},
				"west": {"uv": [3, 1, 7, 7], "texture": "#2"}
			}
		},
		{
			"name": "glass",
			"from": [30.3, 2, 0.5],
			"to": [30.9, 8, 16.5],
			"faces": {
				"north": {"uv": [3, 1, 7, 7], "texture": "#2"},
				"east": {"uv": [3, 1, 7, 7], "texture": "#2"},
				"south": {"uv": [3, 1, 7, 7], "texture": "#2"},
				"west": {"uv": [3, 1, 7, 7], "texture": "#2"}
			}
		}
	],
	"display": {
		"thirdperson_righthand": {
			"rotation": [75, 45, 0],
			"translation": [0, 2.5, 0],
			"scale": [0.375, 0.375, 0.375]
		},
		"thirdperson_lefthand": {
			"rotation": [75, 45, 0],
			"translation": [0, 2.5, 0],
			"scale": [0.375, 0.375, 0.375]
		},
		"firstperson_righthand": {
			"rotation": [0, 45, 0],
			"translation": [1.25, 2.25, 0],
			"scale": [0.2, 0.2, 0.2]
		},
		"firstperson_lefthand": {
			"rotation": [0, 88, 0],
			"translation": [1.25, 2.25, 0],
			"scale": [0.2, 0.2, 0.2]
		},
		"ground": {
			"translation": [0, -0.25, 0],
			"scale": [0.5, 0.5, 0.5]
		},
		"gui": {
			"rotation": [30, 225, 0],
			"translation": [0, -0.25, 0],
			"scale": [0.3, 0.3, 0.3]
		},
		"fixed": {
			"rotation": [-90, 0, 0],
			"translation": [0, 32, -15],
			"scale": [2, 2, 2]
		}
	},
	"groups": [
		{
			"name": "Lid",
			"children": [0, 1, 2, 3, 4, 5, 6, 7, 8]
		},
		{
			"name": "Frame",
			"children": [9, 10, 11, 12, 13, 14, 15, 16, 17, 18, 19, 20, 21, 22, 23, 24, 25, 26]
		}, 27, 28, 29, 30, 31, 32, 33, 34, 35, 36, 37, 38, 39]
}