{
	"credit": "Made with Blockbench",
	"texture_size": [32, 32],
	"textures": {
		"4": "block/honey jar"
	},
	"elements": [
		{
			"from": [5.48, 7, 6.32],
			"to": [10.52, 8, 9.68],
			"rotation": {"angle": 0, "axis": "y", "origin": [12.2, 10, 13.04]},
			"faces": {
				"north": {"uv": [5.5, 0, 10.5, 1], "rotation": 90, "texture": "#4"},
				"east": {"uv": [5.5, 0, 6.5, 3], "rotation": 270, "texture": "#4"},
				"south": {"uv": [5.5, 0, 10.5, 1], "rotation": 90, "texture": "#4"},
				"west": {"uv": [5.5, 0, 6.5, 3], "rotation": 270, "texture": "#4"},
				"up": {"uv": [5.5, 0, 10.5, 3], "texture": "#4"},
				"down": {"uv": [5.5, 0, 10.5, 3], "texture": "#4"}
			}
		},
		{
			"from": [6.32, 7, 5.48],
			"to": [9.68, 8.00781, 10.52],
			"rotation": {"angle": 0, "axis": "y", "origin": [8, 5, 8]},
			"faces": {
				"north": {"uv": [5.5, 0, 6.5, 3], "rotation": 270, "texture": "#4"},
				"east": {"uv": [5.5, 0, 10.5, 1], "rotation": 90, "texture": "#4"},
				"south": {"uv": [5.5, 0, 6.5, 3], "rotation": 270, "texture": "#4"},
				"west": {"uv": [5.5, 0, 10.5, 1], "rotation": 90, "texture": "#4"},
				"up": {"uv": [5.5, 0, 10.5, 3], "rotation": 270, "texture": "#4"},
				"down": {"uv": [5.5, 0, 10.5, 3], "rotation": 270, "texture": "#4"}
			}
		},
		{
			"from": [7.40603, 7, 5.03015],
			"to": [8.59397, 7.98438, 10.96985],
			"rotation": {"angle": 45, "axis": "y", "origin": [8, 5, 8]},
			"faces": {
				"north": {"uv": [5.5, 1.5, 6.5, 2.5], "rotation": 270, "texture": "#4"},
				"east": {"uv": [0, 0, 6, 6], "texture": "#missing"},
				"south": {"uv": [5.5, 1.5, 6.5, 2.5], "rotation": 270, "texture": "#4"},
				"west": {"uv": [0, 0, 6, 6], "texture": "#missing"},
				"up": {"uv": [5.5, 0, 10.5, 1], "rotation": 90, "texture": "#4"},
				"down": {"uv": [5.5, 0, 10.5, 1], "rotation": 90, "texture": "#4"}
			}
		},
		{
			"from": [5.03015, 7, 7.40603],
			"to": [10.96985, 7.98438, 8.59397],
			"rotation": {"angle": 45, "axis": "y", "origin": [8, 5, 8]},
			"faces": {
				"east": {"uv": [5.5, 1.5, 6.5, 2.5], "rotation": 270, "texture": "#4"},
				"west": {"uv": [5.5, 1.5, 6.5, 2.5], "rotation": 270, "texture": "#4"},
				"up": {"uv": [5.5, 0, 10.5, 1], "texture": "#4"},
				"down": {"uv": [5.5, 0, 10.5, 1], "texture": "#4"}
			}
		},
		{
			"from": [7.0344, 6.3547, 5.48961],
			"to": [8.9656, 7.8747, 5.52086],
			"rotation": {"angle": 22.5, "axis": "y", "origin": [7, 6.6147, 5.48961]},
			"faces": {
				"north": {"uv": [6, 3, 9, 5.5], "texture": "#4"},
				"south": {"uv": [8.5, 3, 11.5, 5.5], "texture": "#4"}
			}
		},
		{
			"from": [5.2844, 6.3547, 5.48961],
			"to": [7.2156, 7.8747, 5.52086],
			"rotation": {"angle": -22.5, "axis": "y", "origin": [7.25, 6.6147, 5.48961]},
			"faces": {
				"north": {"uv": [8.5, 3, 11.5, 5.5], "texture": "#4"},
				"south": {"uv": [6, 3, 9, 5.5], "texture": "#4"}
			}
		},
		{
			"from": [5.36052, 5.52998, 5.01125],
			"to": [8.79172, 6.54998, 5.05032],
			"rotation": {"angle": 45, "axis": "x", "origin": [7.07612, 6.03998, 5.01125]},
			"faces": {
				"north": {"uv": [6, 5.5, 11.5, 7], "texture": "#4"},
				"south": {"uv": [6, 5.5, 11.5, 7], "texture": "#4"}
			}
		},
		{
			"from": [5.51961, 6.09375, 6.34639],
			"to": [5.51961, 6.59375, 9.65359],
			"rotation": {"angle": 0, "axis": "y", "origin": [12.13401, 8.84375, 12.96079]},
			"faces": {
				"west": {"uv": [0, 6, 6, 7], "texture": "#4"}
			}
		},
		{
			"from": [10.47935, 6.09375, 6.34745],
			"to": [10.47935, 6.59375, 9.65465],
			"rotation": {"angle": 0, "axis": "y", "origin": [11.79375, 8.84375, 12.96185]},
			"faces": {
				"east": {"uv": [0, 6, 6, 7], "texture": "#4"}
			}
		},
		{
			"from": [6.34641, 6.09375, 5.51959],
			"to": [9.65361, 6.59375, 5.51959],
			"rotation": {"angle": 0, "axis": "y", "origin": [8.00001, 3.84375, 7.99999]},
			"faces": {
				"north": {"uv": [0, 6, 6, 7], "texture": "#4"}
			}
		},
		{
			"from": [6.34641, 6.09375, 10.48039],
			"to": [9.65361, 6.59375, 10.48039],
			"rotation": {"angle": 0, "axis": "y", "origin": [8.00001, 3.84375, 12.96079]},
			"faces": {
				"south": {"uv": [0, 6, 6, 7], "texture": "#4"}
			}
		},
		{
			"from": [7.41538, 6.09375, 5.07681],
			"to": [8.58465, 6.59375, 5.07681],
			"rotation": {"angle": 45, "axis": "y", "origin": [8.00001, 3.84375, 7.99999]},
			"faces": {
				"north": {"uv": [0, 6, 3, 7], "texture": "#4"}
			}
		},
		{
			"from": [7.05143, 6.09375, 11.07392],
			"to": [8.2207, 6.59375, 11.07392],
			"rotation": {"angle": 45, "axis": "y", "origin": [7.63606, 3.84375, 7.6371]},
			"faces": {
				"south": {"uv": [0, 6, 3, 7], "texture": "#4"}
			}
		},
		{
			"from": [5.07683, 6.09375, 7.41535],
			"to": [5.07683, 6.59375, 8.58463],
			"rotation": {"angle": 45, "axis": "y", "origin": [8.00001, 3.84375, 7.99999]},
			"faces": {
				"west": {"uv": [0, 6, 3, 7], "texture": "#4"}
			}
		},
		{
			"from": [10.92319, 6.09375, 7.41535],
			"to": [10.92319, 6.59375, 8.58463],
			"rotation": {"angle": 45, "axis": "y", "origin": [8.00001, 3.84375, 7.99999]},
			"faces": {
				"east": {"uv": [0, 6, 3, 7], "texture": "#4"}
			}
		},
		{
			"from": [5.375, 0.375, -1],
			"to": [6.125, 1.125, 4],
			"rotation": {"angle": -45, "axis": "y", "origin": [0.5, 0.5, 0.5]},
			"faces": {
				"north": {"uv": [5.5, 0.5, 6.5, 1.5], "texture": "#4"},
				"east": {"uv": [5.5, 0.5, 10.5, 1.5], "texture": "#4"},
				"south": {"uv": [5.5, 0.5, 6.5, 1.5], "texture": "#4"},
				"west": {"uv": [5.5, 0.5, 10.5, 1.5], "texture": "#4"},
				"up": {"uv": [5.5, 0.5, 10.5, 1.5], "rotation": 90, "texture": "#4"},
				"down": {"uv": [5.5, 0.5, 10.5, 1.5], "rotation": 90, "texture": "#4"}
			}
		},
		{
			"from": [5.375, 0.125, 3],
			"to": [6.125, 1.375, 3.75],
			"rotation": {"angle": -45, "axis": "y", "origin": [0.5, 0.5, 0.5]},
			"faces": {
				"north": {"uv": [5.5, 0.5, 6.5, 1.5], "texture": "#4"},
				"east": {"uv": [5.5, 0.5, 6.5, 1.5], "texture": "#4"},
				"south": {"uv": [5.5, 0.5, 6.5, 1.5], "texture": "#4"},
				"west": {"uv": [5.5, 0.5, 6.5, 1.5], "texture": "#4"},
				"up": {"uv": [5.5, 0.5, 6.5, 1.5], "texture": "#4"},
				"down": {"uv": [5.5, 0.5, 6.5, 1.5], "texture": "#4"}
			}
		},
		{
			"from": [5.125, 0.375, 3],
			"to": [6.375, 1.125, 3.75],
			"rotation": {"angle": -45, "axis": "y", "origin": [0.5, 0.5, 0.5]},
			"faces": {
				"north": {"uv": [5.5, 0.5, 6.5, 1.5], "texture": "#4"},
				"east": {"uv": [5.5, 0.5, 6.5, 1.5], "texture": "#4"},
				"south": {"uv": [5.5, 0.5, 6.5, 1.5], "texture": "#4"},
				"west": {"uv": [5.5, 0.5, 6.5, 1.5], "texture": "#4"},
				"up": {"uv": [5.5, 0.5, 6.5, 1.5], "texture": "#4"},
				"down": {"uv": [5.5, 0.5, 6.5, 1.5], "texture": "#4"}
			}
		},
		{
			"from": [5, 0, -3.25],
			"to": [6.5, 1.5, -1],
			"rotation": {"angle": -45, "axis": "y", "origin": [0.5, 0.5, 0.5]},
			"faces": {
				"north": {"uv": [5.5, 2, 7.5, 3], "texture": "#4"},
				"east": {"uv": [5.5, 2, 7.5, 3], "texture": "#4"},
				"south": {"uv": [5.5, 2, 7.5, 3], "texture": "#4"},
				"west": {"uv": [5.5, 2, 7.5, 3], "texture": "#4"},
				"up": {"uv": [5.5, 2, 7.5, 3], "texture": "#4"},
				"down": {"uv": [5.5, 2, 7.5, 3], "texture": "#4"}
			}
		},
		{
			"from": [5, -0.25, -1.5],
			"to": [6.5, 1.75, -1.25],
			"rotation": {"angle": -45, "axis": "y", "origin": [0.5, 0.5, 0.5]},
			"faces": {
				"north": {"uv": [7, 0.5, 9, 2.5], "texture": "#4"},
				"east": {"uv": [7, 0.5, 7.5, 2.5], "texture": "#4"},
				"south": {"uv": [7, 0.5, 9, 2.5], "texture": "#4"},
				"west": {"uv": [7, 0.5, 7.5, 2.5], "texture": "#4"},
				"up": {"uv": [7, 0.5, 7.5, 2.5], "rotation": 90, "texture": "#4"},
				"down": {"uv": [7, 0.5, 7.5, 2.5], "rotation": 90, "texture": "#4"}
			}
		},
		{
			"from": [3.94715, 0, 1.68826],
			"to": [5.94715, 1.5, 1.93826],
			"rotation": {"angle": -45, "axis": "y", "origin": [3.94715, 0.75, 3.06326]},
			"faces": {
				"north": {"uv": [7, 0.5, 9, 2.5], "texture": "#4"},
				"east": {"uv": [7, 0.5, 7.5, 2.5], "texture": "#4"},
				"south": {"uv": [7, 0.5, 9, 2.5], "texture": "#4"},
				"west": {"uv": [7, 0.5, 7.5, 2.5], "texture": "#4"},
				"up": {"uv": [7, 0.5, 7.5, 2.5], "rotation": 90, "texture": "#4"},
				"down": {"uv": [7, 0.5, 7.5, 2.5], "rotation": 90, "texture": "#4"}
			}
		},
		{
			"from": [5, -0.25, -2],
			"to": [6.5, 1.75, -1.75],
			"rotation": {"angle": -45, "axis": "y", "origin": [0.5, 0.5, 0.5]},
			"faces": {
				"north": {"uv": [7, 0.5, 9, 2.5], "texture": "#4"},
				"east": {"uv": [7, 0.5, 7.5, 2.5], "texture": "#4"},
				"south": {"uv": [7, 0.5, 9, 2.5], "texture": "#4"},
				"west": {"uv": [7, 0.5, 7.5, 2.5], "texture": "#4"},
				"up": {"uv": [7, 0.5, 7.5, 2.5], "rotation": 90, "texture": "#4"},
				"down": {"uv": [7, 0.5, 7.5, 2.5], "rotation": 90, "texture": "#4"}
			}
		},
		{
			"from": [3.94715, 0, 1.18826],
			"to": [5.94715, 1.5, 1.43826],
			"rotation": {"angle": -45, "axis": "y", "origin": [3.94715, 0.75, 3.06326]},
			"faces": {
				"north": {"uv": [7, 0.5, 9, 2.5], "texture": "#4"},
				"east": {"uv": [7, 0.5, 7.5, 2.5], "texture": "#4"},
				"south": {"uv": [7, 0.5, 9, 2.5], "texture": "#4"},
				"west": {"uv": [7, 0.5, 7.5, 2.5], "texture": "#4"},
				"up": {"uv": [7, 0.5, 7.5, 2.5], "rotation": 90, "texture": "#4"},
				"down": {"uv": [7, 0.5, 7.5, 2.5], "rotation": 90, "texture": "#4"}
			}
		},
		{
			"from": [5, -0.25, -2.5],
			"to": [6.5, 1.75, -2.25],
			"rotation": {"angle": -45, "axis": "y", "origin": [0.5, 0.5, 0.5]},
			"faces": {
				"north": {"uv": [7, 0.5, 9, 2.5], "texture": "#4"},
				"east": {"uv": [7, 0.5, 7.5, 2.5], "texture": "#4"},
				"south": {"uv": [7, 0.5, 9, 2.5], "texture": "#4"},
				"west": {"uv": [7, 0.5, 7.5, 2.5], "texture": "#4"},
				"up": {"uv": [7, 0.5, 7.5, 2.5], "rotation": 90, "texture": "#4"},
				"down": {"uv": [7, 0.5, 7.5, 2.5], "rotation": 90, "texture": "#4"}
			}
		},
		{
			"from": [3.94715, 0, 0.68826],
			"to": [5.94715, 1.5, 0.93826],
			"rotation": {"angle": -45, "axis": "y", "origin": [3.94715, 0.75, 3.06326]},
			"faces": {
				"north": {"uv": [7, 0.5, 9, 2.5], "texture": "#4"},
				"east": {"uv": [7, 0.5, 7.5, 2.5], "texture": "#4"},
				"south": {"uv": [7, 0.5, 9, 2.5], "texture": "#4"},
				"west": {"uv": [7, 0.5, 7.5, 2.5], "texture": "#4"},
				"up": {"uv": [7, 0.5, 7.5, 2.5], "rotation": 90, "texture": "#4"},
				"down": {"uv": [7, 0.5, 7.5, 2.5], "rotation": 90, "texture": "#4"}
			}
		},
		{
			"from": [5, -0.25, -3],
			"to": [6.5, 1.75, -2.75],
			"rotation": {"angle": -45, "axis": "y", "origin": [0.5, 0.5, 0.5]},
			"faces": {
				"north": {"uv": [7, 0.5, 9, 2.5], "texture": "#4"},
				"east": {"uv": [7, 0.5, 7.5, 2.5], "texture": "#4"},
				"south": {"uv": [7, 0.5, 9, 2.5], "texture": "#4"},
				"west": {"uv": [7, 0.5, 7.5, 2.5], "texture": "#4"},
				"up": {"uv": [7, 0.5, 7.5, 2.5], "rotation": 90, "texture": "#4"},
				"down": {"uv": [7, 0.5, 7.5, 2.5], "rotation": 90, "texture": "#4"}
			}
		},
		{
			"from": [3.94715, 0, 0.18826],
			"to": [5.94715, 1.5, 0.43826],
			"rotation": {"angle": -45, "axis": "y", "origin": [3.94715, 0.75, 3.06326]},
			"faces": {
				"north": {"uv": [7, 0.5, 9, 2.5], "texture": "#4"},
				"east": {"uv": [7, 0.5, 7.5, 2.5], "texture": "#4"},
				"south": {"uv": [7, 0.5, 9, 2.5], "texture": "#4"},
				"west": {"uv": [7, 0.5, 7.5, 2.5], "texture": "#4"},
				"up": {"uv": [7, 0.5, 7.5, 2.5], "rotation": 90, "texture": "#4"},
				"down": {"uv": [7, 0.5, 7.5, 2.5], "rotation": 90, "texture": "#4"}
			}
		},
		{
			"from": [5.42, 0.41959, 6.28],
			"to": [10.58, 4.09521, 9.72],
			"rotation": {"angle": 0, "axis": "y", "origin": [12.3, 7.29959, 13.16]},
			"faces": {
				"east": {"uv": [0, 7, 4, 11], "texture": "#4"},
				"west": {"uv": [0, 7, 4, 11], "texture": "#4"},
				"up": {"uv": [4, 7, 8, 11], "rotation": 90, "texture": "#4"},
				"down": {"uv": [8, 7, 12, 11], "texture": "#4"}
			}
		},
		{
			"from": [6.28, 0.41959, 5.42],
			"to": [9.72, 4.11084, 10.58],
			"rotation": {"angle": 0, "axis": "y", "origin": [8, 2.99959, 8]},
			"faces": {
				"north": {"uv": [0, 7, 4, 11], "texture": "#4"},
				"south": {"uv": [0, 7, 4, 11], "texture": "#4"},
				"up": {"uv": [4, 7, 8, 11], "texture": "#4"},
				"down": {"uv": [8, 7, 12, 11], "texture": "#4"}
			}
		},
		{
			"from": [7.39189, 0.41959, 4.95944],
			"to": [8.60811, 4.06615, 11.04056],
			"rotation": {"angle": 45, "axis": "y", "origin": [8, 2.99959, 8]},
			"faces": {
				"north": {"uv": [0.5, 7, 2, 11], "texture": "#4"},
				"south": {"uv": [0.5, 7, 2, 11], "texture": "#4"},
				"up": {"uv": [4, 7, 8, 8], "rotation": 90, "texture": "#4"},
				"down": {"uv": [8, 7, 12, 8], "texture": "#4"}
			}
		},
		{
			"from": [4.95944, 0.41959, 7.39189],
			"to": [11.04056, 4.07287, 8.60811],
			"rotation": {"angle": 45, "axis": "y", "origin": [8, 2.99959, 8]},
			"faces": {
				"east": {"uv": [0.5, 7, 2, 11], "texture": "#4"},
				"west": {"uv": [0.5, 7, 2, 11], "texture": "#4"},
				"up": {"uv": [4, 7, 8, 8], "rotation": 90, "texture": "#4"},
				"down": {"uv": [8, 7, 12, 8], "texture": "#4"}
			}
		},
		{
			"from": [5.75, 6.03125, 6.5],
			"to": [10.25, 7, 9.5],
			"rotation": {"angle": 0, "axis": "y", "origin": [11.75, 9, 12.5]},
			"faces": {
				"east": {"uv": [0, 2, 4, 3], "texture": "#4"},
				"west": {"uv": [0, 2, 4, 3], "texture": "#4"}
			}
		},
		{
			"from": [6.5, 6, 5.75],
			"to": [9.5, 7, 10.25],
			"rotation": {"angle": 0, "axis": "y", "origin": [8, 4, 8]},
			"faces": {
				"north": {"uv": [0, 2, 4, 3], "texture": "#4"},
				"south": {"uv": [0, 2, 4, 3], "texture": "#4"}
			}
		},
		{
			"from": [7.46967, 5.9375, 5.34835],
			"to": [8.53033, 7, 10.65165],
			"rotation": {"angle": 45, "axis": "y", "origin": [8, 4, 8]},
			"faces": {
				"north": {"uv": [4, 1, 5.5, 2], "texture": "#4"},
				"south": {"uv": [4, 1, 5.5, 2], "texture": "#4"}
			}
		},
		{
			"from": [5.34835, 5.96875, 7.46967],
			"to": [10.65165, 7, 8.53033],
			"rotation": {"angle": 45, "axis": "y", "origin": [8, 4, 8]},
			"faces": {
				"east": {"uv": [4, 1, 5.5, 2], "texture": "#4"},
				"west": {"uv": [4, 1, 5.5, 2], "texture": "#4"}
			}
		},
		{
			"from": [5, 0, 6],
			"to": [11, 6, 10],
			"rotation": {"angle": 0, "axis": "y", "origin": [13, 8, 14]},
			"faces": {
				"east": {"uv": [0, 0, 4, 6], "texture": "#4"},
				"west": {"uv": [0, 0, 4, 6], "texture": "#4"},
				"up": {"uv": [0.5, 2, 3.5, 4], "rotation": 90, "texture": "#4"},
				"down": {"uv": [0.5, 2, 3.5, 4], "rotation": 90, "texture": "#4"}
			}
		},
		{
			"from": [6, 0, 5],
			"to": [10, 6, 11],
			"rotation": {"angle": 0, "axis": "y", "origin": [8, 3, 8]},
			"faces": {
				"north": {"uv": [0, 0, 4, 6], "texture": "#4"},
				"south": {"uv": [0, 0, 4, 6], "texture": "#4"},
				"up": {"uv": [0.5, 2, 3.5, 4], "rotation": 90, "texture": "#4"},
				"down": {"uv": [0.5, 2, 3.5, 4], "rotation": 90, "texture": "#4"}
			}
		},
		{
			"from": [7.29289, 0, 4.46447],
			"to": [8.70711, 5.98438, 11.53553],
			"rotation": {"angle": 45, "axis": "y", "origin": [8, 3, 8]},
			"faces": {
				"north": {"uv": [4, 0, 5.5, 6], "texture": "#4"},
				"south": {"uv": [4, 0, 5.5, 6], "texture": "#4"},
				"up": {"uv": [0.5, 2, 3.5, 4], "rotation": 90, "texture": "#4"},
				"down": {"uv": [0.5, 2, 3.5, 4], "rotation": 90, "texture": "#4"}
			}
		},
		{
			"from": [4.46447, 0, 7.29289],
			"to": [11.53553, 5.99219, 8.70711],
			"rotation": {"angle": 45, "axis": "y", "origin": [8, 3, 8]},
			"faces": {
				"east": {"uv": [4, 0, 5.5, 6], "texture": "#4"},
				"west": {"uv": [4, 0, 5.5, 6], "texture": "#4"},
				"up": {"uv": [0.5, 2, 3.5, 4], "rotation": 90, "texture": "#4"},
				"down": {"uv": [0.5, 2, 3.5, 4], "rotation": 90, "texture": "#4"}
			}
		}
	],
	"display": {
		"thirdperson_righthand": {
			"rotation": [75, 45, 0],
			"translation": [0, 2, 2.5],
			"scale": [0.63086, 0.63086, 0.63086]
		},
		"thirdperson_lefthand": {
			"rotation": [75, 45, 0],
			"translation": [0, 2, 2.5],
			"scale": [0.63086, 0.63086, 0.63086]
		},
		"firstperson_righthand": {
			"rotation": [0, 105, 0],
			"translation": [0.5, 5, 0],
			"scale": [0.4625, 0.4625, 0.4625]
		},
		"firstperson_lefthand": {
			"rotation": [0, 143, 0],
			"translation": [0.5, 5, 0],
			"scale": [0.4625, 0.4625, 0.4625]
		},
		"ground": {
			"translation": [0, 4.5, 0]
		},
		"gui": {
			"rotation": [30, 165.5, 0],
			"translation": [-1, 4.5, 0],
			"scale": [1.05078, 1.05078, 1.05078]
		},
		"head": {
			"translation": [0, 19.25, 1.75],
			"scale": [1.5, 1.5, 1.5]
		},
		"fixed": {
			"rotation": [-90, 0, 0],
			"translation": [0, 0, -15],
			"scale": [2, 2, 2]
		}
	},
	"groups": [
		{
			"name": "Lid",
			"origin": [8, 3, 8],
			"children": [0, 1, 2, 3]
		},
		{
			"name": "String",
			"origin": [8, 3, 8],
			"children": [4, 5, 6, 7, 8, 9, 10, 11, 12, 13, 14]
		},
		{
			"name": "Dripper",
			"origin": [3.94715, 0.75, 3.06326],
			"children": [15, 16, 17, 18, 19, 20, 21, 22, 23, 24, 25, 26]
		},
		{
			"name": "Honey",
			"origin": [8, 3, 8],
			"children": [27, 28, 29, 30]
		},
		{
			"name": "Jar",
			"origin": [8, 8, 8],
			"children": [
				{
					"name": "Neck",
					"origin": [8, 3, 8],
					"children": [31, 32, 33, 34]
				},
				{
					"name": "Body",
					"origin": [8, 3, 8],
					"children": [35, 36, 37, 38]
				}
			]
		}
	]
}