{
	"credit": "Made with Blockbench",
	"textures": {
		"0": "block/MizunoArchive/anvil_top",
		"1": "block/MizunoArchive/light_gray_concrete",
		"2": "block/MizunoArchive/green_terracotta",
		"3": "block/MizunoArchive/yellow_terracotta",
		"particle": "block/MizunoArchive/anvil_top"
	},
	"elements": [
		{
			"from": [14.3203, 7, 14.45721],
			"to": [15.3203, 12, 15.45721],
			"faces": {
				"north": {"uv": [0, 0, 0.5, 2.5], "rotation": 180, "texture": "#2"},
				"east": {"uv": [0, 0, 2.5, 0.5], "rotation": 90, "texture": "#2"},
				"south": {"uv": [0, 0, 0.5, 2.5], "rotation": 180, "texture": "#2"},
				"west": {"uv": [0, 0, 2.5, 0.5], "rotation": 270, "texture": "#2"},
				"up": {"uv": [0, 0, 0.5, 0.5], "texture": "#2"},
				"down": {"uv": [0, 0, 0.5, 0.5], "rotation": 180, "texture": "#2"}
			}
		},
		{
			"from": [14.01105, 5.45934, 14.45936],
			"to": [15.01105, 7.45934, 15.45936],
			"rotation": {"angle": -22.5, "axis": "z", "origin": [14.01105, 6.45934, 14.45936]},
			"faces": {
				"north": {"uv": [0, 0, 0.5, 1], "rotation": 180, "texture": "#2"},
				"east": {"uv": [0, 0, 1, 0.5], "rotation": 90, "texture": "#2"},
				"south": {"uv": [0, 0, 0.5, 1], "rotation": 180, "texture": "#2"},
				"west": {"uv": [0, 0, 1, 0.5], "rotation": 270, "texture": "#2"},
				"up": {"uv": [0, 0, 0.5, 0.5], "texture": "#2"},
				"down": {"uv": [0, 0, 0.5, 0.5], "rotation": 180, "texture": "#2"}
			}
		},
		{
			"from": [13.13576, 4.1543, 14.46012],
			"to": [14.13576, 6.1543, 15.46012],
			"rotation": {"angle": -45, "axis": "z", "origin": [13.13576, 5.1543, 14.46012]},
			"faces": {
				"north": {"uv": [0, 0, 0.5, 1], "rotation": 180, "texture": "#2"},
				"east": {"uv": [0, 0, 1, 0.5], "rotation": 90, "texture": "#2"},
				"south": {"uv": [0, 0, 0.5, 1], "rotation": 180, "texture": "#2"},
				"west": {"uv": [0, 0, 1, 0.5], "rotation": 270, "texture": "#2"},
				"up": {"uv": [0, 0, 0.5, 0.5], "texture": "#2"},
				"down": {"uv": [0, 0, 0.5, 0.5], "rotation": 180, "texture": "#2"}
			}
		},
		{
			"from": [10.82768, 3.28357, 14.45936],
			"to": [12.82768, 4.28357, 15.45936],
			"rotation": {"angle": 22.5, "axis": "z", "origin": [11.82768, 4.28357, 14.45936]},
			"faces": {
				"north": {"uv": [0, 0, 0.5, 1], "rotation": 90, "texture": "#2"},
				"east": {"uv": [0, 0, 0.5, 0.5], "rotation": 90, "texture": "#2"},
				"south": {"uv": [0, 0, 0.5, 1], "rotation": 270, "texture": "#2"},
				"west": {"uv": [0, 0, 0.5, 0.5], "rotation": 270, "texture": "#2"},
				"up": {"uv": [0, 0, 1, 0.5], "texture": "#2"},
				"down": {"uv": [0, 0, 1, 0.5], "rotation": 180, "texture": "#2"}
			}
		},
		{
			"from": [9.27947, 2.98405, 14.45933],
			"to": [11.27947, 3.98405, 15.45933],
			"faces": {
				"north": {"uv": [0, 0, 1, 0.5], "rotation": 180, "texture": "#2"},
				"east": {"uv": [0, 0, 0.5, 0.5], "rotation": 90, "texture": "#2"},
				"south": {"uv": [0, 0, 1, 0.5], "rotation": 180, "texture": "#2"},
				"west": {"uv": [0, 0, 0.5, 0.5], "rotation": 270, "texture": "#2"},
				"up": {"uv": [0, 0, 1, 0.5], "texture": "#2"},
				"down": {"uv": [0, 0, 1, 0.5], "rotation": 180, "texture": "#2"}
			}
		},
		{
			"from": [5.5549, 5.46303, 14.46269],
			"to": [6.5549, 7.46303, 15.46269],
			"rotation": {"angle": 22.5, "axis": "z", "origin": [6.5549, 6.46303, 14.46269]},
			"faces": {
				"north": {"uv": [1, 0, 1.5, 1], "rotation": 180, "texture": "#2"},
				"east": {"uv": [1, 0, 2, 0.5], "rotation": 90, "texture": "#2"},
				"south": {"uv": [1, 0, 1.5, 1], "rotation": 180, "texture": "#2"},
				"west": {"uv": [1, 0, 2, 0.5], "rotation": 270, "texture": "#2"},
				"up": {"uv": [1, 0, 1.5, 0.5], "texture": "#2"},
				"down": {"uv": [1, 0, 1.5, 0.5], "rotation": 180, "texture": "#2"}
			}
		},
		{
			"from": [6.43019, 4.15799, 14.46344],
			"to": [7.43019, 6.15799, 15.46344],
			"rotation": {"angle": 45, "axis": "z", "origin": [7.43019, 5.15799, 14.46344]},
			"faces": {
				"north": {"uv": [1, 0, 1.5, 1], "rotation": 180, "texture": "#2"},
				"east": {"uv": [1, 0, 2, 0.5], "rotation": 90, "texture": "#2"},
				"south": {"uv": [1, 0, 1.5, 1], "rotation": 180, "texture": "#2"},
				"west": {"uv": [1, 0, 2, 0.5], "rotation": 270, "texture": "#2"},
				"up": {"uv": [1, 0, 1.5, 0.5], "texture": "#2"},
				"down": {"uv": [1, 0, 1.5, 0.5], "rotation": 180, "texture": "#2"}
			}
		},
		{
			"from": [7.73828, 3.28726, 14.46268],
			"to": [9.73828, 4.28726, 15.46268],
			"rotation": {"angle": -22.5, "axis": "z", "origin": [8.73828, 4.28726, 14.46268]},
			"faces": {
				"north": {"uv": [0, 1, 0.5, 2], "rotation": 90, "texture": "#2"},
				"east": {"uv": [1, 0, 1.5, 0.5], "rotation": 90, "texture": "#2"},
				"south": {"uv": [0, 1, 0.5, 2], "rotation": 270, "texture": "#2"},
				"west": {"uv": [1, 0, 1.5, 0.5], "rotation": 270, "texture": "#2"},
				"up": {"uv": [1, 0, 2, 0.5], "texture": "#2"},
				"down": {"uv": [1, 0, 2, 0.5], "rotation": 180, "texture": "#2"}
			}
		},
		{
			"from": [5.24565, 7.00369, 14.46053],
			"to": [6.24565, 12.00369, 15.46053],
			"faces": {
				"north": {"uv": [1, 0, 1.5, 2.5], "rotation": 180, "texture": "#2"},
				"east": {"uv": [1, 0, 3.5, 0.5], "rotation": 90, "texture": "#2"},
				"south": {"uv": [1, 0, 1.5, 2.5], "rotation": 180, "texture": "#2"},
				"west": {"uv": [1, 0, 3.5, 0.5], "rotation": 270, "texture": "#2"},
				"up": {"uv": [1, 0, 1.5, 0.5], "texture": "#2"},
				"down": {"uv": [1, 0, 1.5, 0.5], "rotation": 180, "texture": "#2"}
			}
		},
		{
			"from": [14.02247, 11.54117, 14.44849],
			"to": [15.02247, 13.54117, 15.44849],
			"rotation": {"angle": 22.5, "axis": "z", "origin": [14.02247, 12.54117, 14.44849]},
			"faces": {
				"north": {"uv": [0, 1, 0.5, 2], "rotation": 180, "texture": "#2"},
				"east": {"uv": [1, 0, 2, 0.5], "rotation": 90, "texture": "#2"},
				"south": {"uv": [0, 1, 0.5, 2], "rotation": 180, "texture": "#2"},
				"west": {"uv": [1, 0, 2, 0.5], "rotation": 270, "texture": "#2"},
				"up": {"uv": [1, 0, 1.5, 0.5], "texture": "#2"},
				"down": {"uv": [1, 0, 1.5, 0.5], "rotation": 180, "texture": "#2"}
			}
		},
		{
			"from": [13.14718, 12.84621, 14.44924],
			"to": [14.14718, 14.84621, 15.44924],
			"rotation": {"angle": 45, "axis": "z", "origin": [13.14718, 13.84621, 14.44924]},
			"faces": {
				"north": {"uv": [0, 1, 0.5, 2], "rotation": 180, "texture": "#2"},
				"east": {"uv": [1, 0, 2, 0.5], "rotation": 90, "texture": "#2"},
				"south": {"uv": [0, 1, 0.5, 2], "rotation": 180, "texture": "#2"},
				"west": {"uv": [1, 0, 2, 0.5], "rotation": 270, "texture": "#2"},
				"up": {"uv": [1, 0, 1.5, 0.5], "texture": "#2"},
				"down": {"uv": [1, 0, 1.5, 0.5], "rotation": 180, "texture": "#2"}
			}
		},
		{
			"from": [10.8391, 14.71695, 14.44848],
			"to": [12.8391, 15.71695, 15.44848],
			"rotation": {"angle": -22.5, "axis": "z", "origin": [11.8391, 14.71695, 14.44848]},
			"faces": {
				"north": {"uv": [1, 0, 1.5, 1], "rotation": 90, "texture": "#2"},
				"east": {"uv": [1, 0, 1.5, 0.5], "rotation": 90, "texture": "#2"},
				"south": {"uv": [1, 0, 1.5, 1], "rotation": 270, "texture": "#2"},
				"west": {"uv": [1, 0, 1.5, 0.5], "rotation": 270, "texture": "#2"},
				"up": {"uv": [1, 0, 2, 0.5], "texture": "#2"},
				"down": {"uv": [1, 0, 2, 0.5], "rotation": 180, "texture": "#2"}
			}
		},
		{
			"from": [9.29089, 15.01647, 14.44845],
			"to": [11.29089, 16.01647, 15.44845],
			"faces": {
				"north": {"uv": [0, 1, 1, 1.5], "rotation": 180, "texture": "#2"},
				"east": {"uv": [1, 0, 1.5, 0.5], "rotation": 90, "texture": "#2"},
				"south": {"uv": [0, 1, 1, 1.5], "rotation": 180, "texture": "#2"},
				"west": {"uv": [1, 0, 1.5, 0.5], "rotation": 270, "texture": "#2"},
				"up": {"uv": [1, 0, 2, 0.5], "texture": "#2"},
				"down": {"uv": [1, 0, 2, 0.5], "rotation": 180, "texture": "#2"}
			}
		},
		{
			"from": [7.7497, 14.71326, 14.4518],
			"to": [9.7497, 15.71326, 15.4518],
			"rotation": {"angle": 22.5, "axis": "z", "origin": [8.7497, 14.71326, 14.4518]},
			"faces": {
				"north": {"uv": [1, 1, 1.5, 2], "rotation": 90, "texture": "#2"},
				"east": {"uv": [0, 0, 0.5, 0.5], "rotation": 90, "texture": "#2"},
				"south": {"uv": [1, 1, 1.5, 2], "rotation": 270, "texture": "#2"},
				"west": {"uv": [0, 0, 0.5, 0.5], "rotation": 270, "texture": "#2"},
				"up": {"uv": [0, 0, 1, 0.5], "texture": "#2"},
				"down": {"uv": [0, 0, 1, 0.5], "rotation": 180, "texture": "#2"}
			}
		},
		{
			"from": [6.44161, 12.84252, 14.45256],
			"to": [7.44161, 14.84252, 15.45256],
			"rotation": {"angle": -45, "axis": "z", "origin": [7.44161, 13.84252, 14.45256]},
			"faces": {
				"north": {"uv": [1, 1, 1.5, 2], "rotation": 180, "texture": "#2"},
				"east": {"uv": [0, 0, 1, 0.5], "rotation": 90, "texture": "#2"},
				"south": {"uv": [1, 1, 1.5, 2], "rotation": 180, "texture": "#2"},
				"west": {"uv": [0, 0, 1, 0.5], "rotation": 270, "texture": "#2"},
				"up": {"uv": [0, 0, 0.5, 0.5], "texture": "#2"},
				"down": {"uv": [0, 0, 0.5, 0.5], "rotation": 180, "texture": "#2"}
			}
		},
		{
			"from": [5.56632, 11.53748, 14.45181],
			"to": [6.56632, 13.53748, 15.45181],
			"rotation": {"angle": -22.5, "axis": "z", "origin": [6.56632, 12.53748, 14.45181]},
			"faces": {
				"north": {"uv": [1, 1, 1.5, 2], "rotation": 180, "texture": "#2"},
				"east": {"uv": [0, 0, 1, 0.5], "rotation": 90, "texture": "#2"},
				"south": {"uv": [1, 1, 1.5, 2], "rotation": 180, "texture": "#2"},
				"west": {"uv": [0, 0, 1, 0.5], "rotation": 270, "texture": "#2"},
				"up": {"uv": [0, 0, 0.5, 0.5], "texture": "#2"},
				"down": {"uv": [0, 0, 0.5, 0.5], "rotation": 180, "texture": "#2"}
			}
		},
		{
			"from": [13.8203, 6.5, 13.45721],
			"to": [14.8203, 11.5, 14.45721],
			"faces": {
				"north": {"uv": [0, 0, 0.5, 2.5], "rotation": 180, "texture": "#2"},
				"east": {"uv": [0, 0, 2.5, 0.5], "rotation": 90, "texture": "#2"},
				"south": {"uv": [0, 0, 0.5, 2.5], "rotation": 180, "texture": "#2"},
				"west": {"uv": [0, 0, 2.5, 0.5], "rotation": 270, "texture": "#2"},
				"up": {"uv": [0, 0, 0.5, 0.5], "texture": "#2"},
				"down": {"uv": [0, 0, 0.5, 0.5], "rotation": 180, "texture": "#2"}
			}
		},
		{
			"from": [13.51105, 4.95934, 13.45936],
			"to": [14.51105, 6.95934, 14.45936],
			"rotation": {"angle": -22.5, "axis": "z", "origin": [13.51105, 5.95934, 13.45936]},
			"faces": {
				"north": {"uv": [0, 0, 0.5, 1], "rotation": 180, "texture": "#2"},
				"east": {"uv": [0, 0, 1, 0.5], "rotation": 90, "texture": "#2"},
				"south": {"uv": [0, 0, 0.5, 1], "rotation": 180, "texture": "#2"},
				"west": {"uv": [0, 0, 1, 0.5], "rotation": 270, "texture": "#2"},
				"up": {"uv": [0, 0, 0.5, 0.5], "texture": "#2"},
				"down": {"uv": [0, 0, 0.5, 0.5], "rotation": 180, "texture": "#2"}
			}
		},
		{
			"from": [12.63576, 3.6543, 13.46012],
			"to": [13.63576, 5.6543, 14.46012],
			"rotation": {"angle": -45, "axis": "z", "origin": [12.63576, 4.6543, 13.46012]},
			"faces": {
				"north": {"uv": [0, 0, 0.5, 1], "rotation": 180, "texture": "#2"},
				"east": {"uv": [0, 0, 1, 0.5], "rotation": 90, "texture": "#2"},
				"south": {"uv": [0, 0, 0.5, 1], "rotation": 180, "texture": "#2"},
				"west": {"uv": [0, 0, 1, 0.5], "rotation": 270, "texture": "#2"},
				"up": {"uv": [0, 0, 0.5, 0.5], "texture": "#2"},
				"down": {"uv": [0, 0, 0.5, 0.5], "rotation": 180, "texture": "#2"}
			}
		},
		{
			"from": [10.32768, 2.78357, 13.45936],
			"to": [12.32768, 3.78357, 14.45936],
			"rotation": {"angle": 22.5, "axis": "z", "origin": [11.32768, 3.78357, 13.45936]},
			"faces": {
				"north": {"uv": [0, 0, 0.5, 1], "rotation": 90, "texture": "#2"},
				"east": {"uv": [0, 0, 0.5, 0.5], "rotation": 90, "texture": "#2"},
				"south": {"uv": [0, 0, 0.5, 1], "rotation": 270, "texture": "#2"},
				"west": {"uv": [0, 0, 0.5, 0.5], "rotation": 270, "texture": "#2"},
				"up": {"uv": [0, 0, 1, 0.5], "texture": "#2"},
				"down": {"uv": [0, 0, 1, 0.5], "rotation": 180, "texture": "#2"}
			}
		},
		{
			"from": [8.77947, 2.48405, 13.45933],
			"to": [10.77947, 3.48405, 14.45933],
			"faces": {
				"north": {"uv": [0, 0, 1, 0.5], "rotation": 180, "texture": "#2"},
				"east": {"uv": [0, 0, 0.5, 0.5], "rotation": 90, "texture": "#2"},
				"south": {"uv": [0, 0, 1, 0.5], "rotation": 180, "texture": "#2"},
				"west": {"uv": [0, 0, 0.5, 0.5], "rotation": 270, "texture": "#2"},
				"up": {"uv": [0, 0, 1, 0.5], "texture": "#2"},
				"down": {"uv": [0, 0, 1, 0.5], "rotation": 180, "texture": "#2"}
			}
		},
		{
			"from": [5.0549, 4.96303, 13.46269],
			"to": [6.0549, 6.96303, 14.46269],
			"rotation": {"angle": 22.5, "axis": "z", "origin": [6.0549, 5.96303, 13.46269]},
			"faces": {
				"north": {"uv": [1, 0, 1.5, 1], "rotation": 180, "texture": "#2"},
				"east": {"uv": [1, 0, 2, 0.5], "rotation": 90, "texture": "#2"},
				"south": {"uv": [1, 0, 1.5, 1], "rotation": 180, "texture": "#2"},
				"west": {"uv": [1, 0, 2, 0.5], "rotation": 270, "texture": "#2"},
				"up": {"uv": [1, 0, 1.5, 0.5], "texture": "#2"},
				"down": {"uv": [1, 0, 1.5, 0.5], "rotation": 180, "texture": "#2"}
			}
		},
		{
			"from": [5.93019, 3.65799, 13.46344],
			"to": [6.93019, 5.65799, 14.46344],
			"rotation": {"angle": 45, "axis": "z", "origin": [6.93019, 4.65799, 13.46344]},
			"faces": {
				"north": {"uv": [1, 0, 1.5, 1], "rotation": 180, "texture": "#2"},
				"east": {"uv": [1, 0, 2, 0.5], "rotation": 90, "texture": "#2"},
				"south": {"uv": [1, 0, 1.5, 1], "rotation": 180, "texture": "#2"},
				"west": {"uv": [1, 0, 2, 0.5], "rotation": 270, "texture": "#2"},
				"up": {"uv": [1, 0, 1.5, 0.5], "texture": "#2"},
				"down": {"uv": [1, 0, 1.5, 0.5], "rotation": 180, "texture": "#2"}
			}
		},
		{
			"from": [7.23828, 2.78726, 13.46268],
			"to": [9.23828, 3.78726, 14.46268],
			"rotation": {"angle": -22.5, "axis": "z", "origin": [8.23828, 3.78726, 13.46268]},
			"faces": {
				"north": {"uv": [0, 1, 0.5, 2], "rotation": 90, "texture": "#2"},
				"east": {"uv": [1, 0, 1.5, 0.5], "rotation": 90, "texture": "#2"},
				"south": {"uv": [0, 1, 0.5, 2], "rotation": 270, "texture": "#2"},
				"west": {"uv": [1, 0, 1.5, 0.5], "rotation": 270, "texture": "#2"},
				"up": {"uv": [1, 0, 2, 0.5], "texture": "#2"},
				"down": {"uv": [1, 0, 2, 0.5], "rotation": 180, "texture": "#2"}
			}
		},
		{
			"from": [4.74565, 6.50369, 13.46053],
			"to": [5.74565, 11.50369, 14.46053],
			"faces": {
				"north": {"uv": [1, 0, 1.5, 2.5], "rotation": 180, "texture": "#2"},
				"east": {"uv": [1, 0, 3.5, 0.5], "rotation": 90, "texture": "#2"},
				"south": {"uv": [1, 0, 1.5, 2.5], "rotation": 180, "texture": "#2"},
				"west": {"uv": [1, 0, 3.5, 0.5], "rotation": 270, "texture": "#2"},
				"up": {"uv": [1, 0, 1.5, 0.5], "texture": "#2"},
				"down": {"uv": [1, 0, 1.5, 0.5], "rotation": 180, "texture": "#2"}
			}
		},
		{
			"from": [13.52247, 11.04117, 13.44849],
			"to": [14.52247, 13.04117, 14.44849],
			"rotation": {"angle": 22.5, "axis": "z", "origin": [13.52247, 12.04117, 13.44849]},
			"faces": {
				"north": {"uv": [0, 1, 0.5, 2], "rotation": 180, "texture": "#2"},
				"east": {"uv": [1, 0, 2, 0.5], "rotation": 90, "texture": "#2"},
				"south": {"uv": [0, 1, 0.5, 2], "rotation": 180, "texture": "#2"},
				"west": {"uv": [1, 0, 2, 0.5], "rotation": 270, "texture": "#2"},
				"up": {"uv": [1, 0, 1.5, 0.5], "texture": "#2"},
				"down": {"uv": [1, 0, 1.5, 0.5], "rotation": 180, "texture": "#2"}
			}
		},
		{
			"from": [12.64718, 12.34621, 13.44924],
			"to": [13.64718, 14.34621, 14.44924],
			"rotation": {"angle": 45, "axis": "z", "origin": [12.64718, 13.34621, 13.44924]},
			"faces": {
				"north": {"uv": [0, 1, 0.5, 2], "rotation": 180, "texture": "#2"},
				"east": {"uv": [1, 0, 2, 0.5], "rotation": 90, "texture": "#2"},
				"south": {"uv": [0, 1, 0.5, 2], "rotation": 180, "texture": "#2"},
				"west": {"uv": [1, 0, 2, 0.5], "rotation": 270, "texture": "#2"},
				"up": {"uv": [1, 0, 1.5, 0.5], "texture": "#2"},
				"down": {"uv": [1, 0, 1.5, 0.5], "rotation": 180, "texture": "#2"}
			}
		},
		{
			"from": [10.3391, 14.21695, 13.44848],
			"to": [12.3391, 15.21695, 14.44848],
			"rotation": {"angle": -22.5, "axis": "z", "origin": [11.3391, 14.21695, 13.44848]},
			"faces": {
				"north": {"uv": [1, 0, 1.5, 1], "rotation": 90, "texture": "#2"},
				"east": {"uv": [1, 0, 1.5, 0.5], "rotation": 90, "texture": "#2"},
				"south": {"uv": [1, 0, 1.5, 1], "rotation": 270, "texture": "#2"},
				"west": {"uv": [1, 0, 1.5, 0.5], "rotation": 270, "texture": "#2"},
				"up": {"uv": [1, 0, 2, 0.5], "texture": "#2"},
				"down": {"uv": [1, 0, 2, 0.5], "rotation": 180, "texture": "#2"}
			}
		},
		{
			"from": [8.79089, 14.51647, 13.44845],
			"to": [10.79089, 15.51647, 14.44845],
			"faces": {
				"north": {"uv": [0, 1, 1, 1.5], "rotation": 180, "texture": "#2"},
				"east": {"uv": [1, 0, 1.5, 0.5], "rotation": 90, "texture": "#2"},
				"south": {"uv": [0, 1, 1, 1.5], "rotation": 180, "texture": "#2"},
				"west": {"uv": [1, 0, 1.5, 0.5], "rotation": 270, "texture": "#2"},
				"up": {"uv": [1, 0, 2, 0.5], "texture": "#2"},
				"down": {"uv": [1, 0, 2, 0.5], "rotation": 180, "texture": "#2"}
			}
		},
		{
			"from": [7.2497, 14.21326, 13.4518],
			"to": [9.2497, 15.21326, 14.4518],
			"rotation": {"angle": 22.5, "axis": "z", "origin": [8.2497, 14.21326, 13.4518]},
			"faces": {
				"north": {"uv": [1, 1, 1.5, 2], "rotation": 90, "texture": "#2"},
				"east": {"uv": [0, 0, 0.5, 0.5], "rotation": 90, "texture": "#2"},
				"south": {"uv": [1, 1, 1.5, 2], "rotation": 270, "texture": "#2"},
				"west": {"uv": [0, 0, 0.5, 0.5], "rotation": 270, "texture": "#2"},
				"up": {"uv": [0, 0, 1, 0.5], "texture": "#2"},
				"down": {"uv": [0, 0, 1, 0.5], "rotation": 180, "texture": "#2"}
			}
		},
		{
			"from": [5.94161, 12.34252, 13.45256],
			"to": [6.94161, 14.34252, 14.45256],
			"rotation": {"angle": -45, "axis": "z", "origin": [6.94161, 13.34252, 13.45256]},
			"faces": {
				"north": {"uv": [1, 1, 1.5, 2], "rotation": 180, "texture": "#2"},
				"east": {"uv": [0, 0, 1, 0.5], "rotation": 90, "texture": "#2"},
				"south": {"uv": [1, 1, 1.5, 2], "rotation": 180, "texture": "#2"},
				"west": {"uv": [0, 0, 1, 0.5], "rotation": 270, "texture": "#2"},
				"up": {"uv": [0, 0, 0.5, 0.5], "texture": "#2"},
				"down": {"uv": [0, 0, 0.5, 0.5], "rotation": 180, "texture": "#2"}
			}
		},
		{
			"from": [5.06632, 11.03748, 13.45181],
			"to": [6.06632, 13.03748, 14.45181],
			"rotation": {"angle": -22.5, "axis": "z", "origin": [6.06632, 12.03748, 13.45181]},
			"faces": {
				"north": {"uv": [1, 1, 1.5, 2], "rotation": 180, "texture": "#2"},
				"east": {"uv": [0, 0, 1, 0.5], "rotation": 90, "texture": "#2"},
				"south": {"uv": [1, 1, 1.5, 2], "rotation": 180, "texture": "#2"},
				"west": {"uv": [0, 0, 1, 0.5], "rotation": 270, "texture": "#2"},
				"up": {"uv": [0, 0, 0.5, 0.5], "texture": "#2"},
				"down": {"uv": [0, 0, 0.5, 0.5], "rotation": 180, "texture": "#2"}
			}
		},
		{
			"from": [13.3203, 7.5, 12.45721],
			"to": [14.3203, 12.5, 13.45721],
			"faces": {
				"north": {"uv": [0, 0, 0.5, 2.5], "rotation": 180, "texture": "#2"},
				"east": {"uv": [0, 0, 2.5, 0.5], "rotation": 90, "texture": "#2"},
				"south": {"uv": [0, 0, 0.5, 2.5], "rotation": 180, "texture": "#2"},
				"west": {"uv": [0, 0, 2.5, 0.5], "rotation": 270, "texture": "#2"},
				"up": {"uv": [0, 0, 0.5, 0.5], "texture": "#2"},
				"down": {"uv": [0, 0, 0.5, 0.5], "rotation": 180, "texture": "#2"}
			}
		},
		{
			"from": [13.01105, 5.95934, 12.45936],
			"to": [14.01105, 7.95934, 13.45936],
			"rotation": {"angle": -22.5, "axis": "z", "origin": [13.01105, 6.95934, 12.45936]},
			"faces": {
				"north": {"uv": [0, 0, 0.5, 1], "rotation": 180, "texture": "#2"},
				"east": {"uv": [0, 0, 1, 0.5], "rotation": 90, "texture": "#2"},
				"south": {"uv": [0, 0, 0.5, 1], "rotation": 180, "texture": "#2"},
				"west": {"uv": [0, 0, 1, 0.5], "rotation": 270, "texture": "#2"},
				"up": {"uv": [0, 0, 0.5, 0.5], "texture": "#2"},
				"down": {"uv": [0, 0, 0.5, 0.5], "rotation": 180, "texture": "#2"}
			}
		},
		{
			"from": [12.13576, 4.6543, 12.46012],
			"to": [13.13576, 6.6543, 13.46012],
			"rotation": {"angle": -45, "axis": "z", "origin": [12.13576, 5.6543, 12.46012]},
			"faces": {
				"north": {"uv": [0, 0, 0.5, 1], "rotation": 180, "texture": "#2"},
				"east": {"uv": [0, 0, 1, 0.5], "rotation": 90, "texture": "#2"},
				"south": {"uv": [0, 0, 0.5, 1], "rotation": 180, "texture": "#2"},
				"west": {"uv": [0, 0, 1, 0.5], "rotation": 270, "texture": "#2"},
				"up": {"uv": [0, 0, 0.5, 0.5], "texture": "#2"},
				"down": {"uv": [0, 0, 0.5, 0.5], "rotation": 180, "texture": "#2"}
			}
		},
		{
			"from": [9.82768, 3.78357, 12.45936],
			"to": [11.82768, 4.78357, 13.45936],
			"rotation": {"angle": 22.5, "axis": "z", "origin": [10.82768, 4.78357, 12.45936]},
			"faces": {
				"north": {"uv": [0, 0, 0.5, 1], "rotation": 90, "texture": "#2"},
				"east": {"uv": [0, 0, 0.5, 0.5], "rotation": 90, "texture": "#2"},
				"south": {"uv": [0, 0, 0.5, 1], "rotation": 270, "texture": "#2"},
				"west": {"uv": [0, 0, 0.5, 0.5], "rotation": 270, "texture": "#2"},
				"up": {"uv": [0, 0, 1, 0.5], "texture": "#2"},
				"down": {"uv": [0, 0, 1, 0.5], "rotation": 180, "texture": "#2"}
			}
		},
		{
			"from": [8.27947, 3.48405, 12.45933],
			"to": [10.27947, 4.48405, 13.45933],
			"faces": {
				"north": {"uv": [0, 0, 1, 0.5], "rotation": 180, "texture": "#2"},
				"east": {"uv": [0, 0, 0.5, 0.5], "rotation": 90, "texture": "#2"},
				"south": {"uv": [0, 0, 1, 0.5], "rotation": 180, "texture": "#2"},
				"west": {"uv": [0, 0, 0.5, 0.5], "rotation": 270, "texture": "#2"},
				"up": {"uv": [0, 0, 1, 0.5], "texture": "#2"},
				"down": {"uv": [0, 0, 1, 0.5], "rotation": 180, "texture": "#2"}
			}
		},
		{
			"from": [4.5549, 5.96303, 12.46269],
			"to": [5.5549, 7.96303, 13.46269],
			"rotation": {"angle": 22.5, "axis": "z", "origin": [5.5549, 6.96303, 12.46269]},
			"faces": {
				"north": {"uv": [1, 0, 1.5, 1], "rotation": 180, "texture": "#2"},
				"east": {"uv": [1, 0, 2, 0.5], "rotation": 90, "texture": "#2"},
				"south": {"uv": [1, 0, 1.5, 1], "rotation": 180, "texture": "#2"},
				"west": {"uv": [1, 0, 2, 0.5], "rotation": 270, "texture": "#2"},
				"up": {"uv": [1, 0, 1.5, 0.5], "texture": "#2"},
				"down": {"uv": [1, 0, 1.5, 0.5], "rotation": 180, "texture": "#2"}
			}
		},
		{
			"from": [5.43019, 4.65799, 12.46344],
			"to": [6.43019, 6.65799, 13.46344],
			"rotation": {"angle": 45, "axis": "z", "origin": [6.43019, 5.65799, 12.46344]},
			"faces": {
				"north": {"uv": [1, 0, 1.5, 1], "rotation": 180, "texture": "#2"},
				"east": {"uv": [1, 0, 2, 0.5], "rotation": 90, "texture": "#2"},
				"south": {"uv": [1, 0, 1.5, 1], "rotation": 180, "texture": "#2"},
				"west": {"uv": [1, 0, 2, 0.5], "rotation": 270, "texture": "#2"},
				"up": {"uv": [1, 0, 1.5, 0.5], "texture": "#2"},
				"down": {"uv": [1, 0, 1.5, 0.5], "rotation": 180, "texture": "#2"}
			}
		},
		{
			"from": [6.73828, 3.78726, 12.46268],
			"to": [8.73828, 4.78726, 13.46268],
			"rotation": {"angle": -22.5, "axis": "z", "origin": [7.73828, 4.78726, 12.46268]},
			"faces": {
				"north": {"uv": [0, 1, 0.5, 2], "rotation": 90, "texture": "#2"},
				"east": {"uv": [1, 0, 1.5, 0.5], "rotation": 90, "texture": "#2"},
				"south": {"uv": [0, 1, 0.5, 2], "rotation": 270, "texture": "#2"},
				"west": {"uv": [1, 0, 1.5, 0.5], "rotation": 270, "texture": "#2"},
				"up": {"uv": [1, 0, 2, 0.5], "texture": "#2"},
				"down": {"uv": [1, 0, 2, 0.5], "rotation": 180, "texture": "#2"}
			}
		},
		{
			"from": [4.24565, 7.50369, 12.46053],
			"to": [5.24565, 12.50369, 13.46053],
			"faces": {
				"north": {"uv": [1, 0, 1.5, 2.5], "rotation": 180, "texture": "#2"},
				"east": {"uv": [1, 0, 3.5, 0.5], "rotation": 90, "texture": "#2"},
				"south": {"uv": [1, 0, 1.5, 2.5], "rotation": 180, "texture": "#2"},
				"west": {"uv": [1, 0, 3.5, 0.5], "rotation": 270, "texture": "#2"},
				"up": {"uv": [1, 0, 1.5, 0.5], "texture": "#2"},
				"down": {"uv": [1, 0, 1.5, 0.5], "rotation": 180, "texture": "#2"}
			}
		},
		{
			"from": [13.02247, 12.04117, 12.44849],
			"to": [14.02247, 14.04117, 13.44849],
			"rotation": {"angle": 22.5, "axis": "z", "origin": [13.02247, 13.04117, 12.44849]},
			"faces": {
				"north": {"uv": [0, 1, 0.5, 2], "rotation": 180, "texture": "#2"},
				"east": {"uv": [1, 0, 2, 0.5], "rotation": 90, "texture": "#2"},
				"south": {"uv": [0, 1, 0.5, 2], "rotation": 180, "texture": "#2"},
				"west": {"uv": [1, 0, 2, 0.5], "rotation": 270, "texture": "#2"},
				"up": {"uv": [1, 0, 1.5, 0.5], "texture": "#2"},
				"down": {"uv": [1, 0, 1.5, 0.5], "rotation": 180, "texture": "#2"}
			}
		},
		{
			"from": [12.14718, 13.34621, 12.44924],
			"to": [13.14718, 15.34621, 13.44924],
			"rotation": {"angle": 45, "axis": "z", "origin": [12.14718, 14.34621, 12.44924]},
			"faces": {
				"north": {"uv": [0, 1, 0.5, 2], "rotation": 180, "texture": "#2"},
				"east": {"uv": [1, 0, 2, 0.5], "rotation": 90, "texture": "#2"},
				"south": {"uv": [0, 1, 0.5, 2], "rotation": 180, "texture": "#2"},
				"west": {"uv": [1, 0, 2, 0.5], "rotation": 270, "texture": "#2"},
				"up": {"uv": [1, 0, 1.5, 0.5], "texture": "#2"},
				"down": {"uv": [1, 0, 1.5, 0.5], "rotation": 180, "texture": "#2"}
			}
		},
		{
			"from": [9.8391, 15.21695, 12.44848],
			"to": [11.8391, 16.21695, 13.44848],
			"rotation": {"angle": -22.5, "axis": "z", "origin": [10.8391, 15.21695, 12.44848]},
			"faces": {
				"north": {"uv": [1, 0, 1.5, 1], "rotation": 90, "texture": "#2"},
				"east": {"uv": [1, 0, 1.5, 0.5], "rotation": 90, "texture": "#2"},
				"south": {"uv": [1, 0, 1.5, 1], "rotation": 270, "texture": "#2"},
				"west": {"uv": [1, 0, 1.5, 0.5], "rotation": 270, "texture": "#2"},
				"up": {"uv": [1, 0, 2, 0.5], "texture": "#2"},
				"down": {"uv": [1, 0, 2, 0.5], "rotation": 180, "texture": "#2"}
			}
		},
		{
			"from": [8.29089, 15.51647, 12.44845],
			"to": [10.29089, 16.51647, 13.44845],
			"faces": {
				"north": {"uv": [0, 1, 1, 1.5], "rotation": 180, "texture": "#2"},
				"east": {"uv": [1, 0, 1.5, 0.5], "rotation": 90, "texture": "#2"},
				"south": {"uv": [0, 1, 1, 1.5], "rotation": 180, "texture": "#2"},
				"west": {"uv": [1, 0, 1.5, 0.5], "rotation": 270, "texture": "#2"},
				"up": {"uv": [1, 0, 2, 0.5], "texture": "#2"},
				"down": {"uv": [1, 0, 2, 0.5], "rotation": 180, "texture": "#2"}
			}
		},
		{
			"from": [6.7497, 15.21326, 12.4518],
			"to": [8.7497, 16.21326, 13.4518],
			"rotation": {"angle": 22.5, "axis": "z", "origin": [7.7497, 15.21326, 12.4518]},
			"faces": {
				"north": {"uv": [1, 1, 1.5, 2], "rotation": 90, "texture": "#2"},
				"east": {"uv": [0, 0, 0.5, 0.5], "rotation": 90, "texture": "#2"},
				"south": {"uv": [1, 1, 1.5, 2], "rotation": 270, "texture": "#2"},
				"west": {"uv": [0, 0, 0.5, 0.5], "rotation": 270, "texture": "#2"},
				"up": {"uv": [0, 0, 1, 0.5], "texture": "#2"},
				"down": {"uv": [0, 0, 1, 0.5], "rotation": 180, "texture": "#2"}
			}
		},
		{
			"from": [5.44161, 13.34252, 12.45256],
			"to": [6.44161, 15.34252, 13.45256],
			"rotation": {"angle": -45, "axis": "z", "origin": [6.44161, 14.34252, 12.45256]},
			"faces": {
				"north": {"uv": [1, 1, 1.5, 2], "rotation": 180, "texture": "#2"},
				"east": {"uv": [0, 0, 1, 0.5], "rotation": 90, "texture": "#2"},
				"south": {"uv": [1, 1, 1.5, 2], "rotation": 180, "texture": "#2"},
				"west": {"uv": [0, 0, 1, 0.5], "rotation": 270, "texture": "#2"},
				"up": {"uv": [0, 0, 0.5, 0.5], "texture": "#2"},
				"down": {"uv": [0, 0, 0.5, 0.5], "rotation": 180, "texture": "#2"}
			}
		},
		{
			"from": [4.56632, 12.03748, 12.45181],
			"to": [5.56632, 14.03748, 13.45181],
			"rotation": {"angle": -22.5, "axis": "z", "origin": [5.56632, 13.03748, 12.45181]},
			"faces": {
				"north": {"uv": [1, 1, 1.5, 2], "rotation": 180, "texture": "#2"},
				"east": {"uv": [0, 0, 1, 0.5], "rotation": 90, "texture": "#2"},
				"south": {"uv": [1, 1, 1.5, 2], "rotation": 180, "texture": "#2"},
				"west": {"uv": [0, 0, 1, 0.5], "rotation": 270, "texture": "#2"},
				"up": {"uv": [0, 0, 0.5, 0.5], "texture": "#2"},
				"down": {"uv": [0, 0, 0.5, 0.5], "rotation": 180, "texture": "#2"}
			}
		},
		{
			"from": [13.8203, 7, 11.45721],
			"to": [14.8203, 12, 12.45721],
			"faces": {
				"north": {"uv": [0, 0, 0.5, 2.5], "rotation": 180, "texture": "#2"},
				"east": {"uv": [0, 0, 2.5, 0.5], "rotation": 90, "texture": "#2"},
				"south": {"uv": [0, 0, 0.5, 2.5], "rotation": 180, "texture": "#2"},
				"west": {"uv": [0, 0, 2.5, 0.5], "rotation": 270, "texture": "#2"},
				"up": {"uv": [0, 0, 0.5, 0.5], "texture": "#2"},
				"down": {"uv": [0, 0, 0.5, 0.5], "rotation": 180, "texture": "#2"}
			}
		},
		{
			"from": [13.51105, 5.45934, 11.45936],
			"to": [14.51105, 7.45934, 12.45936],
			"rotation": {"angle": -22.5, "axis": "z", "origin": [13.51105, 6.45934, 11.45936]},
			"faces": {
				"north": {"uv": [0, 0, 0.5, 1], "rotation": 180, "texture": "#2"},
				"east": {"uv": [0, 0, 1, 0.5], "rotation": 90, "texture": "#2"},
				"south": {"uv": [0, 0, 0.5, 1], "rotation": 180, "texture": "#2"},
				"west": {"uv": [0, 0, 1, 0.5], "rotation": 270, "texture": "#2"},
				"up": {"uv": [0, 0, 0.5, 0.5], "texture": "#2"},
				"down": {"uv": [0, 0, 0.5, 0.5], "rotation": 180, "texture": "#2"}
			}
		},
		{
			"from": [12.63576, 4.1543, 11.46012],
			"to": [13.63576, 6.1543, 12.46012],
			"rotation": {"angle": -45, "axis": "z", "origin": [12.63576, 5.1543, 11.46012]},
			"faces": {
				"north": {"uv": [0, 0, 0.5, 1], "rotation": 180, "texture": "#2"},
				"east": {"uv": [0, 0, 1, 0.5], "rotation": 90, "texture": "#2"},
				"south": {"uv": [0, 0, 0.5, 1], "rotation": 180, "texture": "#2"},
				"west": {"uv": [0, 0, 1, 0.5], "rotation": 270, "texture": "#2"},
				"up": {"uv": [0, 0, 0.5, 0.5], "texture": "#2"},
				"down": {"uv": [0, 0, 0.5, 0.5], "rotation": 180, "texture": "#2"}
			}
		},
		{
			"from": [10.32768, 3.28357, 11.45936],
			"to": [12.32768, 4.28357, 12.45936],
			"rotation": {"angle": 22.5, "axis": "z", "origin": [11.32768, 4.28357, 11.45936]},
			"faces": {
				"north": {"uv": [0, 0, 0.5, 1], "rotation": 90, "texture": "#2"},
				"east": {"uv": [0, 0, 0.5, 0.5], "rotation": 90, "texture": "#2"},
				"south": {"uv": [0, 0, 0.5, 1], "rotation": 270, "texture": "#2"},
				"west": {"uv": [0, 0, 0.5, 0.5], "rotation": 270, "texture": "#2"},
				"up": {"uv": [0, 0, 1, 0.5], "texture": "#2"},
				"down": {"uv": [0, 0, 1, 0.5], "rotation": 180, "texture": "#2"}
			}
		},
		{
			"from": [8.77947, 2.98405, 11.45933],
			"to": [10.77947, 3.98405, 12.45933],
			"faces": {
				"north": {"uv": [0, 0, 1, 0.5], "rotation": 180, "texture": "#2"},
				"east": {"uv": [0, 0, 0.5, 0.5], "rotation": 90, "texture": "#2"},
				"south": {"uv": [0, 0, 1, 0.5], "rotation": 180, "texture": "#2"},
				"west": {"uv": [0, 0, 0.5, 0.5], "rotation": 270, "texture": "#2"},
				"up": {"uv": [0, 0, 1, 0.5], "texture": "#2"},
				"down": {"uv": [0, 0, 1, 0.5], "rotation": 180, "texture": "#2"}
			}
		},
		{
			"from": [5.0549, 5.46303, 11.46269],
			"to": [6.0549, 7.46303, 12.46269],
			"rotation": {"angle": 22.5, "axis": "z", "origin": [6.0549, 6.46303, 11.46269]},
			"faces": {
				"north": {"uv": [1, 0, 1.5, 1], "rotation": 180, "texture": "#2"},
				"east": {"uv": [1, 0, 2, 0.5], "rotation": 90, "texture": "#2"},
				"south": {"uv": [1, 0, 1.5, 1], "rotation": 180, "texture": "#2"},
				"west": {"uv": [1, 0, 2, 0.5], "rotation": 270, "texture": "#2"},
				"up": {"uv": [1, 0, 1.5, 0.5], "texture": "#2"},
				"down": {"uv": [1, 0, 1.5, 0.5], "rotation": 180, "texture": "#2"}
			}
		},
		{
			"from": [5.93019, 4.15799, 11.46344],
			"to": [6.93019, 6.15799, 12.46344],
			"rotation": {"angle": 45, "axis": "z", "origin": [6.93019, 5.15799, 11.46344]},
			"faces": {
				"north": {"uv": [1, 0, 1.5, 1], "rotation": 180, "texture": "#2"},
				"east": {"uv": [1, 0, 2, 0.5], "rotation": 90, "texture": "#2"},
				"south": {"uv": [1, 0, 1.5, 1], "rotation": 180, "texture": "#2"},
				"west": {"uv": [1, 0, 2, 0.5], "rotation": 270, "texture": "#2"},
				"up": {"uv": [1, 0, 1.5, 0.5], "texture": "#2"},
				"down": {"uv": [1, 0, 1.5, 0.5], "rotation": 180, "texture": "#2"}
			}
		},
		{
			"from": [7.23828, 3.28726, 11.46268],
			"to": [9.23828, 4.28726, 12.46268],
			"rotation": {"angle": -22.5, "axis": "z", "origin": [8.23828, 4.28726, 11.46268]},
			"faces": {
				"north": {"uv": [0, 1, 0.5, 2], "rotation": 90, "texture": "#2"},
				"east": {"uv": [1, 0, 1.5, 0.5], "rotation": 90, "texture": "#2"},
				"south": {"uv": [0, 1, 0.5, 2], "rotation": 270, "texture": "#2"},
				"west": {"uv": [1, 0, 1.5, 0.5], "rotation": 270, "texture": "#2"},
				"up": {"uv": [1, 0, 2, 0.5], "texture": "#2"},
				"down": {"uv": [1, 0, 2, 0.5], "rotation": 180, "texture": "#2"}
			}
		},
		{
			"from": [4.74565, 7.00369, 11.46053],
			"to": [5.74565, 12.00369, 12.46053],
			"faces": {
				"north": {"uv": [1, 0, 1.5, 2.5], "rotation": 180, "texture": "#2"},
				"east": {"uv": [1, 0, 3.5, 0.5], "rotation": 90, "texture": "#2"},
				"south": {"uv": [1, 0, 1.5, 2.5], "rotation": 180, "texture": "#2"},
				"west": {"uv": [1, 0, 3.5, 0.5], "rotation": 270, "texture": "#2"},
				"up": {"uv": [1, 0, 1.5, 0.5], "texture": "#2"},
				"down": {"uv": [1, 0, 1.5, 0.5], "rotation": 180, "texture": "#2"}
			}
		},
		{
			"from": [13.52247, 11.54117, 11.44849],
			"to": [14.52247, 13.54117, 12.44849],
			"rotation": {"angle": 22.5, "axis": "z", "origin": [13.52247, 12.54117, 11.44849]},
			"faces": {
				"north": {"uv": [0, 1, 0.5, 2], "rotation": 180, "texture": "#2"},
				"east": {"uv": [1, 0, 2, 0.5], "rotation": 90, "texture": "#2"},
				"south": {"uv": [0, 1, 0.5, 2], "rotation": 180, "texture": "#2"},
				"west": {"uv": [1, 0, 2, 0.5], "rotation": 270, "texture": "#2"},
				"up": {"uv": [1, 0, 1.5, 0.5], "texture": "#2"},
				"down": {"uv": [1, 0, 1.5, 0.5], "rotation": 180, "texture": "#2"}
			}
		},
		{
			"from": [12.64718, 12.84621, 11.44924],
			"to": [13.64718, 14.84621, 12.44924],
			"rotation": {"angle": 45, "axis": "z", "origin": [12.64718, 13.84621, 11.44924]},
			"faces": {
				"north": {"uv": [0, 1, 0.5, 2], "rotation": 180, "texture": "#2"},
				"east": {"uv": [1, 0, 2, 0.5], "rotation": 90, "texture": "#2"},
				"south": {"uv": [0, 1, 0.5, 2], "rotation": 180, "texture": "#2"},
				"west": {"uv": [1, 0, 2, 0.5], "rotation": 270, "texture": "#2"},
				"up": {"uv": [1, 0, 1.5, 0.5], "texture": "#2"},
				"down": {"uv": [1, 0, 1.5, 0.5], "rotation": 180, "texture": "#2"}
			}
		},
		{
			"from": [10.3391, 14.71695, 11.44848],
			"to": [12.3391, 15.71695, 12.44848],
			"rotation": {"angle": -22.5, "axis": "z", "origin": [11.3391, 14.71695, 11.44848]},
			"faces": {
				"north": {"uv": [1, 0, 1.5, 1], "rotation": 90, "texture": "#2"},
				"east": {"uv": [1, 0, 1.5, 0.5], "rotation": 90, "texture": "#2"},
				"south": {"uv": [1, 0, 1.5, 1], "rotation": 270, "texture": "#2"},
				"west": {"uv": [1, 0, 1.5, 0.5], "rotation": 270, "texture": "#2"},
				"up": {"uv": [1, 0, 2, 0.5], "texture": "#2"},
				"down": {"uv": [1, 0, 2, 0.5], "rotation": 180, "texture": "#2"}
			}
		},
		{
			"from": [8.79089, 15.01647, 11.44845],
			"to": [10.79089, 16.01647, 12.44845],
			"faces": {
				"north": {"uv": [0, 1, 1, 1.5], "rotation": 180, "texture": "#2"},
				"east": {"uv": [1, 0, 1.5, 0.5], "rotation": 90, "texture": "#2"},
				"south": {"uv": [0, 1, 1, 1.5], "rotation": 180, "texture": "#2"},
				"west": {"uv": [1, 0, 1.5, 0.5], "rotation": 270, "texture": "#2"},
				"up": {"uv": [1, 0, 2, 0.5], "texture": "#2"},
				"down": {"uv": [1, 0, 2, 0.5], "rotation": 180, "texture": "#2"}
			}
		},
		{
			"from": [7.2497, 14.71326, 11.4518],
			"to": [9.2497, 15.71326, 12.4518],
			"rotation": {"angle": 22.5, "axis": "z", "origin": [8.2497, 14.71326, 11.4518]},
			"faces": {
				"north": {"uv": [1, 1, 1.5, 2], "rotation": 90, "texture": "#2"},
				"east": {"uv": [0, 0, 0.5, 0.5], "rotation": 90, "texture": "#2"},
				"south": {"uv": [1, 1, 1.5, 2], "rotation": 270, "texture": "#2"},
				"west": {"uv": [0, 0, 0.5, 0.5], "rotation": 270, "texture": "#2"},
				"up": {"uv": [0, 0, 1, 0.5], "texture": "#2"},
				"down": {"uv": [0, 0, 1, 0.5], "rotation": 180, "texture": "#2"}
			}
		},
		{
			"from": [5.94161, 12.84252, 11.45256],
			"to": [6.94161, 14.84252, 12.45256],
			"rotation": {"angle": -45, "axis": "z", "origin": [6.94161, 13.84252, 11.45256]},
			"faces": {
				"north": {"uv": [1, 1, 1.5, 2], "rotation": 180, "texture": "#2"},
				"east": {"uv": [0, 0, 1, 0.5], "rotation": 90, "texture": "#2"},
				"south": {"uv": [1, 1, 1.5, 2], "rotation": 180, "texture": "#2"},
				"west": {"uv": [0, 0, 1, 0.5], "rotation": 270, "texture": "#2"},
				"up": {"uv": [0, 0, 0.5, 0.5], "texture": "#2"},
				"down": {"uv": [0, 0, 0.5, 0.5], "rotation": 180, "texture": "#2"}
			}
		},
		{
			"from": [5.06632, 11.53748, 11.45181],
			"to": [6.06632, 13.53748, 12.45181],
			"rotation": {"angle": -22.5, "axis": "z", "origin": [6.06632, 12.53748, 11.45181]},
			"faces": {
				"north": {"uv": [1, 1, 1.5, 2], "rotation": 180, "texture": "#2"},
				"east": {"uv": [0, 0, 1, 0.5], "rotation": 90, "texture": "#2"},
				"south": {"uv": [1, 1, 1.5, 2], "rotation": 180, "texture": "#2"},
				"west": {"uv": [0, 0, 1, 0.5], "rotation": 270, "texture": "#2"},
				"up": {"uv": [0, 0, 0.5, 0.5], "texture": "#2"},
				"down": {"uv": [0, 0, 0.5, 0.5], "rotation": 180, "texture": "#2"}
			}
		},
		{
			"from": [11.88473, 9.57165, 10.58622],
			"to": [12.88473, 12.27165, 11.58622],
			"faces": {
				"north": {"uv": [0, 1.5, 1, 1], "rotation": 270, "texture": "#2"},
				"east": {"uv": [1, 0.5, 2, 0], "rotation": 270, "texture": "#2"},
				"south": {"uv": [0, 1.5, 1, 1], "rotation": 90, "texture": "#2"},
				"west": {"uv": [1, 0.5, 2, 0], "rotation": 90, "texture": "#2"},
				"up": {"uv": [1.5, 0, 1, 0.5], "texture": "#2"},
				"down": {"uv": [1.5, 0, 1, 0.5], "rotation": 180, "texture": "#2"}
			}
		},
		{
			"from": [11.88473, 17.09851, 16.32028],
			"to": [12.88473, 17.59851, 17.32028],
			"rotation": {"angle": 22.5, "axis": "x", "origin": [13.88473, 29.09851, 1.32028]},
			"faces": {
				"north": {"uv": [0, 1.5, 1, 1], "rotation": 270, "texture": "#2"},
				"east": {"uv": [1, 0.5, 2, 0], "rotation": 270, "texture": "#2"},
				"south": {"uv": [0, 1.5, 1, 1], "rotation": 90, "texture": "#2"},
				"west": {"uv": [1, 0.5, 2, 0], "rotation": 90, "texture": "#2"},
				"up": {"uv": [1.5, 0, 1, 0.5], "texture": "#2"},
				"down": {"uv": [1.5, 0, 1, 0.5], "rotation": 180, "texture": "#2"}
			}
		},
		{
			"from": [11.88475, 19.82557, 23.65634],
			"to": [12.88475, 21.07557, 24.65634],
			"rotation": {"angle": 45, "axis": "x", "origin": [13.88475, 31.82557, 8.65634]},
			"faces": {
				"north": {"uv": [0, 1.5, 1, 1], "rotation": 270, "texture": "#2"},
				"east": {"uv": [1, 0.5, 2, 0], "rotation": 270, "texture": "#2"},
				"south": {"uv": [0, 1.5, 1, 1], "rotation": 90, "texture": "#2"},
				"west": {"uv": [1, 0.5, 2, 0], "rotation": 90, "texture": "#2"},
				"up": {"uv": [1.5, 0, 1, 0.5], "texture": "#2"},
				"down": {"uv": [1.5, 0, 1, 0.5], "rotation": 180, "texture": "#2"}
			}
		},
		{
			"from": [11.88947, 17.97269, 4.63119],
			"to": [12.88947, 18.97269, 6.88119],
			"rotation": {"angle": -22.5, "axis": "x", "origin": [13.88947, 33.97269, 21.63119]},
			"faces": {
				"north": {"uv": [1.5, 0, 1, 0.5], "texture": "#2"},
				"east": {"uv": [2, 0, 1, 0.5], "texture": "#2"},
				"south": {"uv": [1.5, 0, 1, 0.5], "texture": "#2"},
				"west": {"uv": [2, 0, 1, 0.5], "texture": "#2"},
				"up": {"uv": [0, 1.5, 1, 1], "rotation": 270, "texture": "#2"},
				"down": {"uv": [0, 1.5, 1, 1], "rotation": 90, "texture": "#2"}
			}
		},
		{
			"from": [1.44621, 3.43789, 12.03528],
			"to": [2.44621, 8.93789, 13.03528],
			"faces": {
				"north": {"uv": [0, 1, 1, 1.5], "rotation": 270, "texture": "#2"},
				"east": {"uv": [1, 0, 2, 0.5], "rotation": 90, "texture": "#2"},
				"south": {"uv": [0, 1, 1, 1.5], "rotation": 270, "texture": "#2"},
				"west": {"uv": [1, 0, 2, 0.5], "rotation": 270, "texture": "#2"},
				"up": {"uv": [1.5, 0.5, 1, 0], "rotation": 180, "texture": "#2"},
				"down": {"uv": [1.5, 0.5, 1, 0], "rotation": 180, "texture": "#2"}
			}
		},
		{
			"from": [-2.60448, 7.75758, 12.03939],
			"to": [-2.10448, 8.75758, 13.03939],
			"rotation": {"angle": -22.5, "axis": "z", "origin": [-14.10448, -7.24242, 14.03939]},
			"faces": {
				"north": {"uv": [2, 0.5, 1, 0], "texture": "#2"},
				"east": {"uv": [1.5, 0.5, 1, 0], "texture": "#2"},
				"south": {"uv": [2, 0.5, 1, 0], "texture": "#2"},
				"west": {"uv": [1.5, 0.5, 1, 0], "texture": "#2"},
				"up": {"uv": [0, 1, 1, 1.5], "rotation": 180, "texture": "#2"},
				"down": {"uv": [0, 1, 1, 1.5], "rotation": 180, "texture": "#2"}
			}
		},
		{
			"from": [-5.58154, 15.09365, 12.03941],
			"to": [-4.83154, 16.09365, 13.03941],
			"rotation": {"angle": -45, "axis": "z", "origin": [-16.83154, 0.09365, 14.03941]},
			"faces": {
				"north": {"uv": [2, 0.5, 1, 0], "texture": "#2"},
				"east": {"uv": [1.5, 0.5, 1, 0], "texture": "#2"},
				"south": {"uv": [2, 0.5, 1, 0], "texture": "#2"},
				"west": {"uv": [1.5, 0.5, 1, 0], "texture": "#2"},
				"up": {"uv": [0, 1, 1, 1.5], "rotation": 180, "texture": "#2"},
				"down": {"uv": [0, 1, 1, 1.5], "rotation": 180, "texture": "#2"}
			}
		},
		{
			"from": [-1.72068, -3.90871, 12.03879],
			"to": [-0.72068, -3.15871, 13.03879],
			"rotation": {"angle": 22.5, "axis": "z", "origin": [-16.72068, 8.09129, 14.03879]},
			"faces": {
				"north": {"uv": [2, 0.5, 1, 0], "rotation": 270, "texture": "#2"},
				"east": {"uv": [1, 1.5, 0, 1], "rotation": 270, "texture": "#2"},
				"south": {"uv": [2, 0.5, 1, 0], "rotation": 90, "texture": "#2"},
				"west": {"uv": [1, 1.5, 0, 1], "rotation": 270, "texture": "#2"},
				"up": {"uv": [1, 0, 1.5, 0.5], "rotation": 90, "texture": "#2"},
				"down": {"uv": [1, 0, 1.5, 0.5], "rotation": 270, "texture": "#2"}
			}
		},
		{
			"from": [2.72225, 2.02285, 12.04019],
			"to": [4.52225, 3.02285, 13.04019],
			"faces": {
				"north": {"uv": [2, 0.5, 1, 0], "texture": "#2"},
				"east": {"uv": [1.5, 0.5, 1, 0], "texture": "#2"},
				"south": {"uv": [2, 0.5, 1, 0], "texture": "#2"},
				"west": {"uv": [1.5, 0.5, 1, 0], "texture": "#2"},
				"up": {"uv": [0, 1, 1, 1.5], "rotation": 180, "texture": "#2"},
				"down": {"uv": [0, 1, 1, 1.5], "rotation": 180, "texture": "#2"}
			}
		},
		{
			"from": [12.07611, 15.09274, 12.04039],
			"to": [12.82611, 16.09274, 13.04039],
			"rotation": {"angle": 45, "axis": "z", "origin": [24.07611, 0.09274, 14.04039]},
			"faces": {
				"north": {"uv": [1, 0.5, 2, 0], "texture": "#2"},
				"east": {"uv": [1, 0.5, 1.5, 0], "texture": "#2"},
				"south": {"uv": [1, 0.5, 2, 0], "texture": "#2"},
				"west": {"uv": [1, 0.5, 1.5, 0], "texture": "#2"},
				"up": {"uv": [1, 1, 0, 1.5], "rotation": 180, "texture": "#2"},
				"down": {"uv": [1, 1, 0, 1.5], "rotation": 180, "texture": "#2"}
			}
		},
		{
			"from": [9.34906, 7.75668, 12.04037],
			"to": [9.84906, 8.75668, 13.04037],
			"rotation": {"angle": 22.5, "axis": "z", "origin": [21.34906, -7.24332, 14.04037]},
			"faces": {
				"north": {"uv": [1, 0.5, 2, 0], "texture": "#2"},
				"east": {"uv": [1, 0.5, 1.5, 0], "texture": "#2"},
				"south": {"uv": [1, 0.5, 2, 0], "texture": "#2"},
				"west": {"uv": [1, 0.5, 1.5, 0], "texture": "#2"},
				"up": {"uv": [1, 1, 0, 1.5], "rotation": 180, "texture": "#2"},
				"down": {"uv": [1, 1, 0, 1.5], "rotation": 180, "texture": "#2"}
			}
		},
		{
			"from": [7.96526, -3.90961, 12.03977],
			"to": [8.96526, -3.15961, 13.03977],
			"rotation": {"angle": -22.5, "axis": "z", "origin": [23.96526, 8.09039, 14.03977]},
			"faces": {
				"north": {"uv": [2, 0, 1, 0.5], "rotation": 270, "texture": "#2"},
				"east": {"uv": [1, 1, 0, 1.5], "rotation": 270, "texture": "#2"},
				"south": {"uv": [2, 0, 1, 0.5], "rotation": 90, "texture": "#2"},
				"west": {"uv": [1, 1, 0, 1.5], "rotation": 270, "texture": "#2"},
				"up": {"uv": [1, 0.5, 1.5, 0], "rotation": 90, "texture": "#2"},
				"down": {"uv": [1, 0.5, 1.5, 0], "rotation": 270, "texture": "#2"}
			}
		},
		{
			"from": [4.79837, 3.43699, 12.03626],
			"to": [5.79837, 7.43699, 13.03626],
			"faces": {
				"north": {"uv": [0, 1.5, 1, 1], "rotation": 270, "texture": "#2"},
				"east": {"uv": [1, 0.5, 2, 0], "rotation": 270, "texture": "#2"},
				"south": {"uv": [0, 1.5, 1, 1], "rotation": 270, "texture": "#2"},
				"west": {"uv": [1, 0.5, 2, 0], "rotation": 90, "texture": "#2"},
				"up": {"uv": [1, 0.5, 1.5, 0], "rotation": 180, "texture": "#2"},
				"down": {"uv": [1, 0.5, 1.5, 0], "rotation": 180, "texture": "#2"}
			}
		},
		{
			"from": [11.65424, 8.0734, 10.31843],
			"to": [13.15424, 8.8234, 11.81843],
			"faces": {
				"north": {"uv": [4, 1, 5, 2], "rotation": 90, "texture": "#0"},
				"east": {"uv": [4, 1, 5, 2], "rotation": 180, "texture": "#0"},
				"south": {"uv": [4, 1, 5, 2], "rotation": 90, "texture": "#0"},
				"west": {"uv": [4, 1, 5, 2], "texture": "#0"},
				"up": {"uv": [5, 2, 4, 1], "rotation": 270, "texture": "#0"},
				"down": {"uv": [5, 2, 4, 1], "rotation": 90, "texture": "#0"}
			}
		},
		{
			"from": [11.80424, 8.8234, 10.46843],
			"to": [13.00424, 9.5734, 11.66843],
			"faces": {
				"north": {"uv": [0.75, 0, 1.5, 1.2], "rotation": 270, "texture": "#1"},
				"east": {"uv": [0.75, 0, 1.5, 1.2], "texture": "#1"},
				"south": {"uv": [0.75, 0, 1.5, 1.2], "rotation": 270, "texture": "#1"},
				"west": {"uv": [0.75, 0, 1.5, 1.2], "rotation": 180, "texture": "#1"},
				"up": {"uv": [1.5, 1.2, 0.75, 0], "rotation": 90, "texture": "#1"},
				"down": {"uv": [1.5, 1.2, 0.75, 0], "rotation": 270, "texture": "#1"}
			}
		},
		{
			"from": [11.90424, 6.5734, 10.56843],
			"to": [12.90424, 8.0734, 11.56843],
			"faces": {
				"north": {"uv": [1.5, 0, 3, 1], "rotation": 270, "texture": "#3"},
				"east": {"uv": [1.5, 0, 3, 1], "texture": "#3"},
				"south": {"uv": [1.5, 0, 3, 1], "rotation": 270, "texture": "#3"},
				"west": {"uv": [1.5, 0, 3, 1], "rotation": 180, "texture": "#3"},
				"up": {"uv": [3, 1, 1.5, 0], "rotation": 90, "texture": "#3"},
				"down": {"uv": [3, 1, 1.5, 0], "rotation": 270, "texture": "#3"}
			}
		},
		{
			"from": [8.51244, 3.69791, 10.47771],
			"to": [9.71244, 4.54791, 11.67771],
			"rotation": {"angle": -22.5, "axis": "z", "origin": [16.36244, -2.70209, 18.32771]},
			"faces": {
				"north": {"uv": [0.85, 0, 1.7, 1.2], "rotation": 270, "texture": "#3"},
				"east": {"uv": [0.85, 0, 1.7, 1.2], "texture": "#3"},
				"south": {"uv": [0.85, 0, 1.7, 1.2], "rotation": 270, "texture": "#3"},
				"west": {"uv": [0.85, 0, 1.7, 1.2], "rotation": 180, "texture": "#3"},
				"up": {"uv": [1.7, 1.2, 0.85, 0], "rotation": 90, "texture": "#3"},
				"down": {"uv": [1.7, 1.2, 0.85, 0], "rotation": 270, "texture": "#3"}
			}
		},
		{
			"from": [4.30786, 2.39392, 10.38716],
			"to": [5.70786, 3.24392, 11.78716],
			"rotation": {"angle": -45, "axis": "z", "origin": [12.25786, -4.00608, 18.33716]},
			"faces": {
				"north": {"uv": [0.85, 0, 1.7, 1.4], "rotation": 270, "texture": "#3"},
				"east": {"uv": [0.85, 0, 1.7, 1.4], "texture": "#3"},
				"south": {"uv": [0.85, 0, 1.7, 1.4], "rotation": 270, "texture": "#3"},
				"west": {"uv": [0.85, 0, 1.7, 1.4], "rotation": 180, "texture": "#3"},
				"up": {"uv": [1.7, 1.4, 0.85, 0], "rotation": 90, "texture": "#3"},
				"down": {"uv": [1.7, 1.4, 0.85, 0], "rotation": 270, "texture": "#3"}
			}
		},
		{
			"from": [14.71671, 2.80995, 10.29402],
			"to": [15.21671, 4.40995, 11.89402],
			"rotation": {"angle": 22.5, "axis": "z", "origin": [7.96671, -3.64005, 18.34402]},
			"faces": {
				"north": {"uv": [0, 1.6, 0.5, 3.2], "rotation": 180, "texture": "#3"},
				"east": {"uv": [0, 1.6, 0.5, 3.2], "rotation": 270, "texture": "#3"},
				"south": {"uv": [0, 1.6, 0.5, 3.2], "rotation": 180, "texture": "#3"},
				"west": {"uv": [0, 1.6, 0.5, 3.2], "rotation": 90, "texture": "#3"},
				"up": {"uv": [0.5, 3.2, 0, 1.6], "texture": "#3"},
				"down": {"uv": [0.5, 3.2, 0, 1.6], "rotation": 180, "texture": "#3"}
			}
		},
		{
			"from": [14.46671, 2.80995, 10.29402],
			"to": [14.71671, 4.40995, 11.89402],
			"rotation": {"angle": 22.5, "axis": "z", "origin": [7.96671, -3.64005, 18.34402]},
			"faces": {
				"north": {"uv": [0, 1.6, 1.6, 3.2], "rotation": 90, "texture": "#3"},
				"east": {"uv": [0, 1.6, 1.6, 3.2], "rotation": 180, "texture": "#3"},
				"south": {"uv": [0, 1.6, 1.6, 3.2], "rotation": 90, "texture": "#3"},
				"west": {"uv": [0, 1.6, 1.6, 3.2], "texture": "#1"},
				"up": {"uv": [1.6, 3.2, 0, 1.6], "rotation": 270, "texture": "#3"},
				"down": {"uv": [1.6, 3.2, 0, 1.6], "rotation": 90, "texture": "#3"}
			}
		},
		{
			"from": [14.36671, 3.00995, 10.49402],
			"to": [14.41671, 3.25995, 10.74402],
			"rotation": {"angle": 22.5, "axis": "z", "origin": [7.96671, -3.64005, 18.34402]},
			"faces": {
				"north": {"uv": [4, 1, 5, 2], "rotation": 90, "texture": "#0"},
				"east": {"uv": [4, 1, 5, 2], "rotation": 180, "texture": "#0"},
				"south": {"uv": [4, 1, 5, 2], "rotation": 90, "texture": "#0"},
				"west": {"uv": [4, 1, 5, 2], "texture": "#0"},
				"up": {"uv": [5, 2, 4, 1], "rotation": 270, "texture": "#0"},
				"down": {"uv": [5, 2, 4, 1], "rotation": 90, "texture": "#0"}
			}
		},
		{
			"from": [14.36671, 2.90995, 10.99402],
			"to": [14.41671, 3.15995, 11.24402],
			"rotation": {"angle": 22.5, "axis": "z", "origin": [7.96671, -3.64005, 18.34402]},
			"faces": {
				"north": {"uv": [4, 1, 5, 2], "rotation": 90, "texture": "#0"},
				"east": {"uv": [4, 1, 5, 2], "rotation": 180, "texture": "#0"},
				"south": {"uv": [4, 1, 5, 2], "rotation": 90, "texture": "#0"},
				"west": {"uv": [4, 1, 5, 2], "texture": "#0"},
				"up": {"uv": [5, 2, 4, 1], "rotation": 270, "texture": "#0"},
				"down": {"uv": [5, 2, 4, 1], "rotation": 90, "texture": "#0"}
			}
		},
		{
			"from": [14.36671, 3.00995, 11.49402],
			"to": [14.41671, 3.25995, 11.74402],
			"rotation": {"angle": 22.5, "axis": "z", "origin": [7.96671, -3.64005, 18.34402]},
			"faces": {
				"north": {"uv": [4, 1, 5, 2], "rotation": 90, "texture": "#0"},
				"east": {"uv": [4, 1, 5, 2], "rotation": 180, "texture": "#0"},
				"south": {"uv": [4, 1, 5, 2], "rotation": 90, "texture": "#0"},
				"west": {"uv": [4, 1, 5, 2], "texture": "#0"},
				"up": {"uv": [5, 2, 4, 1], "rotation": 270, "texture": "#0"},
				"down": {"uv": [5, 2, 4, 1], "rotation": 90, "texture": "#0"}
			}
		},
		{
			"from": [14.36671, 3.50995, 10.39402],
			"to": [14.41671, 3.75995, 10.64402],
			"rotation": {"angle": 22.5, "axis": "z", "origin": [7.96671, -3.64005, 18.34402]},
			"faces": {
				"north": {"uv": [4, 1, 5, 2], "rotation": 90, "texture": "#0"},
				"east": {"uv": [4, 1, 5, 2], "rotation": 180, "texture": "#0"},
				"south": {"uv": [4, 1, 5, 2], "rotation": 90, "texture": "#0"},
				"west": {"uv": [4, 1, 5, 2], "texture": "#0"},
				"up": {"uv": [5, 2, 4, 1], "rotation": 270, "texture": "#0"},
				"down": {"uv": [5, 2, 4, 1], "rotation": 90, "texture": "#0"}
			}
		},
		{
			"from": [14.36671, 3.50995, 11.59402],
			"to": [14.41671, 3.75995, 11.84402],
			"rotation": {"angle": 22.5, "axis": "z", "origin": [7.96671, -3.64005, 18.34402]},
			"faces": {
				"north": {"uv": [4, 1, 5, 2], "rotation": 90, "texture": "#0"},
				"east": {"uv": [4, 1, 5, 2], "rotation": 180, "texture": "#0"},
				"south": {"uv": [4, 1, 5, 2], "rotation": 90, "texture": "#0"},
				"west": {"uv": [4, 1, 5, 2], "texture": "#0"},
				"up": {"uv": [5, 2, 4, 1], "rotation": 270, "texture": "#0"},
				"down": {"uv": [5, 2, 4, 1], "rotation": 90, "texture": "#0"}
			}
		},
		{
			"from": [14.36671, 4.00995, 11.49402],
			"to": [14.41671, 4.25995, 11.74402],
			"rotation": {"angle": 22.5, "axis": "z", "origin": [7.96671, -3.64005, 18.34402]},
			"faces": {
				"north": {"uv": [4, 1, 5, 2], "rotation": 90, "texture": "#0"},
				"east": {"uv": [4, 1, 5, 2], "rotation": 180, "texture": "#0"},
				"south": {"uv": [4, 1, 5, 2], "rotation": 90, "texture": "#0"},
				"west": {"uv": [4, 1, 5, 2], "texture": "#0"},
				"up": {"uv": [5, 2, 4, 1], "rotation": 270, "texture": "#0"},
				"down": {"uv": [5, 2, 4, 1], "rotation": 90, "texture": "#0"}
			}
		},
		{
			"from": [14.36671, 4.10995, 10.99402],
			"to": [14.41671, 4.35995, 11.24402],
			"rotation": {"angle": 22.5, "axis": "z", "origin": [7.96671, -3.64005, 18.34402]},
			"faces": {
				"north": {"uv": [4, 1, 5, 2], "rotation": 90, "texture": "#0"},
				"east": {"uv": [4, 1, 5, 2], "rotation": 180, "texture": "#0"},
				"south": {"uv": [4, 1, 5, 2], "rotation": 90, "texture": "#0"},
				"west": {"uv": [4, 1, 5, 2], "texture": "#0"},
				"up": {"uv": [5, 2, 4, 1], "rotation": 270, "texture": "#0"},
				"down": {"uv": [5, 2, 4, 1], "rotation": 90, "texture": "#0"}
			}
		},
		{
			"from": [14.36671, 4.00995, 10.49402],
			"to": [14.41671, 4.25995, 10.74402],
			"rotation": {"angle": 22.5, "axis": "z", "origin": [7.96671, -3.64005, 18.34402]},
			"faces": {
				"north": {"uv": [4, 1, 5, 2], "rotation": 90, "texture": "#0"},
				"east": {"uv": [4, 1, 5, 2], "rotation": 180, "texture": "#0"},
				"south": {"uv": [4, 1, 5, 2], "rotation": 90, "texture": "#0"},
				"west": {"uv": [4, 1, 5, 2], "texture": "#0"},
				"up": {"uv": [5, 2, 4, 1], "rotation": 270, "texture": "#0"},
				"down": {"uv": [5, 2, 4, 1], "rotation": 90, "texture": "#0"}
			}
		},
		{
			"from": [14.36671, 3.50995, 10.99402],
			"to": [14.41671, 3.75995, 11.24402],
			"rotation": {"angle": 22.5, "axis": "z", "origin": [7.96671, -3.64005, 18.34402]},
			"faces": {
				"north": {"uv": [4, 1, 5, 2], "rotation": 90, "texture": "#0"},
				"east": {"uv": [4, 1, 5, 2], "rotation": 180, "texture": "#0"},
				"south": {"uv": [4, 1, 5, 2], "rotation": 90, "texture": "#0"},
				"west": {"uv": [4, 1, 5, 2], "texture": "#0"},
				"up": {"uv": [5, 2, 4, 1], "rotation": 270, "texture": "#0"},
				"down": {"uv": [5, 2, 4, 1], "rotation": 90, "texture": "#0"}
			}
		},
		{
			"from": [14.36995, 2.81317, 11.89401],
			"to": [14.61995, 4.41317, 12.19401],
			"rotation": {"angle": 22.5, "axis": "z", "origin": [7.96995, -3.63683, 20.19401]},
			"faces": {
				"north": {"uv": [3, 1, 4, 2], "rotation": 90, "texture": "#0"},
				"east": {"uv": [3, 1, 4, 2], "rotation": 180, "texture": "#0"},
				"south": {"uv": [3, 1, 4, 2], "rotation": 90, "texture": "#0"},
				"west": {"uv": [3, 1, 4, 2], "texture": "#0"},
				"up": {"uv": [4, 2, 3, 1], "rotation": 270, "texture": "#0"},
				"down": {"uv": [4, 2, 3, 1], "rotation": 90, "texture": "#0"}
			}
		},
		{
			"from": [14.36662, 2.80986, 9.99402],
			"to": [14.61662, 4.40986, 10.29402],
			"rotation": {"angle": 22.5, "axis": "z", "origin": [7.96662, -3.64014, 18.29402]},
			"faces": {
				"north": {"uv": [3, 1, 4, 2], "rotation": 90, "texture": "#0"},
				"east": {"uv": [3, 1, 4, 2], "rotation": 180, "texture": "#0"},
				"south": {"uv": [3, 1, 4, 2], "rotation": 90, "texture": "#0"},
				"west": {"uv": [3, 1, 4, 2], "texture": "#0"},
				"up": {"uv": [4, 2, 3, 1], "rotation": 270, "texture": "#0"},
				"down": {"uv": [4, 2, 3, 1], "rotation": 90, "texture": "#0"}
			}
		},
		{
			"from": [14.40464, 2.56732, 10.29413],
			"to": [14.65464, 2.81732, 11.89413],
			"rotation": {"angle": 22.5, "axis": "z", "origin": [8.00464, -3.73268, 20.09413]},
			"faces": {
				"north": {"uv": [3, 1, 4, 2], "rotation": 90, "texture": "#0"},
				"east": {"uv": [3, 1, 4, 2], "rotation": 180, "texture": "#0"},
				"south": {"uv": [3, 1, 4, 2], "rotation": 90, "texture": "#0"},
				"west": {"uv": [3, 1, 4, 2], "texture": "#0"},
				"up": {"uv": [4, 2, 3, 1], "rotation": 270, "texture": "#0"},
				"down": {"uv": [4, 2, 3, 1], "rotation": 90, "texture": "#0"}
			}
		},
		{
			"from": [13.7, 4.27797, 10.29227],
			"to": [13.95, 4.52797, 11.89227],
			"rotation": {"angle": 22.5, "axis": "z", "origin": [7.3, -2.02203, 20.09227]},
			"faces": {
				"north": {"uv": [3, 1, 4, 2], "rotation": 90, "texture": "#0"},
				"east": {"uv": [3, 1, 4, 2], "rotation": 180, "texture": "#0"},
				"south": {"uv": [3, 1, 4, 2], "rotation": 90, "texture": "#0"},
				"west": {"uv": [3, 1, 4, 2], "texture": "#0"},
				"up": {"uv": [4, 2, 3, 1], "rotation": 270, "texture": "#0"},
				"down": {"uv": [4, 2, 3, 1], "rotation": 90, "texture": "#0"}
			}
		},
		{
			"from": [11.40424, 6.3234, 10.81843],
			"to": [11.65424, 7.8234, 11.31843],
			"rotation": {"angle": 22.5, "axis": "z", "origin": [11.65424, 7.3234, 11.31843]},
			"faces": {
				"north": {"uv": [0, 1.5, 0.5, 3], "rotation": 90, "texture": "#1"},
				"east": {"uv": [0, 1.5, 0.5, 3], "rotation": 180, "texture": "#1"},
				"south": {"uv": [0, 1.5, 0.5, 3], "rotation": 90, "texture": "#1"},
				"west": {"uv": [0, 1.5, 0.5, 3], "texture": "#1"},
				"up": {"uv": [0.5, 3, 0, 1.5], "rotation": 270, "texture": "#1"},
				"down": {"uv": [0.5, 3, 0, 1.5], "rotation": 90, "texture": "#1"}
			}
		},
		{
			"from": [1.34402, 8.93789, 11.9331],
			"to": [2.54402, 9.93789, 13.1331],
			"faces": {
				"north": {"uv": [3, 1, 4, 1.5], "rotation": 270, "texture": "#1"},
				"east": {"uv": [3, 1, 4, 1.5], "rotation": 270, "texture": "#1"},
				"south": {"uv": [3, 1, 4, 1.5], "rotation": 270, "texture": "#1"},
				"west": {"uv": [3, 1, 4, 1.5], "rotation": 270, "texture": "#1"},
				"up": {"uv": [3, 1, 4, 1.5], "texture": "#1"},
				"down": {"uv": [3, 1, 4, 1.5], "rotation": 180, "texture": "#1"}
			}
		},
		{
			"from": [1.24402, 9.78789, 11.8331],
			"to": [2.64402, 10.18789, 13.2331],
			"faces": {
				"north": {"uv": [3, 1, 4, 1.5], "rotation": 270, "texture": "#0"},
				"east": {"uv": [3, 1, 4, 1.5], "rotation": 270, "texture": "#0"},
				"south": {"uv": [3, 1, 4, 1.5], "rotation": 270, "texture": "#0"},
				"west": {"uv": [3, 1, 4, 1.5], "rotation": 270, "texture": "#0"},
				"up": {"uv": [3, 1, 4, 1.5], "texture": "#0"},
				"down": {"uv": [3, 1, 4, 1.5], "rotation": 180, "texture": "#0"}
			}
		},
		{
			"from": [1.34402, 10.18789, 11.9331],
			"to": [2.54402, 10.48789, 13.1331],
			"faces": {
				"north": {"uv": [3, 1, 4, 1.5], "rotation": 270, "texture": "#0"},
				"east": {"uv": [3, 1, 4, 1.5], "rotation": 270, "texture": "#0"},
				"south": {"uv": [3, 1, 4, 1.5], "rotation": 270, "texture": "#0"},
				"west": {"uv": [3, 1, 4, 1.5], "rotation": 270, "texture": "#0"},
				"up": {"uv": [3, 1, 4, 1.5], "texture": "#0"},
				"down": {"uv": [3, 1, 4, 1.5], "rotation": 180, "texture": "#0"}
			}
		},
		{
			"from": [1.54402, 10.48789, 12.1331],
			"to": [2.34402, 10.98789, 12.9331],
			"faces": {
				"north": {"uv": [3, 1, 4, 1.5], "rotation": 270, "texture": "#0"},
				"east": {"uv": [3, 1, 4, 1.5], "rotation": 270, "texture": "#0"},
				"south": {"uv": [3, 1, 4, 1.5], "rotation": 270, "texture": "#0"},
				"west": {"uv": [3, 1, 4, 1.5], "rotation": 270, "texture": "#0"},
				"up": {"uv": [3, 1, 4, 1.5], "texture": "#0"},
				"down": {"uv": [3, 1, 4, 1.5], "rotation": 180, "texture": "#0"}
			}
		},
		{
			"from": [1.54446, 16.95427, 6.3385],
			"to": [2.34446, 17.50427, 7.1385],
			"rotation": {"angle": 22.5, "axis": "x", "origin": [3.44446, -0.59573, -5.7615]},
			"faces": {
				"north": {"uv": [3, 1, 4, 1.5], "rotation": 270, "texture": "#0"},
				"east": {"uv": [3, 1, 4, 1.5], "rotation": 270, "texture": "#0"},
				"south": {"uv": [3, 1, 4, 1.5], "rotation": 270, "texture": "#0"},
				"west": {"uv": [3, 1, 4, 1.5], "rotation": 270, "texture": "#0"},
				"up": {"uv": [3, 1, 4, 1.5], "texture": "#0"},
				"down": {"uv": [3, 1, 4, 1.5], "rotation": 180, "texture": "#0"}
			}
		},
		{
			"from": [1.54447, 25.19235, 3.47826],
			"to": [2.34447, 25.74235, 4.27826],
			"rotation": {"angle": 45, "axis": "x", "origin": [3.44447, 7.64235, -8.62174]},
			"faces": {
				"north": {"uv": [3, 1, 4, 1.5], "rotation": 270, "texture": "#0"},
				"east": {"uv": [3, 1, 4, 1.5], "rotation": 270, "texture": "#0"},
				"south": {"uv": [3, 1, 4, 1.5], "rotation": 270, "texture": "#0"},
				"west": {"uv": [3, 1, 4, 1.5], "rotation": 270, "texture": "#0"},
				"up": {"uv": [3, 1, 4, 1.5], "texture": "#0"},
				"down": {"uv": [3, 1, 4, 1.5], "rotation": 180, "texture": "#0"}
			}
		},
		{
			"from": [1.54452, 3.44795, 9.43826],
			"to": [2.34452, 4.24795, 9.98826],
			"rotation": {"angle": -22.5, "axis": "x", "origin": [3.44452, 16.34795, -8.11174]},
			"faces": {
				"north": {"uv": [3, 1, 4, 1.5], "rotation": 180, "texture": "#0"},
				"east": {"uv": [3, 1, 4, 1.5], "rotation": 180, "texture": "#0"},
				"south": {"uv": [3, 1, 4, 1.5], "rotation": 180, "texture": "#0"},
				"west": {"uv": [3, 1, 4, 1.5], "rotation": 180, "texture": "#0"},
				"up": {"uv": [3, 1, 4, 1.5], "rotation": 270, "texture": "#0"},
				"down": {"uv": [3, 1, 4, 1.5], "rotation": 90, "texture": "#0"}
			}
		},
		{
			"from": [1.5446, 11.29572, 13.24088],
			"to": [2.3446, 12.09572, 15.79088],
			"faces": {
				"north": {"uv": [3, 1, 4, 1.5], "rotation": 180, "texture": "#0"},
				"east": {"uv": [3, 1, 4, 1.5], "rotation": 180, "texture": "#0"},
				"south": {"uv": [3, 1, 4, 1.5], "rotation": 180, "texture": "#0"},
				"west": {"uv": [3, 1, 4, 1.5], "rotation": 180, "texture": "#0"},
				"up": {"uv": [3, 1, 4, 1.5], "rotation": 270, "texture": "#0"},
				"down": {"uv": [3, 1, 4, 1.5], "rotation": 90, "texture": "#0"}
			}
		},
		{
			"from": [1.3446, 11.09572, 13.99088],
			"to": [2.5446, 12.29572, 15.19088],
			"faces": {
				"north": {"uv": [3, 1, 4, 1.5], "rotation": 180, "texture": "#0"},
				"east": {"uv": [3, 1, 4, 1.5], "rotation": 180, "texture": "#0"},
				"south": {"uv": [3, 1, 4, 1.5], "rotation": 180, "texture": "#0"},
				"west": {"uv": [3, 1, 4, 1.5], "rotation": 180, "texture": "#0"},
				"up": {"uv": [3, 1, 4, 1.5], "rotation": 270, "texture": "#0"},
				"down": {"uv": [3, 1, 4, 1.5], "rotation": 90, "texture": "#0"}
			}
		},
		{
			"from": [1.5946, 12.09572, 14.24088],
			"to": [2.2946, 12.79572, 14.94088],
			"faces": {
				"north": {"uv": [3, 1, 4, 1.5], "rotation": 180, "texture": "#0"},
				"east": {"uv": [3, 1, 4, 1.5], "rotation": 180, "texture": "#0"},
				"south": {"uv": [3, 1, 4, 1.5], "rotation": 180, "texture": "#0"},
				"west": {"uv": [3, 1, 4, 1.5], "rotation": 180, "texture": "#0"},
				"up": {"uv": [3, 1, 4, 1.5], "rotation": 270, "texture": "#0"},
				"down": {"uv": [3, 1, 4, 1.5], "rotation": 90, "texture": "#0"}
			}
		},
		{
			"from": [1.2946, 11.04572, 15.74088],
			"to": [2.5946, 12.34572, 15.99088],
			"faces": {
				"north": {"uv": [3, 1, 4, 1.5], "rotation": 180, "texture": "#0"},
				"east": {"uv": [3, 1, 4, 1.5], "rotation": 180, "texture": "#0"},
				"south": {"uv": [3, 1, 4, 1.5], "rotation": 180, "texture": "#0"},
				"west": {"uv": [3, 1, 4, 1.5], "rotation": 180, "texture": "#0"},
				"up": {"uv": [3, 1, 4, 1.5], "rotation": 270, "texture": "#0"},
				"down": {"uv": [3, 1, 4, 1.5], "rotation": 90, "texture": "#0"}
			}
		},
		{
			"from": [1.6946, 12.69572, 14.34088],
			"to": [2.1946, 13.94572, 14.84088],
			"faces": {
				"north": {"uv": [3, 1, 4, 1.5], "rotation": 180, "texture": "#0"},
				"east": {"uv": [3, 1, 4, 1.5], "rotation": 180, "texture": "#0"},
				"south": {"uv": [3, 1, 4, 1.5], "rotation": 180, "texture": "#0"},
				"west": {"uv": [3, 1, 4, 1.5], "rotation": 180, "texture": "#0"},
				"up": {"uv": [3, 1, 4, 1.5], "rotation": 270, "texture": "#0"},
				"down": {"uv": [3, 1, 4, 1.5], "rotation": 90, "texture": "#0"}
			}
		},
		{
			"from": [0.7946, 13.44572, 14.44088],
			"to": [3.0946, 13.74572, 14.74088],
			"faces": {
				"north": {"uv": [3, 1, 4, 1.5], "rotation": 180, "texture": "#0"},
				"east": {"uv": [3, 1, 4, 1.5], "rotation": 180, "texture": "#0"},
				"south": {"uv": [3, 1, 4, 1.5], "rotation": 180, "texture": "#0"},
				"west": {"uv": [3, 1, 4, 1.5], "rotation": 180, "texture": "#0"},
				"up": {"uv": [3, 1, 4, 1.5], "rotation": 270, "texture": "#0"},
				"down": {"uv": [3, 1, 4, 1.5], "rotation": 90, "texture": "#0"}
			}
		},
		{
			"from": [2.8946, 13.34572, 14.34088],
			"to": [3.3946, 13.84572, 14.84088],
			"faces": {
				"north": {"uv": [3, 1, 4, 1.5], "rotation": 180, "texture": "#0"},
				"east": {"uv": [3, 1, 4, 1.5], "rotation": 180, "texture": "#0"},
				"south": {"uv": [3, 1, 4, 1.5], "rotation": 180, "texture": "#0"},
				"west": {"uv": [3, 1, 4, 1.5], "rotation": 180, "texture": "#0"},
				"up": {"uv": [3, 1, 4, 1.5], "rotation": 270, "texture": "#0"},
				"down": {"uv": [3, 1, 4, 1.5], "rotation": 90, "texture": "#0"}
			}
		},
		{
			"from": [0.4946, 13.34572, 14.34088],
			"to": [0.9946, 13.84572, 14.84088],
			"faces": {
				"north": {"uv": [3, 1, 4, 1.5], "rotation": 180, "texture": "#0"},
				"east": {"uv": [3, 1, 4, 1.5], "rotation": 180, "texture": "#0"},
				"south": {"uv": [3, 1, 4, 1.5], "rotation": 180, "texture": "#0"},
				"west": {"uv": [3, 1, 4, 1.5], "rotation": 180, "texture": "#0"},
				"up": {"uv": [3, 1, 4, 1.5], "rotation": 270, "texture": "#0"},
				"down": {"uv": [3, 1, 4, 1.5], "rotation": 90, "texture": "#0"}
			}
		},
		{
			"from": [11, 13.7, 11.9],
			"to": [11.5, 14.2, 16],
			"faces": {
				"north": {"uv": [5, 0, 6, 1], "texture": "#0"},
				"east": {"uv": [5, 0, 6, 1], "texture": "#0"},
				"south": {"uv": [5, 0, 6, 1], "texture": "#0"},
				"west": {"uv": [5, 0, 6, 1], "texture": "#0"},
				"up": {"uv": [5, 0, 6, 1], "texture": "#0"},
				"down": {"uv": [5, 0, 6, 1], "texture": "#0"}
			}
		},
		{
			"from": [11.00154, 13.86649, 11.30333],
			"to": [11.50154, 14.36649, 12.05333],
			"rotation": {"angle": 22.5, "axis": "x", "origin": [10.80154, 14.16649, 11.55333]},
			"faces": {
				"north": {"uv": [5, 0, 6, 1], "rotation": 180, "texture": "#0"},
				"east": {"uv": [5, 0, 6, 1], "rotation": 180, "texture": "#0"},
				"south": {"uv": [5, 0, 6, 1], "rotation": 180, "texture": "#0"},
				"west": {"uv": [5, 0, 6, 1], "rotation": 180, "texture": "#0"},
				"up": {"uv": [5, 0, 6, 1], "rotation": 180, "texture": "#0"},
				"down": {"uv": [5, 0, 6, 1], "rotation": 180, "texture": "#0"}
			}
		},
		{
			"from": [11.00002, 14.25153, 11.06681],
			"to": [11.50002, 14.75153, 11.56681],
			"rotation": {"angle": 45, "axis": "x", "origin": [10.80002, 14.55153, 11.06681]},
			"faces": {
				"north": {"uv": [5, 0, 6, 1], "rotation": 180, "texture": "#0"},
				"east": {"uv": [5, 0, 6, 1], "rotation": 180, "texture": "#0"},
				"south": {"uv": [5, 0, 6, 1], "rotation": 180, "texture": "#0"},
				"west": {"uv": [5, 0, 6, 1], "rotation": 180, "texture": "#0"},
				"up": {"uv": [5, 0, 6, 1], "rotation": 180, "texture": "#0"},
				"down": {"uv": [5, 0, 6, 1], "rotation": 180, "texture": "#0"}
			}
		},
		{
			"from": [10.99917, 14.41637, 10.64114],
			"to": [11.49917, 14.91637, 11.14114],
			"rotation": {"angle": -22.5, "axis": "x", "origin": [10.79917, 14.91637, 10.94114]},
			"faces": {
				"north": {"uv": [5, 0, 6, 1], "rotation": 180, "texture": "#0"},
				"east": {"uv": [5, 0, 6, 1], "rotation": 180, "texture": "#0"},
				"south": {"uv": [5, 0, 6, 1], "rotation": 180, "texture": "#0"},
				"west": {"uv": [5, 0, 6, 1], "rotation": 180, "texture": "#0"},
				"up": {"uv": [5, 0, 6, 1], "rotation": 180, "texture": "#0"},
				"down": {"uv": [5, 0, 6, 1], "rotation": 180, "texture": "#0"}
			}
		},
		{
			"from": [10.99853, 14.80152, 10.66465],
			"to": [11.49853, 15.30152, 11.16465],
			"faces": {
				"north": {"uv": [5, 0, 6, 1], "rotation": 180, "texture": "#0"},
				"east": {"uv": [5, 0, 6, 1], "rotation": 180, "texture": "#0"},
				"south": {"uv": [5, 0, 6, 1], "rotation": 180, "texture": "#0"},
				"west": {"uv": [5, 0, 6, 1], "rotation": 180, "texture": "#0"},
				"up": {"uv": [5, 0, 6, 1], "rotation": 180, "texture": "#0"},
				"down": {"uv": [5, 0, 6, 1], "rotation": 180, "texture": "#0"}
			}
		},
		{
			"from": [10.86014, 14.99534, 10.66523],
			"to": [11.36014, 15.49534, 11.16523],
			"rotation": {"angle": 22.5, "axis": "z", "origin": [10.66014, 15.49534, 10.96523]},
			"faces": {
				"north": {"uv": [5, 0, 6, 1], "rotation": 180, "texture": "#0"},
				"east": {"uv": [5, 0, 6, 1], "rotation": 180, "texture": "#0"},
				"south": {"uv": [5, 0, 6, 1], "rotation": 180, "texture": "#0"},
				"west": {"uv": [5, 0, 6, 1], "rotation": 180, "texture": "#0"},
				"up": {"uv": [5, 0, 6, 1], "rotation": 180, "texture": "#0"},
				"down": {"uv": [5, 0, 6, 1], "rotation": 180, "texture": "#0"}
			}
		},
		{
			"from": [11.36644, 15.41558, 10.66333],
			"to": [11.86644, 15.91558, 11.16333],
			"rotation": {"angle": 45, "axis": "z", "origin": [11.16644, 14.91558, 10.96333]},
			"faces": {
				"north": {"uv": [5, 0, 6, 1], "rotation": 180, "texture": "#0"},
				"east": {"uv": [5, 0, 6, 1], "rotation": 180, "texture": "#0"},
				"south": {"uv": [5, 0, 6, 1], "rotation": 180, "texture": "#0"},
				"west": {"uv": [5, 0, 6, 1], "rotation": 180, "texture": "#0"},
				"up": {"uv": [5, 0, 6, 1], "rotation": 180, "texture": "#0"},
				"down": {"uv": [5, 0, 6, 1], "rotation": 180, "texture": "#0"}
			}
		},
		{
			"from": [10.14774, 15.47957, 10.664],
			"to": [10.64774, 15.97957, 11.164],
			"rotation": {"angle": -22.5, "axis": "z", "origin": [11.14774, 15.27957, 10.964]},
			"faces": {
				"north": {"uv": [5, 0, 6, 1], "rotation": 270, "texture": "#0"},
				"east": {"uv": [5, 0, 6, 1], "rotation": 270, "texture": "#0"},
				"south": {"uv": [5, 0, 6, 1], "rotation": 270, "texture": "#0"},
				"west": {"uv": [5, 0, 6, 1], "rotation": 270, "texture": "#0"},
				"up": {"uv": [5, 0, 6, 1], "rotation": 270, "texture": "#0"},
				"down": {"uv": [5, 0, 6, 1], "rotation": 270, "texture": "#0"}
			}
		},
		{
			"from": [8.99116, 15.80869, 10.66485],
			"to": [10.49116, 16.30869, 11.16485],
			"faces": {
				"north": {"uv": [5, 0, 6, 1], "rotation": 270, "texture": "#0"},
				"east": {"uv": [5, 0, 6, 1], "rotation": 270, "texture": "#0"},
				"south": {"uv": [5, 0, 6, 1], "rotation": 270, "texture": "#0"},
				"west": {"uv": [5, 0, 6, 1], "rotation": 270, "texture": "#0"},
				"up": {"uv": [5, 0, 6, 1], "rotation": 270, "texture": "#0"},
				"down": {"uv": [5, 0, 6, 1], "rotation": 270, "texture": "#0"}
			}
		},
		{
			"from": [8.83515, 15.48608, 10.65808],
			"to": [9.33515, 15.98608, 11.15808],
			"rotation": {"angle": 22.5, "axis": "z", "origin": [8.33515, 15.28608, 10.95808]},
			"faces": {
				"north": {"uv": [5, 0, 6, 1], "rotation": 270, "texture": "#0"},
				"east": {"uv": [5, 0, 6, 1], "rotation": 270, "texture": "#0"},
				"south": {"uv": [5, 0, 6, 1], "rotation": 270, "texture": "#0"},
				"west": {"uv": [5, 0, 6, 1], "rotation": 270, "texture": "#0"},
				"up": {"uv": [5, 0, 6, 1], "rotation": 270, "texture": "#0"},
				"down": {"uv": [5, 0, 6, 1], "rotation": 270, "texture": "#0"}
			}
		},
		{
			"from": [7.61645, 15.42209, 10.65741],
			"to": [8.11645, 15.92209, 11.15741],
			"rotation": {"angle": -45, "axis": "z", "origin": [8.31645, 14.92209, 10.95741]},
			"faces": {
				"north": {"uv": [5, 0, 6, 1], "rotation": 180, "texture": "#0"},
				"east": {"uv": [5, 0, 6, 1], "rotation": 180, "texture": "#0"},
				"south": {"uv": [5, 0, 6, 1], "rotation": 180, "texture": "#0"},
				"west": {"uv": [5, 0, 6, 1], "rotation": 180, "texture": "#0"},
				"up": {"uv": [5, 0, 6, 1], "rotation": 180, "texture": "#0"},
				"down": {"uv": [5, 0, 6, 1], "rotation": 180, "texture": "#0"}
			}
		},
		{
			"from": [8.12275, 15.00185, 10.65931],
			"to": [8.62275, 15.50185, 11.15931],
			"rotation": {"angle": -22.5, "axis": "z", "origin": [8.82275, 15.50185, 10.95931]},
			"faces": {
				"north": {"uv": [5, 0, 6, 1], "rotation": 180, "texture": "#0"},
				"east": {"uv": [5, 0, 6, 1], "rotation": 180, "texture": "#0"},
				"south": {"uv": [5, 0, 6, 1], "rotation": 180, "texture": "#0"},
				"west": {"uv": [5, 0, 6, 1], "rotation": 180, "texture": "#0"},
				"up": {"uv": [5, 0, 6, 1], "rotation": 180, "texture": "#0"},
				"down": {"uv": [5, 0, 6, 1], "rotation": 180, "texture": "#0"}
			}
		},
		{
			"from": [7.98436, 14.80803, 10.65873],
			"to": [8.48436, 15.30803, 11.15873],
			"faces": {
				"north": {"uv": [5, 0, 6, 1], "rotation": 180, "texture": "#0"},
				"east": {"uv": [5, 0, 6, 1], "rotation": 180, "texture": "#0"},
				"south": {"uv": [5, 0, 6, 1], "rotation": 180, "texture": "#0"},
				"west": {"uv": [5, 0, 6, 1], "rotation": 180, "texture": "#0"},
				"up": {"uv": [5, 0, 6, 1], "rotation": 180, "texture": "#0"},
				"down": {"uv": [5, 0, 6, 1], "rotation": 180, "texture": "#0"}
			}
		},
		{
			"from": [7.98372, 14.42288, 10.63522],
			"to": [8.48372, 14.92288, 11.13522],
			"rotation": {"angle": -22.5, "axis": "x", "origin": [8.68372, 14.92288, 10.93522]},
			"faces": {
				"north": {"uv": [5, 0, 6, 1], "rotation": 180, "texture": "#0"},
				"east": {"uv": [5, 0, 6, 1], "rotation": 180, "texture": "#0"},
				"south": {"uv": [5, 0, 6, 1], "rotation": 180, "texture": "#0"},
				"west": {"uv": [5, 0, 6, 1], "rotation": 180, "texture": "#0"},
				"up": {"uv": [5, 0, 6, 1], "rotation": 180, "texture": "#0"},
				"down": {"uv": [5, 0, 6, 1], "rotation": 180, "texture": "#0"}
			}
		},
		{
			"from": [7.98287, 14.25805, 11.06089],
			"to": [8.48287, 14.75805, 11.56089],
			"rotation": {"angle": 45, "axis": "x", "origin": [8.68287, 14.55805, 11.06089]},
			"faces": {
				"north": {"uv": [5, 0, 6, 1], "rotation": 180, "texture": "#0"},
				"east": {"uv": [5, 0, 6, 1], "rotation": 180, "texture": "#0"},
				"south": {"uv": [5, 0, 6, 1], "rotation": 180, "texture": "#0"},
				"west": {"uv": [5, 0, 6, 1], "rotation": 180, "texture": "#0"},
				"up": {"uv": [5, 0, 6, 1], "rotation": 180, "texture": "#0"},
				"down": {"uv": [5, 0, 6, 1], "rotation": 180, "texture": "#0"}
			}
		},
		{
			"from": [7.98135, 13.87301, 11.29741],
			"to": [8.48135, 14.37301, 12.04741],
			"rotation": {"angle": 22.5, "axis": "x", "origin": [8.68135, 14.17301, 11.54741]},
			"faces": {
				"north": {"uv": [5, 0, 6, 1], "rotation": 180, "texture": "#0"},
				"east": {"uv": [5, 0, 6, 1], "rotation": 180, "texture": "#0"},
				"south": {"uv": [5, 0, 6, 1], "rotation": 180, "texture": "#0"},
				"west": {"uv": [5, 0, 6, 1], "rotation": 180, "texture": "#0"},
				"up": {"uv": [5, 0, 6, 1], "rotation": 180, "texture": "#0"},
				"down": {"uv": [5, 0, 6, 1], "rotation": 180, "texture": "#0"}
			}
		},
		{
			"from": [7.98093, 13.70484, 11.89463],
			"to": [8.48093, 14.20484, 15.99463],
			"faces": {
				"north": {"uv": [5, 0, 6, 1], "texture": "#0"},
				"east": {"uv": [5, 0, 6, 1], "texture": "#0"},
				"south": {"uv": [5, 0, 6, 1], "texture": "#0"},
				"west": {"uv": [5, 0, 6, 1], "texture": "#0"},
				"up": {"uv": [5, 0, 6, 1], "texture": "#0"},
				"down": {"uv": [5, 0, 6, 1], "texture": "#0"}
			}
		},
		{
			"from": [10.99996, 10.6102, 15.49952],
			"to": [11.49996, 13.7102, 15.99952],
			"faces": {
				"north": {"uv": [5, 0, 6, 1], "rotation": 180, "texture": "#0"},
				"east": {"uv": [5, 0, 6, 1], "rotation": 180, "texture": "#0"},
				"south": {"uv": [5, 0, 6, 1], "rotation": 180, "texture": "#0"},
				"west": {"uv": [5, 0, 6, 1], "rotation": 180, "texture": "#0"},
				"up": {"uv": [5, 0, 6, 1], "rotation": 180, "texture": "#0"},
				"down": {"uv": [5, 0, 6, 1], "rotation": 180, "texture": "#0"}
			}
		},
		{
			"from": [7.98089, 10.60483, 15.49467],
			"to": [8.48089, 13.70483, 15.99467],
			"faces": {
				"north": {"uv": [5, 0, 6, 1], "rotation": 180, "texture": "#0"},
				"east": {"uv": [5, 0, 6, 1], "rotation": 180, "texture": "#0"},
				"south": {"uv": [5, 0, 6, 1], "rotation": 180, "texture": "#0"},
				"west": {"uv": [5, 0, 6, 1], "rotation": 180, "texture": "#0"},
				"up": {"uv": [5, 0, 6, 1], "rotation": 180, "texture": "#0"},
				"down": {"uv": [5, 0, 6, 1], "rotation": 180, "texture": "#0"}
			}
		},
		{
			"from": [11.09996, 16.0102, 13.69952],
			"to": [11.39996, 19.1102, 13.99952],
			"rotation": {"angle": -45, "axis": "x", "origin": [7.79996, 16.0102, 19.99952]},
			"faces": {
				"north": {"uv": [5, 0, 6, 1], "rotation": 180, "texture": "#0"},
				"east": {"uv": [5, 0, 6, 1], "rotation": 180, "texture": "#0"},
				"south": {"uv": [5, 0, 6, 1], "rotation": 180, "texture": "#0"},
				"west": {"uv": [5, 0, 6, 1], "rotation": 180, "texture": "#0"},
				"up": {"uv": [5, 0, 6, 1], "rotation": 180, "texture": "#0"},
				"down": {"uv": [5, 0, 6, 1], "rotation": 180, "texture": "#0"}
			}
		},
		{
			"from": [8.08089, 16.00483, 13.69467],
			"to": [8.38089, 19.10483, 13.99467],
			"rotation": {"angle": -45, "axis": "x", "origin": [7.79996, 16.0102, 19.99952]},
			"faces": {
				"north": {"uv": [5, 0, 6, 1], "rotation": 180, "texture": "#0"},
				"east": {"uv": [5, 0, 6, 1], "rotation": 180, "texture": "#0"},
				"south": {"uv": [5, 0, 6, 1], "rotation": 180, "texture": "#0"},
				"west": {"uv": [5, 0, 6, 1], "rotation": 180, "texture": "#0"},
				"up": {"uv": [5, 0, 6, 1], "rotation": 180, "texture": "#0"},
				"down": {"uv": [5, 0, 6, 1], "rotation": 180, "texture": "#0"}
			}
		}
	],
	"display": {
		"thirdperson_righthand": {
			"rotation": [75, 45, 0],
			"translation": [-1, 2.5, -0.75],
			"scale": [0.375, 0.375, 0.375]
		},
		"thirdperson_lefthand": {
			"rotation": [75, 45, 0],
			"translation": [-1, 2.5, -0.75],
			"scale": [0.375, 0.375, 0.375]
		},
		"firstperson_righthand": {
			"rotation": [0, 124, 0],
			"translation": [-2.25, 2.75, 2.25],
			"scale": [0.4, 0.4, 0.4]
		},
		"firstperson_lefthand": {
			"rotation": [0, 124, 0],
			"translation": [-2.25, 2.75, 2.25],
			"scale": [0.4, 0.4, 0.4]
		},
		"ground": {
			"translation": [0, 3.25, 0]
		},
		"gui": {
			"rotation": [30, -160, 0],
			"translation": [1.75, -2.25, 0],
			"scale": [0.8, 0.8, 0.8]
		},
		"head": {
			"rotation": [0, -180, 0],
			"translation": [-1, -1, 14.25]
		},
		"fixed": {
			"translation": [0, 8, -23],
			"scale": [3, 3, 3]
		}
	},
	"groups": [
		{
			"name": "coils",
			"origin": [8, 8, 8],
			"children": [
				{
					"name": "hose1",
					"origin": [8, 8, 8],
					"children": [0, 1, 2, 3, 4, 5, 6, 7, 8, 9, 10, 11, 12, 13, 14, 15]
				},
				{
					"name": "hose2",
					"origin": [8, 8, 8],
					"children": [16, 17, 18, 19, 20, 21, 22, 23, 24, 25, 26, 27, 28, 29, 30, 31]
				},
				{
					"name": "hose3",
					"origin": [8, 8, 8],
					"children": [32, 33, 34, 35, 36, 37, 38, 39, 40, 41, 42, 43, 44, 45, 46, 47]
				},
				{
					"name": "hose4",
					"origin": [8, 8, 8],
					"children": [48, 49, 50, 51, 52, 53, 54, 55, 56, 57, 58, 59, 60, 61, 62, 63]
				}
			]
		},
		{
			"name": "Handle Hose",
			"origin": [8, 8, 8],
			"children": [64, 65, 66, 67]
		},
		{
			"name": "to the spout",
			"origin": [8, 8, 8],
			"children": [68, 69, 70, 71, 72, 73, 74, 75, 76]
		},
		{
			"name": "Sprayer",
			"origin": [8, 8, 8],
			"children": [77, 78, 79, 80, 81, 82, 83, 84, 85, 86, 87, 88, 89, 90, 91, 92, 93, 94, 95, 96, 97]
		},
		{
			"name": "Faucet",
			"origin": [8, 8, 8],
			"children": [98, 99, 100, 101, 102, 103, 104, 105, 106, 107, 108, 109, 110, 111, 112]
		}, 113, 114, 115, 116, 117, 118, 119, 120, 121, 122, 123, 124, 125, 126, 127, 128, 129, 130, 131, 132, 133]
}