{
	"credit": "Made with Blockbench",
	"textures": {
		"0": "block/MizunoArchive/anvil_top",
		"1": "block/MizunoArchive/light_gray_concrete",
		"2": "block/MizunoArchive/green_terracotta",
		"3": "block/MizunoArchive/yellow_terracotta",
		"particle": "block/MizunoArchive/anvil_top"
	},
	"elements": [
		{
			"from": [0.7966, 0, 4.25721],
			"to": [1.7966, 1, 9.25721],
			"faces": {
				"north": {"uv": [0, 0, 0.5, 0.5], "texture": "#2"},
				"east": {"uv": [0, 0, 2.5, 0.5], "texture": "#2"},
				"south": {"uv": [0, 0, 0.5, 0.5], "texture": "#2"},
				"west": {"uv": [0, 0, 2.5, 0.5], "texture": "#2"},
				"up": {"uv": [0, 0, 0.5, 2.5], "texture": "#2"},
				"down": {"uv": [0, 0, 0.5, 2.5], "texture": "#2"}
			}
		},
		{
			"from": [1.10585, -0.00215, 8.79787],
			"to": [2.10585, 0.99785, 10.79787],
			"rotation": {"angle": 22.5, "axis": "y", "origin": [2.10585, 0.99785, 9.79787]},
			"faces": {
				"north": {"uv": [0, 0, 0.5, 0.5], "texture": "#2"},
				"east": {"uv": [0, 0, 1, 0.5], "texture": "#2"},
				"south": {"uv": [0, 0, 0.5, 0.5], "texture": "#2"},
				"west": {"uv": [0, 0, 1, 0.5], "texture": "#2"},
				"up": {"uv": [0, 0, 0.5, 1], "texture": "#2"},
				"down": {"uv": [0, 0, 0.5, 1], "texture": "#2"}
			}
		},
		{
			"from": [1.98114, -0.00291, 10.1029],
			"to": [2.98114, 0.99709, 12.1029],
			"rotation": {"angle": 45, "axis": "y", "origin": [2.98114, 0.99709, 11.1029]},
			"faces": {
				"north": {"uv": [0, 0, 0.5, 0.5], "texture": "#2"},
				"east": {"uv": [0, 0, 1, 0.5], "texture": "#2"},
				"south": {"uv": [0, 0, 0.5, 0.5], "texture": "#2"},
				"west": {"uv": [0, 0, 1, 0.5], "texture": "#2"},
				"up": {"uv": [0, 0, 0.5, 1], "texture": "#2"},
				"down": {"uv": [0, 0, 0.5, 1], "texture": "#2"}
			}
		},
		{
			"from": [3.28923, -0.00215, 11.97364],
			"to": [5.28923, 0.99785, 12.97364],
			"rotation": {"angle": -22.5, "axis": "y", "origin": [4.28923, 0.99785, 11.97364]},
			"faces": {
				"north": {"uv": [0, 0, 1, 0.5], "texture": "#2"},
				"east": {"uv": [0, 0, 0.5, 0.5], "texture": "#2"},
				"south": {"uv": [0, 0, 1, 0.5], "texture": "#2"},
				"west": {"uv": [0, 0, 0.5, 0.5], "texture": "#2"},
				"up": {"uv": [0, 0, 0.5, 1], "rotation": 270, "texture": "#2"},
				"down": {"uv": [0, 0, 0.5, 1], "rotation": 90, "texture": "#2"}
			}
		},
		{
			"from": [4.83744, -0.00212, 12.27316],
			"to": [6.83744, 0.99788, 13.27316],
			"faces": {
				"north": {"uv": [0, 0, 1, 0.5], "texture": "#2"},
				"east": {"uv": [0, 0, 0.5, 0.5], "texture": "#2"},
				"south": {"uv": [0, 0, 1, 0.5], "texture": "#2"},
				"west": {"uv": [0, 0, 0.5, 0.5], "texture": "#2"},
				"up": {"uv": [0, 0, 1, 0.5], "texture": "#2"},
				"down": {"uv": [0, 0, 1, 0.5], "texture": "#2"}
			}
		},
		{
			"from": [9.562, -0.00548, 8.79418],
			"to": [10.562, 0.99452, 10.79418],
			"rotation": {"angle": -22.5, "axis": "y", "origin": [9.562, 0.99452, 9.79418]},
			"faces": {
				"north": {"uv": [1, 0, 1.5, 0.5], "texture": "#2"},
				"east": {"uv": [1, 0, 2, 0.5], "texture": "#2"},
				"south": {"uv": [1, 0, 1.5, 0.5], "texture": "#2"},
				"west": {"uv": [1, 0, 2, 0.5], "texture": "#2"},
				"up": {"uv": [1, 0, 1.5, 1], "texture": "#2"},
				"down": {"uv": [1, 0, 1.5, 1], "texture": "#2"}
			}
		},
		{
			"from": [8.68671, -0.00623, 10.09921],
			"to": [9.68671, 0.99377, 12.09921],
			"rotation": {"angle": -45, "axis": "y", "origin": [8.68671, 0.99377, 11.09921]},
			"faces": {
				"north": {"uv": [1, 0, 1.5, 0.5], "texture": "#2"},
				"east": {"uv": [1, 0, 2, 0.5], "texture": "#2"},
				"south": {"uv": [1, 0, 1.5, 0.5], "texture": "#2"},
				"west": {"uv": [1, 0, 2, 0.5], "texture": "#2"},
				"up": {"uv": [1, 0, 1.5, 1], "texture": "#2"},
				"down": {"uv": [1, 0, 1.5, 1], "texture": "#2"}
			}
		},
		{
			"from": [6.37863, -0.00547, 11.96995],
			"to": [8.37863, 0.99453, 12.96995],
			"rotation": {"angle": 22.5, "axis": "y", "origin": [7.37863, 0.99453, 11.96995]},
			"faces": {
				"north": {"uv": [1, 0, 2, 0.5], "texture": "#2"},
				"east": {"uv": [1, 0, 1.5, 0.5], "texture": "#2"},
				"south": {"uv": [1, 0, 2, 0.5], "texture": "#2"},
				"west": {"uv": [1, 0, 1.5, 0.5], "texture": "#2"},
				"up": {"uv": [0, 1, 0.5, 2], "rotation": 270, "texture": "#2"},
				"down": {"uv": [0, 1, 0.5, 2], "rotation": 90, "texture": "#2"}
			}
		},
		{
			"from": [9.87126, -0.00332, 4.25352],
			"to": [10.87126, 0.99668, 9.25352],
			"faces": {
				"north": {"uv": [1, 0, 1.5, 0.5], "texture": "#2"},
				"east": {"uv": [1, 0, 3.5, 0.5], "texture": "#2"},
				"south": {"uv": [1, 0, 1.5, 0.5], "texture": "#2"},
				"west": {"uv": [1, 0, 3.5, 0.5], "texture": "#2"},
				"up": {"uv": [1, 0, 1.5, 2.5], "texture": "#2"},
				"down": {"uv": [1, 0, 1.5, 2.5], "texture": "#2"}
			}
		},
		{
			"from": [1.09443, 0.00872, 2.71604],
			"to": [2.09443, 1.00872, 4.71604],
			"rotation": {"angle": -22.5, "axis": "y", "origin": [2.09443, 1.00872, 3.71604]},
			"faces": {
				"north": {"uv": [1, 0, 1.5, 0.5], "texture": "#2"},
				"east": {"uv": [1, 0, 2, 0.5], "texture": "#2"},
				"south": {"uv": [1, 0, 1.5, 0.5], "texture": "#2"},
				"west": {"uv": [1, 0, 2, 0.5], "texture": "#2"},
				"up": {"uv": [0, 1, 0.5, 2], "texture": "#2"},
				"down": {"uv": [0, 1, 0.5, 2], "texture": "#2"}
			}
		},
		{
			"from": [1.96972, 0.00797, 1.411],
			"to": [2.96972, 1.00797, 3.411],
			"rotation": {"angle": -45, "axis": "y", "origin": [2.96972, 1.00797, 2.411]},
			"faces": {
				"north": {"uv": [1, 0, 1.5, 0.5], "texture": "#2"},
				"east": {"uv": [1, 0, 2, 0.5], "texture": "#2"},
				"south": {"uv": [1, 0, 1.5, 0.5], "texture": "#2"},
				"west": {"uv": [1, 0, 2, 0.5], "texture": "#2"},
				"up": {"uv": [0, 1, 0.5, 2], "texture": "#2"},
				"down": {"uv": [0, 1, 0.5, 2], "texture": "#2"}
			}
		},
		{
			"from": [3.27781, 0.00873, 0.54026],
			"to": [5.27781, 1.00873, 1.54026],
			"rotation": {"angle": 22.5, "axis": "y", "origin": [4.27781, 1.00873, 1.54026]},
			"faces": {
				"north": {"uv": [1, 0, 2, 0.5], "texture": "#2"},
				"east": {"uv": [1, 0, 1.5, 0.5], "texture": "#2"},
				"south": {"uv": [1, 0, 2, 0.5], "texture": "#2"},
				"west": {"uv": [1, 0, 1.5, 0.5], "texture": "#2"},
				"up": {"uv": [1, 0, 1.5, 1], "rotation": 270, "texture": "#2"},
				"down": {"uv": [1, 0, 1.5, 1], "rotation": 90, "texture": "#2"}
			}
		},
		{
			"from": [4.82602, 0.00876, 0.24074],
			"to": [6.82602, 1.00876, 1.24074],
			"faces": {
				"north": {"uv": [1, 0, 2, 0.5], "texture": "#2"},
				"east": {"uv": [1, 0, 1.5, 0.5], "texture": "#2"},
				"south": {"uv": [1, 0, 2, 0.5], "texture": "#2"},
				"west": {"uv": [1, 0, 1.5, 0.5], "texture": "#2"},
				"up": {"uv": [0, 1, 1, 1.5], "texture": "#2"},
				"down": {"uv": [0, 1, 1, 1.5], "texture": "#2"}
			}
		},
		{
			"from": [6.36721, 0.00541, 0.54395],
			"to": [8.36721, 1.00541, 1.54395],
			"rotation": {"angle": -22.5, "axis": "y", "origin": [7.36721, 1.00541, 1.54395]},
			"faces": {
				"north": {"uv": [0, 0, 1, 0.5], "texture": "#2"},
				"east": {"uv": [0, 0, 0.5, 0.5], "texture": "#2"},
				"south": {"uv": [0, 0, 1, 0.5], "texture": "#2"},
				"west": {"uv": [0, 0, 0.5, 0.5], "texture": "#2"},
				"up": {"uv": [1, 1, 1.5, 2], "rotation": 270, "texture": "#2"},
				"down": {"uv": [1, 1, 1.5, 2], "rotation": 90, "texture": "#2"}
			}
		},
		{
			"from": [8.67529, 0.00465, 1.41469],
			"to": [9.67529, 1.00465, 3.41469],
			"rotation": {"angle": 45, "axis": "y", "origin": [8.67529, 1.00465, 2.41469]},
			"faces": {
				"north": {"uv": [0, 0, 0.5, 0.5], "texture": "#2"},
				"east": {"uv": [0, 0, 1, 0.5], "texture": "#2"},
				"south": {"uv": [0, 0, 0.5, 0.5], "texture": "#2"},
				"west": {"uv": [0, 0, 1, 0.5], "texture": "#2"},
				"up": {"uv": [1, 1, 1.5, 2], "texture": "#2"},
				"down": {"uv": [1, 1, 1.5, 2], "texture": "#2"}
			}
		},
		{
			"from": [9.55058, 0.0054, 2.71973],
			"to": [10.55058, 1.0054, 4.71973],
			"rotation": {"angle": 22.5, "axis": "y", "origin": [9.55058, 1.0054, 3.71973]},
			"faces": {
				"north": {"uv": [0, 0, 0.5, 0.5], "texture": "#2"},
				"east": {"uv": [0, 0, 1, 0.5], "texture": "#2"},
				"south": {"uv": [0, 0, 0.5, 0.5], "texture": "#2"},
				"west": {"uv": [0, 0, 1, 0.5], "texture": "#2"},
				"up": {"uv": [1, 1, 1.5, 2], "texture": "#2"},
				"down": {"uv": [1, 1, 1.5, 2], "texture": "#2"}
			}
		},
		{
			"from": [1.2966, 1, 4.75721],
			"to": [2.2966, 2, 9.75721],
			"faces": {
				"north": {"uv": [0, 0, 0.5, 0.5], "texture": "#2"},
				"east": {"uv": [0, 0, 2.5, 0.5], "texture": "#2"},
				"south": {"uv": [0, 0, 0.5, 0.5], "texture": "#2"},
				"west": {"uv": [0, 0, 2.5, 0.5], "texture": "#2"},
				"up": {"uv": [0, 0, 0.5, 2.5], "texture": "#2"},
				"down": {"uv": [0, 0, 0.5, 2.5], "texture": "#2"}
			}
		},
		{
			"from": [1.60585, 0.99785, 9.29787],
			"to": [2.60585, 1.99785, 11.29787],
			"rotation": {"angle": 22.5, "axis": "y", "origin": [2.60585, 1.99785, 10.29787]},
			"faces": {
				"north": {"uv": [0, 0, 0.5, 0.5], "texture": "#2"},
				"east": {"uv": [0, 0, 1, 0.5], "texture": "#2"},
				"south": {"uv": [0, 0, 0.5, 0.5], "texture": "#2"},
				"west": {"uv": [0, 0, 1, 0.5], "texture": "#2"},
				"up": {"uv": [0, 0, 0.5, 1], "texture": "#2"},
				"down": {"uv": [0, 0, 0.5, 1], "texture": "#2"}
			}
		},
		{
			"from": [2.48114, 0.99709, 10.6029],
			"to": [3.48114, 1.99709, 12.6029],
			"rotation": {"angle": 45, "axis": "y", "origin": [3.48114, 1.99709, 11.6029]},
			"faces": {
				"north": {"uv": [0, 0, 0.5, 0.5], "texture": "#2"},
				"east": {"uv": [0, 0, 1, 0.5], "texture": "#2"},
				"south": {"uv": [0, 0, 0.5, 0.5], "texture": "#2"},
				"west": {"uv": [0, 0, 1, 0.5], "texture": "#2"},
				"up": {"uv": [0, 0, 0.5, 1], "texture": "#2"},
				"down": {"uv": [0, 0, 0.5, 1], "texture": "#2"}
			}
		},
		{
			"from": [3.78923, 0.99785, 12.47364],
			"to": [5.78923, 1.99785, 13.47364],
			"rotation": {"angle": -22.5, "axis": "y", "origin": [4.78923, 1.99785, 12.47364]},
			"faces": {
				"north": {"uv": [0, 0, 1, 0.5], "texture": "#2"},
				"east": {"uv": [0, 0, 0.5, 0.5], "texture": "#2"},
				"south": {"uv": [0, 0, 1, 0.5], "texture": "#2"},
				"west": {"uv": [0, 0, 0.5, 0.5], "texture": "#2"},
				"up": {"uv": [0, 0, 0.5, 1], "rotation": 270, "texture": "#2"},
				"down": {"uv": [0, 0, 0.5, 1], "rotation": 90, "texture": "#2"}
			}
		},
		{
			"from": [5.33744, 0.99788, 12.77316],
			"to": [7.33744, 1.99788, 13.77316],
			"faces": {
				"north": {"uv": [0, 0, 1, 0.5], "texture": "#2"},
				"east": {"uv": [0, 0, 0.5, 0.5], "texture": "#2"},
				"south": {"uv": [0, 0, 1, 0.5], "texture": "#2"},
				"west": {"uv": [0, 0, 0.5, 0.5], "texture": "#2"},
				"up": {"uv": [0, 0, 1, 0.5], "texture": "#2"},
				"down": {"uv": [0, 0, 1, 0.5], "texture": "#2"}
			}
		},
		{
			"from": [10.062, 0.99452, 9.29418],
			"to": [11.062, 1.99452, 11.29418],
			"rotation": {"angle": -22.5, "axis": "y", "origin": [10.062, 1.99452, 10.29418]},
			"faces": {
				"north": {"uv": [1, 0, 1.5, 0.5], "texture": "#2"},
				"east": {"uv": [1, 0, 2, 0.5], "texture": "#2"},
				"south": {"uv": [1, 0, 1.5, 0.5], "texture": "#2"},
				"west": {"uv": [1, 0, 2, 0.5], "texture": "#2"},
				"up": {"uv": [1, 0, 1.5, 1], "texture": "#2"},
				"down": {"uv": [1, 0, 1.5, 1], "texture": "#2"}
			}
		},
		{
			"from": [9.18671, 0.99377, 10.59921],
			"to": [10.18671, 1.99377, 12.59921],
			"rotation": {"angle": -45, "axis": "y", "origin": [9.18671, 1.99377, 11.59921]},
			"faces": {
				"north": {"uv": [1, 0, 1.5, 0.5], "texture": "#2"},
				"east": {"uv": [1, 0, 2, 0.5], "texture": "#2"},
				"south": {"uv": [1, 0, 1.5, 0.5], "texture": "#2"},
				"west": {"uv": [1, 0, 2, 0.5], "texture": "#2"},
				"up": {"uv": [1, 0, 1.5, 1], "texture": "#2"},
				"down": {"uv": [1, 0, 1.5, 1], "texture": "#2"}
			}
		},
		{
			"from": [6.87863, 0.99453, 12.46995],
			"to": [8.87863, 1.99453, 13.46995],
			"rotation": {"angle": 22.5, "axis": "y", "origin": [7.87863, 1.99453, 12.46995]},
			"faces": {
				"north": {"uv": [1, 0, 2, 0.5], "texture": "#2"},
				"east": {"uv": [1, 0, 1.5, 0.5], "texture": "#2"},
				"south": {"uv": [1, 0, 2, 0.5], "texture": "#2"},
				"west": {"uv": [1, 0, 1.5, 0.5], "texture": "#2"},
				"up": {"uv": [0, 1, 0.5, 2], "rotation": 270, "texture": "#2"},
				"down": {"uv": [0, 1, 0.5, 2], "rotation": 90, "texture": "#2"}
			}
		},
		{
			"from": [10.37126, 0.99668, 4.75352],
			"to": [11.37126, 1.99668, 9.75352],
			"faces": {
				"north": {"uv": [1, 0, 1.5, 0.5], "texture": "#2"},
				"east": {"uv": [1, 0, 3.5, 0.5], "texture": "#2"},
				"south": {"uv": [1, 0, 1.5, 0.5], "texture": "#2"},
				"west": {"uv": [1, 0, 3.5, 0.5], "texture": "#2"},
				"up": {"uv": [1, 0, 1.5, 2.5], "texture": "#2"},
				"down": {"uv": [1, 0, 1.5, 2.5], "texture": "#2"}
			}
		},
		{
			"from": [1.59443, 1.00872, 3.21604],
			"to": [2.59443, 2.00872, 5.21604],
			"rotation": {"angle": -22.5, "axis": "y", "origin": [2.59443, 2.00872, 4.21604]},
			"faces": {
				"north": {"uv": [1, 0, 1.5, 0.5], "texture": "#2"},
				"east": {"uv": [1, 0, 2, 0.5], "texture": "#2"},
				"south": {"uv": [1, 0, 1.5, 0.5], "texture": "#2"},
				"west": {"uv": [1, 0, 2, 0.5], "texture": "#2"},
				"up": {"uv": [0, 1, 0.5, 2], "texture": "#2"},
				"down": {"uv": [0, 1, 0.5, 2], "texture": "#2"}
			}
		},
		{
			"from": [2.46972, 1.00797, 1.911],
			"to": [3.46972, 2.00797, 3.911],
			"rotation": {"angle": -45, "axis": "y", "origin": [3.46972, 2.00797, 2.911]},
			"faces": {
				"north": {"uv": [1, 0, 1.5, 0.5], "texture": "#2"},
				"east": {"uv": [1, 0, 2, 0.5], "texture": "#2"},
				"south": {"uv": [1, 0, 1.5, 0.5], "texture": "#2"},
				"west": {"uv": [1, 0, 2, 0.5], "texture": "#2"},
				"up": {"uv": [0, 1, 0.5, 2], "texture": "#2"},
				"down": {"uv": [0, 1, 0.5, 2], "texture": "#2"}
			}
		},
		{
			"from": [3.77781, 1.00873, 1.04026],
			"to": [5.77781, 2.00873, 2.04026],
			"rotation": {"angle": 22.5, "axis": "y", "origin": [4.77781, 2.00873, 2.04026]},
			"faces": {
				"north": {"uv": [1, 0, 2, 0.5], "texture": "#2"},
				"east": {"uv": [1, 0, 1.5, 0.5], "texture": "#2"},
				"south": {"uv": [1, 0, 2, 0.5], "texture": "#2"},
				"west": {"uv": [1, 0, 1.5, 0.5], "texture": "#2"},
				"up": {"uv": [1, 0, 1.5, 1], "rotation": 270, "texture": "#2"},
				"down": {"uv": [1, 0, 1.5, 1], "rotation": 90, "texture": "#2"}
			}
		},
		{
			"from": [5.32602, 1.00876, 0.74074],
			"to": [7.32602, 2.00876, 1.74074],
			"faces": {
				"north": {"uv": [1, 0, 2, 0.5], "texture": "#2"},
				"east": {"uv": [1, 0, 1.5, 0.5], "texture": "#2"},
				"south": {"uv": [1, 0, 2, 0.5], "texture": "#2"},
				"west": {"uv": [1, 0, 1.5, 0.5], "texture": "#2"},
				"up": {"uv": [0, 1, 1, 1.5], "texture": "#2"},
				"down": {"uv": [0, 1, 1, 1.5], "texture": "#2"}
			}
		},
		{
			"from": [6.86721, 1.00541, 1.04395],
			"to": [8.86721, 2.00541, 2.04395],
			"rotation": {"angle": -22.5, "axis": "y", "origin": [7.86721, 2.00541, 2.04395]},
			"faces": {
				"north": {"uv": [0, 0, 1, 0.5], "texture": "#2"},
				"east": {"uv": [0, 0, 0.5, 0.5], "texture": "#2"},
				"south": {"uv": [0, 0, 1, 0.5], "texture": "#2"},
				"west": {"uv": [0, 0, 0.5, 0.5], "texture": "#2"},
				"up": {"uv": [1, 1, 1.5, 2], "rotation": 270, "texture": "#2"},
				"down": {"uv": [1, 1, 1.5, 2], "rotation": 90, "texture": "#2"}
			}
		},
		{
			"from": [9.17529, 1.00465, 1.91469],
			"to": [10.17529, 2.00465, 3.91469],
			"rotation": {"angle": 45, "axis": "y", "origin": [9.17529, 2.00465, 2.91469]},
			"faces": {
				"north": {"uv": [0, 0, 0.5, 0.5], "texture": "#2"},
				"east": {"uv": [0, 0, 1, 0.5], "texture": "#2"},
				"south": {"uv": [0, 0, 0.5, 0.5], "texture": "#2"},
				"west": {"uv": [0, 0, 1, 0.5], "texture": "#2"},
				"up": {"uv": [1, 1, 1.5, 2], "texture": "#2"},
				"down": {"uv": [1, 1, 1.5, 2], "texture": "#2"}
			}
		},
		{
			"from": [10.05058, 1.0054, 3.21973],
			"to": [11.05058, 2.0054, 5.21973],
			"rotation": {"angle": 22.5, "axis": "y", "origin": [10.05058, 2.0054, 4.21973]},
			"faces": {
				"north": {"uv": [0, 0, 0.5, 0.5], "texture": "#2"},
				"east": {"uv": [0, 0, 1, 0.5], "texture": "#2"},
				"south": {"uv": [0, 0, 0.5, 0.5], "texture": "#2"},
				"west": {"uv": [0, 0, 1, 0.5], "texture": "#2"},
				"up": {"uv": [1, 1, 1.5, 2], "texture": "#2"},
				"down": {"uv": [1, 1, 1.5, 2], "texture": "#2"}
			}
		},
		{
			"from": [1.7966, 2, 3.75721],
			"to": [2.7966, 3, 8.75721],
			"faces": {
				"north": {"uv": [0, 0, 0.5, 0.5], "texture": "#2"},
				"east": {"uv": [0, 0, 2.5, 0.5], "texture": "#2"},
				"south": {"uv": [0, 0, 0.5, 0.5], "texture": "#2"},
				"west": {"uv": [0, 0, 2.5, 0.5], "texture": "#2"},
				"up": {"uv": [0, 0, 0.5, 2.5], "texture": "#2"},
				"down": {"uv": [0, 0, 0.5, 2.5], "texture": "#2"}
			}
		},
		{
			"from": [2.10585, 1.99785, 8.29787],
			"to": [3.10585, 2.99785, 10.29787],
			"rotation": {"angle": 22.5, "axis": "y", "origin": [3.10585, 2.99785, 9.29787]},
			"faces": {
				"north": {"uv": [0, 0, 0.5, 0.5], "texture": "#2"},
				"east": {"uv": [0, 0, 1, 0.5], "texture": "#2"},
				"south": {"uv": [0, 0, 0.5, 0.5], "texture": "#2"},
				"west": {"uv": [0, 0, 1, 0.5], "texture": "#2"},
				"up": {"uv": [0, 0, 0.5, 1], "texture": "#2"},
				"down": {"uv": [0, 0, 0.5, 1], "texture": "#2"}
			}
		},
		{
			"from": [2.98114, 1.99709, 9.6029],
			"to": [3.98114, 2.99709, 11.6029],
			"rotation": {"angle": 45, "axis": "y", "origin": [3.98114, 2.99709, 10.6029]},
			"faces": {
				"north": {"uv": [0, 0, 0.5, 0.5], "texture": "#2"},
				"east": {"uv": [0, 0, 1, 0.5], "texture": "#2"},
				"south": {"uv": [0, 0, 0.5, 0.5], "texture": "#2"},
				"west": {"uv": [0, 0, 1, 0.5], "texture": "#2"},
				"up": {"uv": [0, 0, 0.5, 1], "texture": "#2"},
				"down": {"uv": [0, 0, 0.5, 1], "texture": "#2"}
			}
		},
		{
			"from": [4.28923, 1.99785, 11.47364],
			"to": [6.28923, 2.99785, 12.47364],
			"rotation": {"angle": -22.5, "axis": "y", "origin": [5.28923, 2.99785, 11.47364]},
			"faces": {
				"north": {"uv": [0, 0, 1, 0.5], "texture": "#2"},
				"east": {"uv": [0, 0, 0.5, 0.5], "texture": "#2"},
				"south": {"uv": [0, 0, 1, 0.5], "texture": "#2"},
				"west": {"uv": [0, 0, 0.5, 0.5], "texture": "#2"},
				"up": {"uv": [0, 0, 0.5, 1], "rotation": 270, "texture": "#2"},
				"down": {"uv": [0, 0, 0.5, 1], "rotation": 90, "texture": "#2"}
			}
		},
		{
			"from": [5.83744, 1.99788, 11.77316],
			"to": [7.83744, 2.99788, 12.77316],
			"faces": {
				"north": {"uv": [0, 0, 1, 0.5], "texture": "#2"},
				"east": {"uv": [0, 0, 0.5, 0.5], "texture": "#2"},
				"south": {"uv": [0, 0, 1, 0.5], "texture": "#2"},
				"west": {"uv": [0, 0, 0.5, 0.5], "texture": "#2"},
				"up": {"uv": [0, 0, 1, 0.5], "texture": "#2"},
				"down": {"uv": [0, 0, 1, 0.5], "texture": "#2"}
			}
		},
		{
			"from": [10.562, 1.99452, 8.29418],
			"to": [11.562, 2.99452, 10.29418],
			"rotation": {"angle": -22.5, "axis": "y", "origin": [10.562, 2.99452, 9.29418]},
			"faces": {
				"north": {"uv": [1, 0, 1.5, 0.5], "texture": "#2"},
				"east": {"uv": [1, 0, 2, 0.5], "texture": "#2"},
				"south": {"uv": [1, 0, 1.5, 0.5], "texture": "#2"},
				"west": {"uv": [1, 0, 2, 0.5], "texture": "#2"},
				"up": {"uv": [1, 0, 1.5, 1], "texture": "#2"},
				"down": {"uv": [1, 0, 1.5, 1], "texture": "#2"}
			}
		},
		{
			"from": [9.68671, 1.99377, 9.59921],
			"to": [10.68671, 2.99377, 11.59921],
			"rotation": {"angle": -45, "axis": "y", "origin": [9.68671, 2.99377, 10.59921]},
			"faces": {
				"north": {"uv": [1, 0, 1.5, 0.5], "texture": "#2"},
				"east": {"uv": [1, 0, 2, 0.5], "texture": "#2"},
				"south": {"uv": [1, 0, 1.5, 0.5], "texture": "#2"},
				"west": {"uv": [1, 0, 2, 0.5], "texture": "#2"},
				"up": {"uv": [1, 0, 1.5, 1], "texture": "#2"},
				"down": {"uv": [1, 0, 1.5, 1], "texture": "#2"}
			}
		},
		{
			"from": [7.37863, 1.99453, 11.46995],
			"to": [9.37863, 2.99453, 12.46995],
			"rotation": {"angle": 22.5, "axis": "y", "origin": [8.37863, 2.99453, 11.46995]},
			"faces": {
				"north": {"uv": [1, 0, 2, 0.5], "texture": "#2"},
				"east": {"uv": [1, 0, 1.5, 0.5], "texture": "#2"},
				"south": {"uv": [1, 0, 2, 0.5], "texture": "#2"},
				"west": {"uv": [1, 0, 1.5, 0.5], "texture": "#2"},
				"up": {"uv": [0, 1, 0.5, 2], "rotation": 270, "texture": "#2"},
				"down": {"uv": [0, 1, 0.5, 2], "rotation": 90, "texture": "#2"}
			}
		},
		{
			"from": [10.87126, 1.99668, 3.75352],
			"to": [11.87126, 2.99668, 8.75352],
			"faces": {
				"north": {"uv": [1, 0, 1.5, 0.5], "texture": "#2"},
				"east": {"uv": [1, 0, 3.5, 0.5], "texture": "#2"},
				"south": {"uv": [1, 0, 1.5, 0.5], "texture": "#2"},
				"west": {"uv": [1, 0, 3.5, 0.5], "texture": "#2"},
				"up": {"uv": [1, 0, 1.5, 2.5], "texture": "#2"},
				"down": {"uv": [1, 0, 1.5, 2.5], "texture": "#2"}
			}
		},
		{
			"from": [2.09443, 2.00872, 2.21604],
			"to": [3.09443, 3.00872, 4.21604],
			"rotation": {"angle": -22.5, "axis": "y", "origin": [3.09443, 3.00872, 3.21604]},
			"faces": {
				"north": {"uv": [1, 0, 1.5, 0.5], "texture": "#2"},
				"east": {"uv": [1, 0, 2, 0.5], "texture": "#2"},
				"south": {"uv": [1, 0, 1.5, 0.5], "texture": "#2"},
				"west": {"uv": [1, 0, 2, 0.5], "texture": "#2"},
				"up": {"uv": [0, 1, 0.5, 2], "texture": "#2"},
				"down": {"uv": [0, 1, 0.5, 2], "texture": "#2"}
			}
		},
		{
			"from": [2.96972, 2.00797, 0.911],
			"to": [3.96972, 3.00797, 2.911],
			"rotation": {"angle": -45, "axis": "y", "origin": [3.96972, 3.00797, 1.911]},
			"faces": {
				"north": {"uv": [1, 0, 1.5, 0.5], "texture": "#2"},
				"east": {"uv": [1, 0, 2, 0.5], "texture": "#2"},
				"south": {"uv": [1, 0, 1.5, 0.5], "texture": "#2"},
				"west": {"uv": [1, 0, 2, 0.5], "texture": "#2"},
				"up": {"uv": [0, 1, 0.5, 2], "texture": "#2"},
				"down": {"uv": [0, 1, 0.5, 2], "texture": "#2"}
			}
		},
		{
			"from": [4.27781, 2.00873, 0.04026],
			"to": [6.27781, 3.00873, 1.04026],
			"rotation": {"angle": 22.5, "axis": "y", "origin": [5.27781, 3.00873, 1.04026]},
			"faces": {
				"north": {"uv": [1, 0, 2, 0.5], "texture": "#2"},
				"east": {"uv": [1, 0, 1.5, 0.5], "texture": "#2"},
				"south": {"uv": [1, 0, 2, 0.5], "texture": "#2"},
				"west": {"uv": [1, 0, 1.5, 0.5], "texture": "#2"},
				"up": {"uv": [1, 0, 1.5, 1], "rotation": 270, "texture": "#2"},
				"down": {"uv": [1, 0, 1.5, 1], "rotation": 90, "texture": "#2"}
			}
		},
		{
			"from": [5.82602, 2.00876, -0.25926],
			"to": [7.82602, 3.00876, 0.74074],
			"faces": {
				"north": {"uv": [1, 0, 2, 0.5], "texture": "#2"},
				"east": {"uv": [1, 0, 1.5, 0.5], "texture": "#2"},
				"south": {"uv": [1, 0, 2, 0.5], "texture": "#2"},
				"west": {"uv": [1, 0, 1.5, 0.5], "texture": "#2"},
				"up": {"uv": [0, 1, 1, 1.5], "texture": "#2"},
				"down": {"uv": [0, 1, 1, 1.5], "texture": "#2"}
			}
		},
		{
			"from": [7.36721, 2.00541, 0.04395],
			"to": [9.36721, 3.00541, 1.04395],
			"rotation": {"angle": -22.5, "axis": "y", "origin": [8.36721, 3.00541, 1.04395]},
			"faces": {
				"north": {"uv": [0, 0, 1, 0.5], "texture": "#2"},
				"east": {"uv": [0, 0, 0.5, 0.5], "texture": "#2"},
				"south": {"uv": [0, 0, 1, 0.5], "texture": "#2"},
				"west": {"uv": [0, 0, 0.5, 0.5], "texture": "#2"},
				"up": {"uv": [1, 1, 1.5, 2], "rotation": 270, "texture": "#2"},
				"down": {"uv": [1, 1, 1.5, 2], "rotation": 90, "texture": "#2"}
			}
		},
		{
			"from": [9.67529, 2.00465, 0.91469],
			"to": [10.67529, 3.00465, 2.91469],
			"rotation": {"angle": 45, "axis": "y", "origin": [9.67529, 3.00465, 1.91469]},
			"faces": {
				"north": {"uv": [0, 0, 0.5, 0.5], "texture": "#2"},
				"east": {"uv": [0, 0, 1, 0.5], "texture": "#2"},
				"south": {"uv": [0, 0, 0.5, 0.5], "texture": "#2"},
				"west": {"uv": [0, 0, 1, 0.5], "texture": "#2"},
				"up": {"uv": [1, 1, 1.5, 2], "texture": "#2"},
				"down": {"uv": [1, 1, 1.5, 2], "texture": "#2"}
			}
		},
		{
			"from": [10.55058, 2.0054, 2.21973],
			"to": [11.55058, 3.0054, 4.21973],
			"rotation": {"angle": 22.5, "axis": "y", "origin": [10.55058, 3.0054, 3.21973]},
			"faces": {
				"north": {"uv": [0, 0, 0.5, 0.5], "texture": "#2"},
				"east": {"uv": [0, 0, 1, 0.5], "texture": "#2"},
				"south": {"uv": [0, 0, 0.5, 0.5], "texture": "#2"},
				"west": {"uv": [0, 0, 1, 0.5], "texture": "#2"},
				"up": {"uv": [1, 1, 1.5, 2], "texture": "#2"},
				"down": {"uv": [1, 1, 1.5, 2], "texture": "#2"}
			}
		},
		{
			"from": [1.2966, 3, 4.25721],
			"to": [2.2966, 4, 9.25721],
			"faces": {
				"north": {"uv": [0, 0, 0.5, 0.5], "texture": "#2"},
				"east": {"uv": [0, 0, 2.5, 0.5], "texture": "#2"},
				"south": {"uv": [0, 0, 0.5, 0.5], "texture": "#2"},
				"west": {"uv": [0, 0, 2.5, 0.5], "texture": "#2"},
				"up": {"uv": [0, 0, 0.5, 2.5], "texture": "#2"},
				"down": {"uv": [0, 0, 0.5, 2.5], "texture": "#2"}
			}
		},
		{
			"from": [1.60585, 2.99785, 8.79787],
			"to": [2.60585, 3.99785, 10.79787],
			"rotation": {"angle": 22.5, "axis": "y", "origin": [2.60585, 3.99785, 9.79787]},
			"faces": {
				"north": {"uv": [0, 0, 0.5, 0.5], "texture": "#2"},
				"east": {"uv": [0, 0, 1, 0.5], "texture": "#2"},
				"south": {"uv": [0, 0, 0.5, 0.5], "texture": "#2"},
				"west": {"uv": [0, 0, 1, 0.5], "texture": "#2"},
				"up": {"uv": [0, 0, 0.5, 1], "texture": "#2"},
				"down": {"uv": [0, 0, 0.5, 1], "texture": "#2"}
			}
		},
		{
			"from": [2.48114, 2.99709, 10.1029],
			"to": [3.48114, 3.99709, 12.1029],
			"rotation": {"angle": 45, "axis": "y", "origin": [3.48114, 3.99709, 11.1029]},
			"faces": {
				"north": {"uv": [0, 0, 0.5, 0.5], "texture": "#2"},
				"east": {"uv": [0, 0, 1, 0.5], "texture": "#2"},
				"south": {"uv": [0, 0, 0.5, 0.5], "texture": "#2"},
				"west": {"uv": [0, 0, 1, 0.5], "texture": "#2"},
				"up": {"uv": [0, 0, 0.5, 1], "texture": "#2"},
				"down": {"uv": [0, 0, 0.5, 1], "texture": "#2"}
			}
		},
		{
			"from": [3.78923, 2.99785, 11.97364],
			"to": [5.78923, 3.99785, 12.97364],
			"rotation": {"angle": -22.5, "axis": "y", "origin": [4.78923, 3.99785, 11.97364]},
			"faces": {
				"north": {"uv": [0, 0, 1, 0.5], "texture": "#2"},
				"east": {"uv": [0, 0, 0.5, 0.5], "texture": "#2"},
				"south": {"uv": [0, 0, 1, 0.5], "texture": "#2"},
				"west": {"uv": [0, 0, 0.5, 0.5], "texture": "#2"},
				"up": {"uv": [0, 0, 0.5, 1], "rotation": 270, "texture": "#2"},
				"down": {"uv": [0, 0, 0.5, 1], "rotation": 90, "texture": "#2"}
			}
		},
		{
			"from": [5.33744, 2.99788, 12.27316],
			"to": [7.33744, 3.99788, 13.27316],
			"faces": {
				"north": {"uv": [0, 0, 1, 0.5], "texture": "#2"},
				"east": {"uv": [0, 0, 0.5, 0.5], "texture": "#2"},
				"south": {"uv": [0, 0, 1, 0.5], "texture": "#2"},
				"west": {"uv": [0, 0, 0.5, 0.5], "texture": "#2"},
				"up": {"uv": [0, 0, 1, 0.5], "texture": "#2"},
				"down": {"uv": [0, 0, 1, 0.5], "texture": "#2"}
			}
		},
		{
			"from": [10.062, 2.99452, 8.79418],
			"to": [11.062, 3.99452, 10.79418],
			"rotation": {"angle": -22.5, "axis": "y", "origin": [10.062, 3.99452, 9.79418]},
			"faces": {
				"north": {"uv": [1, 0, 1.5, 0.5], "texture": "#2"},
				"east": {"uv": [1, 0, 2, 0.5], "texture": "#2"},
				"south": {"uv": [1, 0, 1.5, 0.5], "texture": "#2"},
				"west": {"uv": [1, 0, 2, 0.5], "texture": "#2"},
				"up": {"uv": [1, 0, 1.5, 1], "texture": "#2"},
				"down": {"uv": [1, 0, 1.5, 1], "texture": "#2"}
			}
		},
		{
			"from": [9.18671, 2.99377, 10.09921],
			"to": [10.18671, 3.99377, 12.09921],
			"rotation": {"angle": -45, "axis": "y", "origin": [9.18671, 3.99377, 11.09921]},
			"faces": {
				"north": {"uv": [1, 0, 1.5, 0.5], "texture": "#2"},
				"east": {"uv": [1, 0, 2, 0.5], "texture": "#2"},
				"south": {"uv": [1, 0, 1.5, 0.5], "texture": "#2"},
				"west": {"uv": [1, 0, 2, 0.5], "texture": "#2"},
				"up": {"uv": [1, 0, 1.5, 1], "texture": "#2"},
				"down": {"uv": [1, 0, 1.5, 1], "texture": "#2"}
			}
		},
		{
			"from": [6.87863, 2.99453, 11.96995],
			"to": [8.87863, 3.99453, 12.96995],
			"rotation": {"angle": 22.5, "axis": "y", "origin": [7.87863, 3.99453, 11.96995]},
			"faces": {
				"north": {"uv": [1, 0, 2, 0.5], "texture": "#2"},
				"east": {"uv": [1, 0, 1.5, 0.5], "texture": "#2"},
				"south": {"uv": [1, 0, 2, 0.5], "texture": "#2"},
				"west": {"uv": [1, 0, 1.5, 0.5], "texture": "#2"},
				"up": {"uv": [0, 1, 0.5, 2], "rotation": 270, "texture": "#2"},
				"down": {"uv": [0, 1, 0.5, 2], "rotation": 90, "texture": "#2"}
			}
		},
		{
			"from": [10.37126, 2.99668, 4.25352],
			"to": [11.37126, 3.99668, 9.25352],
			"faces": {
				"north": {"uv": [1, 0, 1.5, 0.5], "texture": "#2"},
				"east": {"uv": [1, 0, 3.5, 0.5], "texture": "#2"},
				"south": {"uv": [1, 0, 1.5, 0.5], "texture": "#2"},
				"west": {"uv": [1, 0, 3.5, 0.5], "texture": "#2"},
				"up": {"uv": [1, 0, 1.5, 2.5], "texture": "#2"},
				"down": {"uv": [1, 0, 1.5, 2.5], "texture": "#2"}
			}
		},
		{
			"from": [1.59443, 3.00872, 2.71604],
			"to": [2.59443, 4.00872, 4.71604],
			"rotation": {"angle": -22.5, "axis": "y", "origin": [2.59443, 4.00872, 3.71604]},
			"faces": {
				"north": {"uv": [1, 0, 1.5, 0.5], "texture": "#2"},
				"east": {"uv": [1, 0, 2, 0.5], "texture": "#2"},
				"south": {"uv": [1, 0, 1.5, 0.5], "texture": "#2"},
				"west": {"uv": [1, 0, 2, 0.5], "texture": "#2"},
				"up": {"uv": [0, 1, 0.5, 2], "texture": "#2"},
				"down": {"uv": [0, 1, 0.5, 2], "texture": "#2"}
			}
		},
		{
			"from": [2.46972, 3.00797, 1.411],
			"to": [3.46972, 4.00797, 3.411],
			"rotation": {"angle": -45, "axis": "y", "origin": [3.46972, 4.00797, 2.411]},
			"faces": {
				"north": {"uv": [1, 0, 1.5, 0.5], "texture": "#2"},
				"east": {"uv": [1, 0, 2, 0.5], "texture": "#2"},
				"south": {"uv": [1, 0, 1.5, 0.5], "texture": "#2"},
				"west": {"uv": [1, 0, 2, 0.5], "texture": "#2"},
				"up": {"uv": [0, 1, 0.5, 2], "texture": "#2"},
				"down": {"uv": [0, 1, 0.5, 2], "texture": "#2"}
			}
		},
		{
			"from": [3.77781, 3.00873, 0.54026],
			"to": [5.77781, 4.00873, 1.54026],
			"rotation": {"angle": 22.5, "axis": "y", "origin": [4.77781, 4.00873, 1.54026]},
			"faces": {
				"north": {"uv": [1, 0, 2, 0.5], "texture": "#2"},
				"east": {"uv": [1, 0, 1.5, 0.5], "texture": "#2"},
				"south": {"uv": [1, 0, 2, 0.5], "texture": "#2"},
				"west": {"uv": [1, 0, 1.5, 0.5], "texture": "#2"},
				"up": {"uv": [1, 0, 1.5, 1], "rotation": 270, "texture": "#2"},
				"down": {"uv": [1, 0, 1.5, 1], "rotation": 90, "texture": "#2"}
			}
		},
		{
			"from": [5.32602, 3.00876, 0.24074],
			"to": [7.32602, 4.00876, 1.24074],
			"faces": {
				"north": {"uv": [1, 0, 2, 0.5], "texture": "#2"},
				"east": {"uv": [1, 0, 1.5, 0.5], "texture": "#2"},
				"south": {"uv": [1, 0, 2, 0.5], "texture": "#2"},
				"west": {"uv": [1, 0, 1.5, 0.5], "texture": "#2"},
				"up": {"uv": [0, 1, 1, 1.5], "texture": "#2"},
				"down": {"uv": [0, 1, 1, 1.5], "texture": "#2"}
			}
		},
		{
			"from": [6.86721, 3.00541, 0.54395],
			"to": [8.86721, 4.00541, 1.54395],
			"rotation": {"angle": -22.5, "axis": "y", "origin": [7.86721, 4.00541, 1.54395]},
			"faces": {
				"north": {"uv": [0, 0, 1, 0.5], "texture": "#2"},
				"east": {"uv": [0, 0, 0.5, 0.5], "texture": "#2"},
				"south": {"uv": [0, 0, 1, 0.5], "texture": "#2"},
				"west": {"uv": [0, 0, 0.5, 0.5], "texture": "#2"},
				"up": {"uv": [1, 1, 1.5, 2], "rotation": 270, "texture": "#2"},
				"down": {"uv": [1, 1, 1.5, 2], "rotation": 90, "texture": "#2"}
			}
		},
		{
			"from": [9.17529, 3.00465, 1.41469],
			"to": [10.17529, 4.00465, 3.41469],
			"rotation": {"angle": 45, "axis": "y", "origin": [9.17529, 4.00465, 2.41469]},
			"faces": {
				"north": {"uv": [0, 0, 0.5, 0.5], "texture": "#2"},
				"east": {"uv": [0, 0, 1, 0.5], "texture": "#2"},
				"south": {"uv": [0, 0, 0.5, 0.5], "texture": "#2"},
				"west": {"uv": [0, 0, 1, 0.5], "texture": "#2"},
				"up": {"uv": [1, 1, 1.5, 2], "texture": "#2"},
				"down": {"uv": [1, 1, 1.5, 2], "texture": "#2"}
			}
		},
		{
			"from": [10.05058, 3.0054, 2.71973],
			"to": [11.05058, 4.0054, 4.71973],
			"rotation": {"angle": 22.5, "axis": "y", "origin": [10.05058, 4.0054, 3.71973]},
			"faces": {
				"north": {"uv": [0, 0, 0.5, 0.5], "texture": "#2"},
				"east": {"uv": [0, 0, 1, 0.5], "texture": "#2"},
				"south": {"uv": [0, 0, 0.5, 0.5], "texture": "#2"},
				"west": {"uv": [0, 0, 1, 0.5], "texture": "#2"},
				"up": {"uv": [1, 1, 1.5, 2], "texture": "#2"},
				"down": {"uv": [1, 1, 1.5, 2], "texture": "#2"}
			}
		},
		{
			"from": [1.32166, 0.03755, -5.5168],
			"to": [2.32166, 1.03755, -4.7668],
			"rotation": {"angle": -22.5, "axis": "y", "origin": [-16.67834, -0.96245, 3.4832]},
			"faces": {
				"north": {"uv": [1, 0, 1.5, 0.5], "rotation": 270, "texture": "#2"},
				"east": {"uv": [0, 1, 1, 1.5], "texture": "#2"},
				"south": {"uv": [1, 0, 1.5, 0.5], "rotation": 90, "texture": "#2"},
				"west": {"uv": [0, 1, 1, 1.5], "rotation": 180, "texture": "#2"},
				"up": {"uv": [1, 0, 2, 0.5], "rotation": 270, "texture": "#2"},
				"down": {"uv": [1, 0, 2, 0.5], "rotation": 270, "texture": "#2"}
			}
		},
		{
			"from": [0.58886, 4.10347, 4.98318],
			"to": [2.83886, 5.10347, 5.98318],
			"faces": {
				"north": {"uv": [1, 0, 2, 0.5], "texture": "#2"},
				"east": {"uv": [1, 0, 1.5, 0.5], "texture": "#2"},
				"south": {"uv": [1, 0, 2, 0.5], "texture": "#2"},
				"west": {"uv": [1, 0, 1.5, 0.5], "texture": "#2"},
				"up": {"uv": [0, 1, 1, 1.5], "texture": "#2"},
				"down": {"uv": [0, 1, 1, 1.5], "texture": "#2"}
			}
		},
		{
			"from": [7.66572, -1.63059, 4.98318],
			"to": [8.16572, -0.63059, 5.98318],
			"rotation": {"angle": -22.5, "axis": "z", "origin": [19.66572, 14.36941, 6.98318]},
			"faces": {
				"north": {"uv": [1, 0, 2, 0.5], "texture": "#2"},
				"east": {"uv": [1, 0, 1.5, 0.5], "texture": "#2"},
				"south": {"uv": [1, 0, 2, 0.5], "texture": "#2"},
				"west": {"uv": [1, 0, 1.5, 0.5], "texture": "#2"},
				"up": {"uv": [0, 1, 1, 1.5], "texture": "#2"},
				"down": {"uv": [0, 1, 1, 1.5], "texture": "#2"}
			}
		},
		{
			"from": [10.39278, -8.96666, 4.98319],
			"to": [11.14278, -7.96666, 5.98319],
			"rotation": {"angle": -45, "axis": "z", "origin": [22.39278, 7.03334, 6.98319]},
			"faces": {
				"north": {"uv": [1, 0, 2, 0.5], "texture": "#2"},
				"east": {"uv": [1, 0, 1.5, 0.5], "texture": "#2"},
				"south": {"uv": [1, 0, 2, 0.5], "texture": "#2"},
				"west": {"uv": [1, 0, 1.5, 0.5], "texture": "#2"},
				"up": {"uv": [0, 1, 1, 1.5], "texture": "#2"},
				"down": {"uv": [0, 1, 1, 1.5], "texture": "#2"}
			}
		},
		{
			"from": [6.28193, 10.2857, 4.98257],
			"to": [7.28193, 11.0357, 5.98257],
			"rotation": {"angle": 22.5, "axis": "z", "origin": [22.28193, -0.9643, 6.98257]},
			"faces": {
				"north": {"uv": [1, 0, 2, 0.5], "rotation": 270, "texture": "#2"},
				"east": {"uv": [0, 1, 1, 1.5], "rotation": 270, "texture": "#2"},
				"south": {"uv": [1, 0, 2, 0.5], "rotation": 90, "texture": "#2"},
				"west": {"uv": [0, 1, 1, 1.5], "rotation": 270, "texture": "#2"},
				"up": {"uv": [1, 0, 1.5, 0.5], "rotation": 90, "texture": "#2"},
				"down": {"uv": [1, 0, 1.5, 0.5], "rotation": 270, "texture": "#2"}
			}
		},
		{
			"from": [3.11853, 1.4391, 4.98258],
			"to": [4.11853, 3.6891, 5.98258],
			"faces": {
				"north": {"uv": [1, 0, 2, 0.5], "rotation": 270, "texture": "#2"},
				"east": {"uv": [0, 1, 1, 1.5], "rotation": 270, "texture": "#2"},
				"south": {"uv": [1, 0, 2, 0.5], "rotation": 90, "texture": "#2"},
				"west": {"uv": [0, 1, 1, 1.5], "rotation": 270, "texture": "#2"},
				"up": {"uv": [1, 0, 1.5, 0.5], "rotation": 90, "texture": "#2"},
				"down": {"uv": [1, 0, 1.5, 0.5], "rotation": 270, "texture": "#2"}
			}
		},
		{
			"from": [3.11549, 0.03001, 2.75016],
			"to": [4.11549, 1.03001, 4.70016],
			"faces": {
				"north": {"uv": [1, 0.5, 1.5, 0], "texture": "#2"},
				"east": {"uv": [1, 0.5, 2, 0], "texture": "#2"},
				"south": {"uv": [1, 0.5, 1.5, 0], "texture": "#2"},
				"west": {"uv": [1, 0.5, 2, 0], "texture": "#2"},
				"up": {"uv": [0, 1.5, 1, 1], "rotation": 90, "texture": "#2"},
				"down": {"uv": [0, 1.5, 1, 1], "rotation": 270, "texture": "#2"}
			}
		},
		{
			"from": [3.10502, 5.764, 9.53745],
			"to": [4.10502, 6.764, 10.03745],
			"rotation": {"angle": -22.5, "axis": "x", "origin": [2.10502, -9.236, 21.53745]},
			"faces": {
				"north": {"uv": [1, 0.5, 1.5, 0], "texture": "#2"},
				"east": {"uv": [1, 0.5, 2, 0], "texture": "#2"},
				"south": {"uv": [1, 0.5, 1.5, 0], "texture": "#2"},
				"west": {"uv": [1, 0.5, 2, 0], "texture": "#2"},
				"up": {"uv": [0, 1.5, 1, 1], "rotation": 90, "texture": "#2"},
				"down": {"uv": [0, 1.5, 1, 1], "rotation": 270, "texture": "#2"}
			}
		},
		{
			"from": [3.10501, 13.10007, 12.26451],
			"to": [4.10501, 14.10007, 13.01451],
			"rotation": {"angle": -45, "axis": "x", "origin": [2.10501, -1.89993, 24.26451]},
			"faces": {
				"north": {"uv": [1, 0.5, 1.5, 0], "texture": "#2"},
				"east": {"uv": [1, 0.5, 2, 0], "texture": "#2"},
				"south": {"uv": [1, 0.5, 1.5, 0], "texture": "#2"},
				"west": {"uv": [1, 0.5, 2, 0], "texture": "#2"},
				"up": {"uv": [0, 1.5, 1, 1], "rotation": 90, "texture": "#2"},
				"down": {"uv": [0, 1.5, 1, 1], "rotation": 270, "texture": "#2"}
			}
		},
		{
			"from": [3.10563, -5.90229, 8.15366],
			"to": [4.10563, -5.15229, 9.15366],
			"rotation": {"angle": 22.5, "axis": "x", "origin": [2.10563, 6.09771, 24.15366]},
			"faces": {
				"north": {"uv": [1, 1, 0, 1.5], "rotation": 270, "texture": "#2"},
				"east": {"uv": [2, 0, 1, 0.5], "rotation": 270, "texture": "#2"},
				"south": {"uv": [1, 1, 0, 1.5], "rotation": 270, "texture": "#2"},
				"west": {"uv": [2, 0, 1, 0.5], "rotation": 90, "texture": "#2"},
				"up": {"uv": [1.5, 0, 1, 0.5], "texture": "#2"},
				"down": {"uv": [1.5, 0, 1, 0.5], "texture": "#2"}
			}
		},
		{
			"from": [-4.73795, -1.62967, 4.98231],
			"to": [-4.23795, -0.62967, 5.98231],
			"rotation": {"angle": 22.5, "axis": "z", "origin": [-16.23795, 14.37033, 3.98231]},
			"faces": {
				"north": {"uv": [1, 0, 2, 0.5], "texture": "#2"},
				"east": {"uv": [1, 0, 1.5, 0.5], "texture": "#2"},
				"south": {"uv": [1, 0, 2, 0.5], "texture": "#2"},
				"west": {"uv": [1, 0, 1.5, 0.5], "texture": "#2"},
				"up": {"uv": [0, 1, 1, 1.5], "rotation": 180, "texture": "#2"},
				"down": {"uv": [0, 1, 1, 1.5], "rotation": 180, "texture": "#2"}
			}
		},
		{
			"from": [-7.715, -8.96573, 4.9823],
			"to": [-6.965, -7.96573, 5.9823],
			"rotation": {"angle": 45, "axis": "z", "origin": [-18.965, 7.03427, 3.9823]},
			"faces": {
				"north": {"uv": [1, 0, 2, 0.5], "texture": "#2"},
				"east": {"uv": [1, 0, 1.5, 0.5], "texture": "#2"},
				"south": {"uv": [1, 0, 2, 0.5], "texture": "#2"},
				"west": {"uv": [1, 0, 1.5, 0.5], "texture": "#2"},
				"up": {"uv": [0, 1, 1, 1.5], "rotation": 180, "texture": "#2"},
				"down": {"uv": [0, 1, 1, 1.5], "rotation": 180, "texture": "#2"}
			}
		},
		{
			"from": [-3.85415, 10.28662, 4.98291],
			"to": [-2.85415, 11.03662, 5.98291],
			"rotation": {"angle": -22.5, "axis": "z", "origin": [-18.85415, -0.96338, 3.98291]},
			"faces": {
				"north": {"uv": [1, 0, 2, 0.5], "rotation": 90, "texture": "#2"},
				"east": {"uv": [0, 1, 1, 1.5], "rotation": 270, "texture": "#2"},
				"south": {"uv": [1, 0, 2, 0.5], "rotation": 270, "texture": "#2"},
				"west": {"uv": [0, 1, 1, 1.5], "rotation": 270, "texture": "#2"},
				"up": {"uv": [1, 0, 1.5, 0.5], "rotation": 270, "texture": "#2"},
				"down": {"uv": [1, 0, 1.5, 0.5], "rotation": 90, "texture": "#2"}
			}
		},
		{
			"from": [-0.69076, 1.94002, 4.98291],
			"to": [0.30924, 3.69002, 5.98291],
			"faces": {
				"north": {"uv": [1, 0, 2, 0.5], "rotation": 90, "texture": "#2"},
				"east": {"uv": [0, 1, 1, 1.5], "rotation": 270, "texture": "#2"},
				"south": {"uv": [1, 0, 2, 0.5], "rotation": 270, "texture": "#2"},
				"west": {"uv": [0, 1, 1, 1.5], "rotation": 270, "texture": "#2"},
				"up": {"uv": [1, 0, 1.5, 0.5], "rotation": 270, "texture": "#2"},
				"down": {"uv": [1, 0, 1.5, 0.5], "rotation": 90, "texture": "#2"}
			}
		},
		{
			"from": [-0.691, 0.52561, 6.26348],
			"to": [0.309, 1.52561, 8.96348],
			"faces": {
				"north": {"uv": [1, 0.5, 1.5, 0], "texture": "#2"},
				"east": {"uv": [1, 0.5, 2, 0], "texture": "#2"},
				"south": {"uv": [1, 0.5, 1.5, 0], "texture": "#2"},
				"west": {"uv": [1, 0.5, 2, 0], "texture": "#2"},
				"up": {"uv": [0, 1.5, 1, 1], "rotation": 270, "texture": "#2"},
				"down": {"uv": [0, 1.5, 1, 1], "rotation": 90, "texture": "#2"}
			}
		},
		{
			"from": [-0.691, 6.25967, 0.93662],
			"to": [0.309, 7.25967, 1.43662],
			"rotation": {"angle": 22.5, "axis": "x", "origin": [1.309, -8.74033, -10.56338]},
			"faces": {
				"north": {"uv": [1, 0.5, 1.5, 0], "texture": "#2"},
				"east": {"uv": [1, 0.5, 2, 0], "texture": "#2"},
				"south": {"uv": [1, 0.5, 1.5, 0], "texture": "#2"},
				"west": {"uv": [1, 0.5, 2, 0], "texture": "#2"},
				"up": {"uv": [0, 1.5, 1, 1], "rotation": 270, "texture": "#2"},
				"down": {"uv": [0, 1.5, 1, 1], "rotation": 90, "texture": "#2"}
			}
		},
		{
			"from": [-0.69099, 13.59573, -2.04044],
			"to": [0.30901, 14.59573, -1.29044],
			"rotation": {"angle": 45, "axis": "x", "origin": [1.30901, -1.40427, -13.29044]},
			"faces": {
				"north": {"uv": [1, 0.5, 1.5, 0], "texture": "#2"},
				"east": {"uv": [1, 0.5, 2, 0], "texture": "#2"},
				"south": {"uv": [1, 0.5, 1.5, 0], "texture": "#2"},
				"west": {"uv": [1, 0.5, 2, 0], "texture": "#2"},
				"up": {"uv": [0, 1.5, 1, 1], "rotation": 270, "texture": "#2"},
				"down": {"uv": [0, 1.5, 1, 1], "rotation": 90, "texture": "#2"}
			}
		},
		{
			"from": [-0.69161, -5.40662, 1.82041],
			"to": [0.30839, -4.65662, 2.82041],
			"rotation": {"angle": -22.5, "axis": "x", "origin": [1.30839, 6.59338, -13.17959]},
			"faces": {
				"north": {"uv": [1, 1, 0, 1.5], "rotation": 270, "texture": "#2"},
				"east": {"uv": [2, 0, 1, 0.5], "rotation": 90, "texture": "#2"},
				"south": {"uv": [1, 1, 0, 1.5], "rotation": 270, "texture": "#2"},
				"west": {"uv": [2, 0, 1, 0.5], "rotation": 270, "texture": "#2"},
				"up": {"uv": [1.5, 0, 1, 0.5], "rotation": 180, "texture": "#2"},
				"down": {"uv": [1.5, 0, 1, 0.5], "rotation": 180, "texture": "#2"}
			}
		},
		{
			"from": [-0.53055, 0.03067, 6.81968],
			"to": [0.96945, 1.03067, 7.81968],
			"rotation": {"angle": 22.5, "axis": "y", "origin": [-13.03055, -0.96933, -9.18032]},
			"faces": {
				"north": {"uv": [0, 1, 1, 1.5], "rotation": 180, "texture": "#2"},
				"east": {"uv": [1, 0, 1.5, 0.5], "rotation": 90, "texture": "#2"},
				"south": {"uv": [0, 1, 1, 1.5], "rotation": 180, "texture": "#2"},
				"west": {"uv": [1, 0, 1.5, 0.5], "rotation": 270, "texture": "#2"},
				"up": {"uv": [1, 0, 2, 0.5], "texture": "#2"},
				"down": {"uv": [1, 0, 2, 0.5], "rotation": 180, "texture": "#2"}
			}
		},
		{
			"from": [-6.03409, 0.03354, 15.28448],
			"to": [-4.28409, 1.03354, 16.28448],
			"rotation": {"angle": 45, "axis": "y", "origin": [-17.28409, -0.96646, -2.71552]},
			"faces": {
				"north": {"uv": [0, 1, 1, 1.5], "rotation": 180, "texture": "#2"},
				"east": {"uv": [1, 0, 1.5, 0.5], "rotation": 90, "texture": "#2"},
				"south": {"uv": [0, 1, 1, 1.5], "rotation": 180, "texture": "#2"},
				"west": {"uv": [1, 0, 1.5, 0.5], "rotation": 270, "texture": "#2"},
				"up": {"uv": [1, 0, 2, 0.5], "texture": "#2"},
				"down": {"uv": [1, 0, 2, 0.5], "rotation": 180, "texture": "#2"}
			}
		},
		{
			"from": [13.77155, 0.03635, 19.88069],
			"to": [14.77155, 1.03635, 20.63069],
			"rotation": {"angle": -22.5, "axis": "y", "origin": [32.77155, -0.96365, 11.63069]},
			"faces": {
				"north": {"uv": [1, 0, 1.5, 0.5], "rotation": 90, "texture": "#2"},
				"east": {"uv": [0, 1, 1, 1.5], "rotation": 180, "texture": "#2"},
				"south": {"uv": [1, 0, 1.5, 0.5], "rotation": 270, "texture": "#2"},
				"west": {"uv": [0, 1, 1, 1.5], "texture": "#2"},
				"up": {"uv": [2, 0.5, 1, 0], "rotation": 270, "texture": "#2"},
				"down": {"uv": [2, 0.5, 1, 0], "rotation": 270, "texture": "#2"}
			}
		},
		{
			"from": [11.97467, 1.43789, 9.13131],
			"to": [12.97467, 8.93789, 10.13131],
			"faces": {
				"north": {"uv": [1, 0, 2, 0.5], "rotation": 90, "texture": "#2"},
				"east": {"uv": [0, 1, 1, 1.5], "rotation": 270, "texture": "#2"},
				"south": {"uv": [1, 0, 2, 0.5], "rotation": 270, "texture": "#2"},
				"west": {"uv": [0, 1, 1, 1.5], "rotation": 270, "texture": "#2"},
				"up": {"uv": [1.5, 0.5, 1, 0], "rotation": 90, "texture": "#2"},
				"down": {"uv": [1.5, 0.5, 1, 0], "rotation": 270, "texture": "#2"}
			}
		},
		{
			"from": [11.97771, 0.02881, 10.41373],
			"to": [12.97771, 1.02881, 12.36373],
			"faces": {
				"north": {"uv": [1, 0.5, 1.5, 0], "texture": "#2"},
				"east": {"uv": [1, 0.5, 2, 0], "texture": "#2"},
				"south": {"uv": [1, 0.5, 1.5, 0], "texture": "#2"},
				"west": {"uv": [1, 0.5, 2, 0], "texture": "#2"},
				"up": {"uv": [1, 1, 0, 1.5], "rotation": 90, "texture": "#2"},
				"down": {"uv": [1, 1, 0, 1.5], "rotation": 270, "texture": "#2"}
			}
		},
		{
			"from": [11.98818, 5.7628, 5.07644],
			"to": [12.98818, 6.7628, 5.57644],
			"rotation": {"angle": 22.5, "axis": "x", "origin": [13.98818, -9.2372, -6.42356]},
			"faces": {
				"north": {"uv": [1, 0.5, 1.5, 0], "texture": "#2"},
				"east": {"uv": [1, 0.5, 2, 0], "texture": "#2"},
				"south": {"uv": [1, 0.5, 1.5, 0], "texture": "#2"},
				"west": {"uv": [1, 0.5, 2, 0], "texture": "#2"},
				"up": {"uv": [1, 1, 0, 1.5], "rotation": 90, "texture": "#2"},
				"down": {"uv": [1, 1, 0, 1.5], "rotation": 270, "texture": "#2"}
			}
		},
		{
			"from": [11.9882, 13.09887, 2.09938],
			"to": [12.9882, 14.09887, 2.84938],
			"rotation": {"angle": 45, "axis": "x", "origin": [13.9882, -1.90113, -9.15062]},
			"faces": {
				"north": {"uv": [1, 0.5, 1.5, 0], "texture": "#2"},
				"east": {"uv": [1, 0.5, 2, 0], "texture": "#2"},
				"south": {"uv": [1, 0.5, 1.5, 0], "texture": "#2"},
				"west": {"uv": [1, 0.5, 2, 0], "texture": "#2"},
				"up": {"uv": [1, 1, 0, 1.5], "rotation": 90, "texture": "#2"},
				"down": {"uv": [1, 1, 0, 1.5], "rotation": 270, "texture": "#2"}
			}
		},
		{
			"from": [11.98758, -5.90349, 5.96023],
			"to": [12.98758, -5.15349, 6.96023],
			"rotation": {"angle": -22.5, "axis": "x", "origin": [13.98758, 6.09651, -9.03977]},
			"faces": {
				"north": {"uv": [1, 1, 0, 1.5], "rotation": 270, "texture": "#2"},
				"east": {"uv": [2, 0, 1, 0.5], "rotation": 90, "texture": "#2"},
				"south": {"uv": [1, 1, 0, 1.5], "rotation": 270, "texture": "#2"},
				"west": {"uv": [2, 0, 1, 0.5], "rotation": 270, "texture": "#2"},
				"up": {"uv": [1, 0.5, 1.5, 0], "texture": "#2"},
				"down": {"uv": [1, 0.5, 1.5, 0], "texture": "#2"}
			}
		},
		{
			"from": [15.83428, 0.03482, 6.58407],
			"to": [17.33428, 1.03482, 7.58407],
			"rotation": {"angle": 22.5, "axis": "y", "origin": [29.83428, -0.96518, 23.58407]},
			"faces": {
				"north": {"uv": [0, 1, 1, 1.5], "rotation": 180, "texture": "#2"},
				"east": {"uv": [1, 0, 1.5, 0.5], "rotation": 270, "texture": "#2"},
				"south": {"uv": [0, 1, 1, 1.5], "rotation": 180, "texture": "#2"},
				"west": {"uv": [1, 0, 1.5, 0.5], "rotation": 90, "texture": "#2"},
				"up": {"uv": [2, 0.5, 1, 0], "texture": "#2"},
				"down": {"uv": [2, 0.5, 1, 0], "rotation": 180, "texture": "#2"}
			}
		},
		{
			"from": [21.3773, 0.03234, -1.17059],
			"to": [22.1273, 1.03234, -0.17059],
			"rotation": {"angle": 45, "axis": "y", "origin": [33.3773, -0.96766, 17.82941]},
			"faces": {
				"north": {"uv": [0, 1, 1, 1.5], "rotation": 180, "texture": "#2"},
				"east": {"uv": [1, 0, 1.5, 0.5], "rotation": 270, "texture": "#2"},
				"south": {"uv": [0, 1, 1, 1.5], "rotation": 180, "texture": "#2"},
				"west": {"uv": [1, 0, 1.5, 0.5], "rotation": 90, "texture": "#2"},
				"up": {"uv": [2, 0.5, 1, 0], "texture": "#2"},
				"down": {"uv": [2, 0.5, 1, 0], "rotation": 180, "texture": "#2"}
			}
		},
		{
			"from": [7.52753, 0.03433, 13.15955],
			"to": [10.77753, 1.03433, 14.15955],
			"faces": {
				"north": {"uv": [1, 0.5, 1.5, 0], "texture": "#2"},
				"east": {"uv": [1, 0.5, 2, 0], "texture": "#2"},
				"south": {"uv": [1, 0.5, 1.5, 0], "texture": "#2"},
				"west": {"uv": [1, 0.5, 2, 0], "texture": "#2"},
				"up": {"uv": [1, 1, 0, 1.5], "rotation": 90, "texture": "#2"},
				"down": {"uv": [1, 1, 0, 1.5], "rotation": 270, "texture": "#2"}
			}
		},
		{
			"from": [-1.84705, 0.03436, 16.72528],
			"to": [0.45295, 1.03436, 17.72528],
			"rotation": {"angle": -22.5, "axis": "y", "origin": [12.95295, -0.96564, 33.72528]},
			"faces": {
				"north": {"uv": [0, 1, 1, 1.5], "rotation": 180, "texture": "#2"},
				"east": {"uv": [1, 0, 1.5, 0.5], "rotation": 270, "texture": "#2"},
				"south": {"uv": [0, 1, 1, 1.5], "rotation": 180, "texture": "#2"},
				"west": {"uv": [1, 0, 1.5, 0.5], "rotation": 90, "texture": "#2"},
				"up": {"uv": [2, 0.5, 1, 0], "texture": "#2"},
				"down": {"uv": [2, 0.5, 1, 0], "rotation": 180, "texture": "#2"}
			}
		},
		{
			"from": [-0.92149, 0.25782, 9.71172],
			"to": [0.57851, 1.75782, 10.46172],
			"faces": {
				"north": {"uv": [4, 1, 5, 2], "rotation": 270, "texture": "#0"},
				"east": {"uv": [4, 1, 5, 2], "rotation": 270, "texture": "#0"},
				"south": {"uv": [4, 1, 5, 2], "rotation": 270, "texture": "#0"},
				"west": {"uv": [4, 1, 5, 2], "rotation": 270, "texture": "#0"},
				"up": {"uv": [4, 1, 5, 2], "rotation": 270, "texture": "#0"},
				"down": {"uv": [4, 1, 5, 2], "rotation": 270, "texture": "#0"}
			}
		},
		{
			"from": [-0.77149, 0.40782, 8.96172],
			"to": [0.42851, 1.60782, 9.71172],
			"faces": {
				"north": {"uv": [0.75, 0, 1.5, 1.2], "rotation": 90, "texture": "#1"},
				"east": {"uv": [0.75, 0, 1.5, 1.2], "rotation": 90, "texture": "#1"},
				"south": {"uv": [0.75, 0, 1.5, 1.2], "rotation": 90, "texture": "#1"},
				"west": {"uv": [0.75, 0, 1.5, 1.2], "rotation": 90, "texture": "#1"},
				"up": {"uv": [0.75, 0, 1.5, 1.2], "rotation": 90, "texture": "#1"},
				"down": {"uv": [0.75, 0, 1.5, 1.2], "rotation": 90, "texture": "#1"}
			}
		},
		{
			"from": [-0.67149, 0.50782, 10.46172],
			"to": [0.32851, 1.50782, 11.96172],
			"faces": {
				"north": {"uv": [1.5, 0, 3, 1], "rotation": 90, "texture": "#3"},
				"east": {"uv": [1.5, 0, 3, 1], "rotation": 90, "texture": "#3"},
				"south": {"uv": [1.5, 0, 3, 1], "rotation": 90, "texture": "#3"},
				"west": {"uv": [1.5, 0, 3, 1], "rotation": 90, "texture": "#3"},
				"up": {"uv": [1.5, 0, 3, 1], "rotation": 90, "texture": "#3"},
				"down": {"uv": [1.5, 0, 3, 1], "rotation": 90, "texture": "#3"}
			}
		},
		{
			"from": [-4.0633, 0.4171, 13.98722],
			"to": [-2.8633, 1.6171, 14.83722],
			"rotation": {"angle": -22.5, "axis": "y", "origin": [3.7867, 8.2671, 21.23722]},
			"faces": {
				"north": {"uv": [0.85, 0, 1.7, 1.2], "rotation": 90, "texture": "#3"},
				"east": {"uv": [0.85, 0, 1.7, 1.2], "rotation": 90, "texture": "#3"},
				"south": {"uv": [0.85, 0, 1.7, 1.2], "rotation": 90, "texture": "#3"},
				"west": {"uv": [0.85, 0, 1.7, 1.2], "rotation": 90, "texture": "#3"},
				"up": {"uv": [0.85, 0, 1.7, 1.2], "rotation": 90, "texture": "#3"},
				"down": {"uv": [0.85, 0, 1.7, 1.2], "rotation": 90, "texture": "#3"}
			}
		},
		{
			"from": [-8.26787, 0.32655, 15.2912],
			"to": [-6.86787, 1.72655, 16.1412],
			"rotation": {"angle": -45, "axis": "y", "origin": [-0.31787, 8.27655, 22.5412]},
			"faces": {
				"north": {"uv": [0.85, 0, 1.7, 1.4], "rotation": 90, "texture": "#3"},
				"east": {"uv": [0.85, 0, 1.7, 1.4], "rotation": 90, "texture": "#3"},
				"south": {"uv": [0.85, 0, 1.7, 1.4], "rotation": 90, "texture": "#3"},
				"west": {"uv": [0.85, 0, 1.7, 1.4], "rotation": 90, "texture": "#3"},
				"up": {"uv": [0.85, 0, 1.7, 1.4], "rotation": 90, "texture": "#3"},
				"down": {"uv": [0.85, 0, 1.7, 1.4], "rotation": 90, "texture": "#3"}
			}
		},
		{
			"from": [2.14097, 0.23341, 14.12518],
			"to": [2.64097, 1.83341, 15.72518],
			"rotation": {"angle": 22.5, "axis": "y", "origin": [-4.60903, 8.28341, 22.17518]},
			"faces": {
				"north": {"uv": [0, 1.6, 0.5, 3.2], "texture": "#3"},
				"east": {"uv": [0, 1.6, 0.5, 3.2], "texture": "#3"},
				"south": {"uv": [0, 1.6, 0.5, 3.2], "texture": "#3"},
				"west": {"uv": [0, 1.6, 0.5, 3.2], "texture": "#3"},
				"up": {"uv": [0, 1.6, 0.5, 3.2], "texture": "#3"},
				"down": {"uv": [0, 1.6, 0.5, 3.2], "texture": "#3"}
			}
		},
		{
			"from": [1.89097, 0.23341, 14.12518],
			"to": [2.14097, 1.83341, 15.72518],
			"rotation": {"angle": 22.5, "axis": "y", "origin": [-4.60903, 8.28341, 22.17518]},
			"faces": {
				"north": {"uv": [0, 1.6, 1.6, 3.2], "rotation": 270, "texture": "#3"},
				"east": {"uv": [0, 1.6, 1.6, 3.2], "rotation": 270, "texture": "#3"},
				"south": {"uv": [0, 1.6, 1.6, 3.2], "rotation": 270, "texture": "#3"},
				"west": {"uv": [0, 1.6, 1.6, 3.2], "rotation": 270, "texture": "#1"},
				"up": {"uv": [0, 1.6, 1.6, 3.2], "rotation": 270, "texture": "#3"},
				"down": {"uv": [0, 1.6, 1.6, 3.2], "rotation": 270, "texture": "#3"}
			}
		},
		{
			"from": [1.79097, 0.43341, 15.27518],
			"to": [1.84097, 0.68341, 15.52518],
			"rotation": {"angle": 22.5, "axis": "y", "origin": [-4.60903, 8.28341, 22.17518]},
			"faces": {
				"north": {"uv": [4, 1, 5, 2], "rotation": 270, "texture": "#0"},
				"east": {"uv": [4, 1, 5, 2], "rotation": 270, "texture": "#0"},
				"south": {"uv": [4, 1, 5, 2], "rotation": 270, "texture": "#0"},
				"west": {"uv": [4, 1, 5, 2], "rotation": 270, "texture": "#0"},
				"up": {"uv": [4, 1, 5, 2], "rotation": 270, "texture": "#0"},
				"down": {"uv": [4, 1, 5, 2], "rotation": 270, "texture": "#0"}
			}
		},
		{
			"from": [1.79097, 0.93341, 15.37518],
			"to": [1.84097, 1.18341, 15.62518],
			"rotation": {"angle": 22.5, "axis": "y", "origin": [-4.60903, 8.28341, 22.17518]},
			"faces": {
				"north": {"uv": [4, 1, 5, 2], "rotation": 270, "texture": "#0"},
				"east": {"uv": [4, 1, 5, 2], "rotation": 270, "texture": "#0"},
				"south": {"uv": [4, 1, 5, 2], "rotation": 270, "texture": "#0"},
				"west": {"uv": [4, 1, 5, 2], "rotation": 270, "texture": "#0"},
				"up": {"uv": [4, 1, 5, 2], "rotation": 270, "texture": "#0"},
				"down": {"uv": [4, 1, 5, 2], "rotation": 270, "texture": "#0"}
			}
		},
		{
			"from": [1.79097, 1.43341, 15.27518],
			"to": [1.84097, 1.68341, 15.52518],
			"rotation": {"angle": 22.5, "axis": "y", "origin": [-4.60903, 8.28341, 22.17518]},
			"faces": {
				"north": {"uv": [4, 1, 5, 2], "rotation": 270, "texture": "#0"},
				"east": {"uv": [4, 1, 5, 2], "rotation": 270, "texture": "#0"},
				"south": {"uv": [4, 1, 5, 2], "rotation": 270, "texture": "#0"},
				"west": {"uv": [4, 1, 5, 2], "rotation": 270, "texture": "#0"},
				"up": {"uv": [4, 1, 5, 2], "rotation": 270, "texture": "#0"},
				"down": {"uv": [4, 1, 5, 2], "rotation": 270, "texture": "#0"}
			}
		},
		{
			"from": [1.79097, 0.33341, 14.77518],
			"to": [1.84097, 0.58341, 15.02518],
			"rotation": {"angle": 22.5, "axis": "y", "origin": [-4.60903, 8.28341, 22.17518]},
			"faces": {
				"north": {"uv": [4, 1, 5, 2], "rotation": 270, "texture": "#0"},
				"east": {"uv": [4, 1, 5, 2], "rotation": 270, "texture": "#0"},
				"south": {"uv": [4, 1, 5, 2], "rotation": 270, "texture": "#0"},
				"west": {"uv": [4, 1, 5, 2], "rotation": 270, "texture": "#0"},
				"up": {"uv": [4, 1, 5, 2], "rotation": 270, "texture": "#0"},
				"down": {"uv": [4, 1, 5, 2], "rotation": 270, "texture": "#0"}
			}
		},
		{
			"from": [1.79097, 1.53341, 14.77518],
			"to": [1.84097, 1.78341, 15.02518],
			"rotation": {"angle": 22.5, "axis": "y", "origin": [-4.60903, 8.28341, 22.17518]},
			"faces": {
				"north": {"uv": [4, 1, 5, 2], "rotation": 270, "texture": "#0"},
				"east": {"uv": [4, 1, 5, 2], "rotation": 270, "texture": "#0"},
				"south": {"uv": [4, 1, 5, 2], "rotation": 270, "texture": "#0"},
				"west": {"uv": [4, 1, 5, 2], "rotation": 270, "texture": "#0"},
				"up": {"uv": [4, 1, 5, 2], "rotation": 270, "texture": "#0"},
				"down": {"uv": [4, 1, 5, 2], "rotation": 270, "texture": "#0"}
			}
		},
		{
			"from": [1.79097, 1.43341, 14.27518],
			"to": [1.84097, 1.68341, 14.52518],
			"rotation": {"angle": 22.5, "axis": "y", "origin": [-4.60903, 8.28341, 22.17518]},
			"faces": {
				"north": {"uv": [4, 1, 5, 2], "rotation": 270, "texture": "#0"},
				"east": {"uv": [4, 1, 5, 2], "rotation": 270, "texture": "#0"},
				"south": {"uv": [4, 1, 5, 2], "rotation": 270, "texture": "#0"},
				"west": {"uv": [4, 1, 5, 2], "rotation": 270, "texture": "#0"},
				"up": {"uv": [4, 1, 5, 2], "rotation": 270, "texture": "#0"},
				"down": {"uv": [4, 1, 5, 2], "rotation": 270, "texture": "#0"}
			}
		},
		{
			"from": [1.79097, 0.93341, 14.17518],
			"to": [1.84097, 1.18341, 14.42518],
			"rotation": {"angle": 22.5, "axis": "y", "origin": [-4.60903, 8.28341, 22.17518]},
			"faces": {
				"north": {"uv": [4, 1, 5, 2], "rotation": 270, "texture": "#0"},
				"east": {"uv": [4, 1, 5, 2], "rotation": 270, "texture": "#0"},
				"south": {"uv": [4, 1, 5, 2], "rotation": 270, "texture": "#0"},
				"west": {"uv": [4, 1, 5, 2], "rotation": 270, "texture": "#0"},
				"up": {"uv": [4, 1, 5, 2], "rotation": 270, "texture": "#0"},
				"down": {"uv": [4, 1, 5, 2], "rotation": 270, "texture": "#0"}
			}
		},
		{
			"from": [1.79097, 0.43341, 14.27518],
			"to": [1.84097, 0.68341, 14.52518],
			"rotation": {"angle": 22.5, "axis": "y", "origin": [-4.60903, 8.28341, 22.17518]},
			"faces": {
				"north": {"uv": [4, 1, 5, 2], "rotation": 270, "texture": "#0"},
				"east": {"uv": [4, 1, 5, 2], "rotation": 270, "texture": "#0"},
				"south": {"uv": [4, 1, 5, 2], "rotation": 270, "texture": "#0"},
				"west": {"uv": [4, 1, 5, 2], "rotation": 270, "texture": "#0"},
				"up": {"uv": [4, 1, 5, 2], "rotation": 270, "texture": "#0"},
				"down": {"uv": [4, 1, 5, 2], "rotation": 270, "texture": "#0"}
			}
		},
		{
			"from": [1.79097, 0.93341, 14.77518],
			"to": [1.84097, 1.18341, 15.02518],
			"rotation": {"angle": 22.5, "axis": "y", "origin": [-4.60903, 8.28341, 22.17518]},
			"faces": {
				"north": {"uv": [4, 1, 5, 2], "rotation": 270, "texture": "#0"},
				"east": {"uv": [4, 1, 5, 2], "rotation": 270, "texture": "#0"},
				"south": {"uv": [4, 1, 5, 2], "rotation": 270, "texture": "#0"},
				"west": {"uv": [4, 1, 5, 2], "rotation": 270, "texture": "#0"},
				"up": {"uv": [4, 1, 5, 2], "rotation": 270, "texture": "#0"},
				"down": {"uv": [4, 1, 5, 2], "rotation": 270, "texture": "#0"}
			}
		},
		{
			"from": [1.79421, 1.8334, 14.12196],
			"to": [2.04421, 2.1334, 15.72196],
			"rotation": {"angle": 22.5, "axis": "y", "origin": [-4.60579, 10.1334, 22.17196]},
			"faces": {
				"north": {"uv": [3, 1, 4, 2], "rotation": 270, "texture": "#0"},
				"east": {"uv": [3, 1, 4, 2], "rotation": 270, "texture": "#0"},
				"south": {"uv": [3, 1, 4, 2], "rotation": 270, "texture": "#0"},
				"west": {"uv": [3, 1, 4, 2], "rotation": 270, "texture": "#0"},
				"up": {"uv": [3, 1, 4, 2], "rotation": 270, "texture": "#0"},
				"down": {"uv": [3, 1, 4, 2], "rotation": 270, "texture": "#0"}
			}
		},
		{
			"from": [1.79089, -0.06659, 14.12527],
			"to": [2.04089, 0.23341, 15.72527],
			"rotation": {"angle": 22.5, "axis": "y", "origin": [-4.60911, 8.23341, 22.17527]},
			"faces": {
				"north": {"uv": [3, 1, 4, 2], "rotation": 270, "texture": "#0"},
				"east": {"uv": [3, 1, 4, 2], "rotation": 270, "texture": "#0"},
				"south": {"uv": [3, 1, 4, 2], "rotation": 270, "texture": "#0"},
				"west": {"uv": [3, 1, 4, 2], "rotation": 270, "texture": "#0"},
				"up": {"uv": [3, 1, 4, 2], "rotation": 270, "texture": "#0"},
				"down": {"uv": [3, 1, 4, 2], "rotation": 270, "texture": "#0"}
			}
		},
		{
			"from": [1.8289, 0.23352, 15.7178],
			"to": [2.0789, 1.83352, 15.9678],
			"rotation": {"angle": 22.5, "axis": "y", "origin": [-4.5711, 10.03352, 22.2678]},
			"faces": {
				"north": {"uv": [3, 1, 4, 2], "rotation": 270, "texture": "#0"},
				"east": {"uv": [3, 1, 4, 2], "rotation": 270, "texture": "#0"},
				"south": {"uv": [3, 1, 4, 2], "rotation": 270, "texture": "#0"},
				"west": {"uv": [3, 1, 4, 2], "rotation": 270, "texture": "#0"},
				"up": {"uv": [3, 1, 4, 2], "rotation": 270, "texture": "#0"},
				"down": {"uv": [3, 1, 4, 2], "rotation": 270, "texture": "#0"}
			}
		},
		{
			"from": [1.12426, 0.23166, 14.00716],
			"to": [1.37426, 1.83166, 14.25716],
			"rotation": {"angle": 22.5, "axis": "y", "origin": [-5.27574, 10.03166, 20.55716]},
			"faces": {
				"north": {"uv": [3, 1, 4, 2], "rotation": 270, "texture": "#0"},
				"east": {"uv": [3, 1, 4, 2], "rotation": 270, "texture": "#0"},
				"south": {"uv": [3, 1, 4, 2], "rotation": 270, "texture": "#0"},
				"west": {"uv": [3, 1, 4, 2], "rotation": 270, "texture": "#0"},
				"up": {"uv": [3, 1, 4, 2], "rotation": 270, "texture": "#0"},
				"down": {"uv": [3, 1, 4, 2], "rotation": 270, "texture": "#0"}
			}
		},
		{
			"from": [-1.17149, 0.75782, 10.71172],
			"to": [-0.92149, 1.25782, 12.21172],
			"rotation": {"angle": 22.5, "axis": "y", "origin": [-0.92149, 1.25782, 11.21172]},
			"faces": {
				"north": {"uv": [0, 1.5, 0.5, 3], "rotation": 270, "texture": "#1"},
				"east": {"uv": [0, 1.5, 0.5, 3], "rotation": 270, "texture": "#1"},
				"south": {"uv": [0, 1.5, 0.5, 3], "rotation": 270, "texture": "#1"},
				"west": {"uv": [0, 1.5, 0.5, 3], "rotation": 270, "texture": "#1"},
				"up": {"uv": [0, 1.5, 0.5, 3], "rotation": 270, "texture": "#1"},
				"down": {"uv": [0, 1.5, 0.5, 3], "rotation": 270, "texture": "#1"}
			}
		},
		{
			"from": [11.87249, 8.93789, 9.03349],
			"to": [13.07249, 9.93789, 10.23349],
			"faces": {
				"north": {"uv": [3, 1, 4, 1.5], "rotation": 270, "texture": "#1"},
				"east": {"uv": [3, 1, 4, 1.5], "rotation": 270, "texture": "#1"},
				"south": {"uv": [3, 1, 4, 1.5], "rotation": 270, "texture": "#1"},
				"west": {"uv": [3, 1, 4, 1.5], "rotation": 270, "texture": "#1"},
				"up": {"uv": [3, 1, 4, 1.5], "rotation": 270, "texture": "#1"},
				"down": {"uv": [3, 1, 4, 1.5], "rotation": 270, "texture": "#1"}
			}
		},
		{
			"from": [11.77249, 9.78789, 8.93349],
			"to": [13.17249, 10.18789, 10.33349],
			"faces": {
				"north": {"uv": [3, 1, 4, 1.5], "rotation": 270, "texture": "#0"},
				"east": {"uv": [3, 1, 4, 1.5], "rotation": 270, "texture": "#0"},
				"south": {"uv": [3, 1, 4, 1.5], "rotation": 270, "texture": "#0"},
				"west": {"uv": [3, 1, 4, 1.5], "rotation": 270, "texture": "#0"},
				"up": {"uv": [3, 1, 4, 1.5], "rotation": 270, "texture": "#0"},
				"down": {"uv": [3, 1, 4, 1.5], "rotation": 270, "texture": "#0"}
			}
		},
		{
			"from": [11.87249, 10.18789, 9.03349],
			"to": [13.07249, 10.48789, 10.23349],
			"faces": {
				"north": {"uv": [3, 1, 4, 1.5], "rotation": 270, "texture": "#0"},
				"east": {"uv": [3, 1, 4, 1.5], "rotation": 270, "texture": "#0"},
				"south": {"uv": [3, 1, 4, 1.5], "rotation": 270, "texture": "#0"},
				"west": {"uv": [3, 1, 4, 1.5], "rotation": 270, "texture": "#0"},
				"up": {"uv": [3, 1, 4, 1.5], "rotation": 270, "texture": "#0"},
				"down": {"uv": [3, 1, 4, 1.5], "rotation": 270, "texture": "#0"}
			}
		},
		{
			"from": [12.07249, 10.48789, 9.23349],
			"to": [12.87249, 10.98789, 10.03349],
			"faces": {
				"north": {"uv": [3, 1, 4, 1.5], "rotation": 270, "texture": "#0"},
				"east": {"uv": [3, 1, 4, 1.5], "rotation": 270, "texture": "#0"},
				"south": {"uv": [3, 1, 4, 1.5], "rotation": 270, "texture": "#0"},
				"west": {"uv": [3, 1, 4, 1.5], "rotation": 270, "texture": "#0"},
				"up": {"uv": [3, 1, 4, 1.5], "rotation": 270, "texture": "#0"},
				"down": {"uv": [3, 1, 4, 1.5], "rotation": 270, "texture": "#0"}
			}
		},
		{
			"from": [6.27789, 16.95427, 9.23306],
			"to": [7.07789, 17.50427, 10.03306],
			"rotation": {"angle": -22.5, "axis": "z", "origin": [-5.82211, -0.59573, 8.13306]},
			"faces": {
				"north": {"uv": [3, 1, 4, 1.5], "rotation": 270, "texture": "#0"},
				"east": {"uv": [3, 1, 4, 1.5], "rotation": 270, "texture": "#0"},
				"south": {"uv": [3, 1, 4, 1.5], "rotation": 270, "texture": "#0"},
				"west": {"uv": [3, 1, 4, 1.5], "rotation": 270, "texture": "#0"},
				"up": {"uv": [3, 1, 4, 1.5], "rotation": 270, "texture": "#0"},
				"down": {"uv": [3, 1, 4, 1.5], "rotation": 270, "texture": "#0"}
			}
		},
		{
			"from": [3.41765, 25.19235, 9.23304],
			"to": [4.21765, 25.74235, 10.03304],
			"rotation": {"angle": -45, "axis": "z", "origin": [-8.68235, 7.64235, 8.13304]},
			"faces": {
				"north": {"uv": [3, 1, 4, 1.5], "rotation": 270, "texture": "#0"},
				"east": {"uv": [3, 1, 4, 1.5], "rotation": 270, "texture": "#0"},
				"south": {"uv": [3, 1, 4, 1.5], "rotation": 270, "texture": "#0"},
				"west": {"uv": [3, 1, 4, 1.5], "rotation": 270, "texture": "#0"},
				"up": {"uv": [3, 1, 4, 1.5], "rotation": 270, "texture": "#0"},
				"down": {"uv": [3, 1, 4, 1.5], "rotation": 270, "texture": "#0"}
			}
		},
		{
			"from": [9.37765, 3.44795, 9.233],
			"to": [9.92765, 4.24795, 10.033],
			"rotation": {"angle": 22.5, "axis": "z", "origin": [-8.17235, 16.34795, 8.133]},
			"faces": {
				"north": {"uv": [3, 1, 4, 1.5], "rotation": 180, "texture": "#0"},
				"east": {"uv": [3, 1, 4, 1.5], "rotation": 180, "texture": "#0"},
				"south": {"uv": [3, 1, 4, 1.5], "rotation": 180, "texture": "#0"},
				"west": {"uv": [3, 1, 4, 1.5], "rotation": 180, "texture": "#0"},
				"up": {"uv": [3, 1, 4, 1.5], "rotation": 180, "texture": "#0"},
				"down": {"uv": [3, 1, 4, 1.5], "rotation": 180, "texture": "#0"}
			}
		},
		{
			"from": [13.18027, 11.29572, 9.23292],
			"to": [15.73027, 12.09572, 10.03292],
			"faces": {
				"north": {"uv": [3, 1, 4, 1.5], "rotation": 180, "texture": "#0"},
				"east": {"uv": [3, 1, 4, 1.5], "rotation": 180, "texture": "#0"},
				"south": {"uv": [3, 1, 4, 1.5], "rotation": 180, "texture": "#0"},
				"west": {"uv": [3, 1, 4, 1.5], "rotation": 180, "texture": "#0"},
				"up": {"uv": [3, 1, 4, 1.5], "rotation": 180, "texture": "#0"},
				"down": {"uv": [3, 1, 4, 1.5], "rotation": 180, "texture": "#0"}
			}
		},
		{
			"from": [13.93027, 11.09572, 9.03292],
			"to": [15.13027, 12.29572, 10.23292],
			"faces": {
				"north": {"uv": [3, 1, 4, 1.5], "rotation": 180, "texture": "#0"},
				"east": {"uv": [3, 1, 4, 1.5], "rotation": 180, "texture": "#0"},
				"south": {"uv": [3, 1, 4, 1.5], "rotation": 180, "texture": "#0"},
				"west": {"uv": [3, 1, 4, 1.5], "rotation": 180, "texture": "#0"},
				"up": {"uv": [3, 1, 4, 1.5], "rotation": 180, "texture": "#0"},
				"down": {"uv": [3, 1, 4, 1.5], "rotation": 180, "texture": "#0"}
			}
		},
		{
			"from": [14.18027, 12.09572, 9.28292],
			"to": [14.88027, 12.79572, 9.98292],
			"faces": {
				"north": {"uv": [3, 1, 4, 1.5], "rotation": 180, "texture": "#0"},
				"east": {"uv": [3, 1, 4, 1.5], "rotation": 180, "texture": "#0"},
				"south": {"uv": [3, 1, 4, 1.5], "rotation": 180, "texture": "#0"},
				"west": {"uv": [3, 1, 4, 1.5], "rotation": 180, "texture": "#0"},
				"up": {"uv": [3, 1, 4, 1.5], "rotation": 180, "texture": "#0"},
				"down": {"uv": [3, 1, 4, 1.5], "rotation": 180, "texture": "#0"}
			}
		},
		{
			"from": [15.68027, 11.04572, 8.98292],
			"to": [15.93027, 12.34572, 10.28292],
			"faces": {
				"north": {"uv": [3, 1, 4, 1.5], "rotation": 180, "texture": "#0"},
				"east": {"uv": [3, 1, 4, 1.5], "rotation": 180, "texture": "#0"},
				"south": {"uv": [3, 1, 4, 1.5], "rotation": 180, "texture": "#0"},
				"west": {"uv": [3, 1, 4, 1.5], "rotation": 180, "texture": "#0"},
				"up": {"uv": [3, 1, 4, 1.5], "rotation": 180, "texture": "#0"},
				"down": {"uv": [3, 1, 4, 1.5], "rotation": 180, "texture": "#0"}
			}
		},
		{
			"from": [14.28027, 12.69572, 9.38292],
			"to": [14.78027, 13.94572, 9.88292],
			"faces": {
				"north": {"uv": [3, 1, 4, 1.5], "rotation": 180, "texture": "#0"},
				"east": {"uv": [3, 1, 4, 1.5], "rotation": 180, "texture": "#0"},
				"south": {"uv": [3, 1, 4, 1.5], "rotation": 180, "texture": "#0"},
				"west": {"uv": [3, 1, 4, 1.5], "rotation": 180, "texture": "#0"},
				"up": {"uv": [3, 1, 4, 1.5], "rotation": 180, "texture": "#0"},
				"down": {"uv": [3, 1, 4, 1.5], "rotation": 180, "texture": "#0"}
			}
		},
		{
			"from": [14.38027, 13.44572, 8.48292],
			"to": [14.68027, 13.74572, 10.78292],
			"faces": {
				"north": {"uv": [3, 1, 4, 1.5], "rotation": 180, "texture": "#0"},
				"east": {"uv": [3, 1, 4, 1.5], "rotation": 180, "texture": "#0"},
				"south": {"uv": [3, 1, 4, 1.5], "rotation": 180, "texture": "#0"},
				"west": {"uv": [3, 1, 4, 1.5], "rotation": 180, "texture": "#0"},
				"up": {"uv": [3, 1, 4, 1.5], "rotation": 180, "texture": "#0"},
				"down": {"uv": [3, 1, 4, 1.5], "rotation": 180, "texture": "#0"}
			}
		},
		{
			"from": [14.28027, 13.34572, 8.18292],
			"to": [14.78027, 13.84572, 8.68292],
			"faces": {
				"north": {"uv": [3, 1, 4, 1.5], "rotation": 180, "texture": "#0"},
				"east": {"uv": [3, 1, 4, 1.5], "rotation": 180, "texture": "#0"},
				"south": {"uv": [3, 1, 4, 1.5], "rotation": 180, "texture": "#0"},
				"west": {"uv": [3, 1, 4, 1.5], "rotation": 180, "texture": "#0"},
				"up": {"uv": [3, 1, 4, 1.5], "rotation": 180, "texture": "#0"},
				"down": {"uv": [3, 1, 4, 1.5], "rotation": 180, "texture": "#0"}
			}
		},
		{
			"from": [14.28027, 13.34572, 10.58292],
			"to": [14.78027, 13.84572, 11.08292],
			"faces": {
				"north": {"uv": [3, 1, 4, 1.5], "rotation": 180, "texture": "#0"},
				"east": {"uv": [3, 1, 4, 1.5], "rotation": 180, "texture": "#0"},
				"south": {"uv": [3, 1, 4, 1.5], "rotation": 180, "texture": "#0"},
				"west": {"uv": [3, 1, 4, 1.5], "rotation": 180, "texture": "#0"},
				"up": {"uv": [3, 1, 4, 1.5], "rotation": 180, "texture": "#0"},
				"down": {"uv": [3, 1, 4, 1.5], "rotation": 180, "texture": "#0"}
			}
		}
	],
	"display": {
		"thirdperson_righthand": {
			"rotation": [75, 45, 0],
			"translation": [0, 2.5, 2],
			"scale": [0.375, 0.375, 0.375]
		},
		"thirdperson_lefthand": {
			"rotation": [75, 45, 0],
			"translation": [0, 2.5, 2],
			"scale": [0.375, 0.375, 0.375]
		},
		"firstperson_righthand": {
			"rotation": [0, 45, 0],
			"translation": [0, 2.75, 0],
			"scale": [0.4, 0.4, 0.4]
		},
		"firstperson_lefthand": {
			"rotation": [0, 45, 0],
			"translation": [0, 2.75, 0],
			"scale": [0.4, 0.4, 0.4]
		},
		"ground": {
			"translation": [0, 4.25, 0]
		},
		"gui": {
			"rotation": [30, 122, 0],
			"translation": [-0.75, 1.25, 0],
			"scale": [0.625, 0.625, 0.625]
		},
		"head": {
			"rotation": [0, -90, 0],
			"translation": [-1, 14.25, 1.25]
		},
		"fixed": {
			"rotation": [0, -90, 0],
			"translation": [0, 8, -23],
			"scale": [3, 3, 3]
		}
	},
	"groups": [
		{
			"name": "coils",
			"origin": [8, 8, 8],
			"children": [
				{
					"name": "hose1",
					"origin": [8, 8, 8],
					"children": [0, 1, 2, 3, 4, 5, 6, 7, 8, 9, 10, 11, 12, 13, 14, 15]
				},
				{
					"name": "hose2",
					"origin": [8, 8, 8],
					"children": [16, 17, 18, 19, 20, 21, 22, 23, 24, 25, 26, 27, 28, 29, 30, 31]
				},
				{
					"name": "hose3",
					"origin": [8, 8, 8],
					"children": [32, 33, 34, 35, 36, 37, 38, 39, 40, 41, 42, 43, 44, 45, 46, 47]
				},
				{
					"name": "hose4",
					"origin": [8, 8, 8],
					"children": [48, 49, 50, 51, 52, 53, 54, 55, 56, 57, 58, 59, 60, 61, 62, 63]
				}
			]
		},
		{
			"name": "Handle Hose",
			"origin": [8, 8, 8],
			"children": [64, 65, 66, 67, 68, 69, 70, 71, 72, 73, 74, 75, 76, 77, 78, 79, 80, 81, 82, 83]
		},
		{
			"name": "to the spout",
			"origin": [8, 8, 8],
			"children": [84, 85, 86, 87, 88, 89, 90, 91, 92, 93]
		},
		{
			"name": "Sprayer",
			"origin": [8, 8, 8],
			"children": [94, 95, 96, 97, 98, 99, 100, 101, 102, 103, 104, 105, 106, 107, 108, 109, 110, 111, 112, 113, 114]
		},
		{
			"name": "Faucet",
			"origin": [8, 8, 8],
			"children": [115, 116, 117, 118, 119, 120, 121, 122, 123, 124, 125, 126, 127, 128, 129]
		}
	]
}