{
	"credit": "Made with Blockbench",
	"parent": "./cit_item_l",
	"textures": {
		"0": "block/Veggies",
		"2": "block/MizunoArchive/jungle_log",
		"particle": "block/Veggies",
		"1_0": "block/MizunoArchive/acacia_sapling_4"
	},
	"elements": [
		{
			"from": [2.528, 3.96, 8],
			"to": [13.472, 18.36, 8.0076],
			"rotation": {"angle": 45, "axis": "y", "origin": [8, 7.76, 8], "rescale": true},
			"faces": {
				"north": {"uv": [8, 2.5, 16, 13.5], "texture": "#1_0"},
				"east": {"uv": [8, 2.5, 16, 13.5], "texture": "#1_0"},
				"south": {"uv": [8, 2.5, 16, 13.5], "texture": "#1_0"},
				"west": {"uv": [8, 2.5, 16, 13.5], "texture": "#1_0"},
				"up": {"uv": [8, 2.5, 16, 13.5], "texture": "#1_0"},
				"down": {"uv": [8, 2.5, 16, 13.5], "texture": "#1_0"}
			}
		},
		{
			"from": [8, 3.96, 2.528],
			"to": [8.0076, 18.36, 13.472],
			"rotation": {"angle": 45, "axis": "y", "origin": [8, 7.76, 8], "rescale": true},
			"faces": {
				"north": {"uv": [8, 2.5, 16, 13.5], "texture": "#1_0"},
				"east": {"uv": [8, 2.5, 16, 13.5], "texture": "#1_0"},
				"south": {"uv": [8, 2.5, 16, 13.5], "texture": "#1_0"},
				"west": {"uv": [8, 2.5, 16, 13.5], "texture": "#1_0"},
				"up": {"uv": [8, 2.5, 16, 13.5], "texture": "#1_0"},
				"down": {"uv": [8, 2.5, 16, 13.5], "texture": "#1_0"}
			}
		},
		{
			"from": [2.528, 3.96, 7.9924],
			"to": [13.472, 18.36, 8],
			"rotation": {"angle": 0, "axis": "y", "origin": [8, 7.76, 8], "rescale": true},
			"faces": {
				"north": {"uv": [8, 2.5, 16, 13.5], "texture": "#1_0"},
				"east": {"uv": [8, 2.5, 16, 13.5], "texture": "#1_0"},
				"south": {"uv": [8, 2.5, 16, 13.5], "texture": "#1_0"},
				"west": {"uv": [8, 2.5, 16, 13.5], "texture": "#1_0"},
				"up": {"uv": [8, 2.5, 16, 13.5], "texture": "#1_0"},
				"down": {"uv": [8, 2.5, 16, 13.5], "texture": "#1_0"}
			}
		},
		{
			"from": [7.9924, 3.96, 2.528],
			"to": [8, 18.36, 13.472],
			"rotation": {"angle": 0, "axis": "y", "origin": [8, 7.76, 8], "rescale": true},
			"faces": {
				"north": {"uv": [8, 2.5, 16, 13.5], "texture": "#1_0"},
				"east": {"uv": [8, 2.5, 16, 13.5], "texture": "#1_0"},
				"south": {"uv": [8, 2.5, 16, 13.5], "texture": "#1_0"},
				"west": {"uv": [8, 2.5, 16, 13.5], "texture": "#1_0"},
				"up": {"uv": [8, 2.5, 16, 13.5], "texture": "#1_0"},
				"down": {"uv": [8, 2.5, 16, 13.5], "texture": "#1_0"}
			}
		},
		{
			"from": [7, 4.5, 7],
			"to": [8, 7.5, 8],
			"faces": {
				"north": {"uv": [0, 0, 1, 3], "texture": "#2"},
				"east": {"uv": [0, 0, 1, 3], "texture": "#2"},
				"south": {"uv": [0, 0, 1, 3], "texture": "#2"},
				"west": {"uv": [0, 0, 1, 3], "texture": "#2"},
				"up": {"uv": [0, 0, 1, 1], "texture": "#2"},
				"down": {"uv": [0, 0, 1, 1], "texture": "#2"}
			}
		},
		{
			"from": [6, 0, 6],
			"to": [7, 1, 7],
			"faces": {
				"north": {"uv": [1, 1, 2, 2], "texture": "#2"},
				"east": {"uv": [1, 1, 2, 2], "texture": "#2"},
				"south": {"uv": [1, 1, 2, 2], "texture": "#2"},
				"west": {"uv": [1, 1, 2, 2], "texture": "#2"},
				"up": {"uv": [1, 1, 2, 2], "texture": "#2"},
				"down": {"uv": [1, 1, 2, 2], "texture": "#2"}
			}
		},
		{
			"from": [7, 0, 7],
			"to": [8, 3, 8],
			"faces": {
				"north": {"uv": [4, 5, 5, 8], "texture": "#2"},
				"east": {"uv": [4, 5, 5, 8], "texture": "#2"},
				"south": {"uv": [4, 5, 5, 8], "texture": "#2"},
				"west": {"uv": [4, 5, 5, 8], "texture": "#2"},
				"up": {"uv": [4, 5, 5, 6], "texture": "#2"},
				"down": {"uv": [4, 5, 5, 8], "texture": "#2"}
			}
		},
		{
			"from": [8, 2, 8],
			"to": [9, 5, 9],
			"faces": {
				"north": {"uv": [3, 4, 4, 7], "texture": "#2"},
				"east": {"uv": [3, 4, 4, 7], "texture": "#2"},
				"south": {"uv": [3, 4, 4, 7], "texture": "#2"},
				"west": {"uv": [3, 4, 4, 7], "texture": "#2"},
				"up": {"uv": [3, 4, 4, 7], "texture": "#2"},
				"down": {"uv": [3, 4, 4, 7], "texture": "#2"}
			}
		},
		{
			"from": [8, 0, 6],
			"to": [9, 1, 8],
			"faces": {
				"north": {"uv": [7, 4, 8, 5], "texture": "#2"},
				"east": {"uv": [6, 4, 8, 5], "texture": "#2"},
				"south": {"uv": [6, 4, 7, 5], "texture": "#2"},
				"west": {"uv": [6, 4, 8, 5], "texture": "#2"},
				"up": {"uv": [6, 4, 8, 5], "rotation": 90, "texture": "#2"},
				"down": {"uv": [6, 4, 8, 5], "texture": "#2"}
			}
		},
		{
			"from": [9, 0, 8],
			"to": [10, 0.5, 9],
			"faces": {
				"north": {"uv": [4, 7, 5, 7.5], "texture": "#2"},
				"east": {"uv": [4, 7, 5, 7.5], "texture": "#2"},
				"south": {"uv": [4, 7, 5, 7.5], "texture": "#2"},
				"west": {"uv": [4, 7, 5, 7.5], "texture": "#2"},
				"up": {"uv": [4, 7, 5, 7.5], "texture": "#2"},
				"down": {"uv": [4, 7, 5, 7.5], "texture": "#2"}
			}
		},
		{
			"from": [9, 0, 5],
			"to": [11, 0.5, 6],
			"faces": {
				"north": {"uv": [7, 4, 8, 4.5], "texture": "#2"},
				"east": {"uv": [7, 4, 8, 4.5], "texture": "#2"},
				"south": {"uv": [7, 4, 8, 4.5], "texture": "#2"},
				"west": {"uv": [7, 4, 8, 4.5], "texture": "#2"},
				"up": {"uv": [7, 4, 8, 4.5], "texture": "#2"},
				"down": {"uv": [7, 4, 8, 4.5], "texture": "#2"}
			}
		},
		{
			"from": [5, 0, 7],
			"to": [6, 0.5, 8],
			"faces": {
				"north": {"uv": [3, 0, 4, 0.5], "texture": "#2"},
				"east": {"uv": [3, 0, 4, 0.5], "texture": "#2"},
				"south": {"uv": [3, 0, 4, 0.5], "texture": "#2"},
				"west": {"uv": [3, 0, 4, 0.5], "texture": "#2"},
				"up": {"uv": [3, 0, 4, 0.5], "texture": "#2"},
				"down": {"uv": [3, 0, 4, 0.5], "texture": "#2"}
			}
		},
		{
			"from": [6, 0, 8],
			"to": [7, 0.5, 10],
			"faces": {
				"north": {"uv": [0, 1, 2, 1.5], "texture": "#2"},
				"east": {"uv": [1, 1, 3, 1.5], "texture": "#2"},
				"south": {"uv": [1, 1, 2, 2], "texture": "#2"},
				"west": {"uv": [0, 1, 2, 1.5], "texture": "#2"},
				"up": {"uv": [0, 1, 2, 1.5], "rotation": 90, "texture": "#2"},
				"down": {"uv": [0, 1, 2, 1.5], "texture": "#2"}
			}
		},
		{
			"from": [10.85, 13.25, 10.25],
			"to": [11.85, 16.25, 10.25],
			"faces": {
				"north": {"uv": [6.4, 6.08, 7.958, 10.6], "texture": "#0"},
				"east": {"uv": [6.4, 6.08, 7.958, 10.6], "texture": "#0"},
				"south": {"uv": [6.4, 6.08, 7.958, 10.6], "texture": "#0"},
				"west": {"uv": [6.4, 6.08, 7.958, 10.6], "texture": "#0"},
				"up": {"uv": [6.4, 6.08, 7.958, 10.6], "texture": "#0"},
				"down": {"uv": [6.4, 6.08, 7.958, 10.6], "texture": "#0"}
			}
		},
		{
			"from": [11.35, 13.25, 9.55],
			"to": [11.35, 16.25, 10.8],
			"faces": {
				"north": {"uv": [6.4, 6.08, 7.958, 10.6], "texture": "#0"},
				"east": {"uv": [6.4, 6.08, 7.958, 10.6], "texture": "#0"},
				"south": {"uv": [6.4, 6.08, 7.958, 10.6], "texture": "#0"},
				"west": {"uv": [6.4, 6.08, 7.958, 10.6], "texture": "#0"},
				"up": {"uv": [6.4, 6.08, 7.958, 10.6], "texture": "#0"},
				"down": {"uv": [6.4, 6.08, 7.958, 10.6], "texture": "#0"}
			}
		},
		{
			"from": [4.85, 7.25, 12.25],
			"to": [5.85, 10.25, 12.25],
			"faces": {
				"north": {"uv": [6.4, 6.08, 7.958, 10.6], "texture": "#0"},
				"east": {"uv": [6.4, 6.08, 7.958, 10.6], "texture": "#0"},
				"south": {"uv": [6.4, 6.08, 7.958, 10.6], "texture": "#0"},
				"west": {"uv": [6.4, 6.08, 7.958, 10.6], "texture": "#0"},
				"up": {"uv": [6.4, 6.08, 7.958, 10.6], "texture": "#0"},
				"down": {"uv": [6.4, 6.08, 7.958, 10.6], "texture": "#0"}
			}
		},
		{
			"from": [5.35, 7.25, 11.55],
			"to": [5.35, 10.25, 12.8],
			"faces": {
				"north": {"uv": [6.4, 6.08, 7.958, 10.6], "texture": "#0"},
				"east": {"uv": [6.4, 6.08, 7.958, 10.6], "texture": "#0"},
				"south": {"uv": [6.4, 6.08, 7.958, 10.6], "texture": "#0"},
				"west": {"uv": [6.4, 6.08, 7.958, 10.6], "texture": "#0"},
				"up": {"uv": [6.4, 6.08, 7.958, 10.6], "texture": "#0"},
				"down": {"uv": [6.4, 6.08, 7.958, 10.6], "texture": "#0"}
			}
		},
		{
			"from": [4.85, 9.25, 7.75],
			"to": [5.85, 12.25, 7.75],
			"faces": {
				"north": {"uv": [6.4, 6.08, 7.958, 10.6], "texture": "#0"},
				"east": {"uv": [6.4, 6.08, 7.958, 10.6], "texture": "#0"},
				"south": {"uv": [6.4, 6.08, 7.958, 10.6], "texture": "#0"},
				"west": {"uv": [6.4, 6.08, 7.958, 10.6], "texture": "#0"},
				"up": {"uv": [6.4, 6.08, 7.958, 10.6], "texture": "#0"},
				"down": {"uv": [6.4, 6.08, 7.958, 10.6], "texture": "#0"}
			}
		},
		{
			"from": [5.35, 9.25, 7.05],
			"to": [5.35, 12.25, 8.3],
			"faces": {
				"north": {"uv": [6.4, 6.08, 7.958, 10.6], "texture": "#0"},
				"east": {"uv": [6.4, 6.08, 7.958, 10.6], "texture": "#0"},
				"south": {"uv": [6.4, 6.08, 7.958, 10.6], "texture": "#0"},
				"west": {"uv": [6.4, 6.08, 7.958, 10.6], "texture": "#0"},
				"up": {"uv": [6.4, 6.08, 7.958, 10.6], "texture": "#0"},
				"down": {"uv": [6.4, 6.08, 7.958, 10.6], "texture": "#0"}
			}
		},
		{
			"from": [5.85, 12.25, 5.25],
			"to": [6.85, 15.25, 5.25],
			"faces": {
				"north": {"uv": [6.4, 6.08, 7.958, 10.6], "texture": "#0"},
				"east": {"uv": [6.4, 6.08, 7.958, 10.6], "texture": "#0"},
				"south": {"uv": [6.4, 6.08, 7.958, 10.6], "texture": "#0"},
				"west": {"uv": [6.4, 6.08, 7.958, 10.6], "texture": "#0"},
				"up": {"uv": [6.4, 6.08, 7.958, 10.6], "texture": "#0"},
				"down": {"uv": [6.4, 6.08, 7.958, 10.6], "texture": "#0"}
			}
		},
		{
			"from": [6.35, 12.25, 4.55],
			"to": [6.35, 15.25, 5.8],
			"faces": {
				"north": {"uv": [6.4, 6.08, 7.958, 10.6], "texture": "#0"},
				"east": {"uv": [6.4, 6.08, 7.958, 10.6], "texture": "#0"},
				"south": {"uv": [6.4, 6.08, 7.958, 10.6], "texture": "#0"},
				"west": {"uv": [6.4, 6.08, 7.958, 10.6], "texture": "#0"},
				"up": {"uv": [6.4, 6.08, 7.958, 10.6], "texture": "#0"},
				"down": {"uv": [6.4, 6.08, 7.958, 10.6], "texture": "#0"}
			}
		},
		{
			"from": [6.85, 7.25, 3.25],
			"to": [7.85, 10.25, 3.25],
			"faces": {
				"north": {"uv": [6.4, 6.08, 7.958, 10.6], "texture": "#0"},
				"east": {"uv": [6.4, 6.08, 7.958, 10.6], "texture": "#0"},
				"south": {"uv": [6.4, 6.08, 7.958, 10.6], "texture": "#0"},
				"west": {"uv": [6.4, 6.08, 7.958, 10.6], "texture": "#0"},
				"up": {"uv": [6.4, 6.08, 7.958, 10.6], "texture": "#0"},
				"down": {"uv": [6.4, 6.08, 7.958, 10.6], "texture": "#0"}
			}
		},
		{
			"from": [7.35, 7.25, 2.55],
			"to": [7.35, 10.25, 3.8],
			"faces": {
				"north": {"uv": [6.4, 6.08, 7.958, 10.6], "texture": "#0"},
				"east": {"uv": [6.4, 6.08, 7.958, 10.6], "texture": "#0"},
				"south": {"uv": [6.4, 6.08, 7.958, 10.6], "texture": "#0"},
				"west": {"uv": [6.4, 6.08, 7.958, 10.6], "texture": "#0"},
				"up": {"uv": [6.4, 6.08, 7.958, 10.6], "texture": "#0"},
				"down": {"uv": [6.4, 6.08, 7.958, 10.6], "texture": "#0"}
			}
		},
		{
			"from": [9.1, 10, 4.5],
			"to": [11.1, 15, 4.5],
			"faces": {
				"north": {"uv": [6.4, 6.08, 7.958, 10.6], "texture": "#0"},
				"east": {"uv": [6.4, 6.08, 7.958, 10.6], "texture": "#0"},
				"south": {"uv": [6.4, 6.08, 7.958, 10.6], "texture": "#0"},
				"west": {"uv": [6.4, 6.08, 7.958, 10.6], "texture": "#0"},
				"up": {"uv": [6.4, 6.08, 7.958, 10.6], "texture": "#0"},
				"down": {"uv": [6.4, 6.08, 7.958, 10.6], "texture": "#0"}
			}
		},
		{
			"from": [10.1, 10, 3.5],
			"to": [10.1, 15, 5.5],
			"faces": {
				"north": {"uv": [6.4, 6.08, 7.958, 10.6], "texture": "#0"},
				"east": {"uv": [6.4, 6.08, 7.958, 10.6], "texture": "#0"},
				"south": {"uv": [6.4, 6.08, 7.958, 10.6], "texture": "#0"},
				"west": {"uv": [6.4, 6.08, 7.958, 10.6], "texture": "#0"},
				"up": {"uv": [6.4, 6.08, 7.958, 10.6], "texture": "#0"},
				"down": {"uv": [6.4, 6.08, 7.958, 10.6], "texture": "#0"}
			}
		},
		{
			"from": [12.1, 8, 7.5],
			"to": [14.1, 13, 7.5],
			"faces": {
				"north": {"uv": [6.4, 6.08, 7.958, 10.6], "texture": "#0"},
				"east": {"uv": [6.4, 6.08, 7.958, 10.6], "texture": "#0"},
				"south": {"uv": [6.4, 6.08, 7.958, 10.6], "texture": "#0"},
				"west": {"uv": [6.4, 6.08, 7.958, 10.6], "texture": "#0"},
				"up": {"uv": [6.4, 6.08, 7.958, 10.6], "texture": "#0"},
				"down": {"uv": [6.4, 6.08, 7.958, 10.6], "texture": "#0"}
			}
		},
		{
			"from": [13.1, 8, 6.5],
			"to": [13.1, 13, 8.5],
			"faces": {
				"north": {"uv": [6.4, 6.08, 7.958, 10.6], "texture": "#0"},
				"east": {"uv": [6.4, 6.08, 7.958, 10.6], "texture": "#0"},
				"south": {"uv": [6.4, 6.08, 7.958, 10.6], "texture": "#0"},
				"west": {"uv": [6.4, 6.08, 7.958, 10.6], "texture": "#0"},
				"up": {"uv": [6.4, 6.08, 7.958, 10.6], "texture": "#0"},
				"down": {"uv": [6.4, 6.08, 7.958, 10.6], "texture": "#0"}
			}
		},
		{
			"from": [10.1, 6, 12.5],
			"to": [12.1, 11, 12.5],
			"faces": {
				"north": {"uv": [6.4, 6.08, 7.958, 10.6], "texture": "#0"},
				"east": {"uv": [6.4, 6.08, 7.958, 10.6], "texture": "#0"},
				"south": {"uv": [6.4, 6.08, 7.958, 10.6], "texture": "#0"},
				"west": {"uv": [6.4, 6.08, 7.958, 10.6], "texture": "#0"},
				"up": {"uv": [6.4, 6.08, 7.958, 10.6], "texture": "#0"},
				"down": {"uv": [6.4, 6.08, 7.958, 10.6], "texture": "#0"}
			}
		},
		{
			"from": [11.1, 6, 11.5],
			"to": [11.1, 11, 13.5],
			"faces": {
				"north": {"uv": [6.4, 6.08, 7.958, 10.6], "texture": "#0"},
				"east": {"uv": [6.4, 6.08, 7.958, 10.6], "texture": "#0"},
				"south": {"uv": [6.4, 6.08, 7.958, 10.6], "texture": "#0"},
				"west": {"uv": [6.4, 6.08, 7.958, 10.6], "texture": "#0"},
				"up": {"uv": [6.4, 6.08, 7.958, 10.6], "texture": "#0"},
				"down": {"uv": [6.4, 6.08, 7.958, 10.6], "texture": "#0"}
			}
		},
		{
			"from": [7.1, 9, 14],
			"to": [9.1, 14, 14],
			"faces": {
				"north": {"uv": [6.4, 6.08, 7.958, 10.6], "texture": "#0"},
				"east": {"uv": [6.4, 6.08, 7.958, 10.6], "texture": "#0"},
				"south": {"uv": [6.4, 6.08, 7.958, 10.6], "texture": "#0"},
				"west": {"uv": [6.4, 6.08, 7.958, 10.6], "texture": "#0"},
				"up": {"uv": [6.4, 6.08, 7.958, 10.6], "texture": "#0"},
				"down": {"uv": [6.4, 6.08, 7.958, 10.6], "texture": "#0"}
			}
		},
		{
			"from": [8.1, 9, 13],
			"to": [8.1, 14, 15],
			"faces": {
				"north": {"uv": [6.4, 6.08, 7.958, 10.6], "texture": "#0"},
				"east": {"uv": [6.4, 6.08, 7.958, 10.6], "texture": "#0"},
				"south": {"uv": [6.4, 6.08, 7.958, 10.6], "texture": "#0"},
				"west": {"uv": [6.4, 6.08, 7.958, 10.6], "texture": "#0"},
				"up": {"uv": [6.4, 6.08, 7.958, 10.6], "texture": "#0"},
				"down": {"uv": [6.4, 6.08, 7.958, 10.6], "texture": "#0"}
			}
		},
		{
			"from": [3.1, 11.3, 10.5],
			"to": [5.1, 16.3, 10.5],
			"faces": {
				"north": {"uv": [6.4, 6.08, 7.958, 10.6], "texture": "#0"},
				"east": {"uv": [6.4, 6.08, 7.958, 10.6], "texture": "#0"},
				"south": {"uv": [6.4, 6.08, 7.958, 10.6], "texture": "#0"},
				"west": {"uv": [6.4, 6.08, 7.958, 10.6], "texture": "#0"},
				"up": {"uv": [6.4, 6.08, 7.958, 10.6], "texture": "#0"},
				"down": {"uv": [6.4, 6.08, 7.958, 10.6], "texture": "#0"}
			}
		},
		{
			"from": [4.1, 11.3, 9.5],
			"to": [4.1, 16.3, 11.5],
			"faces": {
				"north": {"uv": [6.4, 6.08, 7.958, 10.6], "texture": "#0"},
				"east": {"uv": [6.4, 6.08, 7.958, 10.6], "texture": "#0"},
				"south": {"uv": [6.4, 6.08, 7.958, 10.6], "texture": "#0"},
				"west": {"uv": [6.4, 6.08, 7.958, 10.6], "texture": "#0"},
				"up": {"uv": [6.4, 6.08, 7.958, 10.6], "texture": "#0"},
				"down": {"uv": [6.4, 6.08, 7.958, 10.6], "texture": "#0"}
			}
		},
		{
			"from": [3.1, 6, 5],
			"to": [5.1, 11, 5],
			"faces": {
				"north": {"uv": [6.4, 6.08, 7.958, 10.6], "texture": "#0"},
				"east": {"uv": [6.4, 6.08, 7.958, 10.6], "texture": "#0"},
				"south": {"uv": [6.4, 6.08, 7.958, 10.6], "texture": "#0"},
				"west": {"uv": [6.4, 6.08, 7.958, 10.6], "texture": "#0"},
				"up": {"uv": [6.4, 6.08, 7.958, 10.6], "texture": "#0"},
				"down": {"uv": [6.4, 6.08, 7.958, 10.6], "texture": "#0"}
			}
		},
		{
			"from": [4.1, 6, 4],
			"to": [4.1, 11, 6],
			"faces": {
				"north": {"uv": [6.4, 6.08, 7.958, 10.6], "texture": "#0"},
				"east": {"uv": [6.4, 6.08, 7.958, 10.6], "texture": "#0"},
				"south": {"uv": [6.4, 6.08, 7.958, 10.6], "texture": "#0"},
				"west": {"uv": [6.4, 6.08, 7.958, 10.6], "texture": "#0"},
				"up": {"uv": [6.4, 6.08, 7.958, 10.6], "texture": "#0"},
				"down": {"uv": [6.4, 6.08, 7.958, 10.6], "texture": "#0"}
			}
		}
	],
	"display": {
		"thirdperson_righthand": {
			"rotation": [75, 45, 0],
			"translation": [0, 2.5, 0],
			"scale": [0.375, 0.375, 0.375]
		},
		"thirdperson_lefthand": {
			"rotation": [75, 45, 0],
			"translation": [0, 2.5, 0],
			"scale": [0.375, 0.375, 0.375]
		},
		"firstperson_righthand": {
			"rotation": [0, 45, 0],
			"translation": [0, 2.25, 0],
			"scale": [0.4, 0.4, 0.4]
		},
		"firstperson_lefthand": {
			"rotation": [0, 225, 0],
			"translation": [0, 2.75, 0],
			"scale": [0.4, 0.4, 0.4]
		},
		"ground": {
			"scale": [0.5, 0.5, 0.5]
		},
		"gui": {
			"rotation": [30, 225, 0],
			"scale": [0.625, 0.625, 0.625]
		},
		"head": {
			"translation": [0, 14.25, 0]
		},
		"fixed": {
			"rotation": [-90, 0, 0],
			"translation": [0, 0, -15],
			"scale": [2, 2, 2]
		}
	},
	"groups": [
		{
			"name": "plant",
			"children": [0, 1, 2, 3]
		},
		{
			"name": "Stem",
			"children": [4, 5, 6, 7, 8, 9, 10, 11, 12]
		},
		{
			"name": "Fruits",
			"children": [
				{
					"name": "Chili11",
					"children": [13, 14]
				},
				{
					"name": "Chili10",
					"children": [15, 16]
				},
				{
					"name": "Chili9",
					"children": [17, 18]
				},
				{
					"name": "Chili8",
					"children": [19, 20]
				},
				{
					"name": "Chili7",
					"children": [21, 22]
				},
				{
					"name": "Chili6",
					"children": [23, 24]
				},
				{
					"name": "Chili5",
					"children": [25, 26]
				},
				{
					"name": "Chili4",
					"children": [27, 28]
				},
				{
					"name": "Chili3",
					"children": [29, 30]
				},
				{
					"name": "Chili2",
					"children": [31, 32]
				},
				{
					"name": "Chili",
					"children": [33, 34]
				}
			]
		}
	]
}