{
	"credit": "Made with Blockbench",
	"parent": "./cit_item_wall",
	"textures": {
		"0": "block/MizunoArchive/dark_oak_planks",
		"1": "block/MizunoArchive/stripped_dark_oak_log",
		"particle": "block/MizunoArchive/dark_oak_planks"
	},
	"elements": [
		{
			"from": [-5.55, 26.5, 14],
			"to": [21.7, 28.5, 15],
			"faces": {
				"north": {"uv": [2, 0, 4, 16], "rotation": 90, "texture": "#1"},
				"east": {"uv": [2, 0, 3, 1], "texture": "#1"},
				"south": {"uv": [1, 0, 3, 16], "rotation": 90, "texture": "#1"},
				"west": {"uv": [2, 15, 3, 16], "texture": "#1"},
				"up": {"uv": [2, 0, 3, 16], "rotation": 90, "texture": "#1"},
				"down": {"uv": [2, 0, 3, 16], "rotation": 270, "texture": "#1"}
			}
		},
		{
			"from": [-5.55, 26.5, 1],
			"to": [21.7, 28.5, 2],
			"faces": {
				"north": {"uv": [2, 0, 4, 16], "rotation": 90, "texture": "#1"},
				"east": {"uv": [2, 0, 3, 1], "texture": "#1"},
				"south": {"uv": [1, 0, 3, 16], "rotation": 90, "texture": "#1"},
				"west": {"uv": [2, 15, 3, 16], "texture": "#1"},
				"up": {"uv": [2, 0, 3, 16], "rotation": 90, "texture": "#1"},
				"down": {"uv": [2, 0, 3, 16], "rotation": 270, "texture": "#1"}
			}
		},
		{
			"from": [14.55, 27.5, -3],
			"to": [15.55, 28.5, 19],
			"faces": {
				"north": {"uv": [2, 0, 3, 1], "texture": "#1"},
				"east": {"uv": [2, 0, 3, 16], "rotation": 90, "texture": "#1"},
				"south": {"uv": [2, 15, 3, 16], "texture": "#1"},
				"west": {"uv": [2, 0, 3, 16], "rotation": 90, "texture": "#1"},
				"up": {"uv": [2, 0, 3, 16], "texture": "#1"},
				"down": {"uv": [2, 0, 3, 16], "texture": "#1"}
			}
		},
		{
			"from": [14.55, 26.5, -1.6],
			"to": [15.55, 27.5, 18],
			"faces": {
				"north": {"uv": [2, 0, 3, 1], "texture": "#1"},
				"east": {"uv": [2, 0, 3, 16], "rotation": 90, "texture": "#1"},
				"south": {"uv": [2, 15, 3, 16], "texture": "#1"},
				"west": {"uv": [2, 0, 3, 16], "rotation": 90, "texture": "#1"},
				"up": {"uv": [2, 0, 3, 16], "texture": "#1"},
				"down": {"uv": [2, 0, 3, 16], "texture": "#1"}
			}
		},
		{
			"from": [7.55, 27.5, -3],
			"to": [8.55, 28.5, 19],
			"faces": {
				"north": {"uv": [2, 0, 3, 1], "texture": "#1"},
				"east": {"uv": [2, 0, 3, 16], "rotation": 90, "texture": "#1"},
				"south": {"uv": [2, 15, 3, 16], "texture": "#1"},
				"west": {"uv": [2, 0, 3, 16], "rotation": 90, "texture": "#1"},
				"up": {"uv": [2, 0, 3, 16], "texture": "#1"},
				"down": {"uv": [2, 0, 3, 16], "texture": "#1"}
			}
		},
		{
			"from": [7.55, 26.5, -1.6],
			"to": [8.55, 27.5, 18],
			"faces": {
				"north": {"uv": [2, 0, 3, 1], "texture": "#1"},
				"east": {"uv": [2, 0, 3, 16], "rotation": 90, "texture": "#1"},
				"south": {"uv": [2, 15, 3, 16], "texture": "#1"},
				"west": {"uv": [2, 0, 3, 16], "rotation": 90, "texture": "#1"},
				"up": {"uv": [2, 0, 3, 16], "texture": "#1"},
				"down": {"uv": [2, 0, 3, 16], "texture": "#1"}
			}
		},
		{
			"from": [0.55, 27.5, -3],
			"to": [1.55, 28.5, 19],
			"faces": {
				"north": {"uv": [2, 0, 3, 1], "texture": "#1"},
				"east": {"uv": [2, 0, 3, 16], "rotation": 90, "texture": "#1"},
				"south": {"uv": [2, 15, 3, 16], "texture": "#1"},
				"west": {"uv": [2, 0, 3, 16], "rotation": 90, "texture": "#1"},
				"up": {"uv": [2, 0, 3, 16], "texture": "#1"},
				"down": {"uv": [2, 0, 3, 16], "texture": "#1"}
			}
		},
		{
			"from": [0.55, 26.5, -1.6],
			"to": [1.55, 27.5, 18],
			"faces": {
				"north": {"uv": [2, 0, 3, 1], "texture": "#1"},
				"east": {"uv": [2, 0, 3, 16], "rotation": 90, "texture": "#1"},
				"south": {"uv": [2, 15, 3, 16], "texture": "#1"},
				"west": {"uv": [2, 0, 3, 16], "rotation": 90, "texture": "#1"},
				"up": {"uv": [2, 0, 3, 16], "texture": "#1"},
				"down": {"uv": [2, 0, 3, 16], "texture": "#1"}
			}
		},
		{
			"from": [-8.55, 26, -2],
			"to": [-5.55, 29, 18],
			"faces": {
				"north": {"uv": [2, 0, 5, 16], "rotation": 90, "texture": "#1"},
				"east": {"uv": [2, 0, 5, 16], "rotation": 90, "texture": "#1"},
				"south": {"uv": [2, 0, 5, 16], "rotation": 90, "texture": "#1"},
				"west": {"uv": [2, 0, 5, 16], "rotation": 90, "texture": "#1"},
				"up": {"uv": [2, 0, 5, 16], "texture": "#1"},
				"down": {"uv": [2, 0, 5, 16], "texture": "#1"}
			}
		},
		{
			"from": [-8.55, 27, 18],
			"to": [-5.55, 29, 20.4],
			"faces": {
				"north": {"uv": [2, 16, 4, 14], "rotation": 90, "texture": "#1"},
				"east": {"uv": [2, 2, 4, 0], "rotation": 90, "texture": "#1"},
				"south": {"uv": [2, 2, 4, 0], "rotation": 90, "texture": "#1"},
				"west": {"uv": [2, 16, 4, 14], "rotation": 90, "texture": "#1"},
				"up": {"uv": [2, 16, 4, 14], "texture": "#1"},
				"down": {"uv": [2, 16, 4, 0], "texture": "#1"}
			}
		},
		{
			"from": [-8.45, 26.15328, 17.7706],
			"to": [-5.65, 27.15328, 20.3706],
			"rotation": {"angle": -22.5, "axis": "x", "origin": [-6.35, 26.65328, 18.2706]},
			"faces": {
				"north": {"uv": [4.6, 0, 2, 1], "texture": "#1"},
				"east": {"uv": [4.6, 0, 2, 1], "texture": "#1"},
				"south": {"uv": [4.6, 0, 2, 1], "texture": "#1"},
				"west": {"uv": [4.6, 0, 2, 1], "texture": "#1"},
				"up": {"uv": [2, 1, 4.6, 0], "texture": "#1"},
				"down": {"uv": [2, 1, 4.6, 0], "texture": "#1"}
			}
		},
		{
			"from": [-8.55, 27, -4.4],
			"to": [-5.55, 29, -2],
			"faces": {
				"north": {"uv": [2, 0, 4, 2], "rotation": 90, "texture": "#1"},
				"east": {"uv": [2, 0, 4, 2], "rotation": 90, "texture": "#1"},
				"south": {"uv": [2, 14, 4, 16], "rotation": 90, "texture": "#1"},
				"west": {"uv": [2, 14, 4, 16], "rotation": 90, "texture": "#1"},
				"up": {"uv": [2, 14, 4, 16], "texture": "#1"},
				"down": {"uv": [2, 0, 4, 16], "texture": "#1"}
			}
		},
		{
			"from": [-8.45, 26.15328, -4.3706],
			"to": [-5.65, 27.15328, -1.7706],
			"rotation": {"angle": 22.5, "axis": "x", "origin": [-6.35, 26.65328, -2.2706]},
			"faces": {
				"north": {"uv": [2, 0, 4.6, 1], "texture": "#1"},
				"east": {"uv": [2, 0, 4.6, 1], "texture": "#1"},
				"south": {"uv": [2, 0, 4.6, 1], "texture": "#1"},
				"west": {"uv": [2, 0, 4.6, 1], "texture": "#1"},
				"up": {"uv": [2, 0, 4.6, 1], "texture": "#1"},
				"down": {"uv": [2, 0, 4.6, 1], "texture": "#1"}
			}
		},
		{
			"from": [21.55, 26, -2],
			"to": [24.55, 29, 18],
			"faces": {
				"north": {"uv": [2, 0, 5, 16], "rotation": 90, "texture": "#1"},
				"east": {"uv": [2, 0, 5, 16], "rotation": 90, "texture": "#1"},
				"south": {"uv": [2, 0, 5, 16], "rotation": 90, "texture": "#1"},
				"west": {"uv": [2, 0, 5, 16], "rotation": 90, "texture": "#1"},
				"up": {"uv": [2, 0, 5, 16], "texture": "#1"},
				"down": {"uv": [2, 0, 5, 16], "texture": "#1"}
			}
		},
		{
			"from": [21.55, 27, 18],
			"to": [24.55, 29, 20.4],
			"faces": {
				"north": {"uv": [2, 16, 4, 14], "rotation": 90, "texture": "#1"},
				"east": {"uv": [2, 2, 4, 0], "rotation": 90, "texture": "#1"},
				"south": {"uv": [2, 2, 4, 0], "rotation": 90, "texture": "#1"},
				"west": {"uv": [2, 16, 4, 14], "rotation": 90, "texture": "#1"},
				"up": {"uv": [2, 16, 4, 14], "texture": "#1"},
				"down": {"uv": [2, 16, 4, 0], "texture": "#1"}
			}
		},
		{
			"from": [21.65, 26.15328, 17.7706],
			"to": [24.45, 27.15328, 20.3706],
			"rotation": {"angle": -22.5, "axis": "x", "origin": [23.75, 26.65328, 18.2706]},
			"faces": {
				"north": {"uv": [4.6, 0, 2, 1], "texture": "#1"},
				"east": {"uv": [4.6, 0, 2, 1], "texture": "#1"},
				"south": {"uv": [4.6, 0, 2, 1], "texture": "#1"},
				"west": {"uv": [4.6, 0, 2, 1], "texture": "#1"},
				"up": {"uv": [2, 1, 4.6, 0], "texture": "#1"},
				"down": {"uv": [2, 1, 4.6, 0], "texture": "#1"}
			}
		},
		{
			"from": [21.55, 27, -4.4],
			"to": [24.55, 29, -2],
			"faces": {
				"north": {"uv": [2, 0, 4, 2], "rotation": 90, "texture": "#1"},
				"east": {"uv": [2, 0, 4, 2], "rotation": 90, "texture": "#1"},
				"south": {"uv": [2, 14, 4, 16], "rotation": 90, "texture": "#1"},
				"west": {"uv": [2, 14, 4, 16], "rotation": 90, "texture": "#1"},
				"up": {"uv": [2, 14, 4, 16], "texture": "#1"},
				"down": {"uv": [2, 0, 4, 16], "texture": "#1"}
			}
		},
		{
			"from": [21.65, 26.15328, -4.3706],
			"to": [24.45, 27.15328, -1.7706],
			"rotation": {"angle": 22.5, "axis": "x", "origin": [23.75, 26.65328, -2.2706]},
			"faces": {
				"north": {"uv": [2, 0, 4.6, 1], "texture": "#1"},
				"east": {"uv": [2, 0, 4.6, 1], "texture": "#1"},
				"south": {"uv": [2, 0, 4.6, 1], "texture": "#1"},
				"west": {"uv": [2, 0, 4.6, 1], "texture": "#1"},
				"up": {"uv": [2, 0, 4.6, 1], "texture": "#1"},
				"down": {"uv": [2, 0, 4.6, 1], "texture": "#1"}
			}
		},
		{
			"from": [22.15, -2, 2],
			"to": [23.9, 0, 14],
			"faces": {
				"north": {"uv": [1, 0, 13, 2], "texture": "#1"},
				"east": {"uv": [2, 6, 14, 8], "texture": "#1"},
				"south": {"uv": [2, 3, 14, 5], "texture": "#1"},
				"west": {"uv": [2, 1, 14, 3], "texture": "#1"},
				"up": {"uv": [0, 2, 12, 4], "rotation": 90, "texture": "#1"},
				"down": {"uv": [0, 3, 12, 5], "texture": "#1"}
			}
		},
		{
			"from": [22.6, -8, 2],
			"to": [23.6, -2, 14],
			"faces": {
				"north": {"uv": [0, 4, 12, 11], "texture": "#0"},
				"east": {"uv": [0, 4, 12, 11], "texture": "#0"},
				"south": {"uv": [0, 4, 12, 11], "texture": "#0"},
				"west": {"uv": [0, 4, 12, 11], "texture": "#0"},
				"up": {"uv": [0, 4, 12, 11], "texture": "#0"},
				"down": {"uv": [0, 4, 12, 11], "texture": "#0"}
			}
		},
		{
			"from": [22, -8, 14],
			"to": [24, 28, 16],
			"faces": {
				"north": {"uv": [0, 13, 16, 15], "rotation": 90, "texture": "#0"},
				"east": {"uv": [0, 13, 16, 15], "rotation": 90, "texture": "#0"},
				"south": {"uv": [0, 13, 16, 15], "rotation": 90, "texture": "#0"},
				"west": {"uv": [0, 13, 16, 15], "rotation": 90, "texture": "#0"},
				"up": {"uv": [0, 13, 16, 15], "rotation": 90, "texture": "#0"},
				"down": {"uv": [0, 13, 16, 15], "rotation": 90, "texture": "#0"}
			}
		},
		{
			"from": [22, -8, 0],
			"to": [24, 28, 2],
			"faces": {
				"north": {"uv": [0, 13, 16, 15], "rotation": 90, "texture": "#0"},
				"east": {"uv": [0, 13, 16, 15], "rotation": 90, "texture": "#0"},
				"south": {"uv": [0, 13, 16, 15], "rotation": 90, "texture": "#0"},
				"west": {"uv": [0, 13, 16, 15], "rotation": 90, "texture": "#0"},
				"up": {"uv": [0, 13, 16, 15], "rotation": 90, "texture": "#0"},
				"down": {"uv": [0, 13, 16, 15], "rotation": 90, "texture": "#0"}
			}
		},
		{
			"from": [22.5, 0, 5.5],
			"to": [23.1, 6, 6.1],
			"rotation": {"angle": 45, "axis": "x", "origin": [33, -6, 6]},
			"faces": {
				"north": {"uv": [0, 14, 15.6, 15], "texture": "#0"},
				"east": {"uv": [0, 14, 15.6, 15], "texture": "#0"},
				"south": {"uv": [0, 14, 15.6, 15], "texture": "#0"},
				"west": {"uv": [0, 14, 15.6, 15], "texture": "#0"},
				"up": {"uv": [0, 14, 15.6, 15], "texture": "#0"},
				"down": {"uv": [0, 14, 15.6, 15], "texture": "#0"}
			}
		},
		{
			"from": [22.5, 1, 9.5],
			"to": [23.1, 6, 10.1],
			"rotation": {"angle": -45, "axis": "x", "origin": [33, -6, 10]},
			"faces": {
				"north": {"uv": [0, 14, 15.6, 15], "rotation": 180, "texture": "#0"},
				"east": {"uv": [0, 14, 15.6, 15], "rotation": 180, "texture": "#0"},
				"south": {"uv": [0, 14, 15.6, 15], "rotation": 180, "texture": "#0"},
				"west": {"uv": [0, 14, 15.6, 15], "rotation": 180, "texture": "#0"},
				"up": {"uv": [0, 14, 15.6, 15], "rotation": 180, "texture": "#0"},
				"down": {"uv": [0, 14, 15.6, 15], "rotation": 180, "texture": "#0"}
			}
		},
		{
			"from": [22.5, -3, 9.5],
			"to": [23.1, 14, 10.1],
			"rotation": {"angle": -45, "axis": "x", "origin": [33, 2, 10]},
			"faces": {
				"north": {"uv": [0, 14, 15.6, 15], "rotation": 180, "texture": "#0"},
				"east": {"uv": [0, 14, 15.6, 15], "rotation": 180, "texture": "#0"},
				"south": {"uv": [0, 14, 15.6, 15], "rotation": 180, "texture": "#0"},
				"west": {"uv": [0, 14, 15.6, 15], "rotation": 180, "texture": "#0"},
				"up": {"uv": [0, 14, 15.6, 15], "rotation": 180, "texture": "#0"},
				"down": {"uv": [0, 14, 15.6, 15], "rotation": 180, "texture": "#0"}
			}
		},
		{
			"from": [22.5, -4, 5.5],
			"to": [23.1, 14, 6.1],
			"rotation": {"angle": 45, "axis": "x", "origin": [33, 2, 6]},
			"faces": {
				"north": {"uv": [0, 14, 15.6, 15], "texture": "#0"},
				"east": {"uv": [0, 14, 15.6, 15], "texture": "#0"},
				"south": {"uv": [0, 14, 15.6, 15], "texture": "#0"},
				"west": {"uv": [0, 14, 15.6, 15], "texture": "#0"},
				"up": {"uv": [0, 14, 15.6, 15], "texture": "#0"},
				"down": {"uv": [0, 14, 15.6, 15], "texture": "#0"}
			}
		},
		{
			"from": [22.5, 4, 9.5],
			"to": [23.1, 22, 10.1],
			"rotation": {"angle": -45, "axis": "x", "origin": [33, 10, 10]},
			"faces": {
				"north": {"uv": [0, 14, 15.6, 15], "rotation": 180, "texture": "#0"},
				"east": {"uv": [0, 14, 15.6, 15], "rotation": 180, "texture": "#0"},
				"south": {"uv": [0, 14, 15.6, 15], "rotation": 180, "texture": "#0"},
				"west": {"uv": [0, 14, 15.6, 15], "rotation": 180, "texture": "#0"},
				"up": {"uv": [0, 14, 15.6, 15], "rotation": 180, "texture": "#0"},
				"down": {"uv": [0, 14, 15.6, 15], "rotation": 180, "texture": "#0"}
			}
		},
		{
			"from": [22.5, 4, 5.5],
			"to": [23.1, 22, 6.1],
			"rotation": {"angle": 45, "axis": "x", "origin": [33, 10, 6]},
			"faces": {
				"north": {"uv": [0, 14, 15.6, 15], "texture": "#0"},
				"east": {"uv": [0, 14, 15.6, 15], "texture": "#0"},
				"south": {"uv": [0, 14, 15.6, 15], "texture": "#0"},
				"west": {"uv": [0, 14, 15.6, 15], "texture": "#0"},
				"up": {"uv": [0, 14, 15.6, 15], "texture": "#0"},
				"down": {"uv": [0, 14, 15.6, 15], "texture": "#0"}
			}
		},
		{
			"from": [22.5, 11.85858, 9.74264],
			"to": [23.1, 29.85858, 10.34264],
			"rotation": {"angle": -45, "axis": "x", "origin": [33, 17.85858, 10.24264]},
			"faces": {
				"north": {"uv": [0, 14, 15.6, 15], "rotation": 180, "texture": "#0"},
				"east": {"uv": [0, 14, 15.6, 15], "rotation": 180, "texture": "#0"},
				"south": {"uv": [0, 14, 15.6, 15], "rotation": 180, "texture": "#0"},
				"west": {"uv": [0, 14, 15.6, 15], "rotation": 180, "texture": "#0"},
				"up": {"uv": [0, 14, 15.6, 15], "rotation": 180, "texture": "#0"},
				"down": {"uv": [0, 14, 15.6, 15], "rotation": 180, "texture": "#0"}
			}
		},
		{
			"from": [22.5, 12, 5.5],
			"to": [23.1, 30, 6.1],
			"rotation": {"angle": 45, "axis": "x", "origin": [33, 18, 6]},
			"faces": {
				"north": {"uv": [0, 14, 15.6, 15], "texture": "#0"},
				"east": {"uv": [0, 14, 15.6, 15], "texture": "#0"},
				"south": {"uv": [0, 14, 15.6, 15], "texture": "#0"},
				"west": {"uv": [0, 14, 15.6, 15], "texture": "#0"},
				"up": {"uv": [0, 14, 15.6, 15], "texture": "#0"},
				"down": {"uv": [0, 14, 15.6, 15], "texture": "#0"}
			}
		},
		{
			"from": [22.5, 19.85858, 9.74264],
			"to": [23.1, 27.85858, 10.34264],
			"rotation": {"angle": -45, "axis": "x", "origin": [33, 25.85858, 10.24264]},
			"faces": {
				"north": {"uv": [0, 14, 15.6, 15], "rotation": 180, "texture": "#0"},
				"east": {"uv": [0, 14, 15.6, 15], "rotation": 180, "texture": "#0"},
				"south": {"uv": [0, 14, 15.6, 15], "rotation": 180, "texture": "#0"},
				"west": {"uv": [0, 14, 15.6, 15], "rotation": 180, "texture": "#0"},
				"up": {"uv": [0, 14, 15.6, 15], "rotation": 180, "texture": "#0"},
				"down": {"uv": [0, 14, 15.6, 15], "rotation": 180, "texture": "#0"}
			}
		},
		{
			"from": [22.5, 20, 5.5],
			"to": [23.1, 27, 6.1],
			"rotation": {"angle": 45, "axis": "x", "origin": [33, 26, 6]},
			"faces": {
				"north": {"uv": [0, 14, 15.6, 15], "texture": "#0"},
				"east": {"uv": [0, 14, 15.6, 15], "texture": "#0"},
				"south": {"uv": [0, 14, 15.6, 15], "texture": "#0"},
				"west": {"uv": [0, 14, 15.6, 15], "texture": "#0"},
				"up": {"uv": [0, 14, 15.6, 15], "texture": "#0"},
				"down": {"uv": [0, 14, 15.6, 15], "texture": "#0"}
			}
		},
		{
			"from": [-7.85, -2, 2],
			"to": [-6.1, 0, 14],
			"faces": {
				"north": {"uv": [1, 0, 13, 2], "texture": "#1"},
				"east": {"uv": [2, 6, 14, 8], "texture": "#1"},
				"south": {"uv": [2, 3, 14, 5], "texture": "#1"},
				"west": {"uv": [1, 4, 13, 6], "texture": "#1"},
				"up": {"uv": [0, 2, 12, 4], "rotation": 90, "texture": "#1"},
				"down": {"uv": [0, 3, 12, 5], "texture": "#1"}
			}
		},
		{
			"from": [-7.4, -8, 2],
			"to": [-6.4, -2, 14],
			"faces": {
				"north": {"uv": [0, 4, 12, 11], "texture": "#0"},
				"east": {"uv": [0, 4, 12, 11], "texture": "#0"},
				"south": {"uv": [0, 4, 12, 11], "texture": "#0"},
				"west": {"uv": [0, 4, 12, 11], "texture": "#0"},
				"up": {"uv": [0, 4, 12, 11], "texture": "#0"},
				"down": {"uv": [0, 4, 12, 11], "texture": "#0"}
			}
		},
		{
			"from": [-8, -8, 14],
			"to": [-6, 28, 16],
			"faces": {
				"north": {"uv": [0, 13, 16, 15], "rotation": 90, "texture": "#0"},
				"east": {"uv": [0, 13, 16, 15], "rotation": 90, "texture": "#0"},
				"south": {"uv": [0, 13, 16, 15], "rotation": 90, "texture": "#0"},
				"west": {"uv": [0, 13, 16, 15], "rotation": 90, "texture": "#0"},
				"up": {"uv": [0, 13, 16, 15], "rotation": 90, "texture": "#0"},
				"down": {"uv": [0, 13, 16, 15], "rotation": 90, "texture": "#0"}
			}
		},
		{
			"from": [-8, -8, 0],
			"to": [-6, 28, 2],
			"faces": {
				"north": {"uv": [0, 13, 16, 15], "rotation": 90, "texture": "#0"},
				"east": {"uv": [0, 13, 16, 15], "rotation": 90, "texture": "#0"},
				"south": {"uv": [0, 13, 16, 15], "rotation": 90, "texture": "#0"},
				"west": {"uv": [0, 13, 16, 15], "rotation": 90, "texture": "#0"},
				"up": {"uv": [0, 13, 16, 15], "rotation": 90, "texture": "#0"},
				"down": {"uv": [0, 13, 16, 15], "rotation": 90, "texture": "#0"}
			}
		},
		{
			"from": [-7.5, 0, 5.5],
			"to": [-6.9, 6, 6.1],
			"rotation": {"angle": 45, "axis": "x", "origin": [3, -6, 6]},
			"faces": {
				"north": {"uv": [0, 14, 15.6, 15], "texture": "#0"},
				"east": {"uv": [0, 14, 15.6, 15], "texture": "#0"},
				"south": {"uv": [0, 14, 15.6, 15], "texture": "#0"},
				"west": {"uv": [0, 14, 15.6, 15], "texture": "#0"},
				"up": {"uv": [0, 14, 15.6, 15], "texture": "#0"},
				"down": {"uv": [0, 14, 15.6, 15], "texture": "#0"}
			}
		},
		{
			"from": [-7.5, 1, 9.5],
			"to": [-6.9, 6, 10.1],
			"rotation": {"angle": -45, "axis": "x", "origin": [3, -6, 10]},
			"faces": {
				"north": {"uv": [0, 14, 15.6, 15], "rotation": 180, "texture": "#0"},
				"east": {"uv": [0, 14, 15.6, 15], "rotation": 180, "texture": "#0"},
				"south": {"uv": [0, 14, 15.6, 15], "rotation": 180, "texture": "#0"},
				"west": {"uv": [0, 14, 15.6, 15], "rotation": 180, "texture": "#0"},
				"up": {"uv": [0, 14, 15.6, 15], "rotation": 180, "texture": "#0"},
				"down": {"uv": [0, 14, 15.6, 15], "rotation": 180, "texture": "#0"}
			}
		},
		{
			"from": [-7.5, -3, 9.5],
			"to": [-6.9, 14, 10.1],
			"rotation": {"angle": -45, "axis": "x", "origin": [3, 2, 10]},
			"faces": {
				"north": {"uv": [0, 14, 15.6, 15], "rotation": 180, "texture": "#0"},
				"east": {"uv": [0, 14, 15.6, 15], "rotation": 180, "texture": "#0"},
				"south": {"uv": [0, 14, 15.6, 15], "rotation": 180, "texture": "#0"},
				"west": {"uv": [0, 14, 15.6, 15], "rotation": 180, "texture": "#0"},
				"up": {"uv": [0, 14, 15.6, 15], "rotation": 180, "texture": "#0"},
				"down": {"uv": [0, 14, 15.6, 15], "rotation": 180, "texture": "#0"}
			}
		},
		{
			"from": [-7.5, -4, 5.5],
			"to": [-6.9, 14, 6.1],
			"rotation": {"angle": 45, "axis": "x", "origin": [3, 2, 6]},
			"faces": {
				"north": {"uv": [0, 14, 15.6, 15], "texture": "#0"},
				"east": {"uv": [0, 14, 15.6, 15], "texture": "#0"},
				"south": {"uv": [0, 14, 15.6, 15], "texture": "#0"},
				"west": {"uv": [0, 14, 15.6, 15], "texture": "#0"},
				"up": {"uv": [0, 14, 15.6, 15], "texture": "#0"},
				"down": {"uv": [0, 14, 15.6, 15], "texture": "#0"}
			}
		},
		{
			"from": [-7.5, 4, 9.5],
			"to": [-6.9, 22, 10.1],
			"rotation": {"angle": -45, "axis": "x", "origin": [3, 10, 10]},
			"faces": {
				"north": {"uv": [0, 14, 15.6, 15], "rotation": 180, "texture": "#0"},
				"east": {"uv": [0, 14, 15.6, 15], "rotation": 180, "texture": "#0"},
				"south": {"uv": [0, 14, 15.6, 15], "rotation": 180, "texture": "#0"},
				"west": {"uv": [0, 14, 15.6, 15], "rotation": 180, "texture": "#0"},
				"up": {"uv": [0, 14, 15.6, 15], "rotation": 180, "texture": "#0"},
				"down": {"uv": [0, 14, 15.6, 15], "rotation": 180, "texture": "#0"}
			}
		},
		{
			"from": [-7.5, 4, 5.5],
			"to": [-6.9, 22, 6.1],
			"rotation": {"angle": 45, "axis": "x", "origin": [3, 10, 6]},
			"faces": {
				"north": {"uv": [0, 14, 15.6, 15], "texture": "#0"},
				"east": {"uv": [0, 14, 15.6, 15], "texture": "#0"},
				"south": {"uv": [0, 14, 15.6, 15], "texture": "#0"},
				"west": {"uv": [0, 14, 15.6, 15], "texture": "#0"},
				"up": {"uv": [0, 14, 15.6, 15], "texture": "#0"},
				"down": {"uv": [0, 14, 15.6, 15], "texture": "#0"}
			}
		},
		{
			"from": [-7.5, 11.85858, 9.74264],
			"to": [-6.9, 29.85858, 10.34264],
			"rotation": {"angle": -45, "axis": "x", "origin": [3, 17.85858, 10.24264]},
			"faces": {
				"north": {"uv": [0, 14, 15.6, 15], "rotation": 180, "texture": "#0"},
				"east": {"uv": [0, 14, 15.6, 15], "rotation": 180, "texture": "#0"},
				"south": {"uv": [0, 14, 15.6, 15], "rotation": 180, "texture": "#0"},
				"west": {"uv": [0, 14, 15.6, 15], "rotation": 180, "texture": "#0"},
				"up": {"uv": [0, 14, 15.6, 15], "rotation": 180, "texture": "#0"},
				"down": {"uv": [0, 14, 15.6, 15], "rotation": 180, "texture": "#0"}
			}
		},
		{
			"from": [-7.5, 12, 5.5],
			"to": [-6.9, 30, 6.1],
			"rotation": {"angle": 45, "axis": "x", "origin": [3, 18, 6]},
			"faces": {
				"north": {"uv": [0, 14, 15.6, 15], "texture": "#0"},
				"east": {"uv": [0, 14, 15.6, 15], "texture": "#0"},
				"south": {"uv": [0, 14, 15.6, 15], "texture": "#0"},
				"west": {"uv": [0, 14, 15.6, 15], "texture": "#0"},
				"up": {"uv": [0, 14, 15.6, 15], "texture": "#0"},
				"down": {"uv": [0, 14, 15.6, 15], "texture": "#0"}
			}
		},
		{
			"from": [-7.5, 19.85858, 9.74264],
			"to": [-6.9, 27.85858, 10.34264],
			"rotation": {"angle": -45, "axis": "x", "origin": [3, 25.85858, 10.24264]},
			"faces": {
				"north": {"uv": [0, 14, 15.6, 15], "rotation": 180, "texture": "#0"},
				"east": {"uv": [0, 14, 15.6, 15], "rotation": 180, "texture": "#0"},
				"south": {"uv": [0, 14, 15.6, 15], "rotation": 180, "texture": "#0"},
				"west": {"uv": [0, 14, 15.6, 15], "rotation": 180, "texture": "#0"},
				"up": {"uv": [0, 14, 15.6, 15], "rotation": 180, "texture": "#0"},
				"down": {"uv": [0, 14, 15.6, 15], "rotation": 180, "texture": "#0"}
			}
		},
		{
			"from": [-7.5, 20, 5.5],
			"to": [-6.9, 27, 6.1],
			"rotation": {"angle": 45, "axis": "x", "origin": [3, 26, 6]},
			"faces": {
				"north": {"uv": [0, 14, 15.6, 15], "texture": "#0"},
				"east": {"uv": [0, 14, 15.6, 15], "texture": "#0"},
				"south": {"uv": [0, 14, 15.6, 15], "texture": "#0"},
				"west": {"uv": [0, 14, 15.6, 15], "texture": "#0"},
				"up": {"uv": [0, 14, 15.6, 15], "texture": "#0"},
				"down": {"uv": [0, 14, 15.6, 15], "texture": "#0"}
			}
		}
	],
	"display": {
		"thirdperson_righthand": {
			"rotation": [75, 45, 0],
			"translation": [0, 2.5, 0],
			"scale": [0.2, 0.2, 0.2]
		},
		"thirdperson_lefthand": {
			"rotation": [75, 45, 0],
			"translation": [0, 2.5, 0],
			"scale": [0.2, 0.2, 0.2]
		},
		"firstperson_righthand": {
			"translation": [-0.75, 2.5, 0],
			"scale": [0.2, 0.2, 0.2]
		},
		"firstperson_lefthand": {
			"translation": [-0.75, 2.5, 0],
			"scale": [0.2, 0.2, 0.2]
		},
		"ground": {
			"translation": [0, 3.75, 0],
			"scale": [0.3, 0.3, 0.3]
		},
		"gui": {
			"rotation": [30, 225, 0],
			"translation": [-0.25, 0.75, 0],
			"scale": [0.3, 0.3, 0.3]
		},
		"head": {
			"translation": [0, 13.5, 0],
			"scale": [0.3, 0.3, 0.3]
		},
		"fixed": {
			"rotation": [-90, 0, 0],
			"translation": [0, 0, -31],
			"scale": [2, 2, 2]
		}
	},
	"groups": [
		{
			"name": "Trellis",
			"children": [
				{
					"name": "Top",
					"children": [0, 1,
						{
							"name": "top spine3",
							"children": [2, 3]
						},
						{
							"name": "top spine2",
							"children": [4, 5]
						},
						{
							"name": "top spine1",
							"children": [6, 7]
						},
						{
							"name": "Top Side2",
							"children": [8, 9, 10, 11, 12]
						},
						{
							"name": "Top Side1",
							"children": [13, 14, 15, 16, 17]
						}
					]
				},
				{
					"name": "Side 2",
					"children": [18, 19, 20, 21,
						{
							"name": "Lattice",
							"children": [22, 23, 24, 25, 26, 27, 28, 29, 30, 31]
						}
					]
				},
				{
					"name": "Side 1",
					"children": [32, 33, 34, 35,
						{
							"name": "Lattice",
							"children": [36, 37, 38, 39, 40, 41, 42, 43, 44, 45]
						}
					]
				}
			]
		}
	]
}