{
	"credit": "Made with Blockbench",
	"parent": "./cit_item_wall",
	"textures": {
		"0": "block/MizunoArchive/oak_planks",
		"1": "block/MizunoArchive/stripped_oak_log",
		"particle": "block/MizunoArchive/oak_planks",
		"1_0": "block/grass_5",
		"top": "block/MizunoArchive/grass_5c",
		"middle": "block/MizunoArchive/grass_5b",
		"lower": "block/MizunoArchive/grass_5a",
		"2_0": "block/MizunoArchive/vine_2",
		"2_1": "block/MizunoArchive/vine_2a",
		"3_0": "block/MizunoArchive/vine_2",
		"3_1": "block/MizunoArchive/vine_2a",
		"4_0": "block/MizunoArchive/vine_4",
		"4_1": "block/MizunoArchive/vine_4a",
		"5_0": "block/MizunoArchive/vine_1",
		"5_1": "block/MizunoArchive/vine_1a"
	},
	"elements": [
		{
			"from": [-5.55, 26.5, 14],
			"to": [21.7, 28.5, 15],
			"faces": {
				"north": {"uv": [2, 0, 4, 16], "rotation": 90, "texture": "#1"},
				"east": {"uv": [2, 0, 3, 1], "texture": "#1"},
				"south": {"uv": [1, 0, 3, 16], "rotation": 90, "texture": "#1"},
				"west": {"uv": [2, 15, 3, 16], "texture": "#1"},
				"up": {"uv": [2, 0, 3, 16], "rotation": 90, "texture": "#1"},
				"down": {"uv": [2, 0, 3, 16], "rotation": 270, "texture": "#1"}
			}
		},
		{
			"from": [-5.55, 26.5, 1],
			"to": [21.7, 28.5, 2],
			"faces": {
				"north": {"uv": [2, 0, 4, 16], "rotation": 90, "texture": "#1"},
				"east": {"uv": [2, 0, 3, 1], "texture": "#1"},
				"south": {"uv": [1, 0, 3, 16], "rotation": 90, "texture": "#1"},
				"west": {"uv": [2, 15, 3, 16], "texture": "#1"},
				"up": {"uv": [2, 0, 3, 16], "rotation": 90, "texture": "#1"},
				"down": {"uv": [2, 0, 3, 16], "rotation": 270, "texture": "#1"}
			}
		},
		{
			"from": [14.55, 27.5, -3],
			"to": [15.55, 28.5, 19],
			"faces": {
				"north": {"uv": [2, 0, 3, 1], "texture": "#1"},
				"east": {"uv": [2, 0, 3, 16], "rotation": 90, "texture": "#1"},
				"south": {"uv": [2, 15, 3, 16], "texture": "#1"},
				"west": {"uv": [2, 0, 3, 16], "rotation": 90, "texture": "#1"},
				"up": {"uv": [2, 0, 3, 16], "texture": "#1"},
				"down": {"uv": [2, 0, 3, 16], "texture": "#1"}
			}
		},
		{
			"from": [14.55, 26.5, -1.6],
			"to": [15.55, 27.5, 18],
			"faces": {
				"north": {"uv": [2, 0, 3, 1], "texture": "#1"},
				"east": {"uv": [2, 0, 3, 16], "rotation": 90, "texture": "#1"},
				"south": {"uv": [2, 15, 3, 16], "texture": "#1"},
				"west": {"uv": [2, 0, 3, 16], "rotation": 90, "texture": "#1"},
				"up": {"uv": [2, 0, 3, 16], "texture": "#1"},
				"down": {"uv": [2, 0, 3, 16], "texture": "#1"}
			}
		},
		{
			"from": [7.55, 27.5, -3],
			"to": [8.55, 28.5, 19],
			"faces": {
				"north": {"uv": [2, 0, 3, 1], "texture": "#1"},
				"east": {"uv": [2, 0, 3, 16], "rotation": 90, "texture": "#1"},
				"south": {"uv": [2, 15, 3, 16], "texture": "#1"},
				"west": {"uv": [2, 0, 3, 16], "rotation": 90, "texture": "#1"},
				"up": {"uv": [2, 0, 3, 16], "texture": "#1"},
				"down": {"uv": [2, 0, 3, 16], "texture": "#1"}
			}
		},
		{
			"from": [7.55, 26.5, -1.6],
			"to": [8.55, 27.5, 18],
			"faces": {
				"north": {"uv": [2, 0, 3, 1], "texture": "#1"},
				"east": {"uv": [2, 0, 3, 16], "rotation": 90, "texture": "#1"},
				"south": {"uv": [2, 15, 3, 16], "texture": "#1"},
				"west": {"uv": [2, 0, 3, 16], "rotation": 90, "texture": "#1"},
				"up": {"uv": [2, 0, 3, 16], "texture": "#1"},
				"down": {"uv": [2, 0, 3, 16], "texture": "#1"}
			}
		},
		{
			"from": [0.55, 27.5, -3],
			"to": [1.55, 28.5, 19],
			"faces": {
				"north": {"uv": [2, 0, 3, 1], "texture": "#1"},
				"east": {"uv": [2, 0, 3, 16], "rotation": 90, "texture": "#1"},
				"south": {"uv": [2, 15, 3, 16], "texture": "#1"},
				"west": {"uv": [2, 0, 3, 16], "rotation": 90, "texture": "#1"},
				"up": {"uv": [2, 0, 3, 16], "texture": "#1"},
				"down": {"uv": [2, 0, 3, 16], "texture": "#1"}
			}
		},
		{
			"from": [0.55, 26.5, -1.6],
			"to": [1.55, 27.5, 18],
			"faces": {
				"north": {"uv": [2, 0, 3, 1], "texture": "#1"},
				"east": {"uv": [2, 0, 3, 16], "rotation": 90, "texture": "#1"},
				"south": {"uv": [2, 15, 3, 16], "texture": "#1"},
				"west": {"uv": [2, 0, 3, 16], "rotation": 90, "texture": "#1"},
				"up": {"uv": [2, 0, 3, 16], "texture": "#1"},
				"down": {"uv": [2, 0, 3, 16], "texture": "#1"}
			}
		},
		{
			"from": [-8.55, 26, -2],
			"to": [-5.55, 29, 18],
			"faces": {
				"north": {"uv": [2, 0, 5, 16], "rotation": 90, "texture": "#1"},
				"east": {"uv": [2, 0, 5, 16], "rotation": 90, "texture": "#1"},
				"south": {"uv": [2, 0, 5, 16], "rotation": 90, "texture": "#1"},
				"west": {"uv": [2, 0, 5, 16], "rotation": 90, "texture": "#1"},
				"up": {"uv": [2, 0, 5, 16], "texture": "#1"},
				"down": {"uv": [2, 0, 5, 16], "texture": "#1"}
			}
		},
		{
			"from": [-8.55, 27, 18],
			"to": [-5.55, 29, 20.4],
			"faces": {
				"north": {"uv": [2, 16, 4, 14], "rotation": 90, "texture": "#1"},
				"east": {"uv": [2, 2, 4, 0], "rotation": 90, "texture": "#1"},
				"south": {"uv": [2, 2, 4, 0], "rotation": 90, "texture": "#1"},
				"west": {"uv": [2, 16, 4, 14], "rotation": 90, "texture": "#1"},
				"up": {"uv": [2, 16, 4, 14], "texture": "#1"},
				"down": {"uv": [2, 16, 4, 0], "texture": "#1"}
			}
		},
		{
			"from": [-8.45, 26.15328, 17.7706],
			"to": [-5.65, 27.15328, 20.3706],
			"rotation": {"angle": -22.5, "axis": "x", "origin": [-6.35, 26.65328, 18.2706]},
			"faces": {
				"north": {"uv": [4.6, 0, 2, 1], "texture": "#1"},
				"east": {"uv": [4.6, 0, 2, 1], "texture": "#1"},
				"south": {"uv": [4.6, 0, 2, 1], "texture": "#1"},
				"west": {"uv": [4.6, 0, 2, 1], "texture": "#1"},
				"up": {"uv": [2, 1, 4.6, 0], "texture": "#1"},
				"down": {"uv": [2, 1, 4.6, 0], "texture": "#1"}
			}
		},
		{
			"from": [-8.55, 27, -4.4],
			"to": [-5.55, 29, -2],
			"faces": {
				"north": {"uv": [2, 0, 4, 2], "rotation": 90, "texture": "#1"},
				"east": {"uv": [2, 0, 4, 2], "rotation": 90, "texture": "#1"},
				"south": {"uv": [2, 14, 4, 16], "rotation": 90, "texture": "#1"},
				"west": {"uv": [2, 14, 4, 16], "rotation": 90, "texture": "#1"},
				"up": {"uv": [2, 14, 4, 16], "texture": "#1"},
				"down": {"uv": [2, 0, 4, 16], "texture": "#1"}
			}
		},
		{
			"from": [-8.45, 26.15328, -4.3706],
			"to": [-5.65, 27.15328, -1.7706],
			"rotation": {"angle": 22.5, "axis": "x", "origin": [-6.35, 26.65328, -2.2706]},
			"faces": {
				"north": {"uv": [2, 0, 4.6, 1], "texture": "#1"},
				"east": {"uv": [2, 0, 4.6, 1], "texture": "#1"},
				"south": {"uv": [2, 0, 4.6, 1], "texture": "#1"},
				"west": {"uv": [2, 0, 4.6, 1], "texture": "#1"},
				"up": {"uv": [2, 0, 4.6, 1], "texture": "#1"},
				"down": {"uv": [2, 0, 4.6, 1], "texture": "#1"}
			}
		},
		{
			"from": [21.55, 26, -2],
			"to": [24.55, 29, 18],
			"faces": {
				"north": {"uv": [2, 0, 5, 16], "rotation": 90, "texture": "#1"},
				"east": {"uv": [2, 0, 5, 16], "rotation": 90, "texture": "#1"},
				"south": {"uv": [2, 0, 5, 16], "rotation": 90, "texture": "#1"},
				"west": {"uv": [2, 0, 5, 16], "rotation": 90, "texture": "#1"},
				"up": {"uv": [2, 0, 5, 16], "texture": "#1"},
				"down": {"uv": [2, 0, 5, 16], "texture": "#1"}
			}
		},
		{
			"from": [21.55, 27, 18],
			"to": [24.55, 29, 20.4],
			"faces": {
				"north": {"uv": [2, 16, 4, 14], "rotation": 90, "texture": "#1"},
				"east": {"uv": [2, 2, 4, 0], "rotation": 90, "texture": "#1"},
				"south": {"uv": [2, 2, 4, 0], "rotation": 90, "texture": "#1"},
				"west": {"uv": [2, 16, 4, 14], "rotation": 90, "texture": "#1"},
				"up": {"uv": [2, 16, 4, 14], "texture": "#1"},
				"down": {"uv": [2, 16, 4, 0], "texture": "#1"}
			}
		},
		{
			"from": [21.65, 26.15328, 17.7706],
			"to": [24.45, 27.15328, 20.3706],
			"rotation": {"angle": -22.5, "axis": "x", "origin": [23.75, 26.65328, 18.2706]},
			"faces": {
				"north": {"uv": [4.6, 0, 2, 1], "texture": "#1"},
				"east": {"uv": [4.6, 0, 2, 1], "texture": "#1"},
				"south": {"uv": [4.6, 0, 2, 1], "texture": "#1"},
				"west": {"uv": [4.6, 0, 2, 1], "texture": "#1"},
				"up": {"uv": [2, 1, 4.6, 0], "texture": "#1"},
				"down": {"uv": [2, 1, 4.6, 0], "texture": "#1"}
			}
		},
		{
			"from": [21.55, 27, -4.4],
			"to": [24.55, 29, -2],
			"faces": {
				"north": {"uv": [2, 0, 4, 2], "rotation": 90, "texture": "#1"},
				"east": {"uv": [2, 0, 4, 2], "rotation": 90, "texture": "#1"},
				"south": {"uv": [2, 14, 4, 16], "rotation": 90, "texture": "#1"},
				"west": {"uv": [2, 14, 4, 16], "rotation": 90, "texture": "#1"},
				"up": {"uv": [2, 14, 4, 16], "texture": "#1"},
				"down": {"uv": [2, 0, 4, 16], "texture": "#1"}
			}
		},
		{
			"from": [21.65, 26.15328, -4.3706],
			"to": [24.45, 27.15328, -1.7706],
			"rotation": {"angle": 22.5, "axis": "x", "origin": [23.75, 26.65328, -2.2706]},
			"faces": {
				"north": {"uv": [2, 0, 4.6, 1], "texture": "#1"},
				"east": {"uv": [2, 0, 4.6, 1], "texture": "#1"},
				"south": {"uv": [2, 0, 4.6, 1], "texture": "#1"},
				"west": {"uv": [2, 0, 4.6, 1], "texture": "#1"},
				"up": {"uv": [2, 0, 4.6, 1], "texture": "#1"},
				"down": {"uv": [2, 0, 4.6, 1], "texture": "#1"}
			}
		},
		{
			"from": [22.15, -2, 2],
			"to": [23.9, 0, 14],
			"faces": {
				"north": {"uv": [1, 0, 13, 2], "texture": "#1"},
				"east": {"uv": [2, 6, 14, 8], "texture": "#1"},
				"south": {"uv": [2, 3, 14, 5], "texture": "#1"},
				"west": {"uv": [2, 1, 14, 3], "texture": "#1"},
				"up": {"uv": [0, 2, 12, 4], "rotation": 90, "texture": "#1"},
				"down": {"uv": [0, 3, 12, 5], "texture": "#1"}
			}
		},
		{
			"from": [22.6, -8, 2],
			"to": [23.6, -2, 14],
			"faces": {
				"north": {"uv": [0, 4, 12, 11], "texture": "#0"},
				"east": {"uv": [0, 4, 12, 11], "texture": "#0"},
				"south": {"uv": [0, 4, 12, 11], "texture": "#0"},
				"west": {"uv": [0, 4, 12, 11], "texture": "#0"},
				"up": {"uv": [0, 4, 12, 11], "texture": "#0"},
				"down": {"uv": [0, 4, 12, 11], "texture": "#0"}
			}
		},
		{
			"from": [22, -8, 14],
			"to": [24, 28, 16],
			"faces": {
				"north": {"uv": [0, 13, 16, 15], "rotation": 90, "texture": "#0"},
				"east": {"uv": [0, 13, 16, 15], "rotation": 90, "texture": "#0"},
				"south": {"uv": [0, 13, 16, 15], "rotation": 90, "texture": "#0"},
				"west": {"uv": [0, 13, 16, 15], "rotation": 90, "texture": "#0"},
				"up": {"uv": [0, 13, 16, 15], "rotation": 90, "texture": "#0"},
				"down": {"uv": [0, 13, 16, 15], "rotation": 90, "texture": "#0"}
			}
		},
		{
			"from": [22, -8, 0],
			"to": [24, 28, 2],
			"faces": {
				"north": {"uv": [0, 13, 16, 15], "rotation": 90, "texture": "#0"},
				"east": {"uv": [0, 13, 16, 15], "rotation": 90, "texture": "#0"},
				"south": {"uv": [0, 13, 16, 15], "rotation": 90, "texture": "#0"},
				"west": {"uv": [0, 13, 16, 15], "rotation": 90, "texture": "#0"},
				"up": {"uv": [0, 13, 16, 15], "rotation": 90, "texture": "#0"},
				"down": {"uv": [0, 13, 16, 15], "rotation": 90, "texture": "#0"}
			}
		},
		{
			"from": [22.5, 0, 5.5],
			"to": [23.1, 6, 6.1],
			"rotation": {"angle": 45, "axis": "x", "origin": [33, -6, 6]},
			"faces": {
				"north": {"uv": [0, 14, 15.6, 15], "texture": "#0"},
				"east": {"uv": [0, 14, 15.6, 15], "texture": "#0"},
				"south": {"uv": [0, 14, 15.6, 15], "texture": "#0"},
				"west": {"uv": [0, 14, 15.6, 15], "texture": "#0"},
				"up": {"uv": [0, 14, 15.6, 15], "texture": "#0"},
				"down": {"uv": [0, 14, 15.6, 15], "texture": "#0"}
			}
		},
		{
			"from": [22.5, 1, 9.5],
			"to": [23.1, 6, 10.1],
			"rotation": {"angle": -45, "axis": "x", "origin": [33, -6, 10]},
			"faces": {
				"north": {"uv": [0, 14, 15.6, 15], "rotation": 180, "texture": "#0"},
				"east": {"uv": [0, 14, 15.6, 15], "rotation": 180, "texture": "#0"},
				"south": {"uv": [0, 14, 15.6, 15], "rotation": 180, "texture": "#0"},
				"west": {"uv": [0, 14, 15.6, 15], "rotation": 180, "texture": "#0"},
				"up": {"uv": [0, 14, 15.6, 15], "rotation": 180, "texture": "#0"},
				"down": {"uv": [0, 14, 15.6, 15], "rotation": 180, "texture": "#0"}
			}
		},
		{
			"from": [22.5, -3, 9.5],
			"to": [23.1, 14, 10.1],
			"rotation": {"angle": -45, "axis": "x", "origin": [33, 2, 10]},
			"faces": {
				"north": {"uv": [0, 14, 15.6, 15], "rotation": 180, "texture": "#0"},
				"east": {"uv": [0, 14, 15.6, 15], "rotation": 180, "texture": "#0"},
				"south": {"uv": [0, 14, 15.6, 15], "rotation": 180, "texture": "#0"},
				"west": {"uv": [0, 14, 15.6, 15], "rotation": 180, "texture": "#0"},
				"up": {"uv": [0, 14, 15.6, 15], "rotation": 180, "texture": "#0"},
				"down": {"uv": [0, 14, 15.6, 15], "rotation": 180, "texture": "#0"}
			}
		},
		{
			"from": [22.5, -4, 5.5],
			"to": [23.1, 14, 6.1],
			"rotation": {"angle": 45, "axis": "x", "origin": [33, 2, 6]},
			"faces": {
				"north": {"uv": [0, 14, 15.6, 15], "texture": "#0"},
				"east": {"uv": [0, 14, 15.6, 15], "texture": "#0"},
				"south": {"uv": [0, 14, 15.6, 15], "texture": "#0"},
				"west": {"uv": [0, 14, 15.6, 15], "texture": "#0"},
				"up": {"uv": [0, 14, 15.6, 15], "texture": "#0"},
				"down": {"uv": [0, 14, 15.6, 15], "texture": "#0"}
			}
		},
		{
			"from": [22.5, 4, 9.5],
			"to": [23.1, 22, 10.1],
			"rotation": {"angle": -45, "axis": "x", "origin": [33, 10, 10]},
			"faces": {
				"north": {"uv": [0, 14, 15.6, 15], "rotation": 180, "texture": "#0"},
				"east": {"uv": [0, 14, 15.6, 15], "rotation": 180, "texture": "#0"},
				"south": {"uv": [0, 14, 15.6, 15], "rotation": 180, "texture": "#0"},
				"west": {"uv": [0, 14, 15.6, 15], "rotation": 180, "texture": "#0"},
				"up": {"uv": [0, 14, 15.6, 15], "rotation": 180, "texture": "#0"},
				"down": {"uv": [0, 14, 15.6, 15], "rotation": 180, "texture": "#0"}
			}
		},
		{
			"from": [22.5, 4, 5.5],
			"to": [23.1, 22, 6.1],
			"rotation": {"angle": 45, "axis": "x", "origin": [33, 10, 6]},
			"faces": {
				"north": {"uv": [0, 14, 15.6, 15], "texture": "#0"},
				"east": {"uv": [0, 14, 15.6, 15], "texture": "#0"},
				"south": {"uv": [0, 14, 15.6, 15], "texture": "#0"},
				"west": {"uv": [0, 14, 15.6, 15], "texture": "#0"},
				"up": {"uv": [0, 14, 15.6, 15], "texture": "#0"},
				"down": {"uv": [0, 14, 15.6, 15], "texture": "#0"}
			}
		},
		{
			"from": [22.5, 11.85858, 9.74264],
			"to": [23.1, 29.85858, 10.34264],
			"rotation": {"angle": -45, "axis": "x", "origin": [33, 17.85858, 10.24264]},
			"faces": {
				"north": {"uv": [0, 14, 15.6, 15], "rotation": 180, "texture": "#0"},
				"east": {"uv": [0, 14, 15.6, 15], "rotation": 180, "texture": "#0"},
				"south": {"uv": [0, 14, 15.6, 15], "rotation": 180, "texture": "#0"},
				"west": {"uv": [0, 14, 15.6, 15], "rotation": 180, "texture": "#0"},
				"up": {"uv": [0, 14, 15.6, 15], "rotation": 180, "texture": "#0"},
				"down": {"uv": [0, 14, 15.6, 15], "rotation": 180, "texture": "#0"}
			}
		},
		{
			"from": [22.5, 12, 5.5],
			"to": [23.1, 30, 6.1],
			"rotation": {"angle": 45, "axis": "x", "origin": [33, 18, 6]},
			"faces": {
				"north": {"uv": [0, 14, 15.6, 15], "texture": "#0"},
				"east": {"uv": [0, 14, 15.6, 15], "texture": "#0"},
				"south": {"uv": [0, 14, 15.6, 15], "texture": "#0"},
				"west": {"uv": [0, 14, 15.6, 15], "texture": "#0"},
				"up": {"uv": [0, 14, 15.6, 15], "texture": "#0"},
				"down": {"uv": [0, 14, 15.6, 15], "texture": "#0"}
			}
		},
		{
			"from": [22.5, 19.85858, 9.74264],
			"to": [23.1, 27.85858, 10.34264],
			"rotation": {"angle": -45, "axis": "x", "origin": [33, 25.85858, 10.24264]},
			"faces": {
				"north": {"uv": [0, 14, 15.6, 15], "rotation": 180, "texture": "#0"},
				"east": {"uv": [0, 14, 15.6, 15], "rotation": 180, "texture": "#0"},
				"south": {"uv": [0, 14, 15.6, 15], "rotation": 180, "texture": "#0"},
				"west": {"uv": [0, 14, 15.6, 15], "rotation": 180, "texture": "#0"},
				"up": {"uv": [0, 14, 15.6, 15], "rotation": 180, "texture": "#0"},
				"down": {"uv": [0, 14, 15.6, 15], "rotation": 180, "texture": "#0"}
			}
		},
		{
			"from": [22.5, 20, 5.5],
			"to": [23.1, 27, 6.1],
			"rotation": {"angle": 45, "axis": "x", "origin": [33, 26, 6]},
			"faces": {
				"north": {"uv": [0, 14, 15.6, 15], "texture": "#0"},
				"east": {"uv": [0, 14, 15.6, 15], "texture": "#0"},
				"south": {"uv": [0, 14, 15.6, 15], "texture": "#0"},
				"west": {"uv": [0, 14, 15.6, 15], "texture": "#0"},
				"up": {"uv": [0, 14, 15.6, 15], "texture": "#0"},
				"down": {"uv": [0, 14, 15.6, 15], "texture": "#0"}
			}
		},
		{
			"from": [-7.85, -2, 2],
			"to": [-6.1, 0, 14],
			"faces": {
				"north": {"uv": [1, 0, 13, 2], "texture": "#1"},
				"east": {"uv": [2, 6, 14, 8], "texture": "#1"},
				"south": {"uv": [2, 3, 14, 5], "texture": "#1"},
				"west": {"uv": [1, 4, 13, 6], "texture": "#1"},
				"up": {"uv": [0, 2, 12, 4], "rotation": 90, "texture": "#1"},
				"down": {"uv": [0, 3, 12, 5], "texture": "#1"}
			}
		},
		{
			"from": [-7.4, -8, 2],
			"to": [-6.4, -2, 14],
			"faces": {
				"north": {"uv": [0, 4, 12, 11], "texture": "#0"},
				"east": {"uv": [0, 4, 12, 11], "texture": "#0"},
				"south": {"uv": [0, 4, 12, 11], "texture": "#0"},
				"west": {"uv": [0, 4, 12, 11], "texture": "#0"},
				"up": {"uv": [0, 4, 12, 11], "texture": "#0"},
				"down": {"uv": [0, 4, 12, 11], "texture": "#0"}
			}
		},
		{
			"from": [-8, -8, 14],
			"to": [-6, 28, 16],
			"faces": {
				"north": {"uv": [0, 13, 16, 15], "rotation": 90, "texture": "#0"},
				"east": {"uv": [0, 13, 16, 15], "rotation": 90, "texture": "#0"},
				"south": {"uv": [0, 13, 16, 15], "rotation": 90, "texture": "#0"},
				"west": {"uv": [0, 13, 16, 15], "rotation": 90, "texture": "#0"},
				"up": {"uv": [0, 13, 16, 15], "rotation": 90, "texture": "#0"},
				"down": {"uv": [0, 13, 16, 15], "rotation": 90, "texture": "#0"}
			}
		},
		{
			"from": [-8, -8, 0],
			"to": [-6, 28, 2],
			"faces": {
				"north": {"uv": [0, 13, 16, 15], "rotation": 90, "texture": "#0"},
				"east": {"uv": [0, 13, 16, 15], "rotation": 90, "texture": "#0"},
				"south": {"uv": [0, 13, 16, 15], "rotation": 90, "texture": "#0"},
				"west": {"uv": [0, 13, 16, 15], "rotation": 90, "texture": "#0"},
				"up": {"uv": [0, 13, 16, 15], "rotation": 90, "texture": "#0"},
				"down": {"uv": [0, 13, 16, 15], "rotation": 90, "texture": "#0"}
			}
		},
		{
			"from": [-7.5, 0, 5.5],
			"to": [-6.9, 6, 6.1],
			"rotation": {"angle": 45, "axis": "x", "origin": [3, -6, 6]},
			"faces": {
				"north": {"uv": [0, 14, 15.6, 15], "texture": "#0"},
				"east": {"uv": [0, 14, 15.6, 15], "texture": "#0"},
				"south": {"uv": [0, 14, 15.6, 15], "texture": "#0"},
				"west": {"uv": [0, 14, 15.6, 15], "texture": "#0"},
				"up": {"uv": [0, 14, 15.6, 15], "texture": "#0"},
				"down": {"uv": [0, 14, 15.6, 15], "texture": "#0"}
			}
		},
		{
			"from": [-7.5, 1, 9.5],
			"to": [-6.9, 6, 10.1],
			"rotation": {"angle": -45, "axis": "x", "origin": [3, -6, 10]},
			"faces": {
				"north": {"uv": [0, 14, 15.6, 15], "rotation": 180, "texture": "#0"},
				"east": {"uv": [0, 14, 15.6, 15], "rotation": 180, "texture": "#0"},
				"south": {"uv": [0, 14, 15.6, 15], "rotation": 180, "texture": "#0"},
				"west": {"uv": [0, 14, 15.6, 15], "rotation": 180, "texture": "#0"},
				"up": {"uv": [0, 14, 15.6, 15], "rotation": 180, "texture": "#0"},
				"down": {"uv": [0, 14, 15.6, 15], "rotation": 180, "texture": "#0"}
			}
		},
		{
			"from": [-7.5, -3, 9.5],
			"to": [-6.9, 14, 10.1],
			"rotation": {"angle": -45, "axis": "x", "origin": [3, 2, 10]},
			"faces": {
				"north": {"uv": [0, 14, 15.6, 15], "rotation": 180, "texture": "#0"},
				"east": {"uv": [0, 14, 15.6, 15], "rotation": 180, "texture": "#0"},
				"south": {"uv": [0, 14, 15.6, 15], "rotation": 180, "texture": "#0"},
				"west": {"uv": [0, 14, 15.6, 15], "rotation": 180, "texture": "#0"},
				"up": {"uv": [0, 14, 15.6, 15], "rotation": 180, "texture": "#0"},
				"down": {"uv": [0, 14, 15.6, 15], "rotation": 180, "texture": "#0"}
			}
		},
		{
			"from": [-7.5, -4, 5.5],
			"to": [-6.9, 14, 6.1],
			"rotation": {"angle": 45, "axis": "x", "origin": [3, 2, 6]},
			"faces": {
				"north": {"uv": [0, 14, 15.6, 15], "texture": "#0"},
				"east": {"uv": [0, 14, 15.6, 15], "texture": "#0"},
				"south": {"uv": [0, 14, 15.6, 15], "texture": "#0"},
				"west": {"uv": [0, 14, 15.6, 15], "texture": "#0"},
				"up": {"uv": [0, 14, 15.6, 15], "texture": "#0"},
				"down": {"uv": [0, 14, 15.6, 15], "texture": "#0"}
			}
		},
		{
			"from": [-7.5, 4, 9.5],
			"to": [-6.9, 22, 10.1],
			"rotation": {"angle": -45, "axis": "x", "origin": [3, 10, 10]},
			"faces": {
				"north": {"uv": [0, 14, 15.6, 15], "rotation": 180, "texture": "#0"},
				"east": {"uv": [0, 14, 15.6, 15], "rotation": 180, "texture": "#0"},
				"south": {"uv": [0, 14, 15.6, 15], "rotation": 180, "texture": "#0"},
				"west": {"uv": [0, 14, 15.6, 15], "rotation": 180, "texture": "#0"},
				"up": {"uv": [0, 14, 15.6, 15], "rotation": 180, "texture": "#0"},
				"down": {"uv": [0, 14, 15.6, 15], "rotation": 180, "texture": "#0"}
			}
		},
		{
			"from": [-7.5, 4, 5.5],
			"to": [-6.9, 22, 6.1],
			"rotation": {"angle": 45, "axis": "x", "origin": [3, 10, 6]},
			"faces": {
				"north": {"uv": [0, 14, 15.6, 15], "texture": "#0"},
				"east": {"uv": [0, 14, 15.6, 15], "texture": "#0"},
				"south": {"uv": [0, 14, 15.6, 15], "texture": "#0"},
				"west": {"uv": [0, 14, 15.6, 15], "texture": "#0"},
				"up": {"uv": [0, 14, 15.6, 15], "texture": "#0"},
				"down": {"uv": [0, 14, 15.6, 15], "texture": "#0"}
			}
		},
		{
			"from": [-7.5, 11.85858, 9.74264],
			"to": [-6.9, 29.85858, 10.34264],
			"rotation": {"angle": -45, "axis": "x", "origin": [3, 17.85858, 10.24264]},
			"faces": {
				"north": {"uv": [0, 14, 15.6, 15], "rotation": 180, "texture": "#0"},
				"east": {"uv": [0, 14, 15.6, 15], "rotation": 180, "texture": "#0"},
				"south": {"uv": [0, 14, 15.6, 15], "rotation": 180, "texture": "#0"},
				"west": {"uv": [0, 14, 15.6, 15], "rotation": 180, "texture": "#0"},
				"up": {"uv": [0, 14, 15.6, 15], "rotation": 180, "texture": "#0"},
				"down": {"uv": [0, 14, 15.6, 15], "rotation": 180, "texture": "#0"}
			}
		},
		{
			"from": [-7.5, 12, 5.5],
			"to": [-6.9, 30, 6.1],
			"rotation": {"angle": 45, "axis": "x", "origin": [3, 18, 6]},
			"faces": {
				"north": {"uv": [0, 14, 15.6, 15], "texture": "#0"},
				"east": {"uv": [0, 14, 15.6, 15], "texture": "#0"},
				"south": {"uv": [0, 14, 15.6, 15], "texture": "#0"},
				"west": {"uv": [0, 14, 15.6, 15], "texture": "#0"},
				"up": {"uv": [0, 14, 15.6, 15], "texture": "#0"},
				"down": {"uv": [0, 14, 15.6, 15], "texture": "#0"}
			}
		},
		{
			"from": [-7.5, 19.85858, 9.74264],
			"to": [-6.9, 27.85858, 10.34264],
			"rotation": {"angle": -45, "axis": "x", "origin": [3, 25.85858, 10.24264]},
			"faces": {
				"north": {"uv": [0, 14, 15.6, 15], "rotation": 180, "texture": "#0"},
				"east": {"uv": [0, 14, 15.6, 15], "rotation": 180, "texture": "#0"},
				"south": {"uv": [0, 14, 15.6, 15], "rotation": 180, "texture": "#0"},
				"west": {"uv": [0, 14, 15.6, 15], "rotation": 180, "texture": "#0"},
				"up": {"uv": [0, 14, 15.6, 15], "rotation": 180, "texture": "#0"},
				"down": {"uv": [0, 14, 15.6, 15], "rotation": 180, "texture": "#0"}
			}
		},
		{
			"from": [-7.5, 20, 5.5],
			"to": [-6.9, 27, 6.1],
			"rotation": {"angle": 45, "axis": "x", "origin": [3, 26, 6]},
			"faces": {
				"north": {"uv": [0, 14, 15.6, 15], "texture": "#0"},
				"east": {"uv": [0, 14, 15.6, 15], "texture": "#0"},
				"south": {"uv": [0, 14, 15.6, 15], "texture": "#0"},
				"west": {"uv": [0, 14, 15.6, 15], "texture": "#0"},
				"up": {"uv": [0, 14, 15.6, 15], "texture": "#0"},
				"down": {"uv": [0, 14, 15.6, 15], "texture": "#0"}
			}
		},
		{
			"from": [12.01, 9.49, -0.01],
			"to": [22.89, 29.21, -0.0032],
			"faces": {
				"north": {"uv": [8, 0, 16, 14.5], "texture": "#2_0"},
				"south": {"uv": [8, 0, 16, 14.5], "texture": "#2_0"}
			}
		},
		{
			"from": [12.01, 26.49, -0.01],
			"to": [22.89, 29.21, -0.0032],
			"rotation": {"angle": 22.5, "axis": "x", "origin": [17.45, 27.85, -0.01]},
			"faces": {
				"north": {"uv": [8, 0, 16, 2], "texture": "#2_1"},
				"south": {"uv": [8, 0, 16, 2], "texture": "#2_1"}
			}
		},
		{
			"from": [12.01, 26.49, -0.01],
			"to": [22.89, 29.21, -0.0032],
			"rotation": {"angle": -22.5, "axis": "x", "origin": [17.45, 27.85, -0.01]},
			"faces": {
				"north": {"uv": [8, 0, 16, 2], "texture": "#2_1"},
				"south": {"uv": [8, 0, 16, 2], "texture": "#2_1"}
			}
		},
		{
			"from": [12.01, 21.05, -0.01],
			"to": [22.89, 25.13, -0.0032],
			"rotation": {"angle": 22.5, "axis": "x", "origin": [17.45, 23.77, -0.01]},
			"faces": {
				"north": {"uv": [8, 3, 16, 6], "texture": "#2_1"},
				"south": {"uv": [8, 3, 16, 6], "texture": "#2_1"}
			}
		},
		{
			"from": [12.01, 21.05, -0.01],
			"to": [22.89, 25.13, -0.0032],
			"rotation": {"angle": -22.5, "axis": "x", "origin": [17.45, 23.77, -0.01]},
			"faces": {
				"north": {"uv": [8, 3, 16, 6], "texture": "#2_1"},
				"south": {"uv": [8, 3, 16, 6], "texture": "#2_1"}
			}
		},
		{
			"from": [12.01, 18.33, -0.01],
			"to": [22.89, 21.05, -0.0032],
			"rotation": {"angle": 22.5, "axis": "x", "origin": [17.45, 19.69, -0.01]},
			"faces": {
				"north": {"uv": [8, 6.5, 16, 8.5], "texture": "#2_1"},
				"south": {"uv": [8, 6.5, 16, 8.5], "texture": "#2_1"}
			}
		},
		{
			"from": [12.01, 18.33, -0.01],
			"to": [22.89, 21.05, -0.0032],
			"rotation": {"angle": -22.5, "axis": "x", "origin": [17.45, 19.69, -0.01]},
			"faces": {
				"north": {"uv": [8, 6.5, 16, 8.5], "texture": "#2_1"},
				"south": {"uv": [8, 6.5, 16, 8.5], "texture": "#2_1"}
			}
		},
		{
			"from": [12.01, 12.89, -0.35],
			"to": [22.89, 17.65, 0.3368],
			"faces": {
				"north": {"uv": [8, 9, 16, 12.5], "texture": "#2_1"},
				"south": {"uv": [8, 9, 16, 12.5], "texture": "#2_1"}
			}
		},
		{
			"from": [-6.48, 11.24, 0.08],
			"to": [2.48, 27.48, 0.0856],
			"faces": {
				"north": {"uv": [0, 1.5, 8, 16], "texture": "#3_0"},
				"south": {"uv": [0, 1.5, 8, 16], "texture": "#3_0"}
			}
		},
		{
			"from": [-6.48, 24.68, 0.08],
			"to": [2.48, 29.16, 0.0856],
			"rotation": {"angle": 22.5, "axis": "x", "origin": [-2, 27.48, 0.08]},
			"faces": {
				"north": {"uv": [0, 0, 8, 4], "texture": "#3_1"},
				"south": {"uv": [0, 0, 8, 4], "texture": "#3_1"}
			}
		},
		{
			"from": [-6.48, 24.68, 0.08],
			"to": [2.48, 29.16, 0.0856],
			"rotation": {"angle": -22.5, "axis": "x", "origin": [-2, 27.48, 0.08]},
			"faces": {
				"north": {"uv": [0, 0, 8, 4], "texture": "#3_1"},
				"south": {"uv": [0, 0, 8, 4], "texture": "#3_1"}
			}
		},
		{
			"from": [-6.48, 22.44, 0.08],
			"to": [2.48, 25.8, 0.0856],
			"rotation": {"angle": 22.5, "axis": "x", "origin": [-2, 24.12, 0.08]},
			"faces": {
				"north": {"uv": [0, 4.5, 8, 7.5], "texture": "#3_1"},
				"south": {"uv": [0, 4.5, 8, 7.5], "texture": "#3_1"}
			}
		},
		{
			"from": [-6.48, 22.44, 0.08],
			"to": [2.48, 25.8, 0.0856],
			"rotation": {"angle": -22.5, "axis": "x", "origin": [-2, 24.12, 0.08]},
			"faces": {
				"north": {"uv": [0, 4.5, 8, 7.5], "texture": "#3_1"},
				"south": {"uv": [0, 4.5, 8, 7.5], "texture": "#3_1"}
			}
		},
		{
			"from": [-6.48, 19.08, 0.08],
			"to": [2.48, 21.32, 0.0856],
			"rotation": {"angle": 22.5, "axis": "x", "origin": [-2, 20.2, 0.08]},
			"faces": {
				"north": {"uv": [0, 8, 8, 10], "texture": "#3_1"},
				"south": {"uv": [0, 8, 8, 10], "texture": "#3_1"}
			}
		},
		{
			"from": [-6.48, 19.08, 0.08],
			"to": [2.48, 21.32, 0.0856],
			"rotation": {"angle": -22.5, "axis": "x", "origin": [-2, 20.2, 0.08]},
			"faces": {
				"north": {"uv": [0, 8, 8, 10], "texture": "#3_1"},
				"south": {"uv": [0, 8, 8, 10], "texture": "#3_1"}
			}
		},
		{
			"from": [-6.48, 12.92, -0.2],
			"to": [2.48, 19.08, 0.3656],
			"faces": {
				"north": {"uv": [0, 10.5, 8, 16], "texture": "#3_1"},
				"south": {"uv": [0, 10.5, 8, 16], "texture": "#3_1"}
			}
		},
		{
			"from": [1.52, 19.52, 0.08],
			"to": [17.76, 28.48, 0.0856],
			"faces": {
				"north": {"uv": [8, 1.5, 0, 16], "rotation": 90, "texture": "#3_0"},
				"south": {"uv": [8, 1.5, 0, 16], "rotation": 270, "texture": "#3_0"}
			}
		},
		{
			"from": [-0.16, 19.52, 0.08],
			"to": [4.32, 28.48, 0.0856],
			"rotation": {"angle": 22.5, "axis": "y", "origin": [1.52, 24, 0.08]},
			"faces": {
				"north": {"uv": [8, 0, 0, 4], "rotation": 90, "texture": "#3_1"},
				"south": {"uv": [8, 0, 0, 4], "rotation": 270, "texture": "#3_1"}
			}
		},
		{
			"from": [-0.16, 19.52, 0.08],
			"to": [4.32, 28.48, 0.0856],
			"rotation": {"angle": -22.5, "axis": "y", "origin": [1.52, 24, 0.08]},
			"faces": {
				"north": {"uv": [8, 0, 0, 4], "rotation": 90, "texture": "#3_1"},
				"south": {"uv": [8, 0, 0, 4], "rotation": 270, "texture": "#3_1"}
			}
		},
		{
			"from": [3.2, 19.52, 0.08],
			"to": [6.56, 28.48, 0.0856],
			"rotation": {"angle": 22.5, "axis": "y", "origin": [4.88, 24, 0.08]},
			"faces": {
				"north": {"uv": [8, 4.5, 0, 7.5], "rotation": 90, "texture": "#3_1"},
				"south": {"uv": [8, 4.5, 0, 7.5], "rotation": 270, "texture": "#3_1"}
			}
		},
		{
			"from": [3.2, 19.52, 0.08],
			"to": [6.56, 28.48, 0.0856],
			"rotation": {"angle": -22.5, "axis": "y", "origin": [4.88, 24, 0.08]},
			"faces": {
				"north": {"uv": [8, 4.5, 0, 7.5], "rotation": 90, "texture": "#3_1"},
				"south": {"uv": [8, 4.5, 0, 7.5], "rotation": 270, "texture": "#3_1"}
			}
		},
		{
			"from": [7.68, 19.52, 0.08],
			"to": [9.92, 28.48, 0.0856],
			"rotation": {"angle": 22.5, "axis": "y", "origin": [8.8, 24, 0.08]},
			"faces": {
				"north": {"uv": [8, 8, 0, 10], "rotation": 90, "texture": "#3_1"},
				"south": {"uv": [8, 8, 0, 10], "rotation": 270, "texture": "#3_1"}
			}
		},
		{
			"from": [7.68, 19.52, 0.08],
			"to": [9.92, 28.48, 0.0856],
			"rotation": {"angle": -22.5, "axis": "y", "origin": [8.8, 24, 0.08]},
			"faces": {
				"north": {"uv": [8, 8, 0, 10], "rotation": 90, "texture": "#3_1"},
				"south": {"uv": [8, 8, 0, 10], "rotation": 270, "texture": "#3_1"}
			}
		},
		{
			"from": [9.92, 19.52, -0.2],
			"to": [16.08, 28.48, 0.3656],
			"faces": {
				"north": {"uv": [8, 10.5, 0, 16], "rotation": 90, "texture": "#3_1"},
				"south": {"uv": [8, 10.5, 0, 16], "rotation": 270, "texture": "#3_1"}
			}
		},
		{
			"from": [1.52, 20.52, 15.08],
			"to": [17.76, 29.48, 15.0856],
			"faces": {
				"north": {"uv": [0, 1.5, 8, 16], "rotation": 90, "texture": "#3_0"},
				"south": {"uv": [0, 1.5, 8, 16], "rotation": 270, "texture": "#3_0"}
			}
		},
		{
			"from": [-0.16, 20.52, 15.08],
			"to": [4.32, 29.48, 15.0856],
			"rotation": {"angle": 22.5, "axis": "y", "origin": [1.52, 25, 15.08]},
			"faces": {
				"north": {"uv": [0, 0, 8, 4], "rotation": 90, "texture": "#3_1"},
				"south": {"uv": [0, 0, 8, 4], "rotation": 270, "texture": "#3_1"}
			}
		},
		{
			"from": [-0.16, 20.52, 15.08],
			"to": [4.32, 29.48, 15.0856],
			"rotation": {"angle": -22.5, "axis": "y", "origin": [1.52, 25, 15.08]},
			"faces": {
				"north": {"uv": [0, 0, 8, 4], "rotation": 90, "texture": "#3_1"},
				"south": {"uv": [0, 0, 8, 4], "rotation": 270, "texture": "#3_1"}
			}
		},
		{
			"from": [3.2, 20.52, 15.08],
			"to": [6.56, 29.48, 15.0856],
			"rotation": {"angle": 22.5, "axis": "y", "origin": [4.88, 25, 15.08]},
			"faces": {
				"north": {"uv": [0, 4.5, 8, 7.5], "rotation": 90, "texture": "#3_1"},
				"south": {"uv": [0, 4.5, 8, 7.5], "rotation": 270, "texture": "#3_1"}
			}
		},
		{
			"from": [3.2, 20.52, 15.08],
			"to": [6.56, 29.48, 15.0856],
			"rotation": {"angle": -22.5, "axis": "y", "origin": [4.88, 25, 15.08]},
			"faces": {
				"north": {"uv": [0, 4.5, 8, 7.5], "rotation": 90, "texture": "#3_1"},
				"south": {"uv": [0, 4.5, 8, 7.5], "rotation": 270, "texture": "#3_1"}
			}
		},
		{
			"from": [7.68, 20.52, 15.08],
			"to": [9.92, 29.48, 15.0856],
			"rotation": {"angle": 22.5, "axis": "y", "origin": [8.8, 25, 15.08]},
			"faces": {
				"north": {"uv": [0, 8, 8, 10], "rotation": 90, "texture": "#3_1"},
				"south": {"uv": [0, 8, 8, 10], "rotation": 270, "texture": "#3_1"}
			}
		},
		{
			"from": [7.68, 20.52, 15.08],
			"to": [9.92, 29.48, 15.0856],
			"rotation": {"angle": -22.5, "axis": "y", "origin": [8.8, 25, 15.08]},
			"faces": {
				"north": {"uv": [0, 8, 8, 10], "rotation": 90, "texture": "#3_1"},
				"south": {"uv": [0, 8, 8, 10], "rotation": 270, "texture": "#3_1"}
			}
		},
		{
			"from": [9.92, 20.52, 14.8],
			"to": [16.08, 29.48, 15.3656],
			"faces": {
				"north": {"uv": [0, 10.5, 8, 16], "rotation": 90, "texture": "#3_1"},
				"south": {"uv": [0, 10.5, 8, 16], "rotation": 270, "texture": "#3_1"}
			}
		},
		{
			"from": [15.7, 12.6, 15.1],
			"to": [24.7, 28.6, 15.105],
			"rotation": {"angle": 45, "axis": "y", "origin": [20.2, 8.6, 15.1], "rescale": true},
			"faces": {
				"north": {"uv": [3, 0, 13, 16], "texture": "#4_0"},
				"south": {"uv": [3, 0, 13, 16], "texture": "#4_0"}
			}
		},
		{
			"from": [14.35, 12.6, 14.6],
			"to": [26.05, 28.6, 15.6],
			"rotation": {"angle": 45, "axis": "y", "origin": [20.2, 8.6, 15.1], "rescale": true},
			"faces": {
				"north": {"uv": [1.5, 0, 14.5, 16], "texture": "#4_1"},
				"south": {"uv": [1.5, 0, 14.5, 16], "texture": "#4_1"}
			}
		},
		{
			"from": [20.195, 12.6, 10.6],
			"to": [20.2, 28.6, 19.6],
			"rotation": {"angle": 45, "axis": "y", "origin": [20.2, 8.6, 15.1], "rescale": true},
			"faces": {
				"east": {"uv": [3, 0, 13, 16], "texture": "#4_0"},
				"west": {"uv": [3, 0, 13, 16], "texture": "#4_0"}
			}
		},
		{
			"from": [19.7, 12.6, 9.25],
			"to": [20.7, 28.6, 20.95],
			"rotation": {"angle": 45, "axis": "y", "origin": [20.2, 8.6, 15.1], "rescale": true},
			"faces": {
				"east": {"uv": [1.5, 0, 14.5, 16], "texture": "#4_1"},
				"west": {"uv": [1.5, 0, 14.5, 16], "texture": "#4_1"}
			}
		},
		{
			"from": [-6.44, 26.08, 16.9],
			"to": [4.44, 30.16, 17.5868],
			"faces": {
				"north": {"uv": [0, 0, 8, 3], "texture": "#5_1"},
				"south": {"uv": [0, 0, 8, 3], "texture": "#5_1"}
			}
		},
		{
			"from": [-6.44, 6.36, 17.24],
			"to": [4.44, 28.12, 17.2468],
			"faces": {
				"north": {"uv": [7.5, 0, 15.5, 16], "texture": "#5_0"},
				"south": {"uv": [7.5, 0, 15.5, 16], "texture": "#5_0"}
			}
		},
		{
			"from": [-6.44, 21.32, 17.24],
			"to": [4.44, 27.44, 17.2468],
			"rotation": {"angle": 22.5, "axis": "x", "origin": [-1, 25.4, 17.24]},
			"faces": {
				"north": {"uv": [7.5, 0, 15.5, 4.5], "texture": "#5_1"},
				"south": {"uv": [7.5, 0, 15.5, 4.5], "texture": "#5_1"}
			}
		},
		{
			"from": [-6.44, 21.32, 17.24],
			"to": [4.44, 27.44, 17.2468],
			"rotation": {"angle": -22.5, "axis": "x", "origin": [-1, 25.4, 17.24]},
			"faces": {
				"north": {"uv": [7.5, 0, 15.5, 4.5], "texture": "#5_1"},
				"south": {"uv": [7.5, 0, 15.5, 4.5], "texture": "#5_1"}
			}
		},
		{
			"from": [-6.44, 15.88, 17.24],
			"to": [4.44, 19.28, 17.2468],
			"rotation": {"angle": 22.5, "axis": "x", "origin": [-1, 17.92, 17.24]},
			"faces": {
				"north": {"uv": [7.5, 5.5, 15.5, 8], "texture": "#5_1"},
				"south": {"uv": [7.5, 5.5, 15.5, 8], "texture": "#5_1"}
			}
		},
		{
			"from": [-6.44, 15.88, 17.24],
			"to": [4.44, 19.28, 17.2468],
			"rotation": {"angle": -22.5, "axis": "x", "origin": [-1, 17.92, 17.24]},
			"faces": {
				"north": {"uv": [7.5, 5.5, 15.5, 8], "texture": "#5_1"},
				"south": {"uv": [7.5, 5.5, 15.5, 8], "texture": "#5_1"}
			}
		},
		{
			"from": [-6.44, 11.12, 17.24],
			"to": [4.44, 15.88, 17.2468],
			"rotation": {"angle": -22.5, "axis": "x", "origin": [-1, 13.16, 17.24]},
			"faces": {
				"north": {"uv": [7.5, 8.5, 15.5, 12], "texture": "#5_1"},
				"south": {"uv": [7.5, 8.5, 15.5, 12], "texture": "#5_1"}
			}
		},
		{
			"from": [-6.44, 11.12, 17.24],
			"to": [4.44, 15.88, 17.2468],
			"rotation": {"angle": 22.5, "axis": "x", "origin": [-1, 13.16, 17.24]},
			"faces": {
				"north": {"uv": [7.5, 8.5, 15.5, 12], "texture": "#5_1"},
				"south": {"uv": [7.5, 8.5, 15.5, 12], "texture": "#5_1"}
			}
		},
		{
			"from": [-6.44, 5.68, 16.9],
			"to": [4.44, 10.44, 17.5868],
			"faces": {
				"north": {"uv": [7.5, 12.5, 15.5, 16], "texture": "#5_1"},
				"south": {"uv": [7.5, 12.5, 15.5, 16], "texture": "#5_1"}
			}
		},
		{
			"from": [-7.61, 7.3, -1],
			"to": [-7.6, 23.3, 15],
			"faces": {
				"east": {"uv": [16, 0, 0, 16], "rotation": 270, "texture": "#lower"},
				"west": {"uv": [16, 0, 0, 16], "rotation": 270, "texture": "#lower"}
			}
		},
		{
			"from": [-8.11, 7.3, -1],
			"to": [-8.1, 23.3, 15],
			"faces": {
				"east": {"uv": [16, 0, 0, 16], "rotation": 270, "texture": "#middle"},
				"west": {"uv": [16, 0, 0, 16], "rotation": 270, "texture": "#middle"}
			}
		},
		{
			"from": [-8.61, 7.3, -1],
			"to": [-8.6, 23.3, 15],
			"faces": {
				"east": {"uv": [16, 0, 0, 16], "rotation": 270, "texture": "#top"},
				"west": {"uv": [16, 0, 0, 16], "rotation": 270, "texture": "#top"}
			}
		},
		{
			"from": [-7.41, -0.2, 0],
			"to": [-7.4, 15.8, 16],
			"faces": {
				"east": {"uv": [16, 16, 0, 0], "rotation": 270, "texture": "#lower"},
				"west": {"uv": [16, 16, 0, 0], "rotation": 270, "texture": "#lower"}
			}
		},
		{
			"from": [-7.91, -0.2, 0],
			"to": [-7.9, 15.8, 16],
			"faces": {
				"east": {"uv": [16, 16, 0, 0], "rotation": 270, "texture": "#middle"},
				"west": {"uv": [16, 16, 0, 0], "rotation": 270, "texture": "#middle"}
			}
		},
		{
			"from": [-8.41, -0.2, 0],
			"to": [-8.4, 15.8, 16],
			"faces": {
				"east": {"uv": [16, 16, 0, 0], "rotation": 270, "texture": "#top"},
				"west": {"uv": [16, 16, 0, 0], "rotation": 270, "texture": "#top"}
			}
		},
		{
			"from": [-7.21, 12.55, 0],
			"to": [-7.2, 28.55, 16],
			"faces": {
				"east": {"uv": [16, 0, 0, 16], "rotation": 90, "texture": "#lower"},
				"west": {"uv": [16, 0, 0, 16], "rotation": 90, "texture": "#lower"}
			}
		},
		{
			"from": [-7.71, 12.55, 0],
			"to": [-7.7, 28.55, 16],
			"faces": {
				"east": {"uv": [16, 0, 0, 16], "rotation": 90, "texture": "#middle"},
				"west": {"uv": [16, 0, 0, 16], "rotation": 90, "texture": "#middle"}
			}
		},
		{
			"from": [-8.21, 12.55, 0],
			"to": [-8.2, 28.55, 16],
			"faces": {
				"east": {"uv": [16, 0, 0, 16], "rotation": 90, "texture": "#top"},
				"west": {"uv": [16, 0, 0, 16], "rotation": 90, "texture": "#top"}
			}
		},
		{
			"from": [22.89, 7.3, -1],
			"to": [22.9, 23.3, 15],
			"faces": {
				"east": {"uv": [16, 0, 0, 16], "rotation": 270, "texture": "#lower"},
				"west": {"uv": [16, 0, 0, 16], "rotation": 270, "texture": "#lower"}
			}
		},
		{
			"from": [22.39, 7.3, -1],
			"to": [22.4, 23.3, 15],
			"faces": {
				"east": {"uv": [16, 0, 0, 16], "rotation": 270, "texture": "#middle"},
				"west": {"uv": [16, 0, 0, 16], "rotation": 270, "texture": "#middle"}
			}
		},
		{
			"from": [21.89, 7.3, -1],
			"to": [21.9, 23.3, 15],
			"faces": {
				"east": {"uv": [16, 0, 0, 16], "rotation": 270, "texture": "#top"},
				"west": {"uv": [16, 0, 0, 16], "rotation": 270, "texture": "#top"}
			}
		},
		{
			"from": [23.09, -0.2, 0],
			"to": [23.1, 15.8, 16],
			"faces": {
				"east": {"uv": [16, 16, 0, 0], "rotation": 270, "texture": "#lower"},
				"west": {"uv": [16, 16, 0, 0], "rotation": 270, "texture": "#lower"}
			}
		},
		{
			"from": [22.59, -0.2, 0],
			"to": [22.6, 15.8, 16],
			"faces": {
				"east": {"uv": [16, 16, 0, 0], "rotation": 270, "texture": "#middle"},
				"west": {"uv": [16, 16, 0, 0], "rotation": 270, "texture": "#middle"}
			}
		},
		{
			"from": [22.09, -0.2, 0],
			"to": [22.1, 15.8, 16],
			"faces": {
				"east": {"uv": [16, 16, 0, 0], "rotation": 270, "texture": "#top"},
				"west": {"uv": [16, 16, 0, 0], "rotation": 270, "texture": "#top"}
			}
		},
		{
			"from": [23.29, 12.55, 0],
			"to": [23.3, 28.55, 16],
			"faces": {
				"east": {"uv": [16, 0, 0, 16], "rotation": 90, "texture": "#lower"},
				"west": {"uv": [16, 0, 0, 16], "rotation": 90, "texture": "#lower"}
			}
		},
		{
			"from": [22.79, 12.55, 0],
			"to": [22.8, 28.55, 16],
			"faces": {
				"east": {"uv": [16, 0, 0, 16], "rotation": 90, "texture": "#middle"},
				"west": {"uv": [16, 0, 0, 16], "rotation": 90, "texture": "#middle"}
			}
		},
		{
			"from": [22.29, 12.55, 0],
			"to": [22.3, 28.55, 16],
			"faces": {
				"east": {"uv": [16, 0, 0, 16], "rotation": 90, "texture": "#top"},
				"west": {"uv": [16, 0, 0, 16], "rotation": 90, "texture": "#top"}
			}
		},
		{
			"from": [23.2, 12.55, -0.3],
			"to": [23.21, 28.55, 15.7],
			"faces": {
				"east": {"uv": [16, 0, 0, 16], "rotation": 90, "texture": "#lower"},
				"west": {"uv": [16, 0, 0, 16], "rotation": 90, "texture": "#lower"}
			}
		},
		{
			"from": [23.7, 12.55, -0.3],
			"to": [23.71, 28.55, 15.7],
			"faces": {
				"east": {"uv": [16, 0, 0, 16], "rotation": 90, "texture": "#middle"},
				"west": {"uv": [16, 0, 0, 16], "rotation": 90, "texture": "#middle"}
			}
		},
		{
			"from": [24.2, 12.55, -0.3],
			"to": [24.21, 28.55, 15.7],
			"faces": {
				"east": {"uv": [16, 0, 0, 16], "rotation": 90, "texture": "#top"},
				"west": {"uv": [16, 0, 0, 16], "rotation": 90, "texture": "#top"}
			}
		},
		{
			"from": [23.6, 7.3, 0.7],
			"to": [23.61, 23.3, 16.7],
			"faces": {
				"east": {"uv": [16, 0, 0, 16], "rotation": 270, "texture": "#lower"},
				"west": {"uv": [16, 0, 0, 16], "rotation": 270, "texture": "#lower"}
			}
		},
		{
			"from": [24.1, 7.3, 0.7],
			"to": [24.11, 23.3, 16.7],
			"faces": {
				"east": {"uv": [16, 0, 0, 16], "rotation": 270, "texture": "#middle"},
				"west": {"uv": [16, 0, 0, 16], "rotation": 270, "texture": "#middle"}
			}
		},
		{
			"from": [24.6, 7.3, 0.7],
			"to": [24.61, 23.3, 16.7],
			"faces": {
				"east": {"uv": [16, 0, 0, 16], "rotation": 270, "texture": "#top"},
				"west": {"uv": [16, 0, 0, 16], "rotation": 270, "texture": "#top"}
			}
		},
		{
			"from": [23.4, -0.2, -0.3],
			"to": [23.41, 15.8, 15.7],
			"faces": {
				"east": {"uv": [16, 16, 0, 0], "rotation": 270, "texture": "#lower"},
				"west": {"uv": [16, 16, 0, 0], "rotation": 270, "texture": "#lower"}
			}
		},
		{
			"from": [23.9, -0.2, -0.3],
			"to": [23.91, 15.8, 15.7],
			"faces": {
				"east": {"uv": [16, 16, 0, 0], "rotation": 270, "texture": "#middle"},
				"west": {"uv": [16, 16, 0, 0], "rotation": 270, "texture": "#middle"}
			}
		},
		{
			"from": [24.4, -0.2, -0.3],
			"to": [24.41, 15.8, 15.7],
			"faces": {
				"east": {"uv": [16, 16, 0, 0], "rotation": 270, "texture": "#top"},
				"west": {"uv": [16, 16, 0, 0], "rotation": 270, "texture": "#top"}
			}
		},
		{
			"from": [-6.9, 7.3, 0.7],
			"to": [-6.89, 23.3, 16.7],
			"faces": {
				"east": {"uv": [16, 0, 0, 16], "rotation": 270, "texture": "#lower"},
				"west": {"uv": [16, 0, 0, 16], "rotation": 270, "texture": "#lower"}
			}
		},
		{
			"from": [-6.4, 7.3, 0.7],
			"to": [-6.39, 23.3, 16.7],
			"faces": {
				"east": {"uv": [16, 0, 0, 16], "rotation": 270, "texture": "#middle"},
				"west": {"uv": [16, 0, 0, 16], "rotation": 270, "texture": "#middle"}
			}
		},
		{
			"from": [-5.9, 7.3, 0.7],
			"to": [-5.89, 23.3, 16.7],
			"faces": {
				"east": {"uv": [16, 0, 0, 16], "rotation": 270, "texture": "#top"},
				"west": {"uv": [16, 0, 0, 16], "rotation": 270, "texture": "#top"}
			}
		},
		{
			"from": [-7.1, -0.2, -0.3],
			"to": [-7.09, 15.8, 15.7],
			"faces": {
				"east": {"uv": [16, 16, 0, 0], "rotation": 270, "texture": "#lower"},
				"west": {"uv": [16, 16, 0, 0], "rotation": 270, "texture": "#lower"}
			}
		},
		{
			"from": [-6.6, -0.2, -0.3],
			"to": [-6.59, 15.8, 15.7],
			"faces": {
				"east": {"uv": [16, 16, 0, 0], "rotation": 270, "texture": "#middle"},
				"west": {"uv": [16, 16, 0, 0], "rotation": 270, "texture": "#middle"}
			}
		},
		{
			"from": [-6.1, -0.2, -0.3],
			"to": [-6.09, 15.8, 15.7],
			"faces": {
				"east": {"uv": [16, 16, 0, 0], "rotation": 270, "texture": "#top"},
				"west": {"uv": [16, 16, 0, 0], "rotation": 270, "texture": "#top"}
			}
		},
		{
			"from": [-7.3, 12.55, -0.3],
			"to": [-7.29, 28.55, 15.7],
			"faces": {
				"east": {"uv": [16, 0, 0, 16], "rotation": 90, "texture": "#lower"},
				"west": {"uv": [16, 0, 0, 16], "rotation": 90, "texture": "#lower"}
			}
		},
		{
			"from": [-6.8, 12.55, -0.3],
			"to": [-6.79, 28.55, 15.7],
			"faces": {
				"east": {"uv": [16, 0, 0, 16], "rotation": 90, "texture": "#middle"},
				"west": {"uv": [16, 0, 0, 16], "rotation": 90, "texture": "#middle"}
			}
		},
		{
			"from": [-6.3, 12.55, -0.3],
			"to": [-6.29, 28.55, 15.7],
			"faces": {
				"east": {"uv": [16, 0, 0, 16], "rotation": 90, "texture": "#top"},
				"west": {"uv": [16, 0, 0, 16], "rotation": 90, "texture": "#top"}
			}
		},
		{
			"from": [9, 27.29, 1],
			"to": [25, 27.3, 17],
			"faces": {
				"up": {"uv": [0, 16, 16, 0], "rotation": 270, "texture": "#lower"},
				"down": {"uv": [0, 16, 16, 0], "rotation": 90, "texture": "#lower"}
			}
		},
		{
			"from": [9, 26.79, 1],
			"to": [25, 26.8, 17],
			"faces": {
				"up": {"uv": [0, 16, 16, 0], "rotation": 270, "texture": "#middle"},
				"down": {"uv": [0, 16, 16, 0], "rotation": 90, "texture": "#middle"}
			}
		},
		{
			"from": [9, 26.29, 1],
			"to": [25, 26.3, 17],
			"faces": {
				"up": {"uv": [0, 16, 16, 0], "rotation": 270, "texture": "#top"},
				"down": {"uv": [0, 16, 16, 0], "rotation": 90, "texture": "#top"}
			}
		},
		{
			"from": [0.5, 26.79, 0.5],
			"to": [16.5, 26.8, 16.5],
			"faces": {
				"up": {"uv": [16, 0, 0, 16], "texture": "#lower"},
				"down": {"uv": [16, 0, 0, 16], "texture": "#lower"}
			}
		},
		{
			"from": [0.5, 26.29, 0.5],
			"to": [16.5, 26.3, 16.5],
			"faces": {
				"up": {"uv": [16, 0, 0, 16], "texture": "#middle"},
				"down": {"uv": [16, 0, 0, 16], "texture": "#middle"}
			}
		},
		{
			"from": [0.5, 25.79, 0.5],
			"to": [16.5, 25.8, 16.5],
			"faces": {
				"up": {"uv": [16, 0, 0, 16], "texture": "#top"},
				"down": {"uv": [16, 0, 0, 16], "texture": "#top"}
			}
		},
		{
			"from": [-8.5, 27.29, 0],
			"to": [7.5, 27.3, 16],
			"faces": {
				"up": {"uv": [16, 16, 0, 0], "texture": "#lower"},
				"down": {"uv": [16, 16, 0, 0], "texture": "#lower"}
			}
		},
		{
			"from": [-8.5, 26.79, 0],
			"to": [7.5, 26.8, 16],
			"faces": {
				"up": {"uv": [16, 16, 0, 0], "texture": "#middle"},
				"down": {"uv": [16, 16, 0, 0], "texture": "#middle"}
			}
		},
		{
			"from": [-8.5, 26.29, 0],
			"to": [7.5, 26.3, 16],
			"faces": {
				"up": {"uv": [16, 16, 0, 0], "texture": "#top"},
				"down": {"uv": [16, 16, 0, 0], "texture": "#top"}
			}
		},
		{
			"from": [-9, 28.2, 1],
			"to": [7, 28.21, 17],
			"faces": {
				"up": {"uv": [16, 0, 0, 16], "rotation": 90, "texture": "#lower"},
				"down": {"uv": [16, 0, 0, 16], "rotation": 270, "texture": "#lower"}
			}
		},
		{
			"from": [-9, 28.7, 1],
			"to": [7, 28.71, 17],
			"faces": {
				"up": {"uv": [16, 0, 0, 16], "rotation": 90, "texture": "#middle"},
				"down": {"uv": [16, 0, 0, 16], "rotation": 270, "texture": "#middle"}
			}
		},
		{
			"from": [-9, 29.2, 1],
			"to": [7, 29.21, 17],
			"faces": {
				"up": {"uv": [16, 0, 0, 16], "rotation": 90, "texture": "#top"},
				"down": {"uv": [16, 0, 0, 16], "rotation": 270, "texture": "#top"}
			}
		},
		{
			"from": [-0.5, 28.7, 0.5],
			"to": [15.5, 28.71, 16.5],
			"faces": {
				"up": {"uv": [0, 16, 16, 0], "texture": "#lower"},
				"down": {"uv": [0, 16, 16, 0], "texture": "#lower"}
			}
		},
		{
			"from": [-0.5, 29.2, 0.5],
			"to": [15.5, 29.21, 16.5],
			"faces": {
				"up": {"uv": [0, 16, 16, 0], "texture": "#middle"},
				"down": {"uv": [0, 16, 16, 0], "texture": "#middle"}
			}
		},
		{
			"from": [-0.5, 29.7, 0.5],
			"to": [15.5, 29.71, 16.5],
			"faces": {
				"up": {"uv": [0, 16, 16, 0], "texture": "#top"},
				"down": {"uv": [0, 16, 16, 0], "texture": "#top"}
			}
		},
		{
			"from": [8.5, 28.2, 0],
			"to": [24.5, 28.21, 16],
			"faces": {
				"up": {"uv": [0, 0, 16, 16], "texture": "#lower"},
				"down": {"uv": [0, 0, 16, 16], "texture": "#lower"}
			}
		},
		{
			"from": [8.5, 28.7, 0],
			"to": [24.5, 28.71, 16],
			"faces": {
				"up": {"uv": [0, 0, 16, 16], "texture": "#middle"},
				"down": {"uv": [0, 0, 16, 16], "texture": "#middle"}
			}
		},
		{
			"from": [8.5, 29.2, 0],
			"to": [24.5, 29.21, 16],
			"faces": {
				"up": {"uv": [0, 0, 16, 16], "texture": "#top"},
				"down": {"uv": [0, 0, 16, 16], "texture": "#top"}
			}
		},
		{
			"from": [24.9, 3.3, 10.7],
			"to": [24.91, 6.3, 12.7],
			"rotation": {"angle": -22.5, "axis": "y", "origin": [24.9, 4.8, 11.7]},
			"faces": {
				"east": {"uv": [9, 2, 6, 0], "rotation": 270, "texture": "#1_0"},
				"west": {"uv": [3, 11, 0, 13], "rotation": 270, "texture": "#1_0"}
			}
		},
		{
			"from": [24.9, 3.8, 11.2],
			"to": [24.91, 5.8, 14.2],
			"rotation": {"angle": 22.5, "axis": "z", "origin": [24.9, 4.8, 15.7]},
			"faces": {
				"east": {"uv": [9, 2, 6, 0], "texture": "#1_0"},
				"west": {"uv": [3, 11, 0, 13], "texture": "#1_0"}
			}
		},
		{
			"from": [24.9, 4.3, 11.7],
			"to": [24.91, 7.3, 13.7],
			"rotation": {"angle": 22.5, "axis": "y", "origin": [24.9, 4.8, 12.7]},
			"faces": {
				"east": {"uv": [9, 2, 6, 0], "rotation": 90, "texture": "#1_0"},
				"south": {"uv": [0, 0, 0, 0], "rotation": 270, "texture": "#1_0"},
				"west": {"uv": [3, 11, 0, 13], "rotation": 90, "texture": "#1_0"}
			}
		},
		{
			"from": [24.9, 4.8, 10.2],
			"to": [24.91, 6.8, 13.2],
			"rotation": {"angle": -22.5, "axis": "z", "origin": [24.9, 5.8, 12.7]},
			"faces": {
				"east": {"uv": [9, 2, 6, 0], "rotation": 180, "texture": "#1_0"},
				"west": {"uv": [3, 11, 0, 13], "rotation": 180, "texture": "#1_0"}
			}
		},
		{
			"from": [25, 7.3, 4.7],
			"to": [25.01, 10.3, 6.7],
			"rotation": {"angle": -22.5, "axis": "y", "origin": [25, 8.8, 5.7]},
			"faces": {
				"east": {"uv": [9, 2, 6, 0], "rotation": 270, "texture": "#1_0"},
				"west": {"uv": [3, 11, 0, 13], "rotation": 270, "texture": "#1_0"}
			}
		},
		{
			"from": [25, 7.8, 5.2],
			"to": [25.01, 9.8, 8.2],
			"rotation": {"angle": 22.5, "axis": "z", "origin": [25, 8.8, 9.7]},
			"faces": {
				"east": {"uv": [9, 2, 6, 0], "texture": "#1_0"},
				"west": {"uv": [3, 11, 0, 13], "texture": "#1_0"}
			}
		},
		{
			"from": [25, 8.3, 5.7],
			"to": [25.01, 11.3, 7.7],
			"rotation": {"angle": 22.5, "axis": "y", "origin": [25, 8.8, 6.7]},
			"faces": {
				"east": {"uv": [9, 2, 6, 0], "rotation": 90, "texture": "#1_0"},
				"south": {"uv": [0, 0, 0, 0], "rotation": 270, "texture": "#1_0"},
				"west": {"uv": [3, 11, 0, 13], "rotation": 90, "texture": "#1_0"}
			}
		},
		{
			"from": [25, 8.8, 4.2],
			"to": [25.01, 10.8, 7.2],
			"rotation": {"angle": -22.5, "axis": "z", "origin": [25, 9.8, 6.7]},
			"faces": {
				"east": {"uv": [9, 2, 6, 0], "rotation": 180, "texture": "#1_0"},
				"west": {"uv": [3, 11, 0, 13], "rotation": 180, "texture": "#1_0"}
			}
		},
		{
			"from": [25.1, 10.8, 3.7],
			"to": [25.11, 13.8, 5.7],
			"rotation": {"angle": 22.5, "axis": "y", "origin": [25.1, 12.3, 4.7]},
			"faces": {
				"east": {"uv": [9, 2, 6, 0], "rotation": 270, "texture": "#1_0"},
				"west": {"uv": [3, 11, 0, 13], "rotation": 270, "texture": "#1_0"}
			}
		},
		{
			"from": [25.1, 11.3, 2.2],
			"to": [25.11, 13.3, 5.2],
			"rotation": {"angle": 22.5, "axis": "z", "origin": [25.1, 12.3, 0.7]},
			"faces": {
				"east": {"uv": [9, 2, 6, 0], "rotation": 180, "texture": "#1_0"},
				"west": {"uv": [3, 11, 0, 13], "texture": "#1_0"}
			}
		},
		{
			"from": [25.1, 11.8, 2.7],
			"to": [25.11, 14.8, 4.7],
			"rotation": {"angle": -22.5, "axis": "y", "origin": [25.1, 12.3, 3.7]},
			"faces": {
				"north": {"uv": [0, 0, 0, 0], "rotation": 270, "texture": "#1_0"},
				"east": {"uv": [9, 2, 6, 0], "rotation": 90, "texture": "#1_0"},
				"west": {"uv": [3, 11, 0, 13], "rotation": 90, "texture": "#1_0"}
			}
		},
		{
			"from": [25.1, 12.3, 3.2],
			"to": [25.11, 14.3, 6.2],
			"rotation": {"angle": -22.5, "axis": "z", "origin": [25.1, 13.3, 3.7]},
			"faces": {
				"east": {"uv": [9, 2, 6, 0], "texture": "#1_0"},
				"west": {"uv": [3, 11, 0, 13], "rotation": 180, "texture": "#1_0"}
			}
		},
		{
			"from": [24.8, 18.05, 4.7],
			"to": [24.81, 21.05, 6.7],
			"rotation": {"angle": -22.5, "axis": "y", "origin": [24.8, 19.55, 5.7]},
			"faces": {
				"east": {"uv": [9, 2, 6, 0], "rotation": 90, "texture": "#1_0"},
				"west": {"uv": [3, 11, 0, 13], "rotation": 90, "texture": "#1_0"}
			}
		},
		{
			"from": [24.8, 18.55, 5.2],
			"to": [24.81, 20.55, 8.2],
			"rotation": {"angle": -22.5, "axis": "z", "origin": [24.8, 19.55, 9.7]},
			"faces": {
				"east": {"uv": [9, 2, 6, 0], "texture": "#1_0"},
				"west": {"uv": [3, 11, 0, 13], "rotation": 180, "texture": "#1_0"}
			}
		},
		{
			"from": [24.8, 17.05, 5.7],
			"to": [24.81, 20.05, 7.7],
			"rotation": {"angle": 22.5, "axis": "y", "origin": [24.8, 19.55, 6.7]},
			"faces": {
				"east": {"uv": [9, 2, 6, 0], "rotation": 270, "texture": "#1_0"},
				"south": {"uv": [0, 0, 0, 0], "rotation": 90, "texture": "#1_0"},
				"west": {"uv": [3, 11, 0, 13], "rotation": 270, "texture": "#1_0"}
			}
		},
		{
			"from": [24.8, 17.55, 4.2],
			"to": [24.81, 19.55, 7.2],
			"rotation": {"angle": 22.5, "axis": "z", "origin": [24.8, 18.55, 6.7]},
			"faces": {
				"east": {"uv": [9, 2, 6, 0], "rotation": 180, "texture": "#1_0"},
				"west": {"uv": [3, 11, 0, 13], "texture": "#1_0"}
			}
		},
		{
			"from": [24.7, 22.05, 10.7],
			"to": [24.71, 25.05, 12.7],
			"rotation": {"angle": -22.5, "axis": "y", "origin": [24.7, 23.55, 11.7]},
			"faces": {
				"east": {"uv": [9, 2, 6, 0], "rotation": 90, "texture": "#1_0"},
				"west": {"uv": [3, 11, 0, 13], "rotation": 90, "texture": "#1_0"}
			}
		},
		{
			"from": [24.7, 22.55, 11.2],
			"to": [24.71, 24.55, 14.2],
			"rotation": {"angle": -22.5, "axis": "z", "origin": [24.7, 23.55, 15.7]},
			"faces": {
				"east": {"uv": [9, 2, 6, 0], "texture": "#1_0"},
				"west": {"uv": [3, 11, 0, 13], "rotation": 180, "texture": "#1_0"}
			}
		},
		{
			"from": [24.7, 21.05, 11.7],
			"to": [24.71, 24.05, 13.7],
			"rotation": {"angle": 22.5, "axis": "y", "origin": [24.7, 23.55, 12.7]},
			"faces": {
				"east": {"uv": [9, 2, 6, 0], "rotation": 270, "texture": "#1_0"},
				"south": {"uv": [0, 0, 0, 0], "rotation": 90, "texture": "#1_0"},
				"west": {"uv": [3, 11, 0, 13], "rotation": 270, "texture": "#1_0"}
			}
		},
		{
			"from": [24.7, 21.55, 10.2],
			"to": [24.71, 23.55, 13.2],
			"rotation": {"angle": 22.5, "axis": "z", "origin": [24.7, 22.55, 12.7]},
			"faces": {
				"east": {"uv": [9, 2, 6, 0], "rotation": 180, "texture": "#1_0"},
				"west": {"uv": [3, 11, 0, 13], "texture": "#1_0"}
			}
		},
		{
			"from": [25.2, 14.8, 9.7],
			"to": [25.21, 17.8, 11.7],
			"rotation": {"angle": 22.5, "axis": "y", "origin": [25.2, 16.3, 10.7]},
			"faces": {
				"east": {"uv": [9, 2, 6, 0], "rotation": 270, "texture": "#1_0"},
				"west": {"uv": [3, 11, 0, 13], "rotation": 270, "texture": "#1_0"}
			}
		},
		{
			"from": [25.2, 15.3, 8.2],
			"to": [25.21, 17.3, 11.2],
			"rotation": {"angle": 22.5, "axis": "z", "origin": [25.2, 16.3, 6.7]},
			"faces": {
				"east": {"uv": [9, 2, 6, 0], "rotation": 180, "texture": "#1_0"},
				"west": {"uv": [3, 11, 0, 13], "texture": "#1_0"}
			}
		},
		{
			"from": [25.2, 15.8, 8.7],
			"to": [25.21, 18.8, 10.7],
			"rotation": {"angle": -22.5, "axis": "y", "origin": [25.2, 16.3, 9.7]},
			"faces": {
				"north": {"uv": [0, 0, 0, 0], "rotation": 270, "texture": "#1_0"},
				"east": {"uv": [9, 2, 6, 0], "rotation": 90, "texture": "#1_0"},
				"west": {"uv": [3, 11, 0, 13], "rotation": 90, "texture": "#1_0"}
			}
		},
		{
			"from": [25.2, 16.3, 9.2],
			"to": [25.21, 18.3, 12.2],
			"rotation": {"angle": -22.5, "axis": "z", "origin": [25.2, 17.3, 9.7]},
			"faces": {
				"east": {"uv": [9, 2, 6, 0], "texture": "#1_0"},
				"west": {"uv": [3, 11, 0, 13], "rotation": 180, "texture": "#1_0"}
			}
		},
		{
			"from": [21.59, 3.3, 3],
			"to": [21.6, 6.3, 5],
			"rotation": {"angle": -22.5, "axis": "y", "origin": [21.6, 4.8, 4]},
			"faces": {
				"east": {"uv": [6, 12, 3, 14], "rotation": 270, "texture": "#1_0"},
				"west": {"uv": [9, 2, 6, 0], "rotation": 270, "texture": "#1_0"}
			}
		},
		{
			"from": [21.59, 3.8, 1.5],
			"to": [21.6, 5.8, 4.5],
			"rotation": {"angle": -22.5, "axis": "z", "origin": [21.6, 4.8, 0]},
			"faces": {
				"east": {"uv": [6, 12, 3, 14], "texture": "#1_0"},
				"west": {"uv": [9, 2, 6, 0], "texture": "#1_0"}
			}
		},
		{
			"from": [21.59, 4.3, 2],
			"to": [21.6, 7.3, 4],
			"rotation": {"angle": 22.5, "axis": "y", "origin": [21.6, 4.8, 3]},
			"faces": {
				"north": {"uv": [0, 0, 0, 0], "rotation": 270, "texture": "#1_0"},
				"east": {"uv": [6, 12, 3, 14], "rotation": 90, "texture": "#1_0"},
				"west": {"uv": [9, 2, 6, 0], "rotation": 90, "texture": "#1_0"}
			}
		},
		{
			"from": [21.59, 4.8, 2.5],
			"to": [21.6, 6.8, 5.5],
			"rotation": {"angle": 22.5, "axis": "z", "origin": [21.6, 5.8, 3]},
			"faces": {
				"east": {"uv": [6, 12, 3, 14], "rotation": 180, "texture": "#1_0"},
				"west": {"uv": [9, 2, 6, 0], "rotation": 180, "texture": "#1_0"}
			}
		},
		{
			"from": [21.49, 7.3, 9],
			"to": [21.5, 10.3, 11],
			"rotation": {"angle": -22.5, "axis": "y", "origin": [21.5, 8.8, 10]},
			"faces": {
				"east": {"uv": [6, 12, 3, 14], "rotation": 270, "texture": "#1_0"},
				"west": {"uv": [9, 2, 6, 0], "rotation": 270, "texture": "#1_0"}
			}
		},
		{
			"from": [21.49, 7.8, 7.5],
			"to": [21.5, 9.8, 10.5],
			"rotation": {"angle": -22.5, "axis": "z", "origin": [21.5, 8.8, 6]},
			"faces": {
				"east": {"uv": [6, 12, 3, 14], "texture": "#1_0"},
				"west": {"uv": [9, 2, 6, 0], "texture": "#1_0"}
			}
		},
		{
			"from": [21.49, 8.3, 8],
			"to": [21.5, 11.3, 10],
			"rotation": {"angle": 22.5, "axis": "y", "origin": [21.5, 8.8, 9]},
			"faces": {
				"north": {"uv": [0, 0, 0, 0], "rotation": 270, "texture": "#1_0"},
				"east": {"uv": [6, 12, 3, 14], "rotation": 90, "texture": "#1_0"},
				"west": {"uv": [9, 2, 6, 0], "rotation": 90, "texture": "#1_0"}
			}
		},
		{
			"from": [21.49, 8.8, 8.5],
			"to": [21.5, 10.8, 11.5],
			"rotation": {"angle": 22.5, "axis": "z", "origin": [21.5, 9.8, 9]},
			"faces": {
				"east": {"uv": [6, 12, 3, 14], "rotation": 180, "texture": "#1_0"},
				"west": {"uv": [9, 2, 6, 0], "rotation": 180, "texture": "#1_0"}
			}
		},
		{
			"from": [21.39, 10.8, 10],
			"to": [21.4, 13.8, 12],
			"rotation": {"angle": 22.5, "axis": "y", "origin": [21.4, 12.3, 11]},
			"faces": {
				"east": {"uv": [6, 12, 3, 14], "rotation": 270, "texture": "#1_0"},
				"west": {"uv": [9, 2, 6, 0], "rotation": 270, "texture": "#1_0"}
			}
		},
		{
			"from": [21.39, 11.3, 10.5],
			"to": [21.4, 13.3, 13.5],
			"rotation": {"angle": -22.5, "axis": "z", "origin": [21.4, 12.3, 15]},
			"faces": {
				"east": {"uv": [6, 12, 3, 14], "texture": "#1_0"},
				"west": {"uv": [9, 2, 6, 0], "rotation": 180, "texture": "#1_0"}
			}
		},
		{
			"from": [21.39, 11.8, 11],
			"to": [21.4, 14.8, 13],
			"rotation": {"angle": -22.5, "axis": "y", "origin": [21.4, 12.3, 12]},
			"faces": {
				"east": {"uv": [6, 12, 3, 14], "rotation": 90, "texture": "#1_0"},
				"south": {"uv": [0, 0, 0, 0], "rotation": 270, "texture": "#1_0"},
				"west": {"uv": [9, 2, 6, 0], "rotation": 90, "texture": "#1_0"}
			}
		},
		{
			"from": [21.39, 12.3, 9.5],
			"to": [21.4, 14.3, 12.5],
			"rotation": {"angle": 22.5, "axis": "z", "origin": [21.4, 13.3, 12]},
			"faces": {
				"east": {"uv": [6, 12, 3, 14], "rotation": 180, "texture": "#1_0"},
				"west": {"uv": [9, 2, 6, 0], "texture": "#1_0"}
			}
		},
		{
			"from": [21.29, 14.8, 4],
			"to": [21.3, 17.8, 6],
			"rotation": {"angle": 22.5, "axis": "y", "origin": [21.3, 16.3, 5]},
			"faces": {
				"east": {"uv": [6, 12, 3, 14], "rotation": 270, "texture": "#1_0"},
				"west": {"uv": [9, 2, 6, 0], "rotation": 270, "texture": "#1_0"}
			}
		},
		{
			"from": [21.29, 15.3, 4.5],
			"to": [21.3, 17.3, 7.5],
			"rotation": {"angle": -22.5, "axis": "z", "origin": [21.3, 16.3, 9]},
			"faces": {
				"east": {"uv": [6, 12, 3, 14], "texture": "#1_0"},
				"west": {"uv": [9, 2, 6, 0], "rotation": 180, "texture": "#1_0"}
			}
		},
		{
			"from": [21.29, 15.8, 5],
			"to": [21.3, 18.8, 7],
			"rotation": {"angle": -22.5, "axis": "y", "origin": [21.3, 16.3, 6]},
			"faces": {
				"east": {"uv": [6, 12, 3, 14], "rotation": 90, "texture": "#1_0"},
				"south": {"uv": [0, 0, 0, 0], "rotation": 270, "texture": "#1_0"},
				"west": {"uv": [9, 2, 6, 0], "rotation": 90, "texture": "#1_0"}
			}
		},
		{
			"from": [21.29, 16.3, 3.5],
			"to": [21.3, 18.3, 6.5],
			"rotation": {"angle": 22.5, "axis": "z", "origin": [21.3, 17.3, 6]},
			"faces": {
				"east": {"uv": [6, 12, 3, 14], "rotation": 180, "texture": "#1_0"},
				"west": {"uv": [9, 2, 6, 0], "texture": "#1_0"}
			}
		},
		{
			"from": [21.69, 18.05, 9],
			"to": [21.7, 21.05, 11],
			"rotation": {"angle": -22.5, "axis": "y", "origin": [21.7, 19.55, 10]},
			"faces": {
				"east": {"uv": [6, 12, 3, 14], "rotation": 90, "texture": "#1_0"},
				"west": {"uv": [9, 2, 6, 0], "rotation": 90, "texture": "#1_0"}
			}
		},
		{
			"from": [21.69, 18.55, 7.5],
			"to": [21.7, 20.55, 10.5],
			"rotation": {"angle": 22.5, "axis": "z", "origin": [21.7, 19.55, 6]},
			"faces": {
				"east": {"uv": [6, 12, 3, 14], "rotation": 180, "texture": "#1_0"},
				"west": {"uv": [9, 2, 6, 0], "texture": "#1_0"}
			}
		},
		{
			"from": [21.69, 17.05, 8],
			"to": [21.7, 20.05, 10],
			"rotation": {"angle": 22.5, "axis": "y", "origin": [21.7, 19.55, 9]},
			"faces": {
				"north": {"uv": [0, 0, 0, 0], "rotation": 90, "texture": "#1_0"},
				"east": {"uv": [6, 12, 3, 14], "rotation": 270, "texture": "#1_0"},
				"west": {"uv": [9, 2, 6, 0], "rotation": 270, "texture": "#1_0"}
			}
		},
		{
			"from": [21.69, 17.55, 8.5],
			"to": [21.7, 19.55, 11.5],
			"rotation": {"angle": -22.5, "axis": "z", "origin": [21.7, 18.55, 9]},
			"faces": {
				"east": {"uv": [6, 12, 3, 14], "texture": "#1_0"},
				"west": {"uv": [9, 2, 6, 0], "rotation": 180, "texture": "#1_0"}
			}
		},
		{
			"from": [21.79, 22.05, 3],
			"to": [21.8, 25.05, 5],
			"rotation": {"angle": -22.5, "axis": "y", "origin": [21.8, 23.55, 4]},
			"faces": {
				"east": {"uv": [6, 12, 3, 14], "rotation": 90, "texture": "#1_0"},
				"west": {"uv": [9, 2, 6, 0], "rotation": 90, "texture": "#1_0"}
			}
		},
		{
			"from": [21.79, 22.55, 1.5],
			"to": [21.8, 24.55, 4.5],
			"rotation": {"angle": 22.5, "axis": "z", "origin": [21.8, 23.55, 0]},
			"faces": {
				"east": {"uv": [6, 12, 3, 14], "rotation": 180, "texture": "#1_0"},
				"west": {"uv": [9, 2, 6, 0], "texture": "#1_0"}
			}
		},
		{
			"from": [21.79, 21.05, 2],
			"to": [21.8, 24.05, 4],
			"rotation": {"angle": 22.5, "axis": "y", "origin": [21.8, 23.55, 3]},
			"faces": {
				"north": {"uv": [0, 0, 0, 0], "rotation": 90, "texture": "#1_0"},
				"east": {"uv": [6, 12, 3, 14], "rotation": 270, "texture": "#1_0"},
				"west": {"uv": [9, 2, 6, 0], "rotation": 270, "texture": "#1_0"}
			}
		},
		{
			"from": [21.79, 21.55, 2.5],
			"to": [21.8, 23.55, 5.5],
			"rotation": {"angle": -22.5, "axis": "z", "origin": [21.8, 22.55, 3]},
			"faces": {
				"east": {"uv": [6, 12, 3, 14], "texture": "#1_0"},
				"west": {"uv": [9, 2, 6, 0], "rotation": 180, "texture": "#1_0"}
			}
		},
		{
			"from": [-5.6, 3.3, 10.7],
			"to": [-5.59, 6.3, 12.7],
			"rotation": {"angle": -22.5, "axis": "y", "origin": [-5.6, 4.8, 11.7]},
			"faces": {
				"east": {"uv": [9, 2, 6, 0], "rotation": 270, "texture": "#1_0"},
				"west": {"uv": [6, 11, 3, 13], "rotation": 270, "texture": "#1_0"}
			}
		},
		{
			"from": [-5.6, 3.8, 11.2],
			"to": [-5.59, 5.8, 14.2],
			"rotation": {"angle": 22.5, "axis": "z", "origin": [-5.6, 4.8, 15.7]},
			"faces": {
				"east": {"uv": [9, 2, 6, 0], "texture": "#1_0"},
				"west": {"uv": [6, 11, 3, 13], "texture": "#1_0"}
			}
		},
		{
			"from": [-5.6, 4.3, 11.7],
			"to": [-5.59, 7.3, 13.7],
			"rotation": {"angle": 22.5, "axis": "y", "origin": [-5.6, 4.8, 12.7]},
			"faces": {
				"east": {"uv": [9, 2, 6, 0], "rotation": 90, "texture": "#1_0"},
				"south": {"uv": [0, 0, 0, 0], "rotation": 270, "texture": "#1_0"},
				"west": {"uv": [6, 11, 3, 13], "rotation": 90, "texture": "#1_0"}
			}
		},
		{
			"from": [-5.6, 4.8, 10.2],
			"to": [-5.59, 6.8, 13.2],
			"rotation": {"angle": -22.5, "axis": "z", "origin": [-5.6, 5.8, 12.7]},
			"faces": {
				"east": {"uv": [9, 2, 6, 0], "rotation": 180, "texture": "#1_0"},
				"west": {"uv": [6, 11, 3, 13], "rotation": 180, "texture": "#1_0"}
			}
		},
		{
			"from": [-5.5, 7.3, 4.7],
			"to": [-5.49, 10.3, 6.7],
			"rotation": {"angle": -22.5, "axis": "y", "origin": [-5.5, 8.8, 5.7]},
			"faces": {
				"east": {"uv": [9, 2, 6, 0], "rotation": 270, "texture": "#1_0"},
				"west": {"uv": [6, 11, 3, 13], "rotation": 270, "texture": "#1_0"}
			}
		},
		{
			"from": [-5.5, 7.8, 5.2],
			"to": [-5.49, 9.8, 8.2],
			"rotation": {"angle": 22.5, "axis": "z", "origin": [-5.5, 8.8, 9.7]},
			"faces": {
				"east": {"uv": [9, 2, 6, 0], "texture": "#1_0"},
				"west": {"uv": [6, 11, 3, 13], "texture": "#1_0"}
			}
		},
		{
			"from": [-5.5, 8.3, 5.7],
			"to": [-5.49, 11.3, 7.7],
			"rotation": {"angle": 22.5, "axis": "y", "origin": [-5.5, 8.8, 6.7]},
			"faces": {
				"east": {"uv": [9, 2, 6, 0], "rotation": 90, "texture": "#1_0"},
				"south": {"uv": [0, 0, 0, 0], "rotation": 270, "texture": "#1_0"},
				"west": {"uv": [6, 11, 3, 13], "rotation": 90, "texture": "#1_0"}
			}
		},
		{
			"from": [-5.5, 8.8, 4.2],
			"to": [-5.49, 10.8, 7.2],
			"rotation": {"angle": -22.5, "axis": "z", "origin": [-5.5, 9.8, 6.7]},
			"faces": {
				"east": {"uv": [9, 2, 6, 0], "rotation": 180, "texture": "#1_0"},
				"west": {"uv": [6, 11, 3, 13], "rotation": 180, "texture": "#1_0"}
			}
		},
		{
			"from": [-5.5, 17.3, 4.7],
			"to": [-5.49, 20.3, 6.7],
			"rotation": {"angle": -22.5, "axis": "y", "origin": [-5.5, 18.8, 5.7]},
			"faces": {
				"east": {"uv": [9, 2, 6, 0], "rotation": 270, "texture": "#1_0"},
				"west": {"uv": [6, 11, 3, 13], "rotation": 270, "texture": "#1_0"}
			}
		},
		{
			"from": [-5.5, 17.8, 5.2],
			"to": [-5.49, 19.8, 8.2],
			"rotation": {"angle": 22.5, "axis": "z", "origin": [-5.5, 18.8, 9.7]},
			"faces": {
				"east": {"uv": [9, 2, 6, 0], "texture": "#1_0"},
				"west": {"uv": [6, 11, 3, 13], "texture": "#1_0"}
			}
		},
		{
			"from": [-5.5, 18.3, 5.7],
			"to": [-5.49, 21.3, 7.7],
			"rotation": {"angle": 22.5, "axis": "y", "origin": [-5.5, 18.8, 6.7]},
			"faces": {
				"east": {"uv": [9, 2, 6, 0], "rotation": 90, "texture": "#1_0"},
				"south": {"uv": [0, 0, 0, 0], "rotation": 270, "texture": "#1_0"},
				"west": {"uv": [6, 11, 3, 13], "rotation": 90, "texture": "#1_0"}
			}
		},
		{
			"from": [-5.5, 18.8, 4.2],
			"to": [-5.49, 20.8, 7.2],
			"rotation": {"angle": -22.5, "axis": "z", "origin": [-5.5, 19.8, 6.7]},
			"faces": {
				"east": {"uv": [9, 2, 6, 0], "rotation": 180, "texture": "#1_0"},
				"west": {"uv": [6, 11, 3, 13], "rotation": 180, "texture": "#1_0"}
			}
		},
		{
			"from": [-5.4, 10.8, 3.7],
			"to": [-5.39, 13.8, 5.7],
			"rotation": {"angle": 22.5, "axis": "y", "origin": [-5.4, 12.3, 4.7]},
			"faces": {
				"east": {"uv": [9, 2, 6, 0], "rotation": 270, "texture": "#1_0"},
				"west": {"uv": [6, 11, 3, 13], "rotation": 270, "texture": "#1_0"}
			}
		},
		{
			"from": [-5.4, 11.3, 2.2],
			"to": [-5.39, 13.3, 5.2],
			"rotation": {"angle": 22.5, "axis": "z", "origin": [-5.4, 12.3, 0.7]},
			"faces": {
				"east": {"uv": [9, 2, 6, 0], "rotation": 180, "texture": "#1_0"},
				"west": {"uv": [6, 11, 3, 13], "texture": "#1_0"}
			}
		},
		{
			"from": [-5.4, 11.8, 2.7],
			"to": [-5.39, 14.8, 4.7],
			"rotation": {"angle": -22.5, "axis": "y", "origin": [-5.4, 12.3, 3.7]},
			"faces": {
				"north": {"uv": [0, 0, 0, 0], "rotation": 270, "texture": "#1_0"},
				"east": {"uv": [9, 2, 6, 0], "rotation": 90, "texture": "#1_0"},
				"west": {"uv": [6, 11, 3, 13], "rotation": 90, "texture": "#1_0"}
			}
		},
		{
			"from": [-5.4, 12.3, 3.2],
			"to": [-5.39, 14.3, 6.2],
			"rotation": {"angle": -22.5, "axis": "z", "origin": [-5.4, 13.3, 3.7]},
			"faces": {
				"east": {"uv": [9, 2, 6, 0], "texture": "#1_0"},
				"west": {"uv": [6, 11, 3, 13], "rotation": 180, "texture": "#1_0"}
			}
		},
		{
			"from": [-5.3, 14.8, 9.7],
			"to": [-5.29, 17.8, 11.7],
			"rotation": {"angle": 22.5, "axis": "y", "origin": [-5.3, 16.3, 10.7]},
			"faces": {
				"east": {"uv": [9, 2, 6, 0], "rotation": 270, "texture": "#1_0"},
				"west": {"uv": [6, 11, 3, 13], "rotation": 270, "texture": "#1_0"}
			}
		},
		{
			"from": [-5.3, 15.3, 8.2],
			"to": [-5.29, 17.3, 11.2],
			"rotation": {"angle": 22.5, "axis": "z", "origin": [-5.3, 16.3, 6.7]},
			"faces": {
				"east": {"uv": [9, 2, 6, 0], "rotation": 180, "texture": "#1_0"},
				"west": {"uv": [6, 11, 3, 13], "texture": "#1_0"}
			}
		},
		{
			"from": [-5.3, 15.8, 8.7],
			"to": [-5.29, 18.8, 10.7],
			"rotation": {"angle": -22.5, "axis": "y", "origin": [-5.3, 16.3, 9.7]},
			"faces": {
				"north": {"uv": [0, 0, 0, 0], "rotation": 270, "texture": "#1_0"},
				"east": {"uv": [9, 2, 6, 0], "rotation": 90, "texture": "#1_0"},
				"west": {"uv": [6, 11, 3, 13], "rotation": 90, "texture": "#1_0"}
			}
		},
		{
			"from": [-5.3, 16.3, 9.2],
			"to": [-5.29, 18.3, 12.2],
			"rotation": {"angle": -22.5, "axis": "z", "origin": [-5.3, 17.3, 9.7]},
			"faces": {
				"east": {"uv": [9, 2, 6, 0], "texture": "#1_0"},
				"west": {"uv": [6, 11, 3, 13], "rotation": 180, "texture": "#1_0"}
			}
		},
		{
			"from": [-5.8, 22.05, 10.7],
			"to": [-5.79, 25.05, 12.7],
			"rotation": {"angle": -22.5, "axis": "y", "origin": [-5.8, 23.55, 11.7]},
			"faces": {
				"east": {"uv": [9, 2, 6, 0], "rotation": 90, "texture": "#1_0"},
				"west": {"uv": [6, 11, 3, 13], "rotation": 90, "texture": "#1_0"}
			}
		},
		{
			"from": [-5.8, 22.55, 11.2],
			"to": [-5.79, 24.55, 14.2],
			"rotation": {"angle": -22.5, "axis": "z", "origin": [-5.8, 23.55, 15.7]},
			"faces": {
				"east": {"uv": [9, 2, 6, 0], "texture": "#1_0"},
				"west": {"uv": [6, 11, 3, 13], "rotation": 180, "texture": "#1_0"}
			}
		},
		{
			"from": [-5.8, 21.05, 11.7],
			"to": [-5.79, 24.05, 13.7],
			"rotation": {"angle": 22.5, "axis": "y", "origin": [-5.8, 23.55, 12.7]},
			"faces": {
				"east": {"uv": [9, 2, 6, 0], "rotation": 270, "texture": "#1_0"},
				"south": {"uv": [0, 0, 0, 0], "rotation": 90, "texture": "#1_0"},
				"west": {"uv": [6, 11, 3, 13], "rotation": 270, "texture": "#1_0"}
			}
		},
		{
			"from": [-5.8, 21.55, 10.2],
			"to": [-5.79, 23.55, 13.2],
			"rotation": {"angle": 22.5, "axis": "z", "origin": [-5.8, 22.55, 12.7]},
			"faces": {
				"east": {"uv": [9, 2, 6, 0], "rotation": 180, "texture": "#1_0"},
				"west": {"uv": [6, 11, 3, 13], "texture": "#1_0"}
			}
		},
		{
			"from": [-9.01, 7.3, 9],
			"to": [-9, 10.3, 11],
			"rotation": {"angle": -22.5, "axis": "y", "origin": [-9, 8.8, 10]},
			"faces": {
				"east": {"uv": [6, 11, 3, 13], "rotation": 270, "texture": "#1_0"},
				"west": {"uv": [9, 2, 6, 0], "rotation": 270, "texture": "#1_0"}
			}
		},
		{
			"from": [-9.01, 7.8, 7.5],
			"to": [-9, 9.8, 10.5],
			"rotation": {"angle": -22.5, "axis": "z", "origin": [-9, 8.8, 6]},
			"faces": {
				"east": {"uv": [6, 11, 3, 13], "texture": "#1_0"},
				"west": {"uv": [9, 2, 6, 0], "texture": "#1_0"}
			}
		},
		{
			"from": [-9.01, 8.3, 8],
			"to": [-9, 11.3, 10],
			"rotation": {"angle": 22.5, "axis": "y", "origin": [-9, 8.8, 9]},
			"faces": {
				"north": {"uv": [0, 0, 0, 0], "rotation": 270, "texture": "#1_0"},
				"east": {"uv": [6, 11, 3, 13], "rotation": 90, "texture": "#1_0"},
				"west": {"uv": [9, 2, 6, 0], "rotation": 90, "texture": "#1_0"}
			}
		},
		{
			"from": [-9.01, 8.8, 8.5],
			"to": [-9, 10.8, 11.5],
			"rotation": {"angle": 22.5, "axis": "z", "origin": [-9, 9.8, 9]},
			"faces": {
				"east": {"uv": [6, 11, 3, 13], "rotation": 180, "texture": "#1_0"},
				"west": {"uv": [9, 2, 6, 0], "rotation": 180, "texture": "#1_0"}
			}
		},
		{
			"from": [-8.91, 14.3, 5],
			"to": [-8.9, 17.3, 7],
			"rotation": {"angle": -22.5, "axis": "y", "origin": [-8.9, 15.8, 6]},
			"faces": {
				"east": {"uv": [6, 11, 3, 13], "rotation": 270, "texture": "#1_0"},
				"west": {"uv": [9, 2, 6, 0], "rotation": 270, "texture": "#1_0"}
			}
		},
		{
			"from": [-8.91, 14.8, 3.5],
			"to": [-8.9, 16.8, 6.5],
			"rotation": {"angle": -22.5, "axis": "z", "origin": [-8.9, 15.8, 2]},
			"faces": {
				"east": {"uv": [6, 11, 3, 13], "texture": "#1_0"},
				"west": {"uv": [9, 2, 6, 0], "texture": "#1_0"}
			}
		},
		{
			"from": [-8.91, 15.3, 4],
			"to": [-8.9, 18.3, 6],
			"rotation": {"angle": 22.5, "axis": "y", "origin": [-8.9, 15.8, 5]},
			"faces": {
				"north": {"uv": [0, 0, 0, 0], "rotation": 270, "texture": "#1_0"},
				"east": {"uv": [6, 11, 3, 13], "rotation": 90, "texture": "#1_0"},
				"west": {"uv": [9, 2, 6, 0], "rotation": 90, "texture": "#1_0"}
			}
		},
		{
			"from": [-8.91, 15.8, 4.5],
			"to": [-8.9, 17.8, 7.5],
			"rotation": {"angle": 22.5, "axis": "z", "origin": [-8.9, 16.8, 5]},
			"faces": {
				"east": {"uv": [6, 11, 3, 13], "rotation": 180, "texture": "#1_0"},
				"west": {"uv": [9, 2, 6, 0], "rotation": 180, "texture": "#1_0"}
			}
		},
		{
			"from": [-9.11, 10.8, 10],
			"to": [-9.1, 13.8, 12],
			"rotation": {"angle": 22.5, "axis": "y", "origin": [-9.1, 12.3, 11]},
			"faces": {
				"east": {"uv": [6, 11, 3, 13], "rotation": 270, "texture": "#1_0"},
				"west": {"uv": [9, 2, 6, 0], "rotation": 270, "texture": "#1_0"}
			}
		},
		{
			"from": [-9.11, 11.3, 10.5],
			"to": [-9.1, 13.3, 13.5],
			"rotation": {"angle": -22.5, "axis": "z", "origin": [-9.1, 12.3, 15]},
			"faces": {
				"east": {"uv": [6, 11, 3, 13], "texture": "#1_0"},
				"west": {"uv": [9, 2, 6, 0], "rotation": 180, "texture": "#1_0"}
			}
		},
		{
			"from": [-9.11, 11.8, 11],
			"to": [-9.1, 14.8, 13],
			"rotation": {"angle": -22.5, "axis": "y", "origin": [-9.1, 12.3, 12]},
			"faces": {
				"east": {"uv": [6, 11, 3, 13], "rotation": 90, "texture": "#1_0"},
				"south": {"uv": [0, 0, 0, 0], "rotation": 270, "texture": "#1_0"},
				"west": {"uv": [9, 2, 6, 0], "rotation": 90, "texture": "#1_0"}
			}
		},
		{
			"from": [-9.11, 12.3, 9.5],
			"to": [-9.1, 14.3, 12.5],
			"rotation": {"angle": 22.5, "axis": "z", "origin": [-9.1, 13.3, 12]},
			"faces": {
				"east": {"uv": [6, 11, 3, 13], "rotation": 180, "texture": "#1_0"},
				"west": {"uv": [9, 2, 6, 0], "texture": "#1_0"}
			}
		},
		{
			"from": [-9.21, 2.8, 2],
			"to": [-9.2, 5.8, 4],
			"rotation": {"angle": 22.5, "axis": "y", "origin": [-9.2, 4.3, 3]},
			"faces": {
				"east": {"uv": [6, 11, 3, 13], "rotation": 270, "texture": "#1_0"},
				"west": {"uv": [9, 2, 6, 0], "rotation": 270, "texture": "#1_0"}
			}
		},
		{
			"from": [-9.21, 3.3, 2.5],
			"to": [-9.2, 5.3, 5.5],
			"rotation": {"angle": -22.5, "axis": "z", "origin": [-9.2, 4.3, 7]},
			"faces": {
				"east": {"uv": [6, 11, 3, 13], "texture": "#1_0"},
				"west": {"uv": [9, 2, 6, 0], "rotation": 180, "texture": "#1_0"}
			}
		},
		{
			"from": [-9.21, 3.8, 3],
			"to": [-9.2, 6.8, 5],
			"rotation": {"angle": -22.5, "axis": "y", "origin": [-9.2, 4.3, 4]},
			"faces": {
				"east": {"uv": [6, 11, 3, 13], "rotation": 90, "texture": "#1_0"},
				"south": {"uv": [0, 0, 0, 0], "rotation": 270, "texture": "#1_0"},
				"west": {"uv": [9, 2, 6, 0], "rotation": 90, "texture": "#1_0"}
			}
		},
		{
			"from": [-9.21, 4.3, 1.5],
			"to": [-9.2, 6.3, 4.5],
			"rotation": {"angle": 22.5, "axis": "z", "origin": [-9.2, 5.3, 4]},
			"faces": {
				"east": {"uv": [6, 11, 3, 13], "rotation": 180, "texture": "#1_0"},
				"west": {"uv": [9, 2, 6, 0], "texture": "#1_0"}
			}
		},
		{
			"from": [-8.81, 18.05, 9],
			"to": [-8.8, 21.05, 11],
			"rotation": {"angle": -22.5, "axis": "y", "origin": [-8.8, 19.55, 10]},
			"faces": {
				"east": {"uv": [6, 11, 3, 13], "rotation": 90, "texture": "#1_0"},
				"west": {"uv": [9, 2, 6, 0], "rotation": 90, "texture": "#1_0"}
			}
		},
		{
			"from": [-8.81, 18.55, 7.5],
			"to": [-8.8, 20.55, 10.5],
			"rotation": {"angle": 22.5, "axis": "z", "origin": [-8.8, 19.55, 6]},
			"faces": {
				"east": {"uv": [6, 11, 3, 13], "rotation": 180, "texture": "#1_0"},
				"west": {"uv": [9, 2, 6, 0], "texture": "#1_0"}
			}
		},
		{
			"from": [-8.81, 17.05, 8],
			"to": [-8.8, 20.05, 10],
			"rotation": {"angle": 22.5, "axis": "y", "origin": [-8.8, 19.55, 9]},
			"faces": {
				"north": {"uv": [0, 0, 0, 0], "rotation": 90, "texture": "#1_0"},
				"east": {"uv": [6, 11, 3, 13], "rotation": 270, "texture": "#1_0"},
				"west": {"uv": [9, 2, 6, 0], "rotation": 270, "texture": "#1_0"}
			}
		},
		{
			"from": [-8.81, 17.55, 8.5],
			"to": [-8.8, 19.55, 11.5],
			"rotation": {"angle": -22.5, "axis": "z", "origin": [-8.8, 18.55, 9]},
			"faces": {
				"east": {"uv": [6, 11, 3, 13], "texture": "#1_0"},
				"west": {"uv": [9, 2, 6, 0], "rotation": 180, "texture": "#1_0"}
			}
		},
		{
			"from": [-8.71, 22.05, 3],
			"to": [-8.7, 25.05, 5],
			"rotation": {"angle": -22.5, "axis": "y", "origin": [-8.7, 23.55, 4]},
			"faces": {
				"east": {"uv": [6, 11, 3, 13], "rotation": 90, "texture": "#1_0"},
				"west": {"uv": [9, 2, 6, 0], "rotation": 90, "texture": "#1_0"}
			}
		},
		{
			"from": [-8.71, 22.55, 1.5],
			"to": [-8.7, 24.55, 4.5],
			"rotation": {"angle": 22.5, "axis": "z", "origin": [-8.7, 23.55, 0]},
			"faces": {
				"east": {"uv": [6, 11, 3, 13], "rotation": 180, "texture": "#1_0"},
				"west": {"uv": [9, 2, 6, 0], "texture": "#1_0"}
			}
		},
		{
			"from": [-8.71, 21.05, 2],
			"to": [-8.7, 24.05, 4],
			"rotation": {"angle": 22.5, "axis": "y", "origin": [-8.7, 23.55, 3]},
			"faces": {
				"north": {"uv": [0, 0, 0, 0], "rotation": 90, "texture": "#1_0"},
				"east": {"uv": [6, 11, 3, 13], "rotation": 270, "texture": "#1_0"},
				"west": {"uv": [9, 2, 6, 0], "rotation": 270, "texture": "#1_0"}
			}
		},
		{
			"from": [-8.71, 21.55, 2.5],
			"to": [-8.7, 23.55, 5.5],
			"rotation": {"angle": -22.5, "axis": "z", "origin": [-8.7, 22.55, 3]},
			"faces": {
				"east": {"uv": [6, 11, 3, 13], "texture": "#1_0"},
				"west": {"uv": [9, 2, 6, 0], "rotation": 180, "texture": "#1_0"}
			}
		},
		{
			"from": [0, 29.8, 8.5],
			"to": [2, 29.81, 11.5],
			"rotation": {"angle": 22.5, "axis": "z", "origin": [1, 29.8, 10]},
			"faces": {
				"up": {"uv": [9, 0, 6, 2], "rotation": 90, "texture": "#1_0"},
				"down": {"uv": [6, 13, 3, 11], "rotation": 270, "texture": "#1_0"}
			}
		},
		{
			"from": [-1.5, 29.8, 9],
			"to": [1.5, 29.81, 11],
			"rotation": {"angle": 22.5, "axis": "x", "origin": [-3, 29.8, 10]},
			"faces": {
				"up": {"uv": [9, 0, 6, 2], "texture": "#1_0"},
				"down": {"uv": [6, 13, 3, 11], "texture": "#1_0"}
			}
		},
		{
			"from": [-1, 29.8, 9.5],
			"to": [1, 29.81, 12.5],
			"rotation": {"angle": -22.5, "axis": "z", "origin": [0, 29.8, 10]},
			"faces": {
				"west": {"uv": [0, 0, 0, 0], "texture": "#1_0"},
				"up": {"uv": [9, 0, 6, 2], "rotation": 270, "texture": "#1_0"},
				"down": {"uv": [6, 13, 3, 11], "rotation": 90, "texture": "#1_0"}
			}
		},
		{
			"from": [-0.5, 29.8, 10],
			"to": [2.5, 29.81, 12],
			"rotation": {"angle": -22.5, "axis": "x", "origin": [0, 29.8, 11]},
			"faces": {
				"up": {"uv": [9, 0, 6, 2], "rotation": 180, "texture": "#1_0"},
				"down": {"uv": [6, 13, 3, 11], "rotation": 180, "texture": "#1_0"}
			}
		},
		{
			"from": [-6, 29.7, 4.5],
			"to": [-4, 29.71, 7.5],
			"rotation": {"angle": 22.5, "axis": "z", "origin": [-5, 29.7, 6]},
			"faces": {
				"up": {"uv": [9, 0, 6, 2], "rotation": 90, "texture": "#1_0"},
				"down": {"uv": [6, 13, 3, 11], "rotation": 270, "texture": "#1_0"}
			}
		},
		{
			"from": [-7.5, 29.7, 5],
			"to": [-4.5, 29.71, 7],
			"rotation": {"angle": 22.5, "axis": "x", "origin": [-9, 29.7, 6]},
			"faces": {
				"up": {"uv": [9, 0, 6, 2], "texture": "#1_0"},
				"down": {"uv": [6, 13, 3, 11], "texture": "#1_0"}
			}
		},
		{
			"from": [-7, 29.7, 5.5],
			"to": [-5, 29.71, 8.5],
			"rotation": {"angle": -22.5, "axis": "z", "origin": [-6, 29.7, 6]},
			"faces": {
				"west": {"uv": [0, 0, 0, 0], "texture": "#1_0"},
				"up": {"uv": [9, 0, 6, 2], "rotation": 270, "texture": "#1_0"},
				"down": {"uv": [6, 13, 3, 11], "rotation": 90, "texture": "#1_0"}
			}
		},
		{
			"from": [-6.5, 29.7, 6],
			"to": [-3.5, 29.71, 8],
			"rotation": {"angle": -22.5, "axis": "x", "origin": [-6, 29.7, 7]},
			"faces": {
				"up": {"uv": [9, 0, 6, 2], "rotation": 180, "texture": "#1_0"},
				"down": {"uv": [6, 13, 3, 11], "rotation": 180, "texture": "#1_0"}
			}
		},
		{
			"from": [9, 30.2, 3.5],
			"to": [12, 30.21, 5.5],
			"rotation": {"angle": -22.5, "axis": "x", "origin": [10.5, 30.2, 4.5]},
			"faces": {
				"up": {"uv": [9, 0, 6, 2], "rotation": 180, "texture": "#1_0"},
				"down": {"uv": [6, 13, 3, 11], "texture": "#1_0"}
			}
		},
		{
			"from": [9.5, 30.2, 2],
			"to": [11.5, 30.21, 5],
			"rotation": {"angle": 22.5, "axis": "z", "origin": [10.5, 30.2, 0.5]},
			"faces": {
				"up": {"uv": [9, 0, 6, 2], "rotation": 90, "texture": "#1_0"},
				"down": {"uv": [6, 13, 3, 11], "rotation": 90, "texture": "#1_0"}
			}
		},
		{
			"from": [8, 30.2, 2.5],
			"to": [11, 30.21, 4.5],
			"rotation": {"angle": 22.5, "axis": "x", "origin": [10.5, 30.2, 3.5]},
			"faces": {
				"north": {"uv": [0, 0, 0, 0], "texture": "#1_0"},
				"up": {"uv": [9, 0, 6, 2], "texture": "#1_0"},
				"down": {"uv": [6, 13, 3, 11], "rotation": 180, "texture": "#1_0"}
			}
		},
		{
			"from": [8.5, 30.2, 3],
			"to": [10.5, 30.21, 6],
			"rotation": {"angle": -22.5, "axis": "z", "origin": [9.5, 30.2, 3.5]},
			"faces": {
				"up": {"uv": [9, 0, 6, 2], "rotation": 270, "texture": "#1_0"},
				"down": {"uv": [6, 13, 3, 11], "rotation": 270, "texture": "#1_0"}
			}
		},
		{
			"from": [14, 29.8, 5],
			"to": [17, 29.81, 7],
			"rotation": {"angle": 22.5, "axis": "x", "origin": [15.5, 29.8, 6]},
			"faces": {
				"up": {"uv": [9, 0, 6, 2], "rotation": 180, "texture": "#1_0"},
				"down": {"uv": [6, 13, 3, 11], "texture": "#1_0"}
			}
		},
		{
			"from": [14.5, 29.8, 5.5],
			"to": [16.5, 29.81, 8.5],
			"rotation": {"angle": 22.5, "axis": "z", "origin": [15.5, 29.8, 10]},
			"faces": {
				"up": {"uv": [9, 0, 6, 2], "rotation": 270, "texture": "#1_0"},
				"down": {"uv": [6, 13, 3, 11], "rotation": 90, "texture": "#1_0"}
			}
		},
		{
			"from": [13, 29.8, 6],
			"to": [16, 29.81, 8],
			"rotation": {"angle": -22.5, "axis": "x", "origin": [15.5, 29.8, 7]},
			"faces": {
				"south": {"uv": [0, 0, 0, 0], "texture": "#1_0"},
				"up": {"uv": [9, 0, 6, 2], "texture": "#1_0"},
				"down": {"uv": [6, 13, 3, 11], "rotation": 180, "texture": "#1_0"}
			}
		},
		{
			"from": [13.5, 29.8, 4.5],
			"to": [15.5, 29.81, 7.5],
			"rotation": {"angle": -22.5, "axis": "z", "origin": [14.5, 29.8, 7]},
			"faces": {
				"up": {"uv": [9, 0, 6, 2], "rotation": 90, "texture": "#1_0"},
				"down": {"uv": [6, 13, 3, 11], "rotation": 270, "texture": "#1_0"}
			}
		},
		{
			"from": [18, 29.7, 11],
			"to": [21, 29.71, 13],
			"rotation": {"angle": 22.5, "axis": "x", "origin": [19.5, 29.7, 12]},
			"faces": {
				"up": {"uv": [9, 0, 6, 2], "rotation": 180, "texture": "#1_0"},
				"down": {"uv": [6, 13, 3, 11], "texture": "#1_0"}
			}
		},
		{
			"from": [18.5, 29.7, 11.5],
			"to": [20.5, 29.71, 14.5],
			"rotation": {"angle": 22.5, "axis": "z", "origin": [19.5, 29.7, 16]},
			"faces": {
				"up": {"uv": [9, 0, 6, 2], "rotation": 270, "texture": "#1_0"},
				"down": {"uv": [6, 13, 3, 11], "rotation": 90, "texture": "#1_0"}
			}
		},
		{
			"from": [17, 29.7, 12],
			"to": [20, 29.71, 14],
			"rotation": {"angle": -22.5, "axis": "x", "origin": [19.5, 29.7, 13]},
			"faces": {
				"south": {"uv": [0, 0, 0, 0], "texture": "#1_0"},
				"up": {"uv": [9, 0, 6, 2], "texture": "#1_0"},
				"down": {"uv": [6, 13, 3, 11], "rotation": 180, "texture": "#1_0"}
			}
		},
		{
			"from": [17.5, 29.7, 10.5],
			"to": [19.5, 29.71, 13.5],
			"rotation": {"angle": -22.5, "axis": "z", "origin": [18.5, 29.7, 13]},
			"faces": {
				"up": {"uv": [9, 0, 6, 2], "rotation": 90, "texture": "#1_0"},
				"down": {"uv": [6, 13, 3, 11], "rotation": 270, "texture": "#1_0"}
			}
		},
		{
			"from": [5, 30.3, 9.5],
			"to": [8, 30.31, 11.5],
			"rotation": {"angle": -22.5, "axis": "x", "origin": [6.5, 30.3, 10.5]},
			"faces": {
				"up": {"uv": [9, 0, 6, 2], "rotation": 180, "texture": "#1_0"},
				"down": {"uv": [6, 13, 3, 11], "texture": "#1_0"}
			}
		},
		{
			"from": [5.5, 30.3, 8],
			"to": [7.5, 30.31, 11],
			"rotation": {"angle": 22.5, "axis": "z", "origin": [6.5, 30.3, 6.5]},
			"faces": {
				"up": {"uv": [9, 0, 6, 2], "rotation": 90, "texture": "#1_0"},
				"down": {"uv": [6, 13, 3, 11], "rotation": 90, "texture": "#1_0"}
			}
		},
		{
			"from": [4, 30.3, 8.5],
			"to": [7, 30.31, 10.5],
			"rotation": {"angle": 22.5, "axis": "x", "origin": [6.5, 30.3, 9.5]},
			"faces": {
				"north": {"uv": [0, 0, 0, 0], "texture": "#1_0"},
				"up": {"uv": [9, 0, 6, 2], "texture": "#1_0"},
				"down": {"uv": [6, 13, 3, 11], "rotation": 180, "texture": "#1_0"}
			}
		},
		{
			"from": [4.5, 30.3, 9],
			"to": [6.5, 30.31, 12],
			"rotation": {"angle": -22.5, "axis": "z", "origin": [5.5, 30.3, 9.5]},
			"faces": {
				"up": {"uv": [9, 0, 6, 2], "rotation": 270, "texture": "#1_0"},
				"down": {"uv": [6, 13, 3, 11], "rotation": 270, "texture": "#1_0"}
			}
		},
		{
			"from": [14, 25.69, 8.5],
			"to": [16, 25.7, 11.5],
			"rotation": {"angle": 22.5, "axis": "z", "origin": [15, 25.7, 10]},
			"faces": {
				"up": {"uv": [3, 11, 6, 13], "rotation": 270, "texture": "#1_0"},
				"down": {"uv": [6, 2, 9, 0], "rotation": 90, "texture": "#1_0"}
			}
		},
		{
			"from": [14.5, 25.69, 9],
			"to": [17.5, 25.7, 11],
			"rotation": {"angle": -22.5, "axis": "x", "origin": [19, 25.7, 10]},
			"faces": {
				"up": {"uv": [3, 11, 6, 13], "texture": "#1_0"},
				"down": {"uv": [6, 2, 9, 0], "texture": "#1_0"}
			}
		},
		{
			"from": [15, 25.69, 9.5],
			"to": [17, 25.7, 12.5],
			"rotation": {"angle": -22.5, "axis": "z", "origin": [16, 25.7, 10]},
			"faces": {
				"east": {"uv": [0, 0, 0, 0], "texture": "#1_0"},
				"up": {"uv": [3, 11, 6, 13], "rotation": 90, "texture": "#1_0"},
				"down": {"uv": [6, 2, 9, 0], "rotation": 270, "texture": "#1_0"}
			}
		},
		{
			"from": [13.5, 25.69, 10],
			"to": [16.5, 25.7, 12],
			"rotation": {"angle": 22.5, "axis": "x", "origin": [16, 25.7, 11]},
			"faces": {
				"up": {"uv": [3, 11, 6, 13], "rotation": 180, "texture": "#1_0"},
				"down": {"uv": [6, 2, 9, 0], "rotation": 180, "texture": "#1_0"}
			}
		},
		{
			"from": [20, 25.79, 4.5],
			"to": [22, 25.8, 7.5],
			"rotation": {"angle": 22.5, "axis": "z", "origin": [21, 25.8, 6]},
			"faces": {
				"up": {"uv": [3, 11, 6, 13], "rotation": 270, "texture": "#1_0"},
				"down": {"uv": [6, 2, 9, 0], "rotation": 90, "texture": "#1_0"}
			}
		},
		{
			"from": [20.5, 25.79, 5],
			"to": [23.5, 25.8, 7],
			"rotation": {"angle": -22.5, "axis": "x", "origin": [25, 25.8, 6]},
			"faces": {
				"up": {"uv": [3, 11, 6, 13], "texture": "#1_0"},
				"down": {"uv": [6, 2, 9, 0], "texture": "#1_0"}
			}
		},
		{
			"from": [21, 25.79, 5.5],
			"to": [23, 25.8, 8.5],
			"rotation": {"angle": -22.5, "axis": "z", "origin": [22, 25.8, 6]},
			"faces": {
				"east": {"uv": [0, 0, 0, 0], "texture": "#1_0"},
				"up": {"uv": [3, 11, 6, 13], "rotation": 90, "texture": "#1_0"},
				"down": {"uv": [6, 2, 9, 0], "rotation": 270, "texture": "#1_0"}
			}
		},
		{
			"from": [19.5, 25.79, 6],
			"to": [22.5, 25.8, 8],
			"rotation": {"angle": 22.5, "axis": "x", "origin": [22, 25.8, 7]},
			"faces": {
				"up": {"uv": [3, 11, 6, 13], "rotation": 180, "texture": "#1_0"},
				"down": {"uv": [6, 2, 9, 0], "rotation": 180, "texture": "#1_0"}
			}
		},
		{
			"from": [-1, 25.69, 5],
			"to": [2, 25.7, 7],
			"rotation": {"angle": -22.5, "axis": "x", "origin": [0.5, 25.7, 6]},
			"faces": {
				"up": {"uv": [3, 11, 6, 13], "texture": "#1_0"},
				"down": {"uv": [6, 2, 9, 0], "rotation": 180, "texture": "#1_0"}
			}
		},
		{
			"from": [-0.5, 25.69, 5.5],
			"to": [1.5, 25.7, 8.5],
			"rotation": {"angle": 22.5, "axis": "z", "origin": [0.5, 25.7, 10]},
			"faces": {
				"up": {"uv": [3, 11, 6, 13], "rotation": 90, "texture": "#1_0"},
				"down": {"uv": [6, 2, 9, 0], "rotation": 270, "texture": "#1_0"}
			}
		},
		{
			"from": [0, 25.69, 6],
			"to": [3, 25.7, 8],
			"rotation": {"angle": 22.5, "axis": "x", "origin": [0.5, 25.7, 7]},
			"faces": {
				"south": {"uv": [0, 0, 0, 0], "texture": "#1_0"},
				"up": {"uv": [3, 11, 6, 13], "rotation": 180, "texture": "#1_0"},
				"down": {"uv": [6, 2, 9, 0], "texture": "#1_0"}
			}
		},
		{
			"from": [0.5, 25.69, 4.5],
			"to": [2.5, 25.7, 7.5],
			"rotation": {"angle": -22.5, "axis": "z", "origin": [1.5, 25.7, 7]},
			"faces": {
				"up": {"uv": [3, 11, 6, 13], "rotation": 270, "texture": "#1_0"},
				"down": {"uv": [6, 2, 9, 0], "rotation": 90, "texture": "#1_0"}
			}
		},
		{
			"from": [-5, 25.79, 11],
			"to": [-2, 25.8, 13],
			"rotation": {"angle": -22.5, "axis": "x", "origin": [-3.5, 25.8, 12]},
			"faces": {
				"up": {"uv": [3, 11, 6, 13], "texture": "#1_0"},
				"down": {"uv": [6, 2, 9, 0], "rotation": 180, "texture": "#1_0"}
			}
		},
		{
			"from": [-4.5, 25.79, 11.5],
			"to": [-2.5, 25.8, 14.5],
			"rotation": {"angle": 22.5, "axis": "z", "origin": [-3.5, 25.8, 16]},
			"faces": {
				"up": {"uv": [3, 11, 6, 13], "rotation": 90, "texture": "#1_0"},
				"down": {"uv": [6, 2, 9, 0], "rotation": 270, "texture": "#1_0"}
			}
		},
		{
			"from": [-4, 25.79, 12],
			"to": [-1, 25.8, 14],
			"rotation": {"angle": 22.5, "axis": "x", "origin": [-3.5, 25.8, 13]},
			"faces": {
				"south": {"uv": [0, 0, 0, 0], "texture": "#1_0"},
				"up": {"uv": [3, 11, 6, 13], "rotation": 180, "texture": "#1_0"},
				"down": {"uv": [6, 2, 9, 0], "texture": "#1_0"}
			}
		},
		{
			"from": [-3.5, 25.79, 10.5],
			"to": [-1.5, 25.8, 13.5],
			"rotation": {"angle": -22.5, "axis": "z", "origin": [-2.5, 25.8, 13]},
			"faces": {
				"up": {"uv": [3, 11, 6, 13], "rotation": 270, "texture": "#1_0"},
				"down": {"uv": [6, 2, 9, 0], "rotation": 90, "texture": "#1_0"}
			}
		},
		{
			"from": [8, 25.19, 9.5],
			"to": [11, 25.2, 11.5],
			"rotation": {"angle": 22.5, "axis": "x", "origin": [9.5, 25.2, 10.5]},
			"faces": {
				"up": {"uv": [3, 11, 6, 13], "texture": "#1_0"},
				"down": {"uv": [6, 2, 9, 0], "rotation": 180, "texture": "#1_0"}
			}
		},
		{
			"from": [8.5, 25.19, 8],
			"to": [10.5, 25.2, 11],
			"rotation": {"angle": 22.5, "axis": "z", "origin": [9.5, 25.2, 6.5]},
			"faces": {
				"up": {"uv": [3, 11, 6, 13], "rotation": 90, "texture": "#1_0"},
				"down": {"uv": [6, 2, 9, 0], "rotation": 90, "texture": "#1_0"}
			}
		},
		{
			"from": [9, 25.19, 8.5],
			"to": [12, 25.2, 10.5],
			"rotation": {"angle": -22.5, "axis": "x", "origin": [9.5, 25.2, 9.5]},
			"faces": {
				"north": {"uv": [0, 0, 0, 0], "texture": "#1_0"},
				"up": {"uv": [3, 11, 6, 13], "rotation": 180, "texture": "#1_0"},
				"down": {"uv": [6, 2, 9, 0], "texture": "#1_0"}
			}
		},
		{
			"from": [9.5, 25.19, 9],
			"to": [11.5, 25.2, 12],
			"rotation": {"angle": -22.5, "axis": "z", "origin": [10.5, 25.2, 9.5]},
			"faces": {
				"up": {"uv": [3, 11, 6, 13], "rotation": 270, "texture": "#1_0"},
				"down": {"uv": [6, 2, 9, 0], "rotation": 270, "texture": "#1_0"}
			}
		},
		{
			"from": [4, 25.29, 3.5],
			"to": [7, 25.3, 5.5],
			"rotation": {"angle": 22.5, "axis": "x", "origin": [5.5, 25.3, 4.5]},
			"faces": {
				"up": {"uv": [3, 11, 6, 13], "texture": "#1_0"},
				"down": {"uv": [6, 2, 9, 0], "rotation": 180, "texture": "#1_0"}
			}
		},
		{
			"from": [4.5, 25.29, 2],
			"to": [6.5, 25.3, 5],
			"rotation": {"angle": 22.5, "axis": "z", "origin": [5.5, 25.3, 0.5]},
			"faces": {
				"up": {"uv": [3, 11, 6, 13], "rotation": 90, "texture": "#1_0"},
				"down": {"uv": [6, 2, 9, 0], "rotation": 90, "texture": "#1_0"}
			}
		},
		{
			"from": [5, 25.29, 2.5],
			"to": [8, 25.3, 4.5],
			"rotation": {"angle": -22.5, "axis": "x", "origin": [5.5, 25.3, 3.5]},
			"faces": {
				"north": {"uv": [0, 0, 0, 0], "texture": "#1_0"},
				"up": {"uv": [3, 11, 6, 13], "rotation": 180, "texture": "#1_0"},
				"down": {"uv": [6, 2, 9, 0], "texture": "#1_0"}
			}
		},
		{
			"from": [5.5, 25.29, 3],
			"to": [7.5, 25.3, 6],
			"rotation": {"angle": -22.5, "axis": "z", "origin": [6.5, 25.3, 3.5]},
			"faces": {
				"up": {"uv": [3, 11, 6, 13], "rotation": 270, "texture": "#1_0"},
				"down": {"uv": [6, 2, 9, 0], "rotation": 270, "texture": "#1_0"}
			}
		}
	],
	"display": {
		"thirdperson_righthand": {
			"rotation": [75, 45, 0],
			"translation": [0, 2.5, 0],
			"scale": [0.2, 0.2, 0.2]
		},
		"thirdperson_lefthand": {
			"rotation": [75, 45, 0],
			"translation": [0, 2.5, 0],
			"scale": [0.2, 0.2, 0.2]
		},
		"firstperson_righthand": {
			"translation": [-0.75, 2.5, 0],
			"scale": [0.2, 0.2, 0.2]
		},
		"firstperson_lefthand": {
			"translation": [-0.75, 2.5, 0],
			"scale": [0.2, 0.2, 0.2]
		},
		"ground": {
			"translation": [0, 3.75, 0],
			"scale": [0.3, 0.3, 0.3]
		},
		"gui": {
			"rotation": [30, 225, 0],
			"translation": [-0.25, 0.75, 0],
			"scale": [0.3, 0.3, 0.3]
		},
		"head": {
			"translation": [0, 13.5, 0],
			"scale": [0.3, 0.3, 0.3]
		},
		"fixed": {
			"rotation": [-90, 0, 0],
			"translation": [0, 0, -31],
			"scale": [2, 2, 2]
		}
	},
	"groups": [
		{
			"name": "Trellis",
			"children": [
				{
					"name": "Top",
					"children": [0, 1,
						{
							"name": "top spine3",
							"children": [2, 3]
						},
						{
							"name": "top spine2",
							"children": [4, 5]
						},
						{
							"name": "top spine1",
							"children": [6, 7]
						},
						{
							"name": "Top Side2",
							"children": [8, 9, 10, 11, 12]
						},
						{
							"name": "Top Side1",
							"children": [13, 14, 15, 16, 17]
						}
					]
				},
				{
					"name": "Side 2",
					"children": [18, 19, 20, 21,
						{
							"name": "Lattice",
							"children": [22, 23, 24, 25, 26, 27, 28, 29, 30, 31]
						}
					]
				},
				{
					"name": "Side 1",
					"children": [32, 33, 34, 35,
						{
							"name": "Lattice",
							"children": [36, 37, 38, 39, 40, 41, 42, 43, 44, 45]
						}
					]
				}
			]
		},
		{
			"name": "Vines",
			"children": [
				{
					"name": "vine_3",
					"children": [46, 47, 48, 49, 50, 51, 52, 53]
				},
				{
					"name": "vine_2",
					"children": [54, 55, 56, 57, 58, 59, 60, 61]
				},
				{
					"name": "vine_5",
					"children": [62, 63, 64, 65, 66, 67, 68, 69]
				},
				{
					"name": "vine_6",
					"children": [70, 71, 72, 73, 74, 75, 76, 77]
				},
				{
					"name": "vine_4",
					"children": [78, 79, 80, 81]
				},
				{
					"name": "vine_1",
					"children": [82, 83, 84, 85, 86, 87, 88, 89, 90]
				},
				{
					"name": "SideFlower1",
					"children": [
						{
							"name": "grass_6",
							"children": [91, 92, 93]
						},
						{
							"name": "grass_4",
							"children": [94, 95, 96]
						},
						{
							"name": "grass_3",
							"children": [97, 98, 99]
						}
					]
				},
				{
					"name": "SideFlower4",
					"children": [
						{
							"name": "grass_6",
							"children": [100, 101, 102]
						},
						{
							"name": "grass_4",
							"children": [103, 104, 105]
						},
						{
							"name": "grass_3",
							"children": [106, 107, 108]
						}
					]
				},
				{
					"name": "grass_3",
					"children": [109, 110, 111]
				},
				{
					"name": "SideFlower2",
					"children": [
						{
							"name": "grass_6",
							"children": [112, 113, 114]
						},
						{
							"name": "grass_4",
							"children": [115, 116, 117]
						}
					]
				},
				{
					"name": "SideFlower3",
					"children": [
						{
							"name": "grass_6",
							"children": [118, 119, 120]
						},
						{
							"name": "grass_4",
							"children": [121, 122, 123]
						},
						{
							"name": "grass_3",
							"children": [124, 125, 126]
						}
					]
				},
				{
					"name": "TopFlower2",
					"children": [
						{
							"name": "grass_2",
							"children": [127, 128, 129]
						},
						{
							"name": "grass_7",
							"children": [130, 131, 132]
						},
						{
							"name": "grass_5",
							"children": [133, 134, 135]
						}
					]
				},
				{
					"name": "TopFlower",
					"children": [
						{
							"name": "grass_2",
							"children": [136, 137, 138]
						},
						{
							"name": "grass_7",
							"children": [139, 140, 141]
						},
						{
							"name": "grass_5",
							"children": [142, 143, 144]
						}
					]
				}
			]
		},
		{
			"name": "Side 1",
			"children": [
				{
					"name": "flower_1",
					"children": [145, 146, 147, 148]
				},
				{
					"name": "flower_0",
					"children": [149, 150, 151, 152]
				},
				{
					"name": "flower_1",
					"children": [153, 154, 155, 156]
				},
				{
					"name": "flower_0",
					"children": [157, 158, 159, 160]
				},
				{
					"name": "flower_1",
					"children": [161, 162, 163, 164]
				},
				{
					"name": "flower_0",
					"children": [165, 166, 167, 168]
				}
			]
		},
		{
			"name": "Side 2",
			"children": [
				{
					"name": "flower_1",
					"children": [169, 170, 171, 172]
				},
				{
					"name": "flower_0",
					"children": [173, 174, 175, 176]
				},
				{
					"name": "flower_1",
					"children": [177, 178, 179, 180]
				},
				{
					"name": "flower_0",
					"children": [181, 182, 183, 184]
				},
				{
					"name": "flower_0",
					"children": [185, 186, 187, 188]
				},
				{
					"name": "flower_1",
					"children": [189, 190, 191, 192]
				}
			]
		},
		{
			"name": "Side 3",
			"children": [
				{
					"name": "flower_1",
					"children": [193, 194, 195, 196]
				},
				{
					"name": "flower_0",
					"children": [197, 198, 199, 200]
				},
				{
					"name": "flower_2",
					"children": [201, 202, 203, 204]
				},
				{
					"name": "flower_1",
					"children": [205, 206, 207, 208]
				},
				{
					"name": "flower_0",
					"children": [209, 210, 211, 212]
				},
				{
					"name": "flower_1",
					"children": [213, 214, 215, 216]
				}
			]
		},
		{
			"name": "Side 4",
			"children": [
				{
					"name": "flower_0",
					"children": [217, 218, 219, 220]
				},
				{
					"name": "flower_1",
					"children": [221, 222, 223, 224]
				},
				{
					"name": "flower_1",
					"children": [225, 226, 227, 228]
				},
				{
					"name": "flower_3",
					"children": [229, 230, 231, 232]
				},
				{
					"name": "flower_0",
					"children": [233, 234, 235, 236]
				},
				{
					"name": "flower_1",
					"children": [237, 238, 239, 240]
				}
			]
		},
		{
			"name": "Top 1",
			"children": [
				{
					"name": "flower_0",
					"children": [241, 242, 243, 244]
				},
				{
					"name": "flower_1",
					"children": [245, 246, 247, 248]
				},
				{
					"name": "flower_1",
					"children": [249, 250, 251, 252]
				},
				{
					"name": "flower_0",
					"children": [253, 254, 255, 256]
				},
				{
					"name": "flower_1",
					"children": [257, 258, 259, 260]
				},
				{
					"name": "flower_0",
					"children": [261, 262, 263, 264]
				}
			]
		},
		{
			"name": "Top 2",
			"children": [
				{
					"name": "flower_0",
					"children": [265, 266, 267, 268]
				},
				{
					"name": "flower_1",
					"children": [269, 270, 271, 272]
				},
				{
					"name": "flower_0",
					"children": [273, 274, 275, 276]
				},
				{
					"name": "flower_1",
					"children": [277, 278, 279, 280]
				},
				{
					"name": "flower_0",
					"children": [281, 282, 283, 284]
				},
				{
					"name": "flower_1",
					"children": [285, 286, 287, 288]
				}
			]
		}
	]
}