{
	"credit": "Made with Blockbench",
	"textures": {
		"0": "block/veggies2",
		"particle": "block/veggies2"
	},
	"elements": [
		{
			"from": [2, 0.5, 2],
			"to": [6, 3.5, 6],
			"faces": {
				"north": {"uv": [0, 2, 1.975, 3.975], "texture": "#0"},
				"east": {"uv": [0, 2, 1.975, 3.975], "texture": "#0"},
				"south": {"uv": [0, 2, 1.975, 3.975], "texture": "#0"},
				"west": {"uv": [0, 2, 1.975, 3.975], "texture": "#0"},
				"up": {"uv": [0, 2, 1.975, 3.975], "texture": "#0"},
				"down": {"uv": [0, 2, 1.975, 3.975], "texture": "#0"}
			}
		},
		{
			"from": [2.5, 1.5, 2.5],
			"to": [5.5, 4, 5.5],
			"faces": {
				"north": {"uv": [2, 0, 3.975, 1.975], "texture": "#0"},
				"east": {"uv": [2, 0, 3.975, 1.975], "texture": "#0"},
				"south": {"uv": [2, 0, 3.975, 1.975], "texture": "#0"},
				"west": {"uv": [2, 0, 3.975, 1.975], "texture": "#0"},
				"up": {"uv": [2, 0, 3.975, 1.975], "texture": "#0"},
				"down": {"uv": [2, 0, 3.975, 1.975], "texture": "#0"}
			}
		},
		{
			"from": [1.5, 0.5, 2.5],
			"to": [5, 3, 5.5],
			"faces": {
				"north": {"uv": [0, 2, 1.975, 3.975], "texture": "#0"},
				"east": {"uv": [0, 2, 1.975, 3.975], "texture": "#0"},
				"south": {"uv": [0, 2, 1.975, 3.975], "texture": "#0"},
				"west": {"uv": [0, 2, 1.975, 3.975], "texture": "#0"},
				"up": {"uv": [0, 2, 1.975, 3.975], "texture": "#0"},
				"down": {"uv": [0, 2, 1.975, 3.975], "texture": "#0"}
			}
		},
		{
			"from": [2.49828, 0.48514, 1.51655],
			"to": [5.49828, 2.98514, 5.01655],
			"faces": {
				"north": {"uv": [0, 2, 1.975, 3.975], "texture": "#0"},
				"east": {"uv": [0, 2, 1.975, 3.975], "texture": "#0"},
				"south": {"uv": [0, 2, 1.975, 3.975], "texture": "#0"},
				"west": {"uv": [0, 2, 1.975, 3.975], "texture": "#0"},
				"up": {"uv": [0, 2, 1.975, 3.975], "texture": "#0"},
				"down": {"uv": [0, 2, 1.975, 3.975], "texture": "#0"}
			}
		},
		{
			"from": [2.49828, 0.48514, 3.01655],
			"to": [5.49828, 2.98514, 6.51655],
			"faces": {
				"north": {"uv": [0, 2, 1.975, 3.975], "texture": "#0"},
				"east": {"uv": [0, 2, 1.975, 3.975], "texture": "#0"},
				"south": {"uv": [0, 2, 1.975, 3.975], "texture": "#0"},
				"west": {"uv": [0, 2, 1.975, 3.975], "texture": "#0"},
				"up": {"uv": [0, 2, 1.975, 3.975], "texture": "#0"},
				"down": {"uv": [0, 2, 1.975, 3.975], "texture": "#0"}
			}
		},
		{
			"from": [2.99657, 0.5, 2.53311],
			"to": [6.49657, 3, 5.53311],
			"faces": {
				"north": {"uv": [0, 2, 1.975, 3.975], "texture": "#0"},
				"east": {"uv": [0, 2, 1.975, 3.975], "texture": "#0"},
				"south": {"uv": [0, 2, 1.975, 3.975], "texture": "#0"},
				"west": {"uv": [0, 2, 1.975, 3.975], "texture": "#0"},
				"up": {"uv": [0, 2, 1.975, 3.975], "texture": "#0"},
				"down": {"uv": [0, 2, 1.975, 3.975], "texture": "#0"}
			}
		},
		{
			"from": [2.5, 0, 2.5],
			"to": [5.5, 3.5, 5.5],
			"faces": {
				"north": {"uv": [2, 0, 3.975, 1.975], "texture": "#0"},
				"east": {"uv": [2, 0, 3.975, 1.975], "texture": "#0"},
				"south": {"uv": [2, 0, 3.975, 1.975], "texture": "#0"},
				"west": {"uv": [2, 0, 3.975, 1.975], "texture": "#0"},
				"up": {"uv": [2, 0, 3.975, 1.975], "texture": "#0"},
				"down": {"uv": [2, 0, 3.975, 1.975], "texture": "#0"}
			}
		},
		{
			"from": [1.59595, 1.71361, 14.03203],
			"to": [5.90558, 5.33593, 14.03203],
			"rotation": {"angle": 45, "axis": "x", "origin": [-2.43504, 11.41028, 8.03198]},
			"faces": {
				"north": {"uv": [10, 0, 11.975, 1.975], "texture": "#0"},
				"east": {"uv": [10, 0, 11.975, 1.975], "texture": "#0"},
				"south": {"uv": [10, 0, 11.975, 1.975], "texture": "#0"},
				"west": {"uv": [10, 0, 11.975, 1.975], "texture": "#0"},
				"up": {"uv": [10, 0, 11.975, 1.975], "texture": "#0"},
				"down": {"uv": [10, 0, 11.975, 1.975], "texture": "#0"}
			}
		},
		{
			"from": [-6.17535, 1.72936, 1.76314],
			"to": [-6.17535, 5.35168, 6.07277],
			"rotation": {"angle": 45, "axis": "z", "origin": [-0.1753, 11.42603, -2.54649]},
			"faces": {
				"north": {"uv": [10, 0, 11.975, 1.975], "texture": "#0"},
				"east": {"uv": [10, 0, 11.975, 1.975], "texture": "#0"},
				"south": {"uv": [10, 0, 11.975, 1.975], "texture": "#0"},
				"west": {"uv": [10, 0, 11.975, 1.975], "texture": "#0"},
				"up": {"uv": [10, 0, 11.975, 1.975], "texture": "#0"},
				"down": {"uv": [10, 0, 11.975, 1.975], "texture": "#0"}
			}
		},
		{
			"from": [1.79809, 1.72936, -6.00955],
			"to": [6.10773, 5.35168, -6.00955],
			"rotation": {"angle": -45, "axis": "x", "origin": [-2.81154, 11.42603, -0.00951]},
			"faces": {
				"north": {"uv": [10, 0, 11.975, 1.975], "texture": "#0"},
				"east": {"uv": [10, 0, 11.975, 1.975], "texture": "#0"},
				"south": {"uv": [10, 0, 11.975, 1.975], "texture": "#0"},
				"west": {"uv": [10, 0, 11.975, 1.975], "texture": "#0"},
				"up": {"uv": [10, 0, 11.975, 1.975], "texture": "#0"},
				"down": {"uv": [10, 0, 11.975, 1.975], "texture": "#0"}
			}
		},
		{
			"from": [13.95275, 1.71361, 2.04038],
			"to": [13.95275, 5.33593, 6.35002],
			"rotation": {"angle": -45, "axis": "z", "origin": [7.9527, 11.41028, -1.99061]},
			"faces": {
				"north": {"uv": [10, 0, 11.975, 1.975], "texture": "#0"},
				"east": {"uv": [10, 0, 11.975, 1.975], "texture": "#0"},
				"south": {"uv": [10, 0, 11.975, 1.975], "texture": "#0"},
				"west": {"uv": [10, 0, 11.975, 1.975], "texture": "#0"},
				"up": {"uv": [10, 0, 11.975, 1.975], "texture": "#0"},
				"down": {"uv": [10, 0, 11.975, 1.975], "texture": "#0"}
			}
		},
		{
			"from": [2.25, 0.5, 10.25],
			"to": [6.25, 3.5, 14.25],
			"faces": {
				"north": {"uv": [0, 2, 1.975, 3.975], "texture": "#0"},
				"east": {"uv": [0, 2, 1.975, 3.975], "texture": "#0"},
				"south": {"uv": [0, 2, 1.975, 3.975], "texture": "#0"},
				"west": {"uv": [0, 2, 1.975, 3.975], "texture": "#0"},
				"up": {"uv": [1.975, 3.975, 0, 2], "rotation": 90, "texture": "#0"},
				"down": {"uv": [1.975, 3.975, 0, 2], "rotation": 270, "texture": "#0"}
			}
		},
		{
			"from": [2.75, 1.5, 10.75],
			"to": [5.75, 4, 13.75],
			"faces": {
				"north": {"uv": [2, 0, 3.975, 1.975], "texture": "#0"},
				"east": {"uv": [2, 0, 3.975, 1.975], "texture": "#0"},
				"south": {"uv": [2, 0, 3.975, 1.975], "texture": "#0"},
				"west": {"uv": [2, 0, 3.975, 1.975], "texture": "#0"},
				"up": {"uv": [3.975, 1.975, 2, 0], "rotation": 90, "texture": "#0"},
				"down": {"uv": [3.975, 1.975, 2, 0], "rotation": 270, "texture": "#0"}
			}
		},
		{
			"from": [2.75, 0.5, 11.25],
			"to": [5.75, 3, 14.75],
			"faces": {
				"north": {"uv": [0, 2, 1.975, 3.975], "texture": "#0"},
				"east": {"uv": [0, 2, 1.975, 3.975], "texture": "#0"},
				"south": {"uv": [0, 2, 1.975, 3.975], "texture": "#0"},
				"west": {"uv": [0, 2, 1.975, 3.975], "texture": "#0"},
				"up": {"uv": [1.975, 3.975, 0, 2], "rotation": 90, "texture": "#0"},
				"down": {"uv": [1.975, 3.975, 0, 2], "rotation": 270, "texture": "#0"}
			}
		},
		{
			"from": [1.76655, 0.48514, 10.75172],
			"to": [5.26655, 2.98514, 13.75172],
			"faces": {
				"north": {"uv": [0, 2, 1.975, 3.975], "texture": "#0"},
				"east": {"uv": [0, 2, 1.975, 3.975], "texture": "#0"},
				"south": {"uv": [0, 2, 1.975, 3.975], "texture": "#0"},
				"west": {"uv": [0, 2, 1.975, 3.975], "texture": "#0"},
				"up": {"uv": [1.975, 3.975, 0, 2], "rotation": 90, "texture": "#0"},
				"down": {"uv": [1.975, 3.975, 0, 2], "rotation": 270, "texture": "#0"}
			}
		},
		{
			"from": [3.26655, 0.48514, 10.75172],
			"to": [6.76655, 2.98514, 13.75172],
			"faces": {
				"north": {"uv": [0, 2, 1.975, 3.975], "texture": "#0"},
				"east": {"uv": [0, 2, 1.975, 3.975], "texture": "#0"},
				"south": {"uv": [0, 2, 1.975, 3.975], "texture": "#0"},
				"west": {"uv": [0, 2, 1.975, 3.975], "texture": "#0"},
				"up": {"uv": [1.975, 3.975, 0, 2], "rotation": 90, "texture": "#0"},
				"down": {"uv": [1.975, 3.975, 0, 2], "rotation": 270, "texture": "#0"}
			}
		},
		{
			"from": [2.78311, 0.5, 9.75343],
			"to": [5.78311, 3, 13.25343],
			"faces": {
				"north": {"uv": [0, 2, 1.975, 3.975], "texture": "#0"},
				"east": {"uv": [0, 2, 1.975, 3.975], "texture": "#0"},
				"south": {"uv": [0, 2, 1.975, 3.975], "texture": "#0"},
				"west": {"uv": [0, 2, 1.975, 3.975], "texture": "#0"},
				"up": {"uv": [1.975, 3.975, 0, 2], "rotation": 90, "texture": "#0"},
				"down": {"uv": [1.975, 3.975, 0, 2], "rotation": 270, "texture": "#0"}
			}
		},
		{
			"from": [2.75, 0, 10.75],
			"to": [5.75, 3.5, 13.75],
			"faces": {
				"north": {"uv": [2, 0, 3.975, 1.975], "texture": "#0"},
				"east": {"uv": [2, 0, 3.975, 1.975], "texture": "#0"},
				"south": {"uv": [2, 0, 3.975, 1.975], "texture": "#0"},
				"west": {"uv": [2, 0, 3.975, 1.975], "texture": "#0"},
				"up": {"uv": [3.975, 1.975, 2, 0], "rotation": 90, "texture": "#0"},
				"down": {"uv": [3.975, 1.975, 2, 0], "rotation": 270, "texture": "#0"}
			}
		},
		{
			"from": [14.28203, 1.71361, 10.34442],
			"to": [14.28203, 5.33593, 14.65405],
			"rotation": {"angle": -45, "axis": "z", "origin": [8.28198, 11.41028, 18.68504]},
			"faces": {
				"north": {"uv": [10, 0, 11.975, 1.975], "texture": "#0"},
				"east": {"uv": [10, 0, 11.975, 1.975], "texture": "#0"},
				"south": {"uv": [10, 0, 11.975, 1.975], "texture": "#0"},
				"west": {"uv": [10, 0, 11.975, 1.975], "texture": "#0"},
				"up": {"uv": [11.975, 1.975, 10, 0], "rotation": 90, "texture": "#0"},
				"down": {"uv": [11.975, 1.975, 10, 0], "rotation": 270, "texture": "#0"}
			}
		},
		{
			"from": [2.01314, 1.72936, 22.42535],
			"to": [6.32277, 5.35168, 22.42535],
			"rotation": {"angle": 45, "axis": "x", "origin": [-2.29649, 11.42603, 16.4253]},
			"faces": {
				"north": {"uv": [10, 0, 11.975, 1.975], "texture": "#0"},
				"east": {"uv": [10, 0, 11.975, 1.975], "texture": "#0"},
				"south": {"uv": [10, 0, 11.975, 1.975], "texture": "#0"},
				"west": {"uv": [10, 0, 11.975, 1.975], "texture": "#0"},
				"up": {"uv": [11.975, 1.975, 10, 0], "rotation": 90, "texture": "#0"},
				"down": {"uv": [11.975, 1.975, 10, 0], "rotation": 270, "texture": "#0"}
			}
		},
		{
			"from": [-5.75955, 1.72936, 10.14227],
			"to": [-5.75955, 5.35168, 14.45191],
			"rotation": {"angle": 45, "axis": "z", "origin": [0.24049, 11.42603, 19.06154]},
			"faces": {
				"north": {"uv": [10, 0, 11.975, 1.975], "texture": "#0"},
				"east": {"uv": [10, 0, 11.975, 1.975], "texture": "#0"},
				"south": {"uv": [10, 0, 11.975, 1.975], "texture": "#0"},
				"west": {"uv": [10, 0, 11.975, 1.975], "texture": "#0"},
				"up": {"uv": [11.975, 1.975, 10, 0], "rotation": 90, "texture": "#0"},
				"down": {"uv": [11.975, 1.975, 10, 0], "rotation": 270, "texture": "#0"}
			}
		},
		{
			"from": [2.29038, 1.71361, 2.29725],
			"to": [6.60002, 5.33593, 2.29725],
			"rotation": {"angle": -45, "axis": "x", "origin": [-1.74061, 11.41028, 8.2973]},
			"faces": {
				"north": {"uv": [10, 0, 11.975, 1.975], "texture": "#0"},
				"east": {"uv": [10, 0, 11.975, 1.975], "texture": "#0"},
				"south": {"uv": [10, 0, 11.975, 1.975], "texture": "#0"},
				"west": {"uv": [10, 0, 11.975, 1.975], "texture": "#0"},
				"up": {"uv": [11.975, 1.975, 10, 0], "rotation": 90, "texture": "#0"},
				"down": {"uv": [11.975, 1.975, 10, 0], "rotation": 270, "texture": "#0"}
			}
		},
		{
			"from": [10.5, 0.5, 9.75],
			"to": [14.5, 3.5, 13.75],
			"faces": {
				"north": {"uv": [0, 2, 1.975, 3.975], "texture": "#0"},
				"east": {"uv": [0, 2, 1.975, 3.975], "texture": "#0"},
				"south": {"uv": [0, 2, 1.975, 3.975], "texture": "#0"},
				"west": {"uv": [0, 2, 1.975, 3.975], "texture": "#0"},
				"up": {"uv": [1.975, 3.975, 0, 2], "rotation": 180, "texture": "#0"},
				"down": {"uv": [1.975, 3.975, 0, 2], "rotation": 180, "texture": "#0"}
			}
		},
		{
			"from": [11, 1.5, 10.25],
			"to": [14, 4, 13.25],
			"faces": {
				"north": {"uv": [2, 0, 3.975, 1.975], "texture": "#0"},
				"east": {"uv": [2, 0, 3.975, 1.975], "texture": "#0"},
				"south": {"uv": [2, 0, 3.975, 1.975], "texture": "#0"},
				"west": {"uv": [2, 0, 3.975, 1.975], "texture": "#0"},
				"up": {"uv": [3.975, 1.975, 2, 0], "rotation": 180, "texture": "#0"},
				"down": {"uv": [3.975, 1.975, 2, 0], "rotation": 180, "texture": "#0"}
			}
		},
		{
			"from": [10, 0.5, 10.25],
			"to": [13.5, 3, 13.25],
			"faces": {
				"north": {"uv": [0, 2, 1.975, 3.975], "texture": "#0"},
				"east": {"uv": [0, 2, 1.975, 3.975], "texture": "#0"},
				"south": {"uv": [0, 2, 1.975, 3.975], "texture": "#0"},
				"west": {"uv": [0, 2, 1.975, 3.975], "texture": "#0"},
				"up": {"uv": [1.975, 3.975, 0, 2], "rotation": 180, "texture": "#0"},
				"down": {"uv": [1.975, 3.975, 0, 2], "rotation": 180, "texture": "#0"}
			}
		},
		{
			"from": [10.99828, 0.48514, 9.26655],
			"to": [13.99828, 2.98514, 12.76655],
			"faces": {
				"north": {"uv": [0, 2, 1.975, 3.975], "texture": "#0"},
				"east": {"uv": [0, 2, 1.975, 3.975], "texture": "#0"},
				"south": {"uv": [0, 2, 1.975, 3.975], "texture": "#0"},
				"west": {"uv": [0, 2, 1.975, 3.975], "texture": "#0"},
				"up": {"uv": [1.975, 3.975, 0, 2], "rotation": 180, "texture": "#0"},
				"down": {"uv": [1.975, 3.975, 0, 2], "rotation": 180, "texture": "#0"}
			}
		},
		{
			"from": [10.99828, 0.48514, 10.76655],
			"to": [13.99828, 2.98514, 14.26655],
			"faces": {
				"north": {"uv": [0, 2, 1.975, 3.975], "texture": "#0"},
				"east": {"uv": [0, 2, 1.975, 3.975], "texture": "#0"},
				"south": {"uv": [0, 2, 1.975, 3.975], "texture": "#0"},
				"west": {"uv": [0, 2, 1.975, 3.975], "texture": "#0"},
				"up": {"uv": [1.975, 3.975, 0, 2], "rotation": 180, "texture": "#0"},
				"down": {"uv": [1.975, 3.975, 0, 2], "rotation": 180, "texture": "#0"}
			}
		},
		{
			"from": [11.49657, 0.5, 10.28311],
			"to": [14.99657, 3, 13.28311],
			"faces": {
				"north": {"uv": [0, 2, 1.975, 3.975], "texture": "#0"},
				"east": {"uv": [0, 2, 1.975, 3.975], "texture": "#0"},
				"south": {"uv": [0, 2, 1.975, 3.975], "texture": "#0"},
				"west": {"uv": [0, 2, 1.975, 3.975], "texture": "#0"},
				"up": {"uv": [1.975, 3.975, 0, 2], "rotation": 180, "texture": "#0"},
				"down": {"uv": [1.975, 3.975, 0, 2], "rotation": 180, "texture": "#0"}
			}
		},
		{
			"from": [11, 0, 10.25],
			"to": [14, 3.5, 13.25],
			"faces": {
				"north": {"uv": [2, 0, 3.975, 1.975], "texture": "#0"},
				"east": {"uv": [2, 0, 3.975, 1.975], "texture": "#0"},
				"south": {"uv": [2, 0, 3.975, 1.975], "texture": "#0"},
				"west": {"uv": [2, 0, 3.975, 1.975], "texture": "#0"},
				"up": {"uv": [3.975, 1.975, 2, 0], "rotation": 180, "texture": "#0"},
				"down": {"uv": [3.975, 1.975, 2, 0], "rotation": 180, "texture": "#0"}
			}
		},
		{
			"from": [10.09595, 1.71361, 21.78203],
			"to": [14.40558, 5.33593, 21.78203],
			"rotation": {"angle": 45, "axis": "x", "origin": [6.06496, 11.41028, 15.78198]},
			"faces": {
				"north": {"uv": [10, 0, 11.975, 1.975], "texture": "#0"},
				"east": {"uv": [10, 0, 11.975, 1.975], "texture": "#0"},
				"south": {"uv": [10, 0, 11.975, 1.975], "texture": "#0"},
				"west": {"uv": [10, 0, 11.975, 1.975], "texture": "#0"},
				"up": {"uv": [11.975, 1.975, 10, 0], "rotation": 180, "texture": "#0"},
				"down": {"uv": [11.975, 1.975, 10, 0], "rotation": 180, "texture": "#0"}
			}
		},
		{
			"from": [2.32465, 1.72936, 9.51314],
			"to": [2.32465, 5.35168, 13.82277],
			"rotation": {"angle": 45, "axis": "z", "origin": [8.3247, 11.42603, 5.20351]},
			"faces": {
				"north": {"uv": [10, 0, 11.975, 1.975], "texture": "#0"},
				"east": {"uv": [10, 0, 11.975, 1.975], "texture": "#0"},
				"south": {"uv": [10, 0, 11.975, 1.975], "texture": "#0"},
				"west": {"uv": [10, 0, 11.975, 1.975], "texture": "#0"},
				"up": {"uv": [11.975, 1.975, 10, 0], "rotation": 180, "texture": "#0"},
				"down": {"uv": [11.975, 1.975, 10, 0], "rotation": 180, "texture": "#0"}
			}
		},
		{
			"from": [10.29809, 1.72936, 1.74045],
			"to": [14.60773, 5.35168, 1.74045],
			"rotation": {"angle": -45, "axis": "x", "origin": [5.68846, 11.42603, 7.74049]},
			"faces": {
				"north": {"uv": [10, 0, 11.975, 1.975], "texture": "#0"},
				"east": {"uv": [10, 0, 11.975, 1.975], "texture": "#0"},
				"south": {"uv": [10, 0, 11.975, 1.975], "texture": "#0"},
				"west": {"uv": [10, 0, 11.975, 1.975], "texture": "#0"},
				"up": {"uv": [11.975, 1.975, 10, 0], "rotation": 180, "texture": "#0"},
				"down": {"uv": [11.975, 1.975, 10, 0], "rotation": 180, "texture": "#0"}
			}
		},
		{
			"from": [22.45275, 1.71361, 9.79038],
			"to": [22.45275, 5.33593, 14.10002],
			"rotation": {"angle": -45, "axis": "z", "origin": [16.4527, 11.41028, 5.75939]},
			"faces": {
				"north": {"uv": [10, 0, 11.975, 1.975], "texture": "#0"},
				"east": {"uv": [10, 0, 11.975, 1.975], "texture": "#0"},
				"south": {"uv": [10, 0, 11.975, 1.975], "texture": "#0"},
				"west": {"uv": [10, 0, 11.975, 1.975], "texture": "#0"},
				"up": {"uv": [11.975, 1.975, 10, 0], "rotation": 180, "texture": "#0"},
				"down": {"uv": [11.975, 1.975, 10, 0], "rotation": 180, "texture": "#0"}
			}
		},
		{
			"from": [10.5, 0.5, 2],
			"to": [14.5, 3.5, 6],
			"faces": {
				"north": {"uv": [0, 2, 1.975, 3.975], "texture": "#0"},
				"east": {"uv": [0, 2, 1.975, 3.975], "texture": "#0"},
				"south": {"uv": [0, 2, 1.975, 3.975], "texture": "#0"},
				"west": {"uv": [0, 2, 1.975, 3.975], "texture": "#0"},
				"up": {"uv": [1.975, 3.975, 0, 2], "rotation": 270, "texture": "#0"},
				"down": {"uv": [1.975, 3.975, 0, 2], "rotation": 90, "texture": "#0"}
			}
		},
		{
			"from": [11, 1.5, 2.5],
			"to": [14, 4, 5.5],
			"faces": {
				"north": {"uv": [2, 0, 3.975, 1.975], "texture": "#0"},
				"east": {"uv": [2, 0, 3.975, 1.975], "texture": "#0"},
				"south": {"uv": [2, 0, 3.975, 1.975], "texture": "#0"},
				"west": {"uv": [2, 0, 3.975, 1.975], "texture": "#0"},
				"up": {"uv": [3.975, 1.975, 2, 0], "rotation": 270, "texture": "#0"},
				"down": {"uv": [3.975, 1.975, 2, 0], "rotation": 90, "texture": "#0"}
			}
		},
		{
			"from": [11, 0.5, 1.5],
			"to": [14, 3, 5],
			"faces": {
				"north": {"uv": [0, 2, 1.975, 3.975], "texture": "#0"},
				"east": {"uv": [0, 2, 1.975, 3.975], "texture": "#0"},
				"south": {"uv": [0, 2, 1.975, 3.975], "texture": "#0"},
				"west": {"uv": [0, 2, 1.975, 3.975], "texture": "#0"},
				"up": {"uv": [1.975, 3.975, 0, 2], "rotation": 270, "texture": "#0"},
				"down": {"uv": [1.975, 3.975, 0, 2], "rotation": 90, "texture": "#0"}
			}
		},
		{
			"from": [11.48345, 0.48514, 2.49828],
			"to": [14.98345, 2.98514, 5.49828],
			"faces": {
				"north": {"uv": [0, 2, 1.975, 3.975], "texture": "#0"},
				"east": {"uv": [0, 2, 1.975, 3.975], "texture": "#0"},
				"south": {"uv": [0, 2, 1.975, 3.975], "texture": "#0"},
				"west": {"uv": [0, 2, 1.975, 3.975], "texture": "#0"},
				"up": {"uv": [1.975, 3.975, 0, 2], "rotation": 270, "texture": "#0"},
				"down": {"uv": [1.975, 3.975, 0, 2], "rotation": 90, "texture": "#0"}
			}
		},
		{
			"from": [9.98345, 0.48514, 2.49828],
			"to": [13.48345, 2.98514, 5.49828],
			"faces": {
				"north": {"uv": [0, 2, 1.975, 3.975], "texture": "#0"},
				"east": {"uv": [0, 2, 1.975, 3.975], "texture": "#0"},
				"south": {"uv": [0, 2, 1.975, 3.975], "texture": "#0"},
				"west": {"uv": [0, 2, 1.975, 3.975], "texture": "#0"},
				"up": {"uv": [1.975, 3.975, 0, 2], "rotation": 270, "texture": "#0"},
				"down": {"uv": [1.975, 3.975, 0, 2], "rotation": 90, "texture": "#0"}
			}
		},
		{
			"from": [10.96689, 0.5, 2.99657],
			"to": [13.96689, 3, 6.49657],
			"faces": {
				"north": {"uv": [0, 2, 1.975, 3.975], "texture": "#0"},
				"east": {"uv": [0, 2, 1.975, 3.975], "texture": "#0"},
				"south": {"uv": [0, 2, 1.975, 3.975], "texture": "#0"},
				"west": {"uv": [0, 2, 1.975, 3.975], "texture": "#0"},
				"up": {"uv": [1.975, 3.975, 0, 2], "rotation": 270, "texture": "#0"},
				"down": {"uv": [1.975, 3.975, 0, 2], "rotation": 90, "texture": "#0"}
			}
		},
		{
			"from": [11, 0, 2.5],
			"to": [14, 3.5, 5.5],
			"faces": {
				"north": {"uv": [2, 0, 3.975, 1.975], "texture": "#0"},
				"east": {"uv": [2, 0, 3.975, 1.975], "texture": "#0"},
				"south": {"uv": [2, 0, 3.975, 1.975], "texture": "#0"},
				"west": {"uv": [2, 0, 3.975, 1.975], "texture": "#0"},
				"up": {"uv": [3.975, 1.975, 2, 0], "rotation": 270, "texture": "#0"},
				"down": {"uv": [3.975, 1.975, 2, 0], "rotation": 90, "texture": "#0"}
			}
		},
		{
			"from": [2.46797, 1.71361, 1.59595],
			"to": [2.46797, 5.33593, 5.90558],
			"rotation": {"angle": 45, "axis": "z", "origin": [8.46802, 11.41028, -2.43504]},
			"faces": {
				"north": {"uv": [10, 0, 11.975, 1.975], "texture": "#0"},
				"east": {"uv": [10, 0, 11.975, 1.975], "texture": "#0"},
				"south": {"uv": [10, 0, 11.975, 1.975], "texture": "#0"},
				"west": {"uv": [10, 0, 11.975, 1.975], "texture": "#0"},
				"up": {"uv": [11.975, 1.975, 10, 0], "rotation": 270, "texture": "#0"},
				"down": {"uv": [11.975, 1.975, 10, 0], "rotation": 90, "texture": "#0"}
			}
		},
		{
			"from": [10.42723, 1.72936, -6.17535],
			"to": [14.73686, 5.35168, -6.17535],
			"rotation": {"angle": -45, "axis": "x", "origin": [19.04649, 11.42603, -0.1753]},
			"faces": {
				"north": {"uv": [10, 0, 11.975, 1.975], "texture": "#0"},
				"east": {"uv": [10, 0, 11.975, 1.975], "texture": "#0"},
				"south": {"uv": [10, 0, 11.975, 1.975], "texture": "#0"},
				"west": {"uv": [10, 0, 11.975, 1.975], "texture": "#0"},
				"up": {"uv": [11.975, 1.975, 10, 0], "rotation": 270, "texture": "#0"},
				"down": {"uv": [11.975, 1.975, 10, 0], "rotation": 90, "texture": "#0"}
			}
		},
		{
			"from": [22.50955, 1.72936, 1.79809],
			"to": [22.50955, 5.35168, 6.10773],
			"rotation": {"angle": -45, "axis": "z", "origin": [16.50951, 11.42603, -2.81154]},
			"faces": {
				"north": {"uv": [10, 0, 11.975, 1.975], "texture": "#0"},
				"east": {"uv": [10, 0, 11.975, 1.975], "texture": "#0"},
				"south": {"uv": [10, 0, 11.975, 1.975], "texture": "#0"},
				"west": {"uv": [10, 0, 11.975, 1.975], "texture": "#0"},
				"up": {"uv": [11.975, 1.975, 10, 0], "rotation": 270, "texture": "#0"},
				"down": {"uv": [11.975, 1.975, 10, 0], "rotation": 90, "texture": "#0"}
			}
		},
		{
			"from": [10.14998, 1.71361, 13.95275],
			"to": [14.45962, 5.33593, 13.95275],
			"rotation": {"angle": 45, "axis": "x", "origin": [18.49061, 11.41028, 7.9527]},
			"faces": {
				"north": {"uv": [10, 0, 11.975, 1.975], "texture": "#0"},
				"east": {"uv": [10, 0, 11.975, 1.975], "texture": "#0"},
				"south": {"uv": [10, 0, 11.975, 1.975], "texture": "#0"},
				"west": {"uv": [10, 0, 11.975, 1.975], "texture": "#0"},
				"up": {"uv": [11.975, 1.975, 10, 0], "rotation": 270, "texture": "#0"},
				"down": {"uv": [11.975, 1.975, 10, 0], "rotation": 90, "texture": "#0"}
			}
		}
	],
	"display": {
		"thirdperson_righthand": {
			"rotation": [75, 45, 0],
			"translation": [0, 2.5, 0],
			"scale": [0.375, 0.375, 0.375]
		},
		"thirdperson_lefthand": {
			"rotation": [75, 45, 0],
			"translation": [0, 2.5, 0],
			"scale": [0.375, 0.375, 0.375]
		},
		"firstperson_righthand": {
			"rotation": [0, 45, 0],
			"translation": [0, 3.25, 0],
			"scale": [0.4, 0.4, 0.4]
		},
		"firstperson_lefthand": {
			"rotation": [0, 225, 0],
			"translation": [0, 3.75, 0],
			"scale": [0.4, 0.4, 0.4]
		},
		"ground": {
			"translation": [0, 0.25, 0],
			"scale": [0.5, 0.5, 0.5]
		},
		"gui": {
			"rotation": [30, 225, 0],
			"translation": [0, 3, 0],
			"scale": [0.625, 0.625, 0.625]
		},
		"head": {
			"translation": [0, 14.5, 0]
		},
		"fixed": {
			"rotation": [-90, 0, 0],
			"translation": [0, 0, -15],
			"scale": [2, 2, 2]
		}
	},
	"groups": [
		{
			"name": "Lettuce",
			"children": [0, 1, 2, 3, 4, 5, 6, 7, 8, 9, 10]
		},
		{
			"name": "Lettuce2",
			"children": [11, 12, 13, 14, 15, 16, 17, 18, 19, 20, 21]
		},
		{
			"name": "Lettuce3",
			"children": [22, 23, 24, 25, 26, 27, 28, 29, 30, 31, 32]
		},
		{
			"name": "Lettuce4",
			"children": [33, 34, 35, 36, 37, 38, 39, 40, 41, 42, 43]
		}
	]
}