{
	"credit": "Made with Blockbench",
	"textures": {
		"0": "block/veggies2",
		"1": "block/Veggies",
		"particle": "block/veggies2"
	},
	"elements": [
		{
			"from": [5.5, 0, 11],
			"to": [6.5, 1, 13],
			"faces": {
				"north": {"uv": [0, 6, 1, 7], "texture": "#0"},
				"east": {"uv": [0, 6.5, 1.75, 8], "texture": "#0"},
				"south": {"uv": [0, 6, 1, 7], "texture": "#0"},
				"west": {"uv": [0, 6, 1, 7], "texture": "#0"},
				"up": {"uv": [2, 4.5, 2.5, 5], "texture": "#0"},
				"down": {"uv": [0, 6, 1, 7], "texture": "#0"}
			}
		},
		{
			"from": [2.50011, 0.00169, 10.9982],
			"to": [3.50011, 1.00169, 12.9982],
			"faces": {
				"north": {"uv": [0, 6, 1, 7], "texture": "#0"},
				"east": {"uv": [0, 6, 1, 7], "texture": "#0"},
				"south": {"uv": [0, 6, 1, 7], "texture": "#0"},
				"west": {"uv": [0, 6.5, 1.75, 8], "texture": "#0"},
				"up": {"uv": [2, 4, 2.5, 6], "texture": "#0"},
				"down": {"uv": [0, 6, 1, 7], "texture": "#0"}
			}
		},
		{
			"from": [3.5, 0, 10],
			"to": [5.5, 1, 14],
			"faces": {
				"north": {"uv": [0, 6.5, 1.75, 8], "texture": "#0"},
				"east": {"uv": [0, 6.5, 1.75, 8], "texture": "#0"},
				"south": {"uv": [0, 6.5, 1.75, 8], "texture": "#0"},
				"west": {"uv": [0, 6.5, 1.75, 8], "texture": "#0"},
				"up": {"uv": [2.5, 4, 3.5, 6], "texture": "#0"},
				"down": {"uv": [0, 6.5, 1.75, 8], "texture": "#0"}
			}
		},
		{
			"from": [4.85519, -0.0019, 12.43959],
			"to": [6.25519, 0.9781, 13.43959],
			"rotation": {"angle": 45, "axis": "y", "origin": [5.85519, 0.4981, 12.93959]},
			"faces": {
				"north": {"uv": [0, 6, 1, 7], "texture": "#0"},
				"east": {"uv": [0, 6, 1, 7], "texture": "#0"},
				"south": {"uv": [0, 6.5, 1.75, 8], "texture": "#0"},
				"west": {"uv": [0, 6, 1, 7], "texture": "#0"},
				"up": {"uv": [2, 4.5, 2.5, 5], "texture": "#0"},
				"down": {"uv": [0, 6, 1, 7], "texture": "#0"}
			}
		},
		{
			"from": [4.93534, 0.00328, 10.24718],
			"to": [5.93534, 0.98328, 11.64718],
			"rotation": {"angle": 45, "axis": "y", "origin": [5.43534, 0.50328, 10.64718]},
			"faces": {
				"north": {"uv": [0, 6, 1, 7], "texture": "#0"},
				"east": {"uv": [0, 6.5, 1.75, 8], "texture": "#0"},
				"south": {"uv": [0, 6, 1, 7], "texture": "#0"},
				"west": {"uv": [0, 6, 1, 7], "texture": "#0"},
				"up": {"uv": [2, 4.5, 2.5, 5], "texture": "#0"},
				"down": {"uv": [0, 6, 1, 7], "texture": "#0"}
			}
		},
		{
			"from": [3.07071, 0.00175, 10.23465],
			"to": [4.07071, 0.98175, 11.63465],
			"rotation": {"angle": -45, "axis": "y", "origin": [3.57071, 0.50175, 10.63465]},
			"faces": {
				"north": {"uv": [0, 6, 1, 7], "texture": "#0"},
				"east": {"uv": [0, 6, 1, 7], "texture": "#0"},
				"south": {"uv": [0, 6, 1, 7], "texture": "#0"},
				"west": {"uv": [0, 6.5, 1.75, 8], "texture": "#0"},
				"up": {"uv": [2, 4.5, 2.5, 5], "texture": "#0"},
				"down": {"uv": [0, 6, 1, 7], "texture": "#0"}
			}
		},
		{
			"from": [2.73638, 0.00172, 12.42758],
			"to": [4.13638, 0.98172, 13.42758],
			"rotation": {"angle": -45, "axis": "y", "origin": [3.13638, 0.50172, 12.92758]},
			"faces": {
				"north": {"uv": [0, 6, 1, 7], "texture": "#0"},
				"east": {"uv": [0, 6, 1, 7], "texture": "#0"},
				"south": {"uv": [0, 6.5, 1.75, 8], "texture": "#0"},
				"west": {"uv": [0, 6, 1, 7], "texture": "#0"},
				"up": {"uv": [2, 4.5, 2.5, 5], "texture": "#0"},
				"down": {"uv": [0, 6, 1, 7], "texture": "#0"}
			}
		},
		{
			"from": [5.35, 0.9, 11.25],
			"to": [6.15, 1.7, 12.85],
			"faces": {
				"north": {"uv": [0, 6, 1, 7], "texture": "#0"},
				"east": {"uv": [0, 6, 1.75, 7.5], "texture": "#0"},
				"south": {"uv": [0, 6, 1, 7], "texture": "#0"},
				"west": {"uv": [0, 6, 1, 7], "texture": "#0"},
				"up": {"uv": [2, 4.5, 2.5, 5], "texture": "#0"},
				"down": {"uv": [0, 6, 1, 7], "texture": "#0"}
			}
		},
		{
			"from": [2.95009, 0.90135, 11.24856],
			"to": [3.75009, 1.70135, 12.84856],
			"faces": {
				"north": {"uv": [0, 6, 1, 7], "texture": "#0"},
				"east": {"uv": [0, 6, 1, 7], "texture": "#0"},
				"south": {"uv": [0, 6, 1, 7], "texture": "#0"},
				"west": {"uv": [0, 6, 1.75, 7.5], "texture": "#0"},
				"up": {"uv": [2, 4, 2.5, 6], "texture": "#0"},
				"down": {"uv": [0, 6, 1, 7], "texture": "#0"}
			}
		},
		{
			"from": [3.75, 0.9, 10.45],
			"to": [5.35, 1.7, 13.65],
			"faces": {
				"north": {"uv": [0, 6, 1.75, 7.5], "texture": "#0"},
				"east": {"uv": [0, 6.5, 1.75, 8], "texture": "#0"},
				"south": {"uv": [0, 6, 1.75, 7.5], "texture": "#0"},
				"west": {"uv": [0, 6.5, 1.75, 8], "texture": "#0"},
				"up": {"uv": [2.5, 4, 3.5, 6], "texture": "#0"},
				"down": {"uv": [0, 6.5, 1.75, 8], "texture": "#0"}
			}
		},
		{
			"from": [4.83415, 0.89848, 12.40167],
			"to": [5.95415, 1.68248, 13.20167],
			"rotation": {"angle": 45, "axis": "y", "origin": [5.63415, 1.29848, 12.80167]},
			"faces": {
				"north": {"uv": [0, 6, 1, 7], "texture": "#0"},
				"east": {"uv": [0, 6, 1, 7], "texture": "#0"},
				"south": {"uv": [0, 6, 1.75, 7.5], "texture": "#0"},
				"west": {"uv": [0, 6, 1, 7], "texture": "#0"},
				"up": {"uv": [2, 4.5, 2.5, 5], "texture": "#0"},
				"down": {"uv": [0, 6, 1, 7], "texture": "#0"}
			}
		},
		{
			"from": [4.89827, 0.90262, 10.64775],
			"to": [5.69827, 1.68662, 11.76775],
			"rotation": {"angle": 45, "axis": "y", "origin": [5.29827, 1.30262, 10.96775]},
			"faces": {
				"north": {"uv": [0, 6, 1, 7], "texture": "#0"},
				"east": {"uv": [0, 6, 1.75, 7.5], "texture": "#0"},
				"south": {"uv": [0, 6, 1, 7], "texture": "#0"},
				"west": {"uv": [0, 6, 1, 7], "texture": "#0"},
				"up": {"uv": [2, 4.5, 2.5, 5], "texture": "#0"},
				"down": {"uv": [0, 6, 1, 7], "texture": "#0"}
			}
		},
		{
			"from": [3.40657, 0.9014, 10.63772],
			"to": [4.20657, 1.6854, 11.75772],
			"rotation": {"angle": -45, "axis": "y", "origin": [3.80657, 1.3014, 10.95772]},
			"faces": {
				"north": {"uv": [0, 6, 1, 7], "texture": "#0"},
				"east": {"uv": [0, 6, 1, 7], "texture": "#0"},
				"south": {"uv": [0, 6, 1, 7], "texture": "#0"},
				"west": {"uv": [0, 6, 1.75, 7.5], "texture": "#0"},
				"up": {"uv": [2, 4.5, 2.5, 5], "texture": "#0"},
				"down": {"uv": [0, 6, 1, 7], "texture": "#0"}
			}
		},
		{
			"from": [3.13911, 0.90138, 12.39206],
			"to": [4.25911, 1.68538, 13.19206],
			"rotation": {"angle": -45, "axis": "y", "origin": [3.45911, 1.30138, 12.79206]},
			"faces": {
				"north": {"uv": [0, 6, 1, 7], "texture": "#0"},
				"east": {"uv": [0, 6, 1, 7], "texture": "#0"},
				"south": {"uv": [0, 6, 1.75, 7.5], "texture": "#0"},
				"west": {"uv": [0, 6, 1, 7], "texture": "#0"},
				"up": {"uv": [2, 4.5, 2.5, 5], "texture": "#0"},
				"down": {"uv": [0, 6, 1, 7], "texture": "#0"}
			}
		},
		{
			"from": [5.85, 0, 3.5],
			"to": [6.85, 1, 5.5],
			"faces": {
				"north": {"uv": [0, 6, 1, 7], "texture": "#0"},
				"east": {"uv": [0, 6.5, 1.75, 8], "texture": "#0"},
				"south": {"uv": [0, 6, 1, 7], "texture": "#0"},
				"west": {"uv": [0, 6, 1, 7], "texture": "#0"},
				"up": {"uv": [2, 4.5, 2.5, 5], "texture": "#0"},
				"down": {"uv": [0, 6, 1, 7], "texture": "#0"}
			}
		},
		{
			"from": [2.85011, 0.00169, 3.4982],
			"to": [3.85011, 1.00169, 5.4982],
			"faces": {
				"north": {"uv": [0, 6, 1, 7], "texture": "#0"},
				"east": {"uv": [0, 6, 1, 7], "texture": "#0"},
				"south": {"uv": [0, 6, 1, 7], "texture": "#0"},
				"west": {"uv": [0, 6.5, 1.75, 8], "texture": "#0"},
				"up": {"uv": [2, 4, 2.5, 6], "texture": "#0"},
				"down": {"uv": [0, 6, 1, 7], "texture": "#0"}
			}
		},
		{
			"from": [3.85, 0, 2.5],
			"to": [5.85, 1, 6.5],
			"faces": {
				"north": {"uv": [0, 6.5, 1.75, 8], "texture": "#0"},
				"east": {"uv": [0, 6.5, 1.75, 8], "texture": "#0"},
				"south": {"uv": [0, 6.5, 1.75, 8], "texture": "#0"},
				"west": {"uv": [0, 6.5, 1.75, 8], "texture": "#0"},
				"up": {"uv": [2.5, 4, 3.5, 6], "texture": "#0"},
				"down": {"uv": [0, 6.5, 1.75, 8], "texture": "#0"}
			}
		},
		{
			"from": [5.20519, -0.0019, 4.93959],
			"to": [6.60519, 0.9781, 5.93959],
			"rotation": {"angle": 45, "axis": "y", "origin": [6.20519, 0.4981, 5.43959]},
			"faces": {
				"north": {"uv": [0, 6, 1, 7], "texture": "#0"},
				"east": {"uv": [0, 6, 1, 7], "texture": "#0"},
				"south": {"uv": [0, 6.5, 1.75, 8], "texture": "#0"},
				"west": {"uv": [0, 6, 1, 7], "texture": "#0"},
				"up": {"uv": [2, 4.5, 2.5, 5], "texture": "#0"},
				"down": {"uv": [0, 6, 1, 7], "texture": "#0"}
			}
		},
		{
			"from": [5.28534, 0.00328, 2.74718],
			"to": [6.28534, 0.98328, 4.14718],
			"rotation": {"angle": 45, "axis": "y", "origin": [5.78534, 0.50328, 3.14718]},
			"faces": {
				"north": {"uv": [0, 6, 1, 7], "texture": "#0"},
				"east": {"uv": [0, 6.5, 1.75, 8], "texture": "#0"},
				"south": {"uv": [0, 6, 1, 7], "texture": "#0"},
				"west": {"uv": [0, 6, 1, 7], "texture": "#0"},
				"up": {"uv": [2, 4.5, 2.5, 5], "texture": "#0"},
				"down": {"uv": [0, 6, 1, 7], "texture": "#0"}
			}
		},
		{
			"from": [3.42071, 0.00175, 2.73465],
			"to": [4.42071, 0.98175, 4.13465],
			"rotation": {"angle": -45, "axis": "y", "origin": [3.92071, 0.50175, 3.13465]},
			"faces": {
				"north": {"uv": [0, 6, 1, 7], "texture": "#0"},
				"east": {"uv": [0, 6, 1, 7], "texture": "#0"},
				"south": {"uv": [0, 6, 1, 7], "texture": "#0"},
				"west": {"uv": [0, 6.5, 1.75, 8], "texture": "#0"},
				"up": {"uv": [2, 4.5, 2.5, 5], "texture": "#0"},
				"down": {"uv": [0, 6, 1, 7], "texture": "#0"}
			}
		},
		{
			"from": [3.08638, 0.00172, 4.92758],
			"to": [4.48638, 0.98172, 5.92758],
			"rotation": {"angle": -45, "axis": "y", "origin": [3.48638, 0.50172, 5.42758]},
			"faces": {
				"north": {"uv": [0, 6, 1, 7], "texture": "#0"},
				"east": {"uv": [0, 6, 1, 7], "texture": "#0"},
				"south": {"uv": [0, 6.5, 1.75, 8], "texture": "#0"},
				"west": {"uv": [0, 6, 1, 7], "texture": "#0"},
				"up": {"uv": [2, 4.5, 2.5, 5], "texture": "#0"},
				"down": {"uv": [0, 6, 1, 7], "texture": "#0"}
			}
		},
		{
			"from": [5.7, 0.9, 3.75],
			"to": [6.5, 1.7, 5.35],
			"faces": {
				"north": {"uv": [0, 6, 1, 7], "texture": "#0"},
				"east": {"uv": [0, 6, 1.75, 7.5], "texture": "#0"},
				"south": {"uv": [0, 6, 1, 7], "texture": "#0"},
				"west": {"uv": [0, 6, 1, 7], "texture": "#0"},
				"up": {"uv": [2, 4.5, 2.5, 5], "texture": "#0"},
				"down": {"uv": [0, 6, 1, 7], "texture": "#0"}
			}
		},
		{
			"from": [3.30009, 0.90135, 3.74856],
			"to": [4.10009, 1.70135, 5.34856],
			"faces": {
				"north": {"uv": [0, 6, 1, 7], "texture": "#0"},
				"east": {"uv": [0, 6, 1, 7], "texture": "#0"},
				"south": {"uv": [0, 6, 1, 7], "texture": "#0"},
				"west": {"uv": [0, 6, 1.75, 7.5], "texture": "#0"},
				"up": {"uv": [2, 4, 2.5, 6], "texture": "#0"},
				"down": {"uv": [0, 6, 1, 7], "texture": "#0"}
			}
		},
		{
			"from": [4.1, 0.9, 2.95],
			"to": [5.7, 1.7, 6.15],
			"faces": {
				"north": {"uv": [0, 6, 1.75, 7.5], "texture": "#0"},
				"east": {"uv": [0, 6.5, 1.75, 8], "texture": "#0"},
				"south": {"uv": [0, 6, 1.75, 7.5], "texture": "#0"},
				"west": {"uv": [0, 6.5, 1.75, 8], "texture": "#0"},
				"up": {"uv": [2.5, 4, 3.5, 6], "texture": "#0"},
				"down": {"uv": [0, 6.5, 1.75, 8], "texture": "#0"}
			}
		},
		{
			"from": [5.18415, 0.89848, 4.90167],
			"to": [6.30415, 1.68248, 5.70167],
			"rotation": {"angle": 45, "axis": "y", "origin": [5.98415, 1.29848, 5.30167]},
			"faces": {
				"north": {"uv": [0, 6, 1, 7], "texture": "#0"},
				"east": {"uv": [0, 6, 1, 7], "texture": "#0"},
				"south": {"uv": [0, 6, 1.75, 7.5], "texture": "#0"},
				"west": {"uv": [0, 6, 1, 7], "texture": "#0"},
				"up": {"uv": [2, 4.5, 2.5, 5], "texture": "#0"},
				"down": {"uv": [0, 6, 1, 7], "texture": "#0"}
			}
		},
		{
			"from": [5.24827, 0.90262, 3.14775],
			"to": [6.04827, 1.68662, 4.26775],
			"rotation": {"angle": 45, "axis": "y", "origin": [5.64827, 1.30262, 3.46775]},
			"faces": {
				"north": {"uv": [0, 6, 1, 7], "texture": "#0"},
				"east": {"uv": [0, 6, 1.75, 7.5], "texture": "#0"},
				"south": {"uv": [0, 6, 1, 7], "texture": "#0"},
				"west": {"uv": [0, 6, 1, 7], "texture": "#0"},
				"up": {"uv": [2, 4.5, 2.5, 5], "texture": "#0"},
				"down": {"uv": [0, 6, 1, 7], "texture": "#0"}
			}
		},
		{
			"from": [3.75657, 0.9014, 3.13772],
			"to": [4.55657, 1.6854, 4.25772],
			"rotation": {"angle": -45, "axis": "y", "origin": [4.15657, 1.3014, 3.45772]},
			"faces": {
				"north": {"uv": [0, 6, 1, 7], "texture": "#0"},
				"east": {"uv": [0, 6, 1, 7], "texture": "#0"},
				"south": {"uv": [0, 6, 1, 7], "texture": "#0"},
				"west": {"uv": [0, 6, 1.75, 7.5], "texture": "#0"},
				"up": {"uv": [2, 4.5, 2.5, 5], "texture": "#0"},
				"down": {"uv": [0, 6, 1, 7], "texture": "#0"}
			}
		},
		{
			"from": [3.48911, 0.90138, 4.89206],
			"to": [4.60911, 1.68538, 5.69206],
			"rotation": {"angle": -45, "axis": "y", "origin": [3.80911, 1.30138, 5.29206]},
			"faces": {
				"north": {"uv": [0, 6, 1, 7], "texture": "#0"},
				"east": {"uv": [0, 6, 1, 7], "texture": "#0"},
				"south": {"uv": [0, 6, 1.75, 7.5], "texture": "#0"},
				"west": {"uv": [0, 6, 1, 7], "texture": "#0"},
				"up": {"uv": [2, 4.5, 2.5, 5], "texture": "#0"},
				"down": {"uv": [0, 6, 1, 7], "texture": "#0"}
			}
		},
		{
			"from": [12.35, 0, 2.9],
			"to": [13.35, 1, 4.9],
			"faces": {
				"north": {"uv": [0, 6, 1, 7], "texture": "#0"},
				"east": {"uv": [0, 6.5, 1.75, 8], "texture": "#0"},
				"south": {"uv": [0, 6, 1, 7], "texture": "#0"},
				"west": {"uv": [0, 6, 1, 7], "texture": "#0"},
				"up": {"uv": [2, 4.5, 2.5, 5], "texture": "#0"},
				"down": {"uv": [0, 6, 1, 7], "texture": "#0"}
			}
		},
		{
			"from": [9.35011, 0.00169, 2.8982],
			"to": [10.35011, 1.00169, 4.8982],
			"faces": {
				"north": {"uv": [0, 6, 1, 7], "texture": "#0"},
				"east": {"uv": [0, 6, 1, 7], "texture": "#0"},
				"south": {"uv": [0, 6, 1, 7], "texture": "#0"},
				"west": {"uv": [0, 6.5, 1.75, 8], "texture": "#0"},
				"up": {"uv": [2, 4, 2.5, 6], "texture": "#0"},
				"down": {"uv": [0, 6, 1, 7], "texture": "#0"}
			}
		},
		{
			"from": [10.35, 0, 1.9],
			"to": [12.35, 1, 5.9],
			"faces": {
				"north": {"uv": [0, 6.5, 1.75, 8], "texture": "#0"},
				"east": {"uv": [0, 6.5, 1.75, 8], "texture": "#0"},
				"south": {"uv": [0, 6.5, 1.75, 8], "texture": "#0"},
				"west": {"uv": [0, 6.5, 1.75, 8], "texture": "#0"},
				"up": {"uv": [2.5, 4, 3.5, 6], "texture": "#0"},
				"down": {"uv": [0, 6.5, 1.75, 8], "texture": "#0"}
			}
		},
		{
			"from": [11.70519, -0.0019, 4.33959],
			"to": [13.10519, 0.9781, 5.33959],
			"rotation": {"angle": 45, "axis": "y", "origin": [12.70519, 0.4981, 4.83959]},
			"faces": {
				"north": {"uv": [0, 6, 1, 7], "texture": "#0"},
				"east": {"uv": [0, 6, 1, 7], "texture": "#0"},
				"south": {"uv": [0, 6.5, 1.75, 8], "texture": "#0"},
				"west": {"uv": [0, 6, 1, 7], "texture": "#0"},
				"up": {"uv": [2, 4.5, 2.5, 5], "texture": "#0"},
				"down": {"uv": [0, 6, 1, 7], "texture": "#0"}
			}
		},
		{
			"from": [11.78534, 0.00328, 2.14718],
			"to": [12.78534, 0.98328, 3.54718],
			"rotation": {"angle": 45, "axis": "y", "origin": [12.28534, 0.50328, 2.54718]},
			"faces": {
				"north": {"uv": [0, 6, 1, 7], "texture": "#0"},
				"east": {"uv": [0, 6.5, 1.75, 8], "texture": "#0"},
				"south": {"uv": [0, 6, 1, 7], "texture": "#0"},
				"west": {"uv": [0, 6, 1, 7], "texture": "#0"},
				"up": {"uv": [2, 4.5, 2.5, 5], "texture": "#0"},
				"down": {"uv": [0, 6, 1, 7], "texture": "#0"}
			}
		},
		{
			"from": [9.92071, 0.00175, 2.13465],
			"to": [10.92071, 0.98175, 3.53465],
			"rotation": {"angle": -45, "axis": "y", "origin": [10.42071, 0.50175, 2.53465]},
			"faces": {
				"north": {"uv": [0, 6, 1, 7], "texture": "#0"},
				"east": {"uv": [0, 6, 1, 7], "texture": "#0"},
				"south": {"uv": [0, 6, 1, 7], "texture": "#0"},
				"west": {"uv": [0, 6.5, 1.75, 8], "texture": "#0"},
				"up": {"uv": [2, 4.5, 2.5, 5], "texture": "#0"},
				"down": {"uv": [0, 6, 1, 7], "texture": "#0"}
			}
		},
		{
			"from": [9.58638, 0.00172, 4.32758],
			"to": [10.98638, 0.98172, 5.32758],
			"rotation": {"angle": -45, "axis": "y", "origin": [9.98638, 0.50172, 4.82758]},
			"faces": {
				"north": {"uv": [0, 6, 1, 7], "texture": "#0"},
				"east": {"uv": [0, 6, 1, 7], "texture": "#0"},
				"south": {"uv": [0, 6.5, 1.75, 8], "texture": "#0"},
				"west": {"uv": [0, 6, 1, 7], "texture": "#0"},
				"up": {"uv": [2, 4.5, 2.5, 5], "texture": "#0"},
				"down": {"uv": [0, 6, 1, 7], "texture": "#0"}
			}
		},
		{
			"from": [12.2, 0.9, 3.15],
			"to": [13, 1.7, 4.75],
			"faces": {
				"north": {"uv": [0, 6, 1, 7], "texture": "#0"},
				"east": {"uv": [0, 6, 1.75, 7.5], "texture": "#0"},
				"south": {"uv": [0, 6, 1, 7], "texture": "#0"},
				"west": {"uv": [0, 6, 1, 7], "texture": "#0"},
				"up": {"uv": [2, 4.5, 2.5, 5], "texture": "#0"},
				"down": {"uv": [0, 6, 1, 7], "texture": "#0"}
			}
		},
		{
			"from": [9.80009, 0.90135, 3.14856],
			"to": [10.60009, 1.70135, 4.74856],
			"faces": {
				"north": {"uv": [0, 6, 1, 7], "texture": "#0"},
				"east": {"uv": [0, 6, 1, 7], "texture": "#0"},
				"south": {"uv": [0, 6, 1, 7], "texture": "#0"},
				"west": {"uv": [0, 6, 1.75, 7.5], "texture": "#0"},
				"up": {"uv": [2, 4, 2.5, 6], "texture": "#0"},
				"down": {"uv": [0, 6, 1, 7], "texture": "#0"}
			}
		},
		{
			"from": [10.6, 0.9, 2.35],
			"to": [12.2, 1.7, 5.55],
			"faces": {
				"north": {"uv": [0, 6, 1.75, 7.5], "texture": "#0"},
				"east": {"uv": [0, 6.5, 1.75, 8], "texture": "#0"},
				"south": {"uv": [0, 6, 1.75, 7.5], "texture": "#0"},
				"west": {"uv": [0, 6.5, 1.75, 8], "texture": "#0"},
				"up": {"uv": [2.5, 4, 3.5, 6], "texture": "#0"},
				"down": {"uv": [0, 6.5, 1.75, 8], "texture": "#0"}
			}
		},
		{
			"from": [11.68415, 0.89848, 4.30167],
			"to": [12.80415, 1.68248, 5.10167],
			"rotation": {"angle": 45, "axis": "y", "origin": [12.48415, 1.29848, 4.70167]},
			"faces": {
				"north": {"uv": [0, 6, 1, 7], "texture": "#0"},
				"east": {"uv": [0, 6, 1, 7], "texture": "#0"},
				"south": {"uv": [0, 6, 1.75, 7.5], "texture": "#0"},
				"west": {"uv": [0, 6, 1, 7], "texture": "#0"},
				"up": {"uv": [2, 4.5, 2.5, 5], "texture": "#0"},
				"down": {"uv": [0, 6, 1, 7], "texture": "#0"}
			}
		},
		{
			"from": [11.74827, 0.90262, 2.54775],
			"to": [12.54827, 1.68662, 3.66775],
			"rotation": {"angle": 45, "axis": "y", "origin": [12.14827, 1.30262, 2.86775]},
			"faces": {
				"north": {"uv": [0, 6, 1, 7], "texture": "#0"},
				"east": {"uv": [0, 6, 1.75, 7.5], "texture": "#0"},
				"south": {"uv": [0, 6, 1, 7], "texture": "#0"},
				"west": {"uv": [0, 6, 1, 7], "texture": "#0"},
				"up": {"uv": [2, 4.5, 2.5, 5], "texture": "#0"},
				"down": {"uv": [0, 6, 1, 7], "texture": "#0"}
			}
		},
		{
			"from": [10.25657, 0.9014, 2.53772],
			"to": [11.05657, 1.6854, 3.65772],
			"rotation": {"angle": -45, "axis": "y", "origin": [10.65657, 1.3014, 2.85772]},
			"faces": {
				"north": {"uv": [0, 6, 1, 7], "texture": "#0"},
				"east": {"uv": [0, 6, 1, 7], "texture": "#0"},
				"south": {"uv": [0, 6, 1, 7], "texture": "#0"},
				"west": {"uv": [0, 6, 1.75, 7.5], "texture": "#0"},
				"up": {"uv": [2, 4.5, 2.5, 5], "texture": "#0"},
				"down": {"uv": [0, 6, 1, 7], "texture": "#0"}
			}
		},
		{
			"from": [9.98911, 0.90138, 4.29206],
			"to": [11.10911, 1.68538, 5.09206],
			"rotation": {"angle": -45, "axis": "y", "origin": [10.30911, 1.30138, 4.69206]},
			"faces": {
				"north": {"uv": [0, 6, 1, 7], "texture": "#0"},
				"east": {"uv": [0, 6, 1, 7], "texture": "#0"},
				"south": {"uv": [0, 6, 1.75, 7.5], "texture": "#0"},
				"west": {"uv": [0, 6, 1, 7], "texture": "#0"},
				"up": {"uv": [2, 4.5, 2.5, 5], "texture": "#0"},
				"down": {"uv": [0, 6, 1, 7], "texture": "#0"}
			}
		},
		{
			"from": [12.1, 0, 10.4],
			"to": [13.1, 1, 12.4],
			"faces": {
				"north": {"uv": [0, 6, 1, 7], "texture": "#0"},
				"east": {"uv": [0, 6.5, 1.75, 8], "texture": "#0"},
				"south": {"uv": [0, 6, 1, 7], "texture": "#0"},
				"west": {"uv": [0, 6, 1, 7], "texture": "#0"},
				"up": {"uv": [2, 4.5, 2.5, 5], "texture": "#0"},
				"down": {"uv": [0, 6, 1, 7], "texture": "#0"}
			}
		},
		{
			"from": [9.10011, 0.00169, 10.3982],
			"to": [10.10011, 1.00169, 12.3982],
			"faces": {
				"north": {"uv": [0, 6, 1, 7], "texture": "#0"},
				"east": {"uv": [0, 6, 1, 7], "texture": "#0"},
				"south": {"uv": [0, 6, 1, 7], "texture": "#0"},
				"west": {"uv": [0, 6.5, 1.75, 8], "texture": "#0"},
				"up": {"uv": [2, 4, 2.5, 6], "texture": "#0"},
				"down": {"uv": [0, 6, 1, 7], "texture": "#0"}
			}
		},
		{
			"from": [10.1, 0, 9.4],
			"to": [12.1, 1, 13.4],
			"faces": {
				"north": {"uv": [0, 6.5, 1.75, 8], "texture": "#0"},
				"east": {"uv": [0, 6.5, 1.75, 8], "texture": "#0"},
				"south": {"uv": [0, 6.5, 1.75, 8], "texture": "#0"},
				"west": {"uv": [0, 6.5, 1.75, 8], "texture": "#0"},
				"up": {"uv": [2.5, 4, 3.5, 6], "texture": "#0"},
				"down": {"uv": [0, 6.5, 1.75, 8], "texture": "#0"}
			}
		},
		{
			"from": [11.45519, -0.0019, 11.83959],
			"to": [12.85519, 0.9781, 12.83959],
			"rotation": {"angle": 45, "axis": "y", "origin": [12.45519, 0.4981, 12.33959]},
			"faces": {
				"north": {"uv": [0, 6, 1, 7], "texture": "#0"},
				"east": {"uv": [0, 6, 1, 7], "texture": "#0"},
				"south": {"uv": [0, 6.5, 1.75, 8], "texture": "#0"},
				"west": {"uv": [0, 6, 1, 7], "texture": "#0"},
				"up": {"uv": [2, 4.5, 2.5, 5], "texture": "#0"},
				"down": {"uv": [0, 6, 1, 7], "texture": "#0"}
			}
		},
		{
			"from": [11.53534, 0.00328, 9.64718],
			"to": [12.53534, 0.98328, 11.04718],
			"rotation": {"angle": 45, "axis": "y", "origin": [12.03534, 0.50328, 10.04718]},
			"faces": {
				"north": {"uv": [0, 6, 1, 7], "texture": "#0"},
				"east": {"uv": [0, 6.5, 1.75, 8], "texture": "#0"},
				"south": {"uv": [0, 6, 1, 7], "texture": "#0"},
				"west": {"uv": [0, 6, 1, 7], "texture": "#0"},
				"up": {"uv": [2, 4.5, 2.5, 5], "texture": "#0"},
				"down": {"uv": [0, 6, 1, 7], "texture": "#0"}
			}
		},
		{
			"from": [9.67071, 0.00175, 9.63465],
			"to": [10.67071, 0.98175, 11.03465],
			"rotation": {"angle": -45, "axis": "y", "origin": [10.17071, 0.50175, 10.03465]},
			"faces": {
				"north": {"uv": [0, 6, 1, 7], "texture": "#0"},
				"east": {"uv": [0, 6, 1, 7], "texture": "#0"},
				"south": {"uv": [0, 6, 1, 7], "texture": "#0"},
				"west": {"uv": [0, 6.5, 1.75, 8], "texture": "#0"},
				"up": {"uv": [2, 4.5, 2.5, 5], "texture": "#0"},
				"down": {"uv": [0, 6, 1, 7], "texture": "#0"}
			}
		},
		{
			"from": [9.33638, 0.00172, 11.82758],
			"to": [10.73638, 0.98172, 12.82758],
			"rotation": {"angle": -45, "axis": "y", "origin": [9.73638, 0.50172, 12.32758]},
			"faces": {
				"north": {"uv": [0, 6, 1, 7], "texture": "#0"},
				"east": {"uv": [0, 6, 1, 7], "texture": "#0"},
				"south": {"uv": [0, 6.5, 1.75, 8], "texture": "#0"},
				"west": {"uv": [0, 6, 1, 7], "texture": "#0"},
				"up": {"uv": [2, 4.5, 2.5, 5], "texture": "#0"},
				"down": {"uv": [0, 6, 1, 7], "texture": "#0"}
			}
		},
		{
			"from": [11.95, 0.9, 10.65],
			"to": [12.75, 1.7, 12.25],
			"faces": {
				"north": {"uv": [0, 6, 1, 7], "texture": "#0"},
				"east": {"uv": [0, 6, 1.75, 7.5], "texture": "#0"},
				"south": {"uv": [0, 6, 1, 7], "texture": "#0"},
				"west": {"uv": [0, 6, 1, 7], "texture": "#0"},
				"up": {"uv": [2, 4.5, 2.5, 5], "texture": "#0"},
				"down": {"uv": [0, 6, 1, 7], "texture": "#0"}
			}
		},
		{
			"from": [9.55009, 0.90135, 10.64856],
			"to": [10.35009, 1.70135, 12.24856],
			"faces": {
				"north": {"uv": [0, 6, 1, 7], "texture": "#0"},
				"east": {"uv": [0, 6, 1, 7], "texture": "#0"},
				"south": {"uv": [0, 6, 1, 7], "texture": "#0"},
				"west": {"uv": [0, 6, 1.75, 7.5], "texture": "#0"},
				"up": {"uv": [2, 4, 2.5, 6], "texture": "#0"},
				"down": {"uv": [0, 6, 1, 7], "texture": "#0"}
			}
		},
		{
			"from": [10.35, 0.9, 9.85],
			"to": [11.95, 1.7, 13.05],
			"faces": {
				"north": {"uv": [0, 6, 1.75, 7.5], "texture": "#0"},
				"east": {"uv": [0, 6.5, 1.75, 8], "texture": "#0"},
				"south": {"uv": [0, 6, 1.75, 7.5], "texture": "#0"},
				"west": {"uv": [0, 6.5, 1.75, 8], "texture": "#0"},
				"up": {"uv": [2.5, 4, 3.5, 6], "texture": "#0"},
				"down": {"uv": [0, 6.5, 1.75, 8], "texture": "#0"}
			}
		},
		{
			"from": [11.43415, 0.89848, 11.80167],
			"to": [12.55415, 1.68248, 12.60167],
			"rotation": {"angle": 45, "axis": "y", "origin": [12.23415, 1.29848, 12.20167]},
			"faces": {
				"north": {"uv": [0, 6, 1, 7], "texture": "#0"},
				"east": {"uv": [0, 6, 1, 7], "texture": "#0"},
				"south": {"uv": [0, 6, 1.75, 7.5], "texture": "#0"},
				"west": {"uv": [0, 6, 1, 7], "texture": "#0"},
				"up": {"uv": [2, 4.5, 2.5, 5], "texture": "#0"},
				"down": {"uv": [0, 6, 1, 7], "texture": "#0"}
			}
		},
		{
			"from": [11.49827, 0.90262, 10.04775],
			"to": [12.29827, 1.68662, 11.16775],
			"rotation": {"angle": 45, "axis": "y", "origin": [11.89827, 1.30262, 10.36775]},
			"faces": {
				"north": {"uv": [0, 6, 1, 7], "texture": "#0"},
				"east": {"uv": [0, 6, 1.75, 7.5], "texture": "#0"},
				"south": {"uv": [0, 6, 1, 7], "texture": "#0"},
				"west": {"uv": [0, 6, 1, 7], "texture": "#0"},
				"up": {"uv": [2, 4.5, 2.5, 5], "texture": "#0"},
				"down": {"uv": [0, 6, 1, 7], "texture": "#0"}
			}
		},
		{
			"from": [10.00657, 0.9014, 10.03772],
			"to": [10.80657, 1.6854, 11.15772],
			"rotation": {"angle": -45, "axis": "y", "origin": [10.40657, 1.3014, 10.35772]},
			"faces": {
				"north": {"uv": [0, 6, 1, 7], "texture": "#0"},
				"east": {"uv": [0, 6, 1, 7], "texture": "#0"},
				"south": {"uv": [0, 6, 1, 7], "texture": "#0"},
				"west": {"uv": [0, 6, 1.75, 7.5], "texture": "#0"},
				"up": {"uv": [2, 4.5, 2.5, 5], "texture": "#0"},
				"down": {"uv": [0, 6, 1, 7], "texture": "#0"}
			}
		},
		{
			"from": [9.73911, 0.90138, 11.79206],
			"to": [10.85911, 1.68538, 12.59206],
			"rotation": {"angle": -45, "axis": "y", "origin": [10.05911, 1.30138, 12.19206]},
			"faces": {
				"north": {"uv": [0, 6, 1, 7], "texture": "#0"},
				"east": {"uv": [0, 6, 1, 7], "texture": "#0"},
				"south": {"uv": [0, 6, 1.75, 7.5], "texture": "#0"},
				"west": {"uv": [0, 6, 1, 7], "texture": "#0"},
				"up": {"uv": [2, 4.5, 2.5, 5], "texture": "#0"},
				"down": {"uv": [0, 6, 1, 7], "texture": "#0"}
			}
		},
		{
			"from": [8.25, 1.75, 11.5],
			"to": [13.75, 9.75, 11.5],
			"rotation": {"angle": -45, "axis": "y", "origin": [11, 5.75, 11.5]},
			"faces": {
				"north": {"uv": [0.48, 9.28, 3.717, 14.077], "texture": "#1"},
				"east": {"uv": [0.48, 9.28, 3.717, 14.077], "texture": "#1"},
				"south": {"uv": [0.48, 9.28, 3.717, 14.077], "texture": "#1"},
				"west": {"uv": [0.48, 9.28, 3.717, 14.077], "texture": "#1"},
				"up": {"uv": [0.48, 9.28, 3.717, 14.077], "texture": "#1"},
				"down": {"uv": [0.48, 9.28, 3.717, 14.077], "texture": "#1"}
			}
		},
		{
			"from": [2.25, 1.75, 4.5],
			"to": [7.75, 9.75, 4.5],
			"rotation": {"angle": 45, "axis": "y", "origin": [5, 5.75, 4.5]},
			"faces": {
				"north": {"uv": [0.48, 9.28, 3.717, 14.077], "texture": "#1"},
				"east": {"uv": [0.48, 9.28, 3.717, 14.077], "texture": "#1"},
				"south": {"uv": [0.48, 9.28, 3.717, 14.077], "texture": "#1"},
				"west": {"uv": [0.48, 9.28, 3.717, 14.077], "texture": "#1"},
				"up": {"uv": [0.48, 9.28, 3.717, 14.077], "texture": "#1"},
				"down": {"uv": [0.48, 9.28, 3.717, 14.077], "texture": "#1"}
			}
		},
		{
			"from": [2.25, 1.75, 4.5],
			"to": [7.75, 9.75, 4.5],
			"rotation": {"angle": -45, "axis": "y", "origin": [5, 5.75, 4.5]},
			"faces": {
				"north": {"uv": [0.48, 9.28, 3.717, 14.077], "texture": "#1"},
				"east": {"uv": [0.48, 9.28, 3.717, 14.077], "texture": "#1"},
				"south": {"uv": [0.48, 9.28, 3.717, 14.077], "texture": "#1"},
				"west": {"uv": [0.48, 9.28, 3.717, 14.077], "texture": "#1"},
				"up": {"uv": [0.48, 9.28, 3.717, 14.077], "texture": "#1"},
				"down": {"uv": [0.48, 9.28, 3.717, 14.077], "texture": "#1"}
			}
		},
		{
			"from": [4.5, 1.75, 9],
			"to": [4.5, 9.75, 15],
			"faces": {
				"north": {"uv": [0.48, 9.28, 3.717, 14.077], "texture": "#1"},
				"east": {"uv": [0.48, 9.28, 3.717, 14.077], "texture": "#1"},
				"south": {"uv": [0.48, 9.28, 3.717, 14.077], "texture": "#1"},
				"west": {"uv": [0.48, 9.28, 3.717, 14.077], "texture": "#1"},
				"up": {"uv": [0.48, 9.28, 3.717, 14.077], "texture": "#1"},
				"down": {"uv": [0.48, 9.28, 3.717, 14.077], "texture": "#1"}
			}
		},
		{
			"from": [1.5, 1.75, 12],
			"to": [7.5, 9.75, 12],
			"faces": {
				"north": {"uv": [0.48, 9.28, 3.717, 14.077], "texture": "#1"},
				"east": {"uv": [0.48, 9.28, 3.717, 14.077], "texture": "#1"},
				"south": {"uv": [0.48, 9.28, 3.717, 14.077], "texture": "#1"},
				"west": {"uv": [0.48, 9.28, 3.717, 14.077], "texture": "#1"},
				"up": {"uv": [0.48, 9.28, 3.717, 14.077], "texture": "#1"},
				"down": {"uv": [0.48, 9.28, 3.717, 14.077], "texture": "#1"}
			}
		},
		{
			"from": [8.5, 1.75, 4],
			"to": [14.5, 9.75, 4],
			"faces": {
				"north": {"uv": [0.48, 9.28, 3.717, 14.077], "texture": "#1"},
				"east": {"uv": [0.48, 9.28, 3.717, 14.077], "texture": "#1"},
				"south": {"uv": [0.48, 9.28, 3.717, 14.077], "texture": "#1"},
				"west": {"uv": [0.48, 9.28, 3.717, 14.077], "texture": "#1"},
				"up": {"uv": [0.48, 9.28, 3.717, 14.077], "texture": "#1"},
				"down": {"uv": [0.48, 9.28, 3.717, 14.077], "texture": "#1"}
			}
		},
		{
			"from": [11.5, 1.75, 1],
			"to": [11.5, 9.75, 7],
			"faces": {
				"north": {"uv": [0.48, 9.28, 3.717, 14.077], "texture": "#1"},
				"east": {"uv": [0.48, 9.28, 3.717, 14.077], "texture": "#1"},
				"south": {"uv": [0.48, 9.28, 3.717, 14.077], "texture": "#1"},
				"west": {"uv": [0.48, 9.28, 3.717, 14.077], "texture": "#1"},
				"up": {"uv": [0.48, 9.28, 3.717, 14.077], "texture": "#1"},
				"down": {"uv": [0.48, 9.28, 3.717, 14.077], "texture": "#1"}
			}
		},
		{
			"from": [8.25, 1.75, 11.5],
			"to": [13.75, 9.75, 11.5],
			"rotation": {"angle": 45, "axis": "y", "origin": [11, 5.75, 11.5]},
			"faces": {
				"north": {"uv": [0.48, 9.28, 3.717, 14.077], "texture": "#1"},
				"east": {"uv": [0.48, 9.28, 3.717, 14.077], "texture": "#1"},
				"south": {"uv": [0.48, 9.28, 3.717, 14.077], "texture": "#1"},
				"west": {"uv": [0.48, 9.28, 3.717, 14.077], "texture": "#1"},
				"up": {"uv": [0.48, 9.28, 3.717, 14.077], "texture": "#1"},
				"down": {"uv": [0.48, 9.28, 3.717, 14.077], "texture": "#1"}
			}
		}
	],
	"display": {
		"thirdperson_righthand": {
			"rotation": [75, 45, 0],
			"translation": [0, 2.5, 0],
			"scale": [0.375, 0.375, 0.375]
		},
		"thirdperson_lefthand": {
			"rotation": [75, 45, 0],
			"translation": [0, 2.5, 0],
			"scale": [0.375, 0.375, 0.375]
		},
		"firstperson_righthand": {
			"rotation": [0, 45, 0],
			"translation": [0, 3.75, 0],
			"scale": [0.4, 0.4, 0.4]
		},
		"firstperson_lefthand": {
			"rotation": [0, 225, 0],
			"translation": [0, 4, 0],
			"scale": [0.4, 0.4, 0.4]
		},
		"ground": {
			"scale": [0.5, 0.5, 0.5]
		},
		"gui": {
			"rotation": [30, 225, 0],
			"translation": [0, 3.25, 0],
			"scale": [0.625, 0.625, 0.625]
		},
		"head": {
			"translation": [0, 14.5, 0]
		},
		"fixed": {
			"rotation": [-90, 0, 0],
			"translation": [0, 0, -15.25],
			"scale": [2, 2, 2]
		}
	},
	"groups": [
		{
			"name": "Onion Bottom",
			"children": [0, 1, 2, 3, 4, 5, 6,
				{
					"name": "Onion Bottom2",
					"children": [7, 8, 9, 10, 11, 12, 13]
				}
			]
		},
		{
			"name": "Onion Bottom3",
			"children": [14, 15, 16, 17, 18, 19, 20,
				{
					"name": "Onion Bottom2",
					"children": [21, 22, 23, 24, 25, 26, 27]
				}
			]
		},
		{
			"name": "Onion Bottom4",
			"children": [28, 29, 30, 31, 32, 33, 34,
				{
					"name": "Onion Bottom2",
					"children": [35, 36, 37, 38, 39, 40, 41]
				}
			]
		},
		{
			"name": "Onion Bottom5",
			"children": [42, 43, 44, 45, 46, 47, 48,
				{
					"name": "Onion Bottom2",
					"children": [49, 50, 51, 52, 53, 54, 55]
				}
			]
		},
		{
			"name": "Onion Tops",
			"children": [56, 57, 58, 59, 60, 61, 62, 63]
		}
	]
}