{
	"credit": "Made with Blockbench",
	"parent": "./cit_item",
	"textures": {
		"0": "block/MizunoArchive/fern_5",
		"1": "block/MizunoArchive/cocoa_stage1",
		"2": "block/MizunoArchive/coarse_dirt",
		"3": "block/MizunoArchive/red_glazed_terracotta",
		"particle": "block/MizunoArchive/cocoa_stage1"
	},
	"elements": [
		{
			"from": [12.76406, 6.56473, 4.94859],
			"to": [13.51406, 7.31473, 10.94859],
			"faces": {
				"north": {"uv": [0, 0, 1, 1], "texture": "#3"},
				"east": {"uv": [0, 0, 1, 1], "texture": "#3"},
				"south": {"uv": [0, 0, 1, 1], "texture": "#3"},
				"west": {"uv": [0, 0, 1, 1], "texture": "#3"},
				"up": {"uv": [0, 0, 1, 1], "texture": "#3"},
				"down": {"uv": [0, 0, 1, 1], "texture": "#3"}
			}
		},
		{
			"from": [6.01406, -0.18527, 4.94859],
			"to": [12.01406, 0.56473, 10.94859],
			"faces": {
				"north": {"uv": [0, 2, 1, 5], "texture": "#3"},
				"east": {"uv": [0, 2, 1, 5], "texture": "#3"},
				"south": {"uv": [0, 2, 1, 5], "texture": "#3"},
				"west": {"uv": [0, 2, 1, 5], "texture": "#3"},
				"up": {"uv": [0, 2, 1, 5], "texture": "#3"},
				"down": {"uv": [0, 2, 1, 5], "texture": "#3"}
			}
		},
		{
			"from": [4.51406, 0.56473, 4.94859],
			"to": [6.01406, 2.06473, 10.94859],
			"faces": {
				"north": {"uv": [0, 0, 4, 1], "texture": "#3"},
				"east": {"uv": [0, 0, 4, 1], "texture": "#3"},
				"south": {"uv": [0, 0, 4, 1], "texture": "#3"},
				"west": {"uv": [0, 0, 4, 1], "texture": "#3"},
				"up": {"uv": [0, 0, 4, 1], "texture": "#3"},
				"down": {"uv": [0, 0, 4, 1], "texture": "#3"}
			}
		},
		{
			"from": [12.01406, 0.56473, 4.94859],
			"to": [13.51406, 2.06473, 10.94859],
			"faces": {
				"north": {"uv": [0, 0, 4, 1], "texture": "#3"},
				"east": {"uv": [0, 0, 4, 1], "texture": "#3"},
				"south": {"uv": [0, 0, 4, 1], "texture": "#3"},
				"west": {"uv": [0, 0, 4, 1], "texture": "#3"},
				"up": {"uv": [0, 0, 4, 1], "texture": "#3"},
				"down": {"uv": [0, 0, 4, 1], "texture": "#3"}
			}
		},
		{
			"from": [6.00753, 0.56472, 3.45513],
			"to": [12.00753, 2.06472, 4.95513],
			"faces": {
				"north": {"uv": [0, 0, 1, 1], "texture": "#3"},
				"east": {"uv": [0, 0, 1, 1], "texture": "#3"},
				"south": {"uv": [0, 0, 1, 1], "texture": "#3"},
				"west": {"uv": [0, 0, 1, 1], "texture": "#3"},
				"up": {"uv": [0, 0, 1, 1], "texture": "#3"},
				"down": {"uv": [0, 0, 1, 1], "texture": "#3"}
			}
		},
		{
			"from": [6.00753, 0.56472, 10.95513],
			"to": [12.00753, 2.06472, 12.45513],
			"faces": {
				"north": {"uv": [0, 0, 1, 1], "texture": "#3"},
				"east": {"uv": [0, 0, 1, 1], "texture": "#3"},
				"south": {"uv": [0, 0, 1, 1], "texture": "#3"},
				"west": {"uv": [0, 0, 1, 1], "texture": "#3"},
				"up": {"uv": [0, 0, 1, 1], "texture": "#3"},
				"down": {"uv": [0, 0, 1, 1], "texture": "#3"}
			}
		},
		{
			"from": [3.01406, 2.06473, 4.94859],
			"to": [4.51406, 6.56473, 10.94859],
			"faces": {
				"north": {"uv": [0, 2, 1, 5], "texture": "#3"},
				"east": {"uv": [0, 2, 1, 5], "texture": "#3"},
				"south": {"uv": [0, 2, 1, 5], "texture": "#3"},
				"west": {"uv": [0, 2, 1, 5], "texture": "#3"},
				"up": {"uv": [0, 2, 1, 5], "texture": "#3"},
				"down": {"uv": [0, 2, 1, 5], "texture": "#3"}
			}
		},
		{
			"from": [6.00753, 2.06472, 1.95513],
			"to": [12.00753, 6.56472, 3.45513],
			"faces": {
				"north": {"uv": [0, 2, 1, 5], "texture": "#3"},
				"east": {"uv": [0, 2, 1, 5], "texture": "#3"},
				"south": {"uv": [0, 2, 1, 5], "texture": "#3"},
				"west": {"uv": [0, 2, 1, 5], "texture": "#3"},
				"up": {"uv": [0, 2, 1, 5], "texture": "#3"},
				"down": {"uv": [0, 2, 1, 5], "texture": "#3"}
			}
		},
		{
			"from": [13.51406, 2.06473, 4.94859],
			"to": [15.01406, 6.56473, 10.94859],
			"faces": {
				"north": {"uv": [0, 2, 1, 5], "texture": "#3"},
				"east": {"uv": [0, 2, 1, 5], "texture": "#3"},
				"south": {"uv": [0, 2, 1, 5], "texture": "#3"},
				"west": {"uv": [0, 2, 1, 5], "texture": "#3"},
				"up": {"uv": [0, 2, 1, 5], "texture": "#3"},
				"down": {"uv": [0, 2, 1, 5], "texture": "#3"}
			}
		},
		{
			"from": [6.00753, 2.06472, 12.45513],
			"to": [12.00753, 6.56472, 13.95513],
			"faces": {
				"north": {"uv": [0, 2, 1, 5], "texture": "#3"},
				"east": {"uv": [0, 2, 1, 5], "texture": "#3"},
				"south": {"uv": [0, 2, 1, 5], "texture": "#3"},
				"west": {"uv": [0, 2, 1, 5], "texture": "#3"},
				"up": {"uv": [0, 2, 1, 5], "texture": "#3"},
				"down": {"uv": [0, 2, 1, 5], "texture": "#3"}
			}
		},
		{
			"from": [4.51406, 6.56473, 4.94859],
			"to": [5.26406, 7.31473, 10.94859],
			"faces": {
				"north": {"uv": [0, 0, 1, 1], "texture": "#3"},
				"east": {"uv": [0, 0, 1, 1], "texture": "#3"},
				"south": {"uv": [0, 0, 1, 1], "texture": "#3"},
				"west": {"uv": [0, 0, 1, 1], "texture": "#3"},
				"up": {"uv": [0, 0, 1, 1], "texture": "#3"},
				"down": {"uv": [0, 0, 1, 1], "texture": "#3"}
			}
		},
		{
			"from": [6.00753, 6.56472, 3.45513],
			"to": [12.00753, 7.31472, 4.20513],
			"faces": {
				"north": {"uv": [0, 0, 4, 1], "texture": "#3"},
				"east": {"uv": [0, 0, 4, 1], "texture": "#3"},
				"south": {"uv": [0, 0, 4, 1], "texture": "#3"},
				"west": {"uv": [0, 0, 4, 1], "texture": "#3"},
				"up": {"uv": [0, 0, 4, 1], "texture": "#3"},
				"down": {"uv": [0, 0, 4, 1], "texture": "#3"}
			}
		},
		{
			"from": [6.00753, 6.56472, 11.70513],
			"to": [12.00753, 7.31472, 12.45513],
			"faces": {
				"north": {"uv": [0, 0, 4, 1], "texture": "#3"},
				"east": {"uv": [0, 0, 4, 1], "texture": "#3"},
				"south": {"uv": [0, 0, 4, 1], "texture": "#3"},
				"west": {"uv": [0, 0, 4, 1], "texture": "#3"},
				"up": {"uv": [0, 0, 4, 1], "texture": "#3"},
				"down": {"uv": [0, 0, 4, 1], "texture": "#3"}
			}
		},
		{
			"from": [3.37171, 2.06907, -0.17074],
			"to": [7.62171, 6.56907, 1.32926],
			"rotation": {"angle": 45, "axis": "y", "origin": [9.37171, 12.56907, 2.82926]},
			"faces": {
				"north": {"uv": [0, 2, 1, 5], "texture": "#3"},
				"east": {"uv": [0, 2, 1, 5], "texture": "#3"},
				"south": {"uv": [0, 2, 1, 5], "texture": "#3"},
				"west": {"uv": [0, 2, 1, 5], "texture": "#3"},
				"up": {"uv": [0, 2, 1, 5], "texture": "#3"},
				"down": {"uv": [0, 2, 1, 5], "texture": "#3"}
			}
		},
		{
			"from": [8.13842, 2.06346, 5.31078],
			"to": [12.38842, 6.56346, 6.81078],
			"rotation": {"angle": -45, "axis": "y", "origin": [14.13842, 12.56346, 8.31078]},
			"faces": {
				"north": {"uv": [0, 2, 1, 5], "texture": "#3"},
				"east": {"uv": [0, 2, 1, 5], "texture": "#3"},
				"south": {"uv": [0, 2, 1, 5], "texture": "#3"},
				"west": {"uv": [0, 2, 1, 5], "texture": "#3"},
				"up": {"uv": [0, 2, 1, 5], "texture": "#3"},
				"down": {"uv": [0, 2, 1, 5], "texture": "#3"}
			}
		},
		{
			"from": [10.40642, 2.06907, 14.56792],
			"to": [14.65642, 6.56907, 16.06792],
			"rotation": {"angle": 45, "axis": "y", "origin": [8.65642, 12.56907, 13.06792]},
			"faces": {
				"north": {"uv": [0, 2, 1, 5], "texture": "#3"},
				"east": {"uv": [0, 2, 1, 5], "texture": "#3"},
				"south": {"uv": [0, 2, 1, 5], "texture": "#3"},
				"west": {"uv": [0, 2, 1, 5], "texture": "#3"},
				"up": {"uv": [0, 2, 1, 5], "texture": "#3"},
				"down": {"uv": [0, 2, 1, 5], "texture": "#3"}
			}
		},
		{
			"from": [5.6397, 2.06346, 9.08639],
			"to": [9.8897, 6.56346, 10.58639],
			"rotation": {"angle": -45, "axis": "y", "origin": [3.8897, 12.56346, 7.58639]},
			"faces": {
				"north": {"uv": [0, 2, 1, 5], "texture": "#3"},
				"east": {"uv": [0, 2, 1, 5], "texture": "#3"},
				"south": {"uv": [0, 2, 1, 5], "texture": "#3"},
				"west": {"uv": [0, 2, 1, 5], "texture": "#3"},
				"up": {"uv": [0, 2, 1, 5], "texture": "#3"},
				"down": {"uv": [0, 2, 1, 5], "texture": "#3"}
			}
		},
		{
			"from": [7.87956, 0.5717, 6.71878],
			"to": [8.62956, 7.3217, 8.81878],
			"rotation": {"angle": -45, "axis": "y", "origin": [10.87956, 8.0717, 2.81878]},
			"faces": {
				"north": {"uv": [0, 0, 1, 2], "texture": "#3"},
				"east": {"uv": [0, 0, 1, 2], "texture": "#3"},
				"south": {"uv": [0, 0, 1, 2], "texture": "#3"},
				"west": {"uv": [0, 0, 1, 2], "texture": "#3"},
				"up": {"uv": [0, 0, 1, 2], "texture": "#3"},
				"down": {"uv": [0, 0, 1, 2], "texture": "#3"}
			}
		},
		{
			"from": [8.14107, 0.55818, 6.8134],
			"to": [10.24107, 7.30818, 7.5634],
			"rotation": {"angle": -45, "axis": "y", "origin": [14.14107, 8.05818, 9.8134]},
			"faces": {
				"north": {"uv": [0, 0, 1, 2], "texture": "#3"},
				"east": {"uv": [0, 0, 1, 2], "texture": "#3"},
				"south": {"uv": [0, 0, 1, 2], "texture": "#3"},
				"west": {"uv": [0, 0, 1, 2], "texture": "#3"},
				"up": {"uv": [0, 0, 1, 2], "texture": "#3"},
				"down": {"uv": [0, 0, 1, 2], "texture": "#3"}
			}
		},
		{
			"from": [8.14107, 0.55818, 8.33378],
			"to": [10.24107, 7.30818, 9.08378],
			"rotation": {"angle": 45, "axis": "y", "origin": [14.14107, 8.05818, 6.08378]},
			"faces": {
				"north": {"uv": [0, 0, 1, 2], "texture": "#3"},
				"east": {"uv": [0, 0, 1, 2], "texture": "#3"},
				"south": {"uv": [0, 0, 1, 2], "texture": "#3"},
				"west": {"uv": [0, 0, 1, 2], "texture": "#3"},
				"up": {"uv": [0, 0, 1, 2], "texture": "#3"},
				"down": {"uv": [0, 0, 1, 2], "texture": "#3"}
			}
		},
		{
			"from": [7.87956, 0.5717, 7.0784],
			"to": [8.62956, 7.3217, 9.1784],
			"rotation": {"angle": 45, "axis": "y", "origin": [10.87956, 8.0717, 13.0784]},
			"faces": {
				"north": {"uv": [0, 0, 1, 2], "texture": "#3"},
				"east": {"uv": [0, 0, 1, 2], "texture": "#3"},
				"south": {"uv": [0, 0, 1, 2], "texture": "#3"},
				"west": {"uv": [0, 0, 1, 2], "texture": "#3"},
				"up": {"uv": [0, 0, 1, 2], "texture": "#3"},
				"down": {"uv": [0, 0, 1, 2], "texture": "#3"}
			}
		},
		{
			"from": [5.01406, 5.76473, 3.94859],
			"to": [13.51406, 6.51473, 11.94859],
			"faces": {
				"north": {"uv": [0, 0, 16, 16], "texture": "#2"},
				"east": {"uv": [0, 0, 16, 16], "texture": "#2"},
				"south": {"uv": [0, 0, 16, 16], "texture": "#2"},
				"west": {"uv": [0, 0, 16, 16], "texture": "#2"},
				"up": {"uv": [0, 0, 16, 16], "texture": "#2"},
				"down": {"uv": [0, 0, 16, 16], "texture": "#2"}
			}
		},
		{
			"from": [5.9474, 3.01072, 12.54526],
			"to": [12.0674, 5.60072, 14.07526],
			"faces": {
				"north": {"uv": [0, 3, 16, 12], "texture": "#3"},
				"east": {"uv": [0, 3, 16, 12], "texture": "#3"},
				"south": {"uv": [0, 3, 16, 12], "texture": "#3"},
				"west": {"uv": [0, 3, 16, 12], "texture": "#3"},
				"up": {"uv": [0, 3, 16, 12], "texture": "#3"},
				"down": {"uv": [0, 3, 16, 12], "texture": "#3"}
			}
		},
		{
			"from": [10.43427, 3.01515, 14.7003],
			"to": [14.76927, 5.60515, 16.2303],
			"rotation": {"angle": 45, "axis": "y", "origin": [8.64927, 12.72515, 13.1703]},
			"faces": {
				"north": {"uv": [0, 3, 16, 12], "texture": "#3"},
				"east": {"uv": [0, 3, 16, 12], "texture": "#3"},
				"south": {"uv": [0, 3, 16, 12], "texture": "#3"},
				"west": {"uv": [0, 3, 16, 12], "texture": "#3"},
				"up": {"uv": [0, 3, 16, 12], "texture": "#3"},
				"down": {"uv": [0, 3, 16, 12], "texture": "#3"}
			}
		},
		{
			"from": [13.60406, 3.01073, 4.88859],
			"to": [15.13406, 5.60073, 11.00859],
			"faces": {
				"north": {"uv": [0, 3, 16, 12], "texture": "#3"},
				"east": {"uv": [0, 3, 16, 12], "texture": "#3"},
				"south": {"uv": [0, 3, 16, 12], "texture": "#3"},
				"west": {"uv": [0, 3, 16, 12], "texture": "#3"},
				"up": {"uv": [0, 3, 16, 12], "texture": "#3"},
				"down": {"uv": [0, 3, 16, 12], "texture": "#3"}
			}
		},
		{
			"from": [5.57221, 3.00943, 9.10915],
			"to": [9.90721, 5.59943, 10.63915],
			"rotation": {"angle": -45, "axis": "y", "origin": [3.78721, 12.71943, 7.57915]},
			"faces": {
				"north": {"uv": [0, 3, 16, 12], "texture": "#3"},
				"east": {"uv": [0, 3, 16, 12], "texture": "#3"},
				"south": {"uv": [0, 3, 16, 12], "texture": "#3"},
				"west": {"uv": [0, 3, 16, 12], "texture": "#3"},
				"up": {"uv": [0, 3, 16, 12], "texture": "#3"},
				"down": {"uv": [0, 3, 16, 12], "texture": "#3"}
			}
		},
		{
			"from": [2.89406, 3.01073, 4.88859],
			"to": [4.42406, 5.60073, 11.00859],
			"faces": {
				"north": {"uv": [0, 3, 16, 12], "texture": "#3"},
				"east": {"uv": [0, 3, 16, 12], "texture": "#3"},
				"south": {"uv": [0, 3, 16, 12], "texture": "#3"},
				"west": {"uv": [0, 3, 16, 12], "texture": "#3"},
				"up": {"uv": [0, 3, 16, 12], "texture": "#3"},
				"down": {"uv": [0, 3, 16, 12], "texture": "#3"}
			}
		},
		{
			"from": [3.25886, 3.01515, -0.33313],
			"to": [7.59386, 5.60515, 1.19687],
			"rotation": {"angle": 45, "axis": "y", "origin": [9.37886, 12.72515, 2.72687]},
			"faces": {
				"north": {"uv": [0, 3, 16, 12], "texture": "#3"},
				"east": {"uv": [0, 3, 16, 12], "texture": "#3"},
				"south": {"uv": [0, 3, 16, 12], "texture": "#3"},
				"west": {"uv": [0, 3, 16, 12], "texture": "#3"},
				"up": {"uv": [0, 3, 16, 12], "texture": "#3"},
				"down": {"uv": [0, 3, 16, 12], "texture": "#3"}
			}
		},
		{
			"from": [5.9474, 3.01072, 1.83526],
			"to": [12.0674, 5.60072, 3.36526],
			"faces": {
				"north": {"uv": [0, 3, 16, 12], "texture": "#3"},
				"east": {"uv": [0, 3, 16, 12], "texture": "#3"},
				"south": {"uv": [0, 3, 16, 12], "texture": "#3"},
				"west": {"uv": [0, 3, 16, 12], "texture": "#3"},
				"up": {"uv": [0, 3, 16, 12], "texture": "#3"},
				"down": {"uv": [0, 3, 16, 12], "texture": "#3"}
			}
		},
		{
			"from": [8.12091, 3.00943, 5.25802],
			"to": [12.45591, 5.59943, 6.78802],
			"rotation": {"angle": -45, "axis": "y", "origin": [14.24091, 12.71943, 8.31802]},
			"faces": {
				"north": {"uv": [0, 3, 16, 12], "texture": "#3"},
				"east": {"uv": [0, 3, 16, 12], "texture": "#3"},
				"south": {"uv": [0, 3, 16, 12], "texture": "#3"},
				"west": {"uv": [0, 3, 16, 12], "texture": "#3"},
				"up": {"uv": [0, 3, 16, 12], "texture": "#3"},
				"down": {"uv": [0, 3, 16, 12], "texture": "#3"}
			}
		},
		{
			"from": [-1.81394, 27.47353, 4.02859],
			"to": [14.98606, 27.48473, 11.86859],
			"rotation": {"angle": -45, "axis": "z", "origin": [6.02606, 21.88473, 7.94859]},
			"faces": {
				"north": {"uv": [5.5, 4, 2, 16], "rotation": 90, "texture": "#0"},
				"east": {"uv": [5.5, 4, 2, 16], "rotation": 90, "texture": "#0"},
				"south": {"uv": [5.5, 4, 2, 16], "rotation": 90, "texture": "#0"},
				"west": {"uv": [5.5, 4, 2, 16], "rotation": 90, "texture": "#0"},
				"up": {"uv": [5.5, 4, 2, 16], "rotation": 90, "texture": "#0"},
				"down": {"uv": [5.5, 4, 2, 16], "rotation": 90, "texture": "#0"}
			}
		},
		{
			"from": [-5.28594, 27.47353, 4.02859],
			"to": [11.51406, 27.48473, 11.86859],
			"rotation": {"angle": 45, "axis": "z", "origin": [3.67406, 21.88473, 7.94859]},
			"faces": {
				"north": {"uv": [5.5, 4, 2, 16], "rotation": 270, "texture": "#0"},
				"east": {"uv": [5.5, 4, 2, 16], "rotation": 270, "texture": "#0"},
				"south": {"uv": [5.5, 4, 2, 16], "rotation": 270, "texture": "#0"},
				"west": {"uv": [5.5, 4, 2, 16], "rotation": 270, "texture": "#0"},
				"up": {"uv": [5.5, 4, 2, 16], "rotation": 270, "texture": "#0"},
				"down": {"uv": [5.5, 4, 2, 16], "rotation": 270, "texture": "#0"}
			}
		},
		{
			"from": [0.98606, 27.47353, 1.45259],
			"to": [8.82606, 27.48473, 18.25259],
			"rotation": {"angle": 45, "axis": "x", "origin": [8.26606, 21.88473, 9.29259]},
			"faces": {
				"north": {"uv": [2, 16, 5.5, 4], "texture": "#0"},
				"east": {"uv": [2, 16, 5.5, 4], "texture": "#0"},
				"south": {"uv": [2, 16, 5.5, 4], "texture": "#0"},
				"west": {"uv": [2, 16, 5.5, 4], "texture": "#0"},
				"up": {"uv": [2, 16, 5.5, 4], "texture": "#0"},
				"down": {"uv": [2, 16, 5.5, 4], "texture": "#0"}
			}
		},
		{
			"from": [0.98606, 27.47353, -2.24341],
			"to": [8.82606, 27.48473, 14.55659],
			"rotation": {"angle": -45, "axis": "x", "origin": [8.26606, 21.88473, 6.71659]},
			"faces": {
				"north": {"uv": [2, 4, 5.5, 16], "texture": "#0"},
				"east": {"uv": [2, 4, 5.5, 16], "texture": "#0"},
				"south": {"uv": [2, 4, 5.5, 16], "texture": "#0"},
				"west": {"uv": [2, 4, 5.5, 16], "texture": "#0"},
				"up": {"uv": [2, 4, 5.5, 16], "texture": "#0"},
				"down": {"uv": [2, 4, 5.5, 16], "texture": "#0"}
			}
		},
		{
			"from": [0.98606, 26.29753, -2.80341],
			"to": [8.82606, 26.30873, 10.63659],
			"rotation": {"angle": -22.5, "axis": "x", "origin": [8.26606, 20.70873, 0.55659]},
			"faces": {
				"north": {"uv": [2, 4, 5.5, 16], "texture": "#0"},
				"east": {"uv": [2, 4, 5.5, 16], "texture": "#0"},
				"south": {"uv": [2, 4, 5.5, 16], "texture": "#0"},
				"west": {"uv": [2, 4, 5.5, 16], "texture": "#0"},
				"up": {"uv": [10, 8.5, 13.5, 16], "texture": "#0"},
				"down": {"uv": [2, 4, 5.5, 16], "texture": "#0"}
			}
		},
		{
			"from": [2.75211, 26.07218, 4.52689],
			"to": [16.19211, 26.08338, 12.36689],
			"rotation": {"angle": -22.5, "axis": "z", "origin": [12.83211, 20.48338, 11.80689]},
			"faces": {
				"north": {"uv": [2, 4, 5.5, 16], "texture": "#0"},
				"east": {"uv": [2, 4, 5.5, 16], "texture": "#0"},
				"south": {"uv": [2, 4, 5.5, 16], "texture": "#0"},
				"west": {"uv": [2, 4, 5.5, 16], "texture": "#0"},
				"up": {"uv": [10, 8.5, 13.5, 16], "rotation": 90, "texture": "#0"},
				"down": {"uv": [2, 4, 5.5, 16], "rotation": 270, "texture": "#0"}
			}
		},
		{
			"from": [1.03914, 26.24265, 6.27867],
			"to": [8.87914, 26.25385, 19.71867],
			"rotation": {"angle": 22.5, "axis": "x", "origin": [1.59914, 20.65385, 16.35867]},
			"faces": {
				"north": {"uv": [2, 4, 5.5, 16], "texture": "#0"},
				"east": {"uv": [2, 4, 5.5, 16], "texture": "#0"},
				"south": {"uv": [2, 4, 5.5, 16], "texture": "#0"},
				"west": {"uv": [2, 4, 5.5, 16], "texture": "#0"},
				"up": {"uv": [10, 8.5, 13.5, 16], "rotation": 180, "texture": "#0"},
				"down": {"uv": [2, 4, 5.5, 16], "rotation": 180, "texture": "#0"}
			}
		},
		{
			"from": [-6.34421, 26.04201, 4.55833],
			"to": [7.09579, 26.05321, 12.39833],
			"rotation": {"angle": 22.5, "axis": "z", "origin": [-2.98421, 20.45321, 5.11833]},
			"faces": {
				"north": {"uv": [2, 4, 5.5, 16], "texture": "#0"},
				"east": {"uv": [2, 4, 5.5, 16], "texture": "#0"},
				"south": {"uv": [2, 4, 5.5, 16], "texture": "#0"},
				"west": {"uv": [2, 4, 5.5, 16], "texture": "#0"},
				"up": {"uv": [10, 8.5, 13.5, 16], "rotation": 270, "texture": "#0"},
				"down": {"uv": [2, 4, 5.5, 16], "rotation": 90, "texture": "#0"}
			}
		},
		{
			"from": [6.51406, 6.76473, 5.44859],
			"to": [11.51406, 11.76473, 10.44859],
			"faces": {
				"north": {"uv": [9, 4, 15, 11], "texture": "#1"},
				"east": {"uv": [9, 4, 15, 11], "texture": "#1"},
				"south": {"uv": [9, 4, 15, 11], "texture": "#1"},
				"west": {"uv": [9, 4, 15, 11], "texture": "#1"},
				"up": {"uv": [9, 4, 15, 11], "texture": "#1"},
				"down": {"uv": [9, 4, 15, 11], "texture": "#1"}
			}
		},
		{
			"from": [5.76406, 11.76473, 5.69859],
			"to": [10.26406, 16.76473, 10.19859],
			"faces": {
				"north": {"uv": [9, 4, 15, 11], "texture": "#1"},
				"east": {"uv": [9, 4, 15, 11], "texture": "#1"},
				"south": {"uv": [9, 4, 15, 11], "texture": "#1"},
				"west": {"uv": [9, 4, 15, 11], "texture": "#1"},
				"up": {"uv": [9, 4, 15, 11], "texture": "#1"},
				"down": {"uv": [9, 4, 15, 11], "texture": "#1"}
			}
		},
		{
			"from": [5.01406, 16.76473, 5.94859],
			"to": [9.01406, 20.76473, 9.94859],
			"faces": {
				"north": {"uv": [9, 4, 15, 11], "texture": "#1"},
				"east": {"uv": [9, 4, 15, 11], "texture": "#1"},
				"south": {"uv": [9, 4, 15, 11], "texture": "#1"},
				"west": {"uv": [9, 4, 15, 11], "texture": "#1"},
				"up": {"uv": [9, 4, 15, 11], "texture": "#1"},
				"down": {"uv": [9, 4, 15, 11], "texture": "#1"}
			}
		},
		{
			"from": [4.26406, 20.76473, 6.19859],
			"to": [7.76406, 24.76473, 9.69859],
			"faces": {
				"north": {"uv": [9, 4, 15, 11], "texture": "#1"},
				"east": {"uv": [9, 4, 15, 11], "texture": "#1"},
				"south": {"uv": [9, 4, 15, 11], "texture": "#1"},
				"west": {"uv": [9, 4, 15, 11], "texture": "#1"},
				"up": {"uv": [9, 4, 15, 11], "texture": "#1"},
				"down": {"uv": [9, 4, 15, 11], "texture": "#1"}
			}
		},
		{
			"from": [3.76406, 24.76473, 6.44859],
			"to": [6.76406, 27.76473, 9.44859],
			"faces": {
				"north": {"uv": [9, 4, 15, 11], "texture": "#1"},
				"east": {"uv": [9, 4, 15, 11], "texture": "#1"},
				"south": {"uv": [9, 4, 15, 11], "texture": "#1"},
				"west": {"uv": [9, 4, 15, 11], "texture": "#1"},
				"up": {"uv": [9, 4, 15, 11], "texture": "#1"},
				"down": {"uv": [9, 4, 15, 11], "texture": "#1"}
			}
		}
	],
	"display": {
		"thirdperson_righthand": {
			"rotation": [75, 45, 0],
			"translation": [0, 2.5, 0],
			"scale": [0.375, 0.375, 0.375]
		},
		"thirdperson_lefthand": {
			"rotation": [75, 45, 0],
			"translation": [0, 2.5, 0],
			"scale": [0.375, 0.375, 0.375]
		},
		"firstperson_righthand": {
			"rotation": [0, 16, 0],
			"scale": [0.4, 0.4, 0.4]
		},
		"firstperson_lefthand": {
			"rotation": [0, 124, 0],
			"scale": [0.4, 0.4, 0.4]
		},
		"ground": {
			"translation": [0, -1.75, 0],
			"scale": [0.25, 0.25, 0.25]
		},
		"gui": {
			"rotation": [30, 225, 0],
			"translation": [-0.25, -1.75, 0],
			"scale": [0.4, 0.4, 0.4]
		},
		"head": {
			"translation": [0, 10.25, 0],
			"scale": [0.5, 0.5, 0.5]
		},
		"fixed": {
			"rotation": [-90, 0, 0],
			"translation": [0, 0, -15.25],
			"scale": [2, 2, 2]
		}
	},
	"groups": [
		{
			"name": "Flower Pot",
			"children": [0, 1, 2, 3, 4, 5, 6, 7, 8, 9, 10, 11, 12, 13, 14, 15, 16, 17, 18, 19, 20, 21, 22, 23, 24, 25, 26, 27, 28, 29]
		},
		{
			"name": "Leaves",
			"children": [30, 31, 32, 33, 34, 35, 36, 37]
		},
		{
			"name": "Trunk",
			"children": [38, 39, 40, 41, 42]
		}
	]
}