{
	"credit": "Made with Blockbench",
	"parent": "./cit_item_l",
	"textures": {
		"0": "block/Veggies",
		"2": "block/MizunoArchive/jungle_log",
		"particle": "block/Veggies",
		"1_0": "block/MizunoArchive/sunflower_bottom"
	},
	"elements": [
		{
			"from": [2.528, 3.96, 8],
			"to": [13.472, 18.36, 8.0076],
			"rotation": {"angle": 45, "axis": "y", "origin": [8, 7.76, 8], "rescale": true},
			"faces": {
				"north": {"uv": [1, 0, 16, 16], "texture": "#1_0"},
				"east": {"uv": [1, 0, 16, 16], "texture": "#1_0"},
				"south": {"uv": [1, 0, 16, 16], "texture": "#1_0"},
				"west": {"uv": [1, 0, 16, 16], "texture": "#1_0"},
				"up": {"uv": [1, 0, 16, 16], "texture": "#1_0"},
				"down": {"uv": [1, 0, 16, 16], "texture": "#1_0"}
			}
		},
		{
			"from": [8, 3.96, 2.528],
			"to": [8.0076, 18.36, 13.472],
			"rotation": {"angle": 45, "axis": "y", "origin": [8, 7.76, 8], "rescale": true},
			"faces": {
				"north": {"uv": [1, 0, 16, 16], "texture": "#1_0"},
				"east": {"uv": [1, 0, 16, 16], "texture": "#1_0"},
				"south": {"uv": [1, 0, 16, 16], "texture": "#1_0"},
				"west": {"uv": [1, 0, 16, 16], "texture": "#1_0"},
				"up": {"uv": [1, 0, 16, 16], "texture": "#1_0"},
				"down": {"uv": [1, 0, 16, 16], "texture": "#1_0"}
			}
		},
		{
			"from": [2.528, 3.96, 7.9924],
			"to": [13.472, 18.36, 8],
			"rotation": {"angle": 0, "axis": "y", "origin": [8, 7.76, 8], "rescale": true},
			"faces": {
				"north": {"uv": [1, 0, 16, 16], "texture": "#1_0"},
				"east": {"uv": [1, 0, 16, 16], "texture": "#1_0"},
				"south": {"uv": [1, 0, 16, 16], "texture": "#1_0"},
				"west": {"uv": [1, 0, 16, 16], "texture": "#1_0"},
				"up": {"uv": [1, 0, 16, 16], "texture": "#1_0"},
				"down": {"uv": [1, 0, 16, 16], "texture": "#1_0"}
			}
		},
		{
			"from": [7.9924, 3.96, 2.528],
			"to": [8, 18.36, 13.472],
			"rotation": {"angle": 0, "axis": "y", "origin": [8, 7.76, 8], "rescale": true},
			"faces": {
				"north": {"uv": [1, 0, 16, 16], "texture": "#1_0"},
				"east": {"uv": [1, 0, 16, 16], "texture": "#1_0"},
				"south": {"uv": [1, 0, 16, 16], "texture": "#1_0"},
				"west": {"uv": [1, 0, 16, 16], "texture": "#1_0"},
				"up": {"uv": [1, 0, 16, 16], "texture": "#1_0"},
				"down": {"uv": [1, 0, 16, 16], "texture": "#1_0"}
			}
		},
		{
			"from": [7, 4.5, 7],
			"to": [8, 7.5, 8],
			"faces": {
				"north": {"uv": [0, 0, 1, 3], "texture": "#2"},
				"east": {"uv": [0, 0, 1, 3], "texture": "#2"},
				"south": {"uv": [0, 0, 1, 3], "texture": "#2"},
				"west": {"uv": [0, 0, 1, 3], "texture": "#2"},
				"up": {"uv": [0, 0, 1, 1], "texture": "#2"},
				"down": {"uv": [0, 0, 1, 1], "texture": "#2"}
			}
		},
		{
			"from": [6, 0, 6],
			"to": [7, 1, 7],
			"faces": {
				"north": {"uv": [1, 1, 2, 2], "texture": "#2"},
				"east": {"uv": [1, 1, 2, 2], "texture": "#2"},
				"south": {"uv": [1, 1, 2, 2], "texture": "#2"},
				"west": {"uv": [1, 1, 2, 2], "texture": "#2"},
				"up": {"uv": [1, 1, 2, 2], "texture": "#2"},
				"down": {"uv": [1, 1, 2, 2], "texture": "#2"}
			}
		},
		{
			"from": [7, 0, 7],
			"to": [8, 3, 8],
			"faces": {
				"north": {"uv": [4, 5, 5, 8], "texture": "#2"},
				"east": {"uv": [4, 5, 5, 8], "texture": "#2"},
				"south": {"uv": [4, 5, 5, 8], "texture": "#2"},
				"west": {"uv": [4, 5, 5, 8], "texture": "#2"},
				"up": {"uv": [4, 5, 5, 6], "texture": "#2"},
				"down": {"uv": [4, 5, 5, 8], "texture": "#2"}
			}
		},
		{
			"from": [8, 2, 8],
			"to": [9, 5, 9],
			"faces": {
				"north": {"uv": [3, 4, 4, 7], "texture": "#2"},
				"east": {"uv": [3, 4, 4, 7], "texture": "#2"},
				"south": {"uv": [3, 4, 4, 7], "texture": "#2"},
				"west": {"uv": [3, 4, 4, 7], "texture": "#2"},
				"up": {"uv": [3, 4, 4, 7], "texture": "#2"},
				"down": {"uv": [3, 4, 4, 7], "texture": "#2"}
			}
		},
		{
			"from": [8, 0, 6],
			"to": [9, 1, 8],
			"faces": {
				"north": {"uv": [7, 4, 8, 5], "texture": "#2"},
				"east": {"uv": [6, 4, 8, 5], "texture": "#2"},
				"south": {"uv": [6, 4, 7, 5], "texture": "#2"},
				"west": {"uv": [6, 4, 8, 5], "texture": "#2"},
				"up": {"uv": [6, 4, 8, 5], "rotation": 90, "texture": "#2"},
				"down": {"uv": [6, 4, 8, 5], "texture": "#2"}
			}
		},
		{
			"from": [9, 0, 8],
			"to": [10, 0.5, 9],
			"faces": {
				"north": {"uv": [4, 7, 5, 7.5], "texture": "#2"},
				"east": {"uv": [4, 7, 5, 7.5], "texture": "#2"},
				"south": {"uv": [4, 7, 5, 7.5], "texture": "#2"},
				"west": {"uv": [4, 7, 5, 7.5], "texture": "#2"},
				"up": {"uv": [4, 7, 5, 7.5], "texture": "#2"},
				"down": {"uv": [4, 7, 5, 7.5], "texture": "#2"}
			}
		},
		{
			"from": [9, 0, 5],
			"to": [11, 0.5, 6],
			"faces": {
				"north": {"uv": [7, 4, 8, 4.5], "texture": "#2"},
				"east": {"uv": [7, 4, 8, 4.5], "texture": "#2"},
				"south": {"uv": [7, 4, 8, 4.5], "texture": "#2"},
				"west": {"uv": [7, 4, 8, 4.5], "texture": "#2"},
				"up": {"uv": [7, 4, 8, 4.5], "texture": "#2"},
				"down": {"uv": [7, 4, 8, 4.5], "texture": "#2"}
			}
		},
		{
			"from": [5, 0, 7],
			"to": [6, 0.5, 8],
			"faces": {
				"north": {"uv": [3, 0, 4, 0.5], "texture": "#2"},
				"east": {"uv": [3, 0, 4, 0.5], "texture": "#2"},
				"south": {"uv": [3, 0, 4, 0.5], "texture": "#2"},
				"west": {"uv": [3, 0, 4, 0.5], "texture": "#2"},
				"up": {"uv": [3, 0, 4, 0.5], "texture": "#2"},
				"down": {"uv": [3, 0, 4, 0.5], "texture": "#2"}
			}
		},
		{
			"from": [6, 0, 8],
			"to": [7, 0.5, 10],
			"faces": {
				"north": {"uv": [0, 1, 2, 1.5], "texture": "#2"},
				"east": {"uv": [1, 1, 3, 1.5], "texture": "#2"},
				"south": {"uv": [1, 1, 2, 2], "texture": "#2"},
				"west": {"uv": [0, 1, 2, 1.5], "texture": "#2"},
				"up": {"uv": [0, 1, 2, 1.5], "rotation": 90, "texture": "#2"},
				"down": {"uv": [0, 1, 2, 1.5], "texture": "#2"}
			}
		},
		{
			"from": [7.57512, 7.2818, 2.8928],
			"to": [10.49352, 11.1578, 2.8928],
			"faces": {
				"north": {"uv": [6.56, 1.6, 9.236, 5.477], "texture": "#0"},
				"east": {"uv": [6.56, 1.6, 9.236, 5.477], "texture": "#0"},
				"south": {"uv": [6.56, 1.6, 9.236, 5.477], "texture": "#0"},
				"west": {"uv": [6.56, 1.6, 9.236, 5.477], "texture": "#0"},
				"up": {"uv": [6.56, 1.6, 9.236, 5.477], "texture": "#0"},
				"down": {"uv": [6.56, 1.6, 9.236, 5.477], "texture": "#0"}
			}
		},
		{
			"from": [9.03432, 7.2818, 1.4336],
			"to": [9.03432, 11.1578, 4.352],
			"faces": {
				"north": {"uv": [6.56, 1.6, 9.236, 5.477], "texture": "#0"},
				"east": {"uv": [6.56, 1.6, 9.236, 5.477], "texture": "#0"},
				"south": {"uv": [6.56, 1.6, 9.236, 5.477], "texture": "#0"},
				"west": {"uv": [6.56, 1.6, 9.236, 5.477], "texture": "#0"},
				"up": {"uv": [6.56, 1.6, 9.236, 5.477], "texture": "#0"},
				"down": {"uv": [6.56, 1.6, 9.236, 5.477], "texture": "#0"}
			}
		},
		{
			"from": [11.95272, 12.22484, 7.32512],
			"to": [14.87112, 16.10084, 7.32512],
			"faces": {
				"north": {"uv": [6.56, 1.6, 9.236, 5.477], "texture": "#0"},
				"east": {"uv": [6.56, 1.6, 9.236, 5.477], "texture": "#0"},
				"south": {"uv": [6.56, 1.6, 9.236, 5.477], "texture": "#0"},
				"west": {"uv": [6.56, 1.6, 9.236, 5.477], "texture": "#0"},
				"up": {"uv": [6.56, 1.6, 9.236, 5.477], "texture": "#0"},
				"down": {"uv": [6.56, 1.6, 9.236, 5.477], "texture": "#0"}
			}
		},
		{
			"from": [13.41192, 12.22484, 5.86592],
			"to": [13.41192, 16.10084, 8.78432],
			"faces": {
				"north": {"uv": [6.56, 1.6, 9.236, 5.477], "texture": "#0"},
				"east": {"uv": [6.56, 1.6, 9.236, 5.477], "texture": "#0"},
				"south": {"uv": [6.56, 1.6, 9.236, 5.477], "texture": "#0"},
				"west": {"uv": [6.56, 1.6, 9.236, 5.477], "texture": "#0"},
				"up": {"uv": [6.56, 1.6, 9.236, 5.477], "texture": "#0"},
				"down": {"uv": [6.56, 1.6, 9.236, 5.477], "texture": "#0"}
			}
		},
		{
			"from": [11.31432, 5.3666, 11.1464],
			"to": [14.23272, 9.2426, 11.1464],
			"faces": {
				"north": {"uv": [6.56, 1.6, 9.236, 5.477], "texture": "#0"},
				"east": {"uv": [6.56, 1.6, 9.236, 5.477], "texture": "#0"},
				"south": {"uv": [6.56, 1.6, 9.236, 5.477], "texture": "#0"},
				"west": {"uv": [6.56, 1.6, 9.236, 5.477], "texture": "#0"},
				"up": {"uv": [6.56, 1.6, 9.236, 5.477], "texture": "#0"},
				"down": {"uv": [6.56, 1.6, 9.236, 5.477], "texture": "#0"}
			}
		},
		{
			"from": [12.77352, 5.3666, 9.6872],
			"to": [12.77352, 9.2426, 12.6056],
			"faces": {
				"north": {"uv": [6.56, 1.6, 9.236, 5.477], "texture": "#0"},
				"east": {"uv": [6.56, 1.6, 9.236, 5.477], "texture": "#0"},
				"south": {"uv": [6.56, 1.6, 9.236, 5.477], "texture": "#0"},
				"west": {"uv": [6.56, 1.6, 9.236, 5.477], "texture": "#0"},
				"up": {"uv": [6.56, 1.6, 9.236, 5.477], "texture": "#0"},
				"down": {"uv": [6.56, 1.6, 9.236, 5.477], "texture": "#0"}
			}
		},
		{
			"from": [5.44332, 9.14, 14.1902],
			"to": [8.36172, 13.016, 14.1902],
			"faces": {
				"north": {"uv": [6.56, 1.6, 9.236, 5.477], "texture": "#0"},
				"east": {"uv": [6.56, 1.6, 9.236, 5.477], "texture": "#0"},
				"south": {"uv": [6.56, 1.6, 9.236, 5.477], "texture": "#0"},
				"west": {"uv": [6.56, 1.6, 9.236, 5.477], "texture": "#0"},
				"up": {"uv": [6.56, 1.6, 9.236, 5.477], "texture": "#0"},
				"down": {"uv": [6.56, 1.6, 9.236, 5.477], "texture": "#0"}
			}
		},
		{
			"from": [6.90252, 9.14, 12.731],
			"to": [6.90252, 13.016, 15.6494],
			"faces": {
				"north": {"uv": [6.56, 1.6, 9.236, 5.477], "texture": "#0"},
				"east": {"uv": [6.56, 1.6, 9.236, 5.477], "texture": "#0"},
				"south": {"uv": [6.56, 1.6, 9.236, 5.477], "texture": "#0"},
				"west": {"uv": [6.56, 1.6, 9.236, 5.477], "texture": "#0"},
				"up": {"uv": [6.56, 1.6, 9.236, 5.477], "texture": "#0"},
				"down": {"uv": [6.56, 1.6, 9.236, 5.477], "texture": "#0"}
			}
		},
		{
			"from": [1.09992, 14.24036, 10.1888],
			"to": [4.01832, 18.11636, 10.1888],
			"faces": {
				"north": {"uv": [6.56, 1.6, 9.236, 5.477], "texture": "#0"},
				"east": {"uv": [6.56, 1.6, 9.236, 5.477], "texture": "#0"},
				"south": {"uv": [6.56, 1.6, 9.236, 5.477], "texture": "#0"},
				"west": {"uv": [6.56, 1.6, 9.236, 5.477], "texture": "#0"},
				"up": {"uv": [6.56, 1.6, 9.236, 5.477], "texture": "#0"},
				"down": {"uv": [6.56, 1.6, 9.236, 5.477], "texture": "#0"}
			}
		},
		{
			"from": [2.55912, 14.24036, 8.7296],
			"to": [2.55912, 18.11636, 11.648],
			"faces": {
				"north": {"uv": [6.56, 1.6, 9.236, 5.477], "texture": "#0"},
				"east": {"uv": [6.56, 1.6, 9.236, 5.477], "texture": "#0"},
				"south": {"uv": [6.56, 1.6, 9.236, 5.477], "texture": "#0"},
				"west": {"uv": [6.56, 1.6, 9.236, 5.477], "texture": "#0"},
				"up": {"uv": [6.56, 1.6, 9.236, 5.477], "texture": "#0"},
				"down": {"uv": [6.56, 1.6, 9.236, 5.477], "texture": "#0"}
			}
		},
		{
			"from": [1.09992, 6.5066, 3.6224],
			"to": [4.01832, 10.3826, 3.6224],
			"faces": {
				"north": {"uv": [6.56, 1.6, 9.236, 5.477], "texture": "#0"},
				"east": {"uv": [6.56, 1.6, 9.236, 5.477], "texture": "#0"},
				"south": {"uv": [6.56, 1.6, 9.236, 5.477], "texture": "#0"},
				"west": {"uv": [6.56, 1.6, 9.236, 5.477], "texture": "#0"},
				"up": {"uv": [6.56, 1.6, 9.236, 5.477], "texture": "#0"},
				"down": {"uv": [6.56, 1.6, 9.236, 5.477], "texture": "#0"}
			}
		},
		{
			"from": [2.55912, 6.5066, 2.1632],
			"to": [2.55912, 10.3826, 5.0816],
			"faces": {
				"north": {"uv": [6.56, 1.6, 9.236, 5.477], "texture": "#0"},
				"east": {"uv": [6.56, 1.6, 9.236, 5.477], "texture": "#0"},
				"south": {"uv": [6.56, 1.6, 9.236, 5.477], "texture": "#0"},
				"west": {"uv": [6.56, 1.6, 9.236, 5.477], "texture": "#0"},
				"up": {"uv": [6.56, 1.6, 9.236, 5.477], "texture": "#0"},
				"down": {"uv": [6.56, 1.6, 9.236, 5.477], "texture": "#0"}
			}
		}
	],
	"display": {
		"thirdperson_righthand": {
			"rotation": [75, 45, 0],
			"translation": [0, 2.5, 0],
			"scale": [0.375, 0.375, 0.375]
		},
		"thirdperson_lefthand": {
			"rotation": [75, 45, 0],
			"translation": [0, 2.5, 0],
			"scale": [0.375, 0.375, 0.375]
		},
		"firstperson_righthand": {
			"rotation": [0, 45, 0],
			"translation": [0, 2.25, 0],
			"scale": [0.4, 0.4, 0.4]
		},
		"firstperson_lefthand": {
			"rotation": [0, 225, 0],
			"translation": [0, 2.75, 0],
			"scale": [0.4, 0.4, 0.4]
		},
		"ground": {
			"scale": [0.5, 0.5, 0.5]
		},
		"gui": {
			"rotation": [30, 225, 0],
			"scale": [0.625, 0.625, 0.625]
		},
		"head": {
			"translation": [0, 14.25, 0]
		},
		"fixed": {
			"rotation": [-90, 0, 0],
			"translation": [0, 0, -15],
			"scale": [2, 2, 2]
		}
	},
	"groups": [
		{
			"name": "plant",
			"children": [0, 1, 2, 3]
		},
		{
			"name": "Stem",
			"children": [4, 5, 6, 7, 8, 9, 10, 11, 12]
		},
		{
			"name": "Fruits",
			"children": [
				{
					"name": "Chili6",
					"children": [13, 14]
				},
				{
					"name": "Chili5",
					"children": [15, 16]
				},
				{
					"name": "Chili4",
					"children": [17, 18]
				},
				{
					"name": "Chili3",
					"children": [19, 20]
				},
				{
					"name": "Chili2",
					"children": [21, 22]
				},
				{
					"name": "Chili",
					"children": [23, 24]
				}
			]
		}
	]
}