{
	"credit": "Made with Blockbench",
	"textures": {
		"0": "block/picnicblanket",
		"particle": "block/picnicblanket"
	},
	"elements": [
		{
			"from": [-16, 0, -16],
			"to": [32, 0.2, 32],
			"faces": {
				"north": {"uv": [0, 0, 14.75, 0.3], "texture": "#0"},
				"east": {"uv": [0, 0, 14.75, 0.3], "texture": "#0"},
				"south": {"uv": [0, 0, 14.75, 0.3], "texture": "#0"},
				"west": {"uv": [0, 0, 14.75, 0.3], "texture": "#0"},
				"up": {"uv": [0, 0, 14.75, 14.675], "texture": "#0"},
				"down": {"uv": [0, 0, 14.75, 14.675], "texture": "#0"}
			}
		}
	],
	"display": {
		"thirdperson_righthand": {
			"rotation": [75, 45, 0],
			"translation": [0, 2.5, 2.25],
			"scale": [0.2, 0.2, 0.2]
		},
		"thirdperson_lefthand": {
			"rotation": [75, 45, 0],
			"translation": [0, 2.5, 2.25],
			"scale": [0.2, 0.2, 0.2]
		},
		"firstperson_righthand": {
			"translation": [4.5, 1.5, 0],
			"scale": [0.4, 0.4, 0.4]
		},
		"firstperson_lefthand": {
			"translation": [4.5, 1.5, 0],
			"scale": [0.4, 0.4, 0.4]
		},
		"ground": {
			"scale": [0.4, 0.4, 0.4]
		},
		"gui": {
			"rotation": [30, 225, 0],
			"translation": [0, 1.25, 0],
			"scale": [0.2, 0.2, 0.2]
		},
		"head": {
			"translation": [0, 14.25, 0]
		},
		"fixed": {
			"rotation": [-90, 0, 0],
			"translation": [0, 0, -15.25],
			"scale": [2, 2, 2]
		}
	}
}