{
	"credit": "Made with Blockbench",
	"textures": {
		"0": "block/pinksucculent",
		"1": "block/MizunoArchive/diorite",
		"1_0": "block/MizunoArchive/gray_stained_glass",
		"particle": "block/MizunoArchive/gray_stained_glass"
	},
	"elements": [
		{
			"from": [9.2188, 0.15625, 5.6088],
			"to": [14.0012, 1.15625, 10.3912],
			"rotation": {"angle": 0, "axis": "y", "origin": [11.53967, 8, 4.17502]},
			"faces": {
				"north": {"uv": [2, 2, 2.5, 5], "texture": "#1_0"},
				"east": {"uv": [2, 2, 2.5, 5], "texture": "#1_0"},
				"south": {"uv": [2, 2, 2.5, 5], "texture": "#1_0"},
				"west": {"uv": [2, 2, 2.5, 5], "texture": "#1_0"},
				"down": {"uv": [2, 2, 11, 11], "texture": "#1_0"}
			}
		},
		{
			"from": [9.7116, 1.15625, 6.1016],
			"to": [13.5084, 3.65625, 9.8984],
			"rotation": {"angle": 0, "axis": "y", "origin": [11.53967, 8, 4.17502]},
			"faces": {
				"north": {"uv": [0, 0, 15.779, 7.5], "texture": "#1"},
				"east": {"uv": [0, 0, 15.779, 7.5], "texture": "#1"},
				"south": {"uv": [0, 0, 15.779, 7.5], "texture": "#1"},
				"west": {"uv": [0, 0, 15.779, 7.5], "texture": "#1"},
				"up": {"uv": [0, 0, 16, 16], "texture": "#1"},
				"down": {"uv": [2, 2, 11, 11], "texture": "#1"}
			}
		},
		{
			"from": [9.2188, 1.15625, 9.8984],
			"to": [13.5084, 4.15625, 10.3912],
			"rotation": {"angle": 0, "axis": "y", "origin": [11.53967, 8, 4.17502]},
			"faces": {
				"north": {"uv": [2, 2, 11, 11], "texture": "#1_0"},
				"south": {"uv": [2, 2, 11, 11], "texture": "#1_0"},
				"west": {"uv": [2, 2, 11, 11], "texture": "#1_0"},
				"up": {"uv": [2, 2, 11, 11], "texture": "#1_0"},
				"down": {"uv": [2, 2, 11, 11], "texture": "#1_0"}
			}
		},
		{
			"from": [9.2188, 1.15625, 5.6088],
			"to": [9.7116, 4.15625, 9.8984],
			"rotation": {"angle": 0, "axis": "y", "origin": [11.53967, 8, 4.17502]},
			"faces": {
				"north": {"uv": [2, 2, 11, 11], "texture": "#1_0"},
				"east": {"uv": [2, 2, 11, 11], "texture": "#1_0"},
				"west": {"uv": [2, 2, 11, 11], "texture": "#1_0"},
				"up": {"uv": [2, 2, 11, 11], "rotation": 90, "texture": "#1_0"},
				"down": {"uv": [2, 2, 11, 11], "rotation": 270, "texture": "#1_0"}
			}
		},
		{
			"from": [9.7116, 1.15625, 5.6088],
			"to": [14.0012, 4.15625, 6.1016],
			"rotation": {"angle": 0, "axis": "y", "origin": [11.53967, 8, 4.17502]},
			"faces": {
				"north": {"uv": [2, 2, 11, 11], "texture": "#1_0"},
				"east": {"uv": [2, 2, 11, 11], "texture": "#1_0"},
				"south": {"uv": [2, 2, 11, 11], "texture": "#1_0"},
				"up": {"uv": [2, 2, 11, 11], "rotation": 180, "texture": "#1_0"},
				"down": {"uv": [2, 2, 11, 11], "rotation": 180, "texture": "#1_0"}
			}
		},
		{
			"from": [13.5084, 1.15625, 6.1016],
			"to": [14.0012, 4.15625, 10.3912],
			"rotation": {"angle": 0, "axis": "y", "origin": [11.53967, 8, 4.17502]},
			"faces": {
				"north": {"uv": [2, 2, 11, 11], "texture": "#1_0"},
				"east": {"uv": [2, 2, 11, 11], "texture": "#1_0"},
				"south": {"uv": [2, 2, 11, 11], "texture": "#1_0"},
				"west": {"uv": [2, 2, 11, 11], "texture": "#1_0"},
				"up": {"uv": [2, 2, 11, 11], "rotation": 90, "texture": "#1_0"},
				"down": {"uv": [2, 2, 11, 11], "rotation": 270, "texture": "#1_0"}
			}
		},
		{
			"from": [10.1325, 4.045, 4.6014],
			"to": [12.9325, 4.045, 6.7014],
			"rotation": {"angle": 22.5, "axis": "x", "origin": [8.0325, 1.945, 5.6514], "rescale": true},
			"faces": {
				"north": {"uv": [0, 0, 7.75, 5.25], "texture": "#0"},
				"east": {"uv": [0, 0, 7.75, 5.25], "texture": "#0"},
				"south": {"uv": [0, 0, 7.75, 5.25], "texture": "#0"},
				"west": {"uv": [0, 0, 7.75, 5.25], "texture": "#0"},
				"up": {"uv": [0, 0, 7.75, 5.25], "texture": "#0"},
				"down": {"uv": [0, 0, 7.75, 5.25], "rotation": 180, "texture": "#0"}
			}
		},
		{
			"from": [10.1325, 4.045, 9.1514],
			"to": [12.9325, 4.045, 11.0764],
			"rotation": {"angle": -22.5, "axis": "x", "origin": [15.0325, 1.945, 10.2014], "rescale": true},
			"faces": {
				"north": {"uv": [0, 0, 7.75, 5.25], "rotation": 180, "texture": "#0"},
				"east": {"uv": [0, 0, 7.75, 5.25], "rotation": 180, "texture": "#0"},
				"south": {"uv": [0, 0, 7.75, 5.25], "rotation": 180, "texture": "#0"},
				"west": {"uv": [0, 0, 7.75, 5.25], "rotation": 180, "texture": "#0"},
				"up": {"uv": [0, 0, 7.75, 5.25], "rotation": 180, "texture": "#0"},
				"down": {"uv": [0, 0, 7.75, 5.25], "texture": "#0"}
			}
		},
		{
			"from": [12.7575, 4.045, 6.1764],
			"to": [14.8575, 4.045, 9.3264],
			"rotation": {"angle": 22.5, "axis": "z", "origin": [13.8075, 1.945, 4.4264], "rescale": true},
			"faces": {
				"north": {"uv": [0, 0, 7.75, 5.25], "rotation": 90, "texture": "#0"},
				"east": {"uv": [0, 0, 7.75, 5.25], "rotation": 90, "texture": "#0"},
				"south": {"uv": [0, 0, 7.75, 5.25], "rotation": 90, "texture": "#0"},
				"west": {"uv": [0, 0, 7.75, 5.25], "rotation": 90, "texture": "#0"},
				"up": {"uv": [0, 0, 7.75, 5.25], "rotation": 90, "texture": "#0"},
				"down": {"uv": [0, 0, 7.75, 5.25], "rotation": 90, "texture": "#0"}
			}
		},
		{
			"from": [8.2075, 4.045, 6.5264],
			"to": [10.3075, 4.045, 9.3264],
			"rotation": {"angle": -22.5, "axis": "z", "origin": [9.2575, 1.945, 11.4264], "rescale": true},
			"faces": {
				"north": {"uv": [0, 0, 7.75, 5.25], "rotation": 270, "texture": "#0"},
				"east": {"uv": [0, 0, 7.75, 5.25], "rotation": 270, "texture": "#0"},
				"south": {"uv": [0, 0, 7.75, 5.25], "rotation": 270, "texture": "#0"},
				"west": {"uv": [0, 0, 7.75, 5.25], "rotation": 270, "texture": "#0"},
				"up": {"uv": [0, 0, 7.75, 5.25], "rotation": 270, "texture": "#0"},
				"down": {"uv": [0, 0, 7.75, 5.25], "rotation": 270, "texture": "#0"}
			}
		},
		{
			"from": [10.3425, 4.955, 4.0589],
			"to": [12.7925, 4.955, 5.6339],
			"rotation": {"angle": 45, "axis": "x", "origin": [8.4175, 3.065, 4.3739], "rescale": true},
			"faces": {
				"north": {"uv": [0, 0, 7.75, 5.25], "texture": "#0"},
				"east": {"uv": [0, 0, 7.75, 5.25], "texture": "#0"},
				"south": {"uv": [0, 0, 7.75, 5.25], "texture": "#0"},
				"west": {"uv": [0, 0, 7.75, 5.25], "texture": "#0"},
				"up": {"uv": [0, 0, 7.75, 5.25], "texture": "#0"},
				"down": {"uv": [0, 0, 7.75, 5.25], "rotation": 180, "texture": "#0"}
			}
		},
		{
			"from": [10.3425, 4.955, 10.3589],
			"to": [12.7925, 4.955, 11.9339],
			"rotation": {"angle": -45, "axis": "x", "origin": [14.7175, 3.065, 11.6189], "rescale": true},
			"faces": {
				"north": {"uv": [0, 0, 7.75, 5.25], "rotation": 180, "texture": "#0"},
				"east": {"uv": [0, 0, 7.75, 5.25], "rotation": 180, "texture": "#0"},
				"south": {"uv": [0, 0, 7.75, 5.25], "rotation": 180, "texture": "#0"},
				"west": {"uv": [0, 0, 7.75, 5.25], "rotation": 180, "texture": "#0"},
				"up": {"uv": [0, 0, 7.75, 5.25], "rotation": 180, "texture": "#0"},
				"down": {"uv": [0, 0, 7.75, 5.25], "texture": "#0"}
			}
		},
		{
			"from": [13.93, 4.955, 6.7714],
			"to": [15.505, 4.955, 9.2214],
			"rotation": {"angle": 45, "axis": "z", "origin": [15.19, 3.065, 4.8464], "rescale": true},
			"faces": {
				"north": {"uv": [0, 0, 7.75, 5.25], "rotation": 90, "texture": "#0"},
				"east": {"uv": [0, 0, 7.75, 5.25], "rotation": 90, "texture": "#0"},
				"south": {"uv": [0, 0, 7.75, 5.25], "rotation": 90, "texture": "#0"},
				"west": {"uv": [0, 0, 7.75, 5.25], "rotation": 90, "texture": "#0"},
				"up": {"uv": [0, 0, 7.75, 5.25], "rotation": 90, "texture": "#0"},
				"down": {"uv": [0, 0, 7.75, 5.25], "rotation": 90, "texture": "#0"}
			}
		},
		{
			"from": [7.63, 4.955, 6.7714],
			"to": [9.205, 4.955, 9.2214],
			"rotation": {"angle": -45, "axis": "z", "origin": [7.945, 3.065, 11.1464], "rescale": true},
			"faces": {
				"north": {"uv": [0, 0, 7.75, 5.25], "rotation": 270, "texture": "#0"},
				"east": {"uv": [0, 0, 7.75, 5.25], "rotation": 270, "texture": "#0"},
				"south": {"uv": [0, 0, 7.75, 5.25], "rotation": 270, "texture": "#0"},
				"west": {"uv": [0, 0, 7.75, 5.25], "rotation": 270, "texture": "#0"},
				"up": {"uv": [0, 0, 7.75, 5.25], "rotation": 270, "texture": "#0"},
				"down": {"uv": [0, 0, 7.75, 5.25], "rotation": 270, "texture": "#0"}
			}
		},
		{
			"from": [12.6175, 3.905, 6.8239],
			"to": [14.5425, 5.48, 6.8239],
			"rotation": {"angle": 45, "axis": "y", "origin": [14.7175, 5.165, 8.8189], "rescale": true},
			"faces": {
				"north": {"uv": [0, 0, 7.75, 5.25], "texture": "#0"},
				"east": {"uv": [0, 0, 7.75, 5.25], "texture": "#0"},
				"south": {"uv": [0, 0, 7.75, 5.25], "texture": "#0"},
				"west": {"uv": [0, 0, 7.75, 5.25], "texture": "#0"},
				"up": {"uv": [0, 0, 7.75, 5.25], "texture": "#0"},
				"down": {"uv": [0, 0, 7.75, 5.25], "texture": "#0"}
			}
		},
		{
			"from": [11.60124, 3.905, 6.96643],
			"to": [11.60124, 5.48, 8.89143],
			"rotation": {"angle": 0, "axis": "y", "origin": [11.59249, 4.6925, 7.92018], "rescale": true},
			"faces": {
				"north": {"uv": [0, 0, 7.75, 5.25], "texture": "#0"},
				"east": {"uv": [0, 0, 7.75, 5.25], "texture": "#0"},
				"south": {"uv": [0, 0, 7.75, 5.25], "texture": "#0"},
				"west": {"uv": [0, 0, 7.75, 5.25], "texture": "#0"},
				"up": {"uv": [0, 0, 7.75, 5.25], "texture": "#0"},
				"down": {"uv": [0, 0, 7.75, 5.25], "texture": "#0"}
			}
		},
		{
			"from": [11.7425, 3.905, 9.9389],
			"to": [13.6675, 5.48, 9.9389],
			"rotation": {"angle": -45, "axis": "y", "origin": [14.7175, 5.165, 8.8189], "rescale": true},
			"faces": {
				"north": {"uv": [0, 0, 7.75, 5.25], "texture": "#0"},
				"east": {"uv": [0, 0, 7.75, 5.25], "texture": "#0"},
				"south": {"uv": [0, 0, 7.75, 5.25], "texture": "#0"},
				"west": {"uv": [0, 0, 7.75, 5.25], "texture": "#0"},
				"up": {"uv": [0, 0, 7.75, 5.25], "texture": "#0"},
				"down": {"uv": [0, 0, 7.75, 5.25], "texture": "#0"}
			}
		},
		{
			"from": [10.62124, 3.905, 7.91143],
			"to": [12.54624, 5.48, 7.91143],
			"rotation": {"angle": 0, "axis": "y", "origin": [11.59249, 4.6925, 7.92018], "rescale": true},
			"faces": {
				"north": {"uv": [0, 0, 7.75, 5.25], "texture": "#0"},
				"east": {"uv": [0, 0, 7.75, 5.25], "texture": "#0"},
				"south": {"uv": [0, 0, 7.75, 5.25], "texture": "#0"},
				"west": {"uv": [0, 0, 7.75, 5.25], "texture": "#0"},
				"up": {"uv": [0, 0, 7.75, 5.25], "texture": "#0"},
				"down": {"uv": [0, 0, 7.75, 5.25], "texture": "#0"}
			}
		},
		{
			"from": [10.525, 3.17, 6.95],
			"to": [12.625, 3.87, 8.875],
			"rotation": {"angle": 0, "axis": "y", "origin": [17, 7.37, 13.25]},
			"faces": {
				"north": {"uv": [2.5, 3.25, 5, 4.25], "texture": "#0"},
				"east": {"uv": [2.5, 3.25, 5, 4.25], "texture": "#0"},
				"south": {"uv": [2.5, 3.25, 5, 4.25], "texture": "#0"},
				"west": {"uv": [2.5, 3.25, 5, 4.25], "texture": "#0"},
				"up": {"uv": [2.5, 3.25, 5, 4.25], "texture": "#0"},
				"down": {"uv": [2.5, 3.25, 5, 4.25], "texture": "#0"}
			}
		},
		{
			"from": [2.2188, 0.15625, 5.6088],
			"to": [7.0012, 1.15625, 10.3912],
			"rotation": {"angle": 0, "axis": "y", "origin": [4.53967, 8, 4.17502]},
			"faces": {
				"north": {"uv": [2, 2, 2.5, 5], "texture": "#1_0"},
				"east": {"uv": [2, 2, 2.5, 5], "texture": "#1_0"},
				"south": {"uv": [2, 2, 2.5, 5], "texture": "#1_0"},
				"west": {"uv": [2, 2, 2.5, 5], "texture": "#1_0"},
				"down": {"uv": [2, 2, 11, 11], "texture": "#1_0"}
			}
		},
		{
			"from": [2.7116, 1.15625, 6.1016],
			"to": [6.5084, 6.15625, 9.8984],
			"rotation": {"angle": 0, "axis": "y", "origin": [4.53967, 8, 4.17502]},
			"faces": {
				"north": {"uv": [0, 0, 8, 16], "texture": "#1"},
				"east": {"uv": [0, 0, 8, 16], "texture": "#1"},
				"south": {"uv": [0, 0, 8, 16], "texture": "#1"},
				"west": {"uv": [0, 0, 8, 16], "texture": "#1"},
				"up": {"uv": [0, 0, 16, 16], "texture": "#1"},
				"down": {"uv": [2, 2, 11, 11], "texture": "#1"}
			}
		},
		{
			"from": [2.2188, 1.15625, 9.8984],
			"to": [6.5084, 6.65625, 10.3912],
			"rotation": {"angle": 0, "axis": "y", "origin": [4.53967, 8, 4.17502]},
			"faces": {
				"north": {"uv": [2, 2, 11, 11], "texture": "#1_0"},
				"south": {"uv": [2, 2, 11, 11], "texture": "#1_0"},
				"west": {"uv": [2, 2, 11, 11], "texture": "#1_0"},
				"up": {"uv": [2, 2, 11, 11], "texture": "#1_0"},
				"down": {"uv": [2, 2, 11, 11], "texture": "#1_0"}
			}
		},
		{
			"from": [2.2188, 1.15625, 5.6088],
			"to": [2.7116, 6.65625, 9.8984],
			"rotation": {"angle": 0, "axis": "y", "origin": [4.53967, 8, 4.17502]},
			"faces": {
				"north": {"uv": [2, 2, 11, 11], "texture": "#1_0"},
				"east": {"uv": [2, 2, 11, 11], "texture": "#1_0"},
				"west": {"uv": [2, 2, 11, 11], "texture": "#1_0"},
				"up": {"uv": [2, 2, 11, 11], "rotation": 90, "texture": "#1_0"},
				"down": {"uv": [2, 2, 11, 11], "rotation": 270, "texture": "#1_0"}
			}
		},
		{
			"from": [2.7116, 1.15625, 5.6088],
			"to": [7.0012, 6.65625, 6.1016],
			"rotation": {"angle": 0, "axis": "y", "origin": [4.53967, 8, 4.17502]},
			"faces": {
				"north": {"uv": [2, 2, 11, 11], "texture": "#1_0"},
				"east": {"uv": [2, 2, 11, 11], "texture": "#1_0"},
				"south": {"uv": [2, 2, 11, 11], "texture": "#1_0"},
				"up": {"uv": [2, 2, 11, 11], "rotation": 180, "texture": "#1_0"},
				"down": {"uv": [2, 2, 11, 11], "rotation": 180, "texture": "#1_0"}
			}
		},
		{
			"from": [6.5084, 1.15625, 6.1016],
			"to": [7.0012, 6.65625, 10.3912],
			"rotation": {"angle": 0, "axis": "y", "origin": [4.53967, 8, 4.17502]},
			"faces": {
				"north": {"uv": [2, 2, 11, 11], "texture": "#1_0"},
				"east": {"uv": [2, 2, 11, 11], "texture": "#1_0"},
				"south": {"uv": [2, 2, 11, 11], "texture": "#1_0"},
				"west": {"uv": [2, 2, 11, 11], "texture": "#1_0"},
				"up": {"uv": [2, 2, 11, 11], "rotation": 90, "texture": "#1_0"},
				"down": {"uv": [2, 2, 11, 11], "rotation": 270, "texture": "#1_0"}
			}
		},
		{
			"from": [3.1325, 6.545, 4.6014],
			"to": [5.9325, 6.545, 6.7014],
			"rotation": {"angle": 22.5, "axis": "x", "origin": [1.0325, 4.445, 5.6514], "rescale": true},
			"faces": {
				"north": {"uv": [0, 0, 7.75, 5.25], "texture": "#0"},
				"east": {"uv": [0, 0, 7.75, 5.25], "texture": "#0"},
				"south": {"uv": [0, 0, 7.75, 5.25], "texture": "#0"},
				"west": {"uv": [0, 0, 7.75, 5.25], "texture": "#0"},
				"up": {"uv": [0, 0, 7.75, 5.25], "texture": "#0"},
				"down": {"uv": [0, 0, 7.75, 5.25], "rotation": 180, "texture": "#0"}
			}
		},
		{
			"from": [3.1325, 6.545, 9.1514],
			"to": [5.9325, 6.545, 11.0764],
			"rotation": {"angle": -22.5, "axis": "x", "origin": [8.0325, 4.445, 10.2014], "rescale": true},
			"faces": {
				"north": {"uv": [0, 0, 7.75, 5.25], "rotation": 180, "texture": "#0"},
				"east": {"uv": [0, 0, 7.75, 5.25], "rotation": 180, "texture": "#0"},
				"south": {"uv": [0, 0, 7.75, 5.25], "rotation": 180, "texture": "#0"},
				"west": {"uv": [0, 0, 7.75, 5.25], "rotation": 180, "texture": "#0"},
				"up": {"uv": [0, 0, 7.75, 5.25], "rotation": 180, "texture": "#0"},
				"down": {"uv": [0, 0, 7.75, 5.25], "texture": "#0"}
			}
		},
		{
			"from": [5.7575, 6.545, 6.1764],
			"to": [7.8575, 6.545, 9.3264],
			"rotation": {"angle": 22.5, "axis": "z", "origin": [6.8075, 4.445, 4.4264], "rescale": true},
			"faces": {
				"north": {"uv": [0, 0, 7.75, 5.25], "rotation": 90, "texture": "#0"},
				"east": {"uv": [0, 0, 7.75, 5.25], "rotation": 90, "texture": "#0"},
				"south": {"uv": [0, 0, 7.75, 5.25], "rotation": 90, "texture": "#0"},
				"west": {"uv": [0, 0, 7.75, 5.25], "rotation": 90, "texture": "#0"},
				"up": {"uv": [0, 0, 7.75, 5.25], "rotation": 90, "texture": "#0"},
				"down": {"uv": [0, 0, 7.75, 5.25], "rotation": 90, "texture": "#0"}
			}
		},
		{
			"from": [1.2075, 6.545, 6.5264],
			"to": [3.3075, 6.545, 9.3264],
			"rotation": {"angle": -22.5, "axis": "z", "origin": [2.2575, 4.445, 11.4264], "rescale": true},
			"faces": {
				"north": {"uv": [0, 0, 7.75, 5.25], "rotation": 270, "texture": "#0"},
				"east": {"uv": [0, 0, 7.75, 5.25], "rotation": 270, "texture": "#0"},
				"south": {"uv": [0, 0, 7.75, 5.25], "rotation": 270, "texture": "#0"},
				"west": {"uv": [0, 0, 7.75, 5.25], "rotation": 270, "texture": "#0"},
				"up": {"uv": [0, 0, 7.75, 5.25], "rotation": 270, "texture": "#0"},
				"down": {"uv": [0, 0, 7.75, 5.25], "rotation": 270, "texture": "#0"}
			}
		},
		{
			"from": [3.3425, 7.455, 4.0589],
			"to": [5.7925, 7.455, 5.6339],
			"rotation": {"angle": 45, "axis": "x", "origin": [1.4175, 5.565, 4.3739], "rescale": true},
			"faces": {
				"north": {"uv": [0, 0, 7.75, 5.25], "texture": "#0"},
				"east": {"uv": [0, 0, 7.75, 5.25], "texture": "#0"},
				"south": {"uv": [0, 0, 7.75, 5.25], "texture": "#0"},
				"west": {"uv": [0, 0, 7.75, 5.25], "texture": "#0"},
				"up": {"uv": [0, 0, 7.75, 5.25], "texture": "#0"},
				"down": {"uv": [0, 0, 7.75, 5.25], "rotation": 180, "texture": "#0"}
			}
		},
		{
			"from": [3.3425, 7.455, 10.3589],
			"to": [5.7925, 7.455, 11.9339],
			"rotation": {"angle": -45, "axis": "x", "origin": [7.7175, 5.565, 11.6189], "rescale": true},
			"faces": {
				"north": {"uv": [0, 0, 7.75, 5.25], "rotation": 180, "texture": "#0"},
				"east": {"uv": [0, 0, 7.75, 5.25], "rotation": 180, "texture": "#0"},
				"south": {"uv": [0, 0, 7.75, 5.25], "rotation": 180, "texture": "#0"},
				"west": {"uv": [0, 0, 7.75, 5.25], "rotation": 180, "texture": "#0"},
				"up": {"uv": [0, 0, 7.75, 5.25], "rotation": 180, "texture": "#0"},
				"down": {"uv": [0, 0, 7.75, 5.25], "texture": "#0"}
			}
		},
		{
			"from": [6.93, 7.455, 6.7714],
			"to": [8.505, 7.455, 9.2214],
			"rotation": {"angle": 45, "axis": "z", "origin": [8.19, 5.565, 4.8464], "rescale": true},
			"faces": {
				"north": {"uv": [0, 0, 7.75, 5.25], "rotation": 90, "texture": "#0"},
				"east": {"uv": [0, 0, 7.75, 5.25], "rotation": 90, "texture": "#0"},
				"south": {"uv": [0, 0, 7.75, 5.25], "rotation": 90, "texture": "#0"},
				"west": {"uv": [0, 0, 7.75, 5.25], "rotation": 90, "texture": "#0"},
				"up": {"uv": [0, 0, 7.75, 5.25], "rotation": 90, "texture": "#0"},
				"down": {"uv": [0, 0, 7.75, 5.25], "rotation": 90, "texture": "#0"}
			}
		},
		{
			"from": [0.63, 7.455, 6.7714],
			"to": [2.205, 7.455, 9.2214],
			"rotation": {"angle": -45, "axis": "z", "origin": [0.945, 5.565, 11.1464], "rescale": true},
			"faces": {
				"north": {"uv": [0, 0, 7.75, 5.25], "rotation": 270, "texture": "#0"},
				"east": {"uv": [0, 0, 7.75, 5.25], "rotation": 270, "texture": "#0"},
				"south": {"uv": [0, 0, 7.75, 5.25], "rotation": 270, "texture": "#0"},
				"west": {"uv": [0, 0, 7.75, 5.25], "rotation": 270, "texture": "#0"},
				"up": {"uv": [0, 0, 7.75, 5.25], "rotation": 270, "texture": "#0"},
				"down": {"uv": [0, 0, 7.75, 5.25], "rotation": 270, "texture": "#0"}
			}
		},
		{
			"from": [5.6175, 6.405, 6.8239],
			"to": [7.5425, 7.98, 6.8239],
			"rotation": {"angle": 45, "axis": "y", "origin": [7.7175, 7.665, 8.8189], "rescale": true},
			"faces": {
				"north": {"uv": [0, 0, 7.75, 5.25], "texture": "#0"},
				"east": {"uv": [0, 0, 7.75, 5.25], "texture": "#0"},
				"south": {"uv": [0, 0, 7.75, 5.25], "texture": "#0"},
				"west": {"uv": [0, 0, 7.75, 5.25], "texture": "#0"},
				"up": {"uv": [0, 0, 7.75, 5.25], "texture": "#0"},
				"down": {"uv": [0, 0, 7.75, 5.25], "texture": "#0"}
			}
		},
		{
			"from": [4.60124, 6.405, 6.96643],
			"to": [4.60124, 7.98, 8.89143],
			"rotation": {"angle": 0, "axis": "y", "origin": [4.59249, 7.1925, 7.92018], "rescale": true},
			"faces": {
				"north": {"uv": [0, 0, 7.75, 5.25], "texture": "#0"},
				"east": {"uv": [0, 0, 7.75, 5.25], "texture": "#0"},
				"south": {"uv": [0, 0, 7.75, 5.25], "texture": "#0"},
				"west": {"uv": [0, 0, 7.75, 5.25], "texture": "#0"},
				"up": {"uv": [0, 0, 7.75, 5.25], "texture": "#0"},
				"down": {"uv": [0, 0, 7.75, 5.25], "texture": "#0"}
			}
		},
		{
			"from": [4.7425, 6.405, 9.9389],
			"to": [6.6675, 7.98, 9.9389],
			"rotation": {"angle": -45, "axis": "y", "origin": [7.7175, 7.665, 8.8189], "rescale": true},
			"faces": {
				"north": {"uv": [0, 0, 7.75, 5.25], "texture": "#0"},
				"east": {"uv": [0, 0, 7.75, 5.25], "texture": "#0"},
				"south": {"uv": [0, 0, 7.75, 5.25], "texture": "#0"},
				"west": {"uv": [0, 0, 7.75, 5.25], "texture": "#0"},
				"up": {"uv": [0, 0, 7.75, 5.25], "texture": "#0"},
				"down": {"uv": [0, 0, 7.75, 5.25], "texture": "#0"}
			}
		},
		{
			"from": [3.62124, 6.405, 7.91143],
			"to": [5.54624, 7.98, 7.91143],
			"rotation": {"angle": 0, "axis": "y", "origin": [4.59249, 7.1925, 7.92018], "rescale": true},
			"faces": {
				"north": {"uv": [0, 0, 7.75, 5.25], "texture": "#0"},
				"east": {"uv": [0, 0, 7.75, 5.25], "texture": "#0"},
				"south": {"uv": [0, 0, 7.75, 5.25], "texture": "#0"},
				"west": {"uv": [0, 0, 7.75, 5.25], "texture": "#0"},
				"up": {"uv": [0, 0, 7.75, 5.25], "texture": "#0"},
				"down": {"uv": [0, 0, 7.75, 5.25], "texture": "#0"}
			}
		},
		{
			"from": [3.525, 5.67, 6.95],
			"to": [5.625, 6.37, 8.875],
			"rotation": {"angle": 0, "axis": "y", "origin": [10, 9.87, 13.25]},
			"faces": {
				"north": {"uv": [2.5, 3.25, 5, 4.25], "texture": "#0"},
				"east": {"uv": [2.5, 3.25, 5, 4.25], "texture": "#0"},
				"south": {"uv": [2.5, 3.25, 5, 4.25], "texture": "#0"},
				"west": {"uv": [2.5, 3.25, 5, 4.25], "texture": "#0"},
				"up": {"uv": [2.5, 3.25, 5, 4.25], "texture": "#0"},
				"down": {"uv": [2.5, 3.25, 5, 4.25], "texture": "#0"}
			}
		}
	],
	"display": {
		"thirdperson_righthand": {
			"rotation": [75, 45, 0],
			"translation": [0, 2.5, 3.25],
			"scale": [0.5, 0.5, 0.5]
		},
		"thirdperson_lefthand": {
			"rotation": [75, 45, 0],
			"translation": [0, 2.5, 3.25],
			"scale": [0.5, 0.5, 0.5]
		},
		"firstperson_righthand": {
			"rotation": [0, 45, 0],
			"translation": [0, 3.25, 0],
			"scale": [0.4, 0.4, 0.4]
		},
		"firstperson_lefthand": {
			"rotation": [0, 45, 0],
			"translation": [0, 3.25, 0],
			"scale": [0.4, 0.4, 0.4]
		},
		"ground": {
			"translation": [0, 4.25, 0]
		},
		"gui": {
			"rotation": [30, 225, 0],
			"translation": [0, 4.25, 0]
		},
		"head": {
			"rotation": [0, -90, 0],
			"translation": [0, 14.25, 0]
		},
		"fixed": {
			"rotation": [-90, 0, 0],
			"translation": [0, 0, -15],
			"scale": [2, 2, 2]
		}
	},
	"groups": [
		{
			"name": "group",
			"origin": [8, 8, 8],
			"children": [
				{
					"name": "Pot",
					"origin": [8, 8, 8],
					"children": [0, 1, 2, 3, 4, 5]
				},
				{
					"name": "Plant",
					"origin": [8, 8, 8],
					"children": [
						{
							"name": "Middle",
							"origin": [4.5, 0, 12],
							"children": [6, 7, 8, 9]
						},
						{
							"name": "middle center",
							"origin": [4.5, 0, 12],
							"children": [10, 11, 12, 13]
						},
						{
							"name": "Center",
							"origin": [7.77499, 5.275, 7.88598],
							"children": [14, 15, 16, 17]
						}, 18]
				}
			]
		},
		{
			"name": "group",
			"origin": [8, 8, 8],
			"children": [
				{
					"name": "Pot",
					"origin": [8, 8, 8],
					"children": [19, 20, 21, 22, 23, 24]
				},
				{
					"name": "Plant",
					"origin": [8, 8, 8],
					"children": [
						{
							"name": "Middle",
							"origin": [4.5, 0, 12],
							"children": [25, 26, 27, 28]
						},
						{
							"name": "middle center",
							"origin": [4.5, 0, 12],
							"children": [29, 30, 31, 32]
						},
						{
							"name": "Center",
							"origin": [7.77499, 5.275, 7.88598],
							"children": [33, 34, 35, 36]
						}, 37]
				}
			]
		}
	]
}