{
	"credit": "Made with Blockbench",
	"textures": {
		"0": "block/pinksucculent",
		"1": "block/MizunoArchive/diorite",
		"1_0": "block/MizunoArchive/gray_stained_glass",
		"particle": "block/MizunoArchive/gray_stained_glass"
	},
	"elements": [
		{
			"from": [4.5098, 0.15625, 4.5098],
			"to": [11.4902, 1.15625, 11.4902],
			"rotation": {"angle": 0, "axis": "y", "origin": [7.89735, 8, 2.41706]},
			"faces": {
				"north": {"uv": [2, 2, 2.5, 5], "texture": "#1_0"},
				"east": {"uv": [2, 2, 2.5, 5], "texture": "#1_0"},
				"south": {"uv": [2, 2, 2.5, 5], "texture": "#1_0"},
				"west": {"uv": [2, 2, 2.5, 5], "texture": "#1_0"},
				"down": {"uv": [2, 2, 11, 11], "texture": "#1_0"}
			}
		},
		{
			"from": [5.2291, 1.15625, 5.2291],
			"to": [10.7709, 3.65625, 10.7709],
			"rotation": {"angle": 0, "axis": "y", "origin": [7.89735, 8, 2.41706]},
			"faces": {
				"north": {"uv": [0, 0, 15.779, 7.5], "texture": "#1"},
				"east": {"uv": [0, 0, 15.779, 7.5], "texture": "#1"},
				"south": {"uv": [0, 0, 15.779, 7.5], "texture": "#1"},
				"west": {"uv": [0, 0, 15.779, 7.5], "texture": "#1"},
				"up": {"uv": [0, 0, 16, 16], "texture": "#1"},
				"down": {"uv": [2, 2, 11, 11], "texture": "#1"}
			}
		},
		{
			"from": [4.5098, 1.15625, 10.7709],
			"to": [10.7709, 4.15625, 11.4902],
			"rotation": {"angle": 0, "axis": "y", "origin": [7.89735, 8, 2.41706]},
			"faces": {
				"north": {"uv": [2, 2, 11, 11], "texture": "#1_0"},
				"south": {"uv": [2, 2, 11, 11], "texture": "#1_0"},
				"west": {"uv": [2, 2, 11, 11], "texture": "#1_0"},
				"up": {"uv": [2, 2, 11, 11], "texture": "#1_0"},
				"down": {"uv": [2, 2, 11, 11], "texture": "#1_0"}
			}
		},
		{
			"from": [4.5098, 1.15625, 4.5098],
			"to": [5.2291, 4.15625, 10.7709],
			"rotation": {"angle": 0, "axis": "y", "origin": [7.89735, 8, 2.41706]},
			"faces": {
				"north": {"uv": [2, 2, 11, 11], "texture": "#1_0"},
				"east": {"uv": [2, 2, 11, 11], "texture": "#1_0"},
				"west": {"uv": [2, 2, 11, 11], "texture": "#1_0"},
				"up": {"uv": [2, 2, 11, 11], "rotation": 90, "texture": "#1_0"},
				"down": {"uv": [2, 2, 11, 11], "rotation": 270, "texture": "#1_0"}
			}
		},
		{
			"from": [5.2291, 1.15625, 4.5098],
			"to": [11.4902, 4.15625, 5.2291],
			"rotation": {"angle": 0, "axis": "y", "origin": [7.89735, 8, 2.41706]},
			"faces": {
				"north": {"uv": [2, 2, 11, 11], "texture": "#1_0"},
				"east": {"uv": [2, 2, 11, 11], "texture": "#1_0"},
				"south": {"uv": [2, 2, 11, 11], "texture": "#1_0"},
				"up": {"uv": [2, 2, 11, 11], "rotation": 180, "texture": "#1_0"},
				"down": {"uv": [2, 2, 11, 11], "rotation": 180, "texture": "#1_0"}
			}
		},
		{
			"from": [10.7709, 1.15625, 5.2291],
			"to": [11.4902, 4.15625, 11.4902],
			"rotation": {"angle": 0, "axis": "y", "origin": [7.89735, 8, 2.41706]},
			"faces": {
				"north": {"uv": [2, 2, 11, 11], "texture": "#1_0"},
				"east": {"uv": [2, 2, 11, 11], "texture": "#1_0"},
				"south": {"uv": [2, 2, 11, 11], "texture": "#1_0"},
				"west": {"uv": [2, 2, 11, 11], "texture": "#1_0"},
				"up": {"uv": [2, 2, 11, 11], "rotation": 90, "texture": "#1_0"},
				"down": {"uv": [2, 2, 11, 11], "rotation": 270, "texture": "#1_0"}
			}
		},
		{
			"from": [5.61221, 4.27, 3.02483],
			"to": [9.88221, 4.27, 6.01383],
			"rotation": {"angle": 22.5, "axis": "x", "origin": [3.47721, 2.17, 4.30583], "rescale": true},
			"faces": {
				"north": {"uv": [0, 0, 7.75, 5.25], "texture": "#0"},
				"east": {"uv": [0, 0, 7.75, 5.25], "texture": "#0"},
				"south": {"uv": [0, 0, 7.75, 5.25], "texture": "#0"},
				"west": {"uv": [0, 0, 7.75, 5.25], "texture": "#0"},
				"up": {"uv": [0, 0, 7.75, 5.25], "texture": "#0"},
				"down": {"uv": [0, 0, 7.75, 5.25], "rotation": 180, "texture": "#0"}
			}
		},
		{
			"from": [5.61221, 4.27, 9.85683],
			"to": [9.88221, 4.27, 12.84583],
			"rotation": {"angle": -22.5, "axis": "x", "origin": [12.01721, 2.17, 11.56483], "rescale": true},
			"faces": {
				"north": {"uv": [0, 0, 7.75, 5.25], "rotation": 180, "texture": "#0"},
				"east": {"uv": [0, 0, 7.75, 5.25], "rotation": 180, "texture": "#0"},
				"south": {"uv": [0, 0, 7.75, 5.25], "rotation": 180, "texture": "#0"},
				"west": {"uv": [0, 0, 7.75, 5.25], "rotation": 180, "texture": "#0"},
				"up": {"uv": [0, 0, 7.75, 5.25], "rotation": 180, "texture": "#0"},
				"down": {"uv": [0, 0, 7.75, 5.25], "texture": "#0"}
			}
		},
		{
			"from": [9.66871, 4.27, 5.80033],
			"to": [12.65771, 4.27, 10.07033],
			"rotation": {"angle": 22.5, "axis": "z", "origin": [11.37671, 2.17, 3.66533], "rescale": true},
			"faces": {
				"north": {"uv": [0, 0, 7.75, 5.25], "rotation": 90, "texture": "#0"},
				"east": {"uv": [0, 0, 7.75, 5.25], "rotation": 90, "texture": "#0"},
				"south": {"uv": [0, 0, 7.75, 5.25], "rotation": 90, "texture": "#0"},
				"west": {"uv": [0, 0, 7.75, 5.25], "rotation": 90, "texture": "#0"},
				"up": {"uv": [0, 0, 7.75, 5.25], "rotation": 90, "texture": "#0"},
				"down": {"uv": [0, 0, 7.75, 5.25], "rotation": 90, "texture": "#0"}
			}
		},
		{
			"from": [2.83671, 4.27, 5.80033],
			"to": [5.82571, 4.27, 10.07033],
			"rotation": {"angle": -22.5, "axis": "z", "origin": [4.11771, 2.17, 12.20533], "rescale": true},
			"faces": {
				"north": {"uv": [0, 0, 7.75, 5.25], "rotation": 270, "texture": "#0"},
				"east": {"uv": [0, 0, 7.75, 5.25], "rotation": 270, "texture": "#0"},
				"south": {"uv": [0, 0, 7.75, 5.25], "rotation": 270, "texture": "#0"},
				"west": {"uv": [0, 0, 7.75, 5.25], "rotation": 270, "texture": "#0"},
				"up": {"uv": [0, 0, 7.75, 5.25], "rotation": 270, "texture": "#0"},
				"down": {"uv": [0, 0, 7.75, 5.25], "rotation": 270, "texture": "#0"}
			}
		},
		{
			"from": [6.03921, 4.245, 3.87883],
			"to": [9.45521, 4.245, 6.44083],
			"rotation": {"angle": 22.5, "axis": "x", "origin": [3.47721, 2.145, 5.15983], "rescale": true},
			"faces": {
				"north": {"uv": [0, 0, 7.75, 5.25], "texture": "#0"},
				"east": {"uv": [0, 0, 7.75, 5.25], "texture": "#0"},
				"south": {"uv": [0, 0, 7.75, 5.25], "texture": "#0"},
				"west": {"uv": [0, 0, 7.75, 5.25], "texture": "#0"},
				"up": {"uv": [0, 0, 7.75, 5.25], "texture": "#0"},
				"down": {"uv": [0, 0, 7.75, 5.25], "rotation": 180, "texture": "#0"}
			}
		},
		{
			"from": [6.03921, 4.245, 9.42983],
			"to": [9.45521, 4.245, 11.77833],
			"rotation": {"angle": -22.5, "axis": "x", "origin": [12.01721, 2.145, 10.71083], "rescale": true},
			"faces": {
				"north": {"uv": [0, 0, 7.75, 5.25], "rotation": 180, "texture": "#0"},
				"east": {"uv": [0, 0, 7.75, 5.25], "rotation": 180, "texture": "#0"},
				"south": {"uv": [0, 0, 7.75, 5.25], "rotation": 180, "texture": "#0"},
				"west": {"uv": [0, 0, 7.75, 5.25], "rotation": 180, "texture": "#0"},
				"up": {"uv": [0, 0, 7.75, 5.25], "rotation": 180, "texture": "#0"},
				"down": {"uv": [0, 0, 7.75, 5.25], "texture": "#0"}
			}
		},
		{
			"from": [9.24171, 4.245, 5.80033],
			"to": [11.80371, 4.245, 9.64333],
			"rotation": {"angle": 22.5, "axis": "z", "origin": [10.52271, 2.145, 3.66533], "rescale": true},
			"faces": {
				"north": {"uv": [0, 0, 7.75, 5.25], "rotation": 90, "texture": "#0"},
				"east": {"uv": [0, 0, 7.75, 5.25], "rotation": 90, "texture": "#0"},
				"south": {"uv": [0, 0, 7.75, 5.25], "rotation": 90, "texture": "#0"},
				"west": {"uv": [0, 0, 7.75, 5.25], "rotation": 90, "texture": "#0"},
				"up": {"uv": [0, 0, 7.75, 5.25], "rotation": 90, "texture": "#0"},
				"down": {"uv": [0, 0, 7.75, 5.25], "rotation": 90, "texture": "#0"}
			}
		},
		{
			"from": [3.69071, 4.245, 6.22733],
			"to": [6.25271, 4.245, 9.64333],
			"rotation": {"angle": -22.5, "axis": "z", "origin": [4.97171, 2.145, 12.20533], "rescale": true},
			"faces": {
				"north": {"uv": [0, 0, 7.75, 5.25], "rotation": 270, "texture": "#0"},
				"east": {"uv": [0, 0, 7.75, 5.25], "rotation": 270, "texture": "#0"},
				"south": {"uv": [0, 0, 7.75, 5.25], "rotation": 270, "texture": "#0"},
				"west": {"uv": [0, 0, 7.75, 5.25], "rotation": 270, "texture": "#0"},
				"up": {"uv": [0, 0, 7.75, 5.25], "rotation": 270, "texture": "#0"},
				"down": {"uv": [0, 0, 7.75, 5.25], "rotation": 270, "texture": "#0"}
			}
		},
		{
			"from": [6.29541, 5.355, 3.21698],
			"to": [9.28441, 5.355, 5.13848],
			"rotation": {"angle": 45, "axis": "x", "origin": [3.94691, 3.465, 3.60128], "rescale": true},
			"faces": {
				"north": {"uv": [0, 0, 7.75, 5.25], "texture": "#0"},
				"east": {"uv": [0, 0, 7.75, 5.25], "texture": "#0"},
				"south": {"uv": [0, 0, 7.75, 5.25], "texture": "#0"},
				"west": {"uv": [0, 0, 7.75, 5.25], "texture": "#0"},
				"up": {"uv": [0, 0, 7.75, 5.25], "texture": "#0"},
				"down": {"uv": [0, 0, 7.75, 5.25], "rotation": 180, "texture": "#0"}
			}
		},
		{
			"from": [6.29541, 5.355, 10.90298],
			"to": [9.28441, 5.355, 12.82448],
			"rotation": {"angle": -45, "axis": "x", "origin": [11.63291, 3.465, 12.44018], "rescale": true},
			"faces": {
				"north": {"uv": [0, 0, 7.75, 5.25], "rotation": 180, "texture": "#0"},
				"east": {"uv": [0, 0, 7.75, 5.25], "rotation": 180, "texture": "#0"},
				"south": {"uv": [0, 0, 7.75, 5.25], "rotation": 180, "texture": "#0"},
				"west": {"uv": [0, 0, 7.75, 5.25], "rotation": 180, "texture": "#0"},
				"up": {"uv": [0, 0, 7.75, 5.25], "rotation": 180, "texture": "#0"},
				"down": {"uv": [0, 0, 7.75, 5.25], "texture": "#0"}
			}
		},
		{
			"from": [10.67216, 5.355, 6.52623],
			"to": [12.59366, 5.355, 9.51523],
			"rotation": {"angle": 45, "axis": "z", "origin": [12.20936, 3.465, 4.17773], "rescale": true},
			"faces": {
				"north": {"uv": [0, 0, 7.75, 5.25], "rotation": 90, "texture": "#0"},
				"east": {"uv": [0, 0, 7.75, 5.25], "rotation": 90, "texture": "#0"},
				"south": {"uv": [0, 0, 7.75, 5.25], "rotation": 90, "texture": "#0"},
				"west": {"uv": [0, 0, 7.75, 5.25], "rotation": 90, "texture": "#0"},
				"up": {"uv": [0, 0, 7.75, 5.25], "rotation": 90, "texture": "#0"},
				"down": {"uv": [0, 0, 7.75, 5.25], "rotation": 90, "texture": "#0"}
			}
		},
		{
			"from": [2.98616, 5.355, 6.52623],
			"to": [4.90766, 5.355, 9.51523],
			"rotation": {"angle": -45, "axis": "z", "origin": [3.37046, 3.465, 11.86373], "rescale": true},
			"faces": {
				"north": {"uv": [0, 0, 7.75, 5.25], "rotation": 270, "texture": "#0"},
				"east": {"uv": [0, 0, 7.75, 5.25], "rotation": 270, "texture": "#0"},
				"south": {"uv": [0, 0, 7.75, 5.25], "rotation": 270, "texture": "#0"},
				"west": {"uv": [0, 0, 7.75, 5.25], "rotation": 270, "texture": "#0"},
				"up": {"uv": [0, 0, 7.75, 5.25], "rotation": 270, "texture": "#0"},
				"down": {"uv": [0, 0, 7.75, 5.25], "rotation": 270, "texture": "#0"}
			}
		},
		{
			"from": [9.07091, 4.305, 6.59028],
			"to": [11.41941, 5.88, 6.59028],
			"rotation": {"angle": 45, "axis": "y", "origin": [11.63291, 5.565, 9.02418], "rescale": true},
			"faces": {
				"north": {"uv": [0, 0, 7.75, 5.25], "texture": "#0"},
				"east": {"uv": [0, 0, 7.75, 5.25], "texture": "#0"},
				"south": {"uv": [0, 0, 7.75, 5.25], "texture": "#0"},
				"west": {"uv": [0, 0, 7.75, 5.25], "texture": "#0"},
				"up": {"uv": [0, 0, 7.75, 5.25], "texture": "#0"},
				"down": {"uv": [0, 0, 7.75, 5.25], "texture": "#0"}
			}
		},
		{
			"from": [7.83107, 4.305, 6.76417],
			"to": [7.83107, 5.88, 9.11267],
			"rotation": {"angle": 0, "axis": "y", "origin": [7.8204, 5.0925, 7.92774], "rescale": true},
			"faces": {
				"north": {"uv": [0, 0, 7.75, 5.25], "texture": "#0"},
				"east": {"uv": [0, 0, 7.75, 5.25], "texture": "#0"},
				"south": {"uv": [0, 0, 7.75, 5.25], "texture": "#0"},
				"west": {"uv": [0, 0, 7.75, 5.25], "texture": "#0"},
				"up": {"uv": [0, 0, 7.75, 5.25], "texture": "#0"},
				"down": {"uv": [0, 0, 7.75, 5.25], "texture": "#0"}
			}
		},
		{
			"from": [8.00341, 4.305, 10.39058],
			"to": [10.35191, 5.88, 10.39058],
			"rotation": {"angle": -45, "axis": "y", "origin": [11.63291, 5.565, 9.02418], "rescale": true},
			"faces": {
				"north": {"uv": [0, 0, 7.75, 5.25], "texture": "#0"},
				"east": {"uv": [0, 0, 7.75, 5.25], "texture": "#0"},
				"south": {"uv": [0, 0, 7.75, 5.25], "texture": "#0"},
				"west": {"uv": [0, 0, 7.75, 5.25], "texture": "#0"},
				"up": {"uv": [0, 0, 7.75, 5.25], "texture": "#0"},
				"down": {"uv": [0, 0, 7.75, 5.25], "texture": "#0"}
			}
		},
		{
			"from": [6.63547, 4.305, 7.91707],
			"to": [8.98397, 5.88, 7.91707],
			"rotation": {"angle": 0, "axis": "y", "origin": [7.8204, 5.0925, 7.92774], "rescale": true},
			"faces": {
				"north": {"uv": [0, 0, 7.75, 5.25], "texture": "#0"},
				"east": {"uv": [0, 0, 7.75, 5.25], "texture": "#0"},
				"south": {"uv": [0, 0, 7.75, 5.25], "texture": "#0"},
				"west": {"uv": [0, 0, 7.75, 5.25], "texture": "#0"},
				"up": {"uv": [0, 0, 7.75, 5.25], "texture": "#0"},
				"down": {"uv": [0, 0, 7.75, 5.25], "texture": "#0"}
			}
		},
		{
			"from": [6.51806, 3.27, 6.74412],
			"to": [9.08006, 3.97, 9.09262],
			"rotation": {"angle": 0, "axis": "y", "origin": [14.41756, 7.47, 14.43012]},
			"faces": {
				"north": {"uv": [2.5, 3.25, 5, 4.25], "texture": "#0"},
				"east": {"uv": [2.5, 3.25, 5, 4.25], "texture": "#0"},
				"south": {"uv": [2.5, 3.25, 5, 4.25], "texture": "#0"},
				"west": {"uv": [2.5, 3.25, 5, 4.25], "texture": "#0"},
				"up": {"uv": [2.5, 3.25, 5, 4.25], "texture": "#0"},
				"down": {"uv": [2.5, 3.25, 5, 4.25], "texture": "#0"}
			}
		}
	],
	"display": {
		"thirdperson_righthand": {
			"rotation": [75, 45, 0],
			"translation": [0, 2.5, 3.25],
			"scale": [0.5, 0.5, 0.5]
		},
		"thirdperson_lefthand": {
			"rotation": [75, 45, 0],
			"translation": [0, 2.5, 3.25],
			"scale": [0.5, 0.5, 0.5]
		},
		"firstperson_righthand": {
			"rotation": [0, 45, 0],
			"translation": [0, 3.25, 0],
			"scale": [0.4, 0.4, 0.4]
		},
		"firstperson_lefthand": {
			"rotation": [0, 45, 0],
			"translation": [0, 3.25, 0],
			"scale": [0.4, 0.4, 0.4]
		},
		"ground": {
			"translation": [0, 4.25, 0]
		},
		"gui": {
			"rotation": [30, 225, 0],
			"translation": [0, 4.25, 0]
		},
		"head": {
			"rotation": [0, -90, 0],
			"translation": [0, 14.25, 0]
		},
		"fixed": {
			"rotation": [-90, 0, 0],
			"translation": [0, 0, -15],
			"scale": [2, 2, 2]
		}
	},
	"groups": [
		{
			"name": "group",
			"origin": [8, 8, 8],
			"children": [
				{
					"name": "Pot",
					"origin": [8, 8, 8],
					"children": [0, 1, 2, 3, 4, 5]
				},
				{
					"name": "Plant",
					"origin": [8, 8, 8],
					"children": [
						{
							"name": "Big Outer",
							"origin": [4.5, 0, 12],
							"children": [6, 7, 8, 9]
						},
						{
							"name": "Middle",
							"origin": [4.5, 0, 12],
							"children": [10, 11, 12, 13]
						},
						{
							"name": "middle center",
							"origin": [4.5, 0, 12],
							"children": [14, 15, 16, 17]
						},
						{
							"name": "Center",
							"origin": [7.77499, 5.275, 7.88598],
							"children": [18, 19, 20, 21]
						}, 22]
				}
			]
		}
	]
}