{
	"credit": "Made with Blockbench",
	"parent": "./cit_item",
	"textures": {
		"0": "block/MizunoArchive/spruce_planks_vertical",
		"1": "block/MizunoArchive/spruce_planks",
		"2": "block/MizunoArchive/anvil_top",
		"1_0": "block/MizunoArchive/coarse_dirt",
		"2_1": "block/MizunoArchive/cactus_1",
		"3_0": "block/MizunoArchive/acacia_sapling_0",
		"2_0": "block/MizunoArchive/double_slab_stonebrick",
		"2_2": "block/succulent1",
		"4_0": "block/MizunoArchive/birch_sapling_0",
		"4_1": "block/MizunoArchive/birch_sapling_0a",
		"4_2": "block/MizunoArchive/birch_sapling_0b",
		"4_1_0": "block/MizunoArchive/flower_pot_3",
		"5_0": "block/MizunoArchive/oak_sapling_0",
		"0_1": "block/MizunoArchive/flower_pot_5",
		"1_1": "block/MizunoArchive/stone_slab_top",
		"1_3": "block/succulent2",
		"1_2_1": "block/MizunoArchive/cactus_1",
		"1_3_0": "block/grass_5",
		"1_top": "block/MizunoArchive/grass_5c",
		"1_middle": "block/MizunoArchive/grass_5b",
		"1_lower": "block/MizunoArchive/grass_5a",
		"1_2_0": "block/MizunoArchive/cactus_0",
		"1_2": "block/succulent1"
	},
	"elements": [
		{
			"from": [0, 0, 14],
			"to": [2, 16, 16],
			"faces": {
				"north": {"uv": [6, 0, 9, 16], "texture": "#0"},
				"east": {"uv": [6, 0, 9, 16], "texture": "#0"},
				"south": {"uv": [6, 0, 9, 16], "texture": "#0"},
				"west": {"uv": [6, 0, 9, 16], "texture": "#0"},
				"up": {"uv": [6, 0, 9, 16], "texture": "#0"},
				"down": {"uv": [11, 11, 15, 15], "texture": "#0"}
			}
		},
		{
			"from": [14, 0, 14],
			"to": [16, 16, 16],
			"faces": {
				"north": {"uv": [6, 0, 9, 16], "texture": "#0"},
				"east": {"uv": [6, 0, 9, 16], "texture": "#0"},
				"south": {"uv": [6, 0, 9, 16], "texture": "#0"},
				"west": {"uv": [6, 0, 9, 16], "texture": "#0"},
				"up": {"uv": [6, 0, 9, 16], "texture": "#0"},
				"down": {"uv": [11, 11, 15, 15], "texture": "#0"}
			}
		},
		{
			"from": [14, 16, 14],
			"to": [16, 29.25, 16],
			"faces": {
				"north": {"uv": [6, 0, 9, 16], "texture": "#0"},
				"east": {"uv": [6, 0, 9, 16], "texture": "#0"},
				"south": {"uv": [6, 0, 9, 16], "texture": "#0"},
				"west": {"uv": [6, 0, 9, 16], "texture": "#0"},
				"up": {"uv": [1, 11, 5, 15], "texture": "#0"},
				"down": {"uv": [6, 0, 9, 16], "texture": "#0"}
			}
		},
		{
			"from": [0, 16, 14],
			"to": [2, 29.25, 16],
			"faces": {
				"north": {"uv": [6, 0, 9, 16], "texture": "#0"},
				"east": {"uv": [6, 0, 9, 16], "texture": "#0"},
				"south": {"uv": [6, 0, 9, 16], "texture": "#0"},
				"west": {"uv": [6, 0, 9, 16], "texture": "#0"},
				"up": {"uv": [1, 11, 5, 15], "texture": "#0"},
				"down": {"uv": [6, 0, 9, 16], "texture": "#0"}
			}
		},
		{
			"from": [14.1, 10.5475, 11.57957],
			"to": [15.9, 26.5475, 13.57957],
			"rotation": {"angle": 22.5, "axis": "x", "origin": [7.8, 21.5475, 19.57957]},
			"faces": {
				"north": {"uv": [6, 0, 9, 16], "texture": "#0"},
				"east": {"uv": [6, 0, 9, 16], "texture": "#0"},
				"south": {"uv": [6, 0, 9, 16], "texture": "#0"},
				"west": {"uv": [6, 0, 9, 16], "texture": "#0"},
				"up": {"uv": [1, 11, 5, 15], "texture": "#0"},
				"down": {"uv": [6, 0, 9, 16], "texture": "#0"}
			}
		},
		{
			"from": [0.1, 10.5475, 11.57957],
			"to": [1.9, 26.5475, 13.57957],
			"rotation": {"angle": 22.5, "axis": "x", "origin": [8.1, 21.5475, 19.57957]},
			"faces": {
				"north": {"uv": [6, 0, 9, 16], "texture": "#0"},
				"east": {"uv": [6, 0, 9, 16], "texture": "#0"},
				"south": {"uv": [6, 0, 9, 16], "texture": "#0"},
				"west": {"uv": [6, 0, 9, 16], "texture": "#0"},
				"up": {"uv": [1, 11, 5, 15], "texture": "#0"},
				"down": {"uv": [6, 0, 9, 16], "texture": "#0"}
			}
		},
		{
			"from": [14.1, -4.23458, 5.45663],
			"to": [15.9, 11.76542, 7.45663],
			"rotation": {"angle": 22.5, "axis": "x", "origin": [7.8, 6.76542, 13.45663]},
			"faces": {
				"north": {"uv": [6, 0, 9, 16], "texture": "#0"},
				"east": {"uv": [6, 0, 9, 16], "texture": "#0"},
				"south": {"uv": [6, 0, 9, 16], "texture": "#0"},
				"west": {"uv": [6, 0, 9, 16], "texture": "#0"},
				"up": {"uv": [6, 0, 9, 16], "texture": "#0"},
				"down": {"uv": [11, 11, 15, 15], "texture": "#0"}
			}
		},
		{
			"from": [0.1, -4.23458, 5.45663],
			"to": [1.9, 11.76542, 7.45663],
			"rotation": {"angle": 22.5, "axis": "x", "origin": [8.1, 6.76542, 13.45663]},
			"faces": {
				"north": {"uv": [6, 0, 9, 16], "texture": "#0"},
				"east": {"uv": [6, 0, 9, 16], "texture": "#0"},
				"south": {"uv": [6, 0, 9, 16], "texture": "#0"},
				"west": {"uv": [6, 0, 9, 16], "texture": "#0"},
				"up": {"uv": [6, 0, 9, 16], "texture": "#0"},
				"down": {"uv": [11, 11, 15, 15], "texture": "#0"}
			}
		},
		{
			"from": [2, 23, 8],
			"to": [14, 24, 9],
			"faces": {
				"north": {"uv": [0, 0, 11, 1], "texture": "#1"},
				"east": {"uv": [0, 0, 1, 1], "texture": "#1"},
				"south": {"uv": [0, 0, 11, 1], "texture": "#1"},
				"west": {"uv": [0, 0, 1, 1], "texture": "#1"},
				"up": {"uv": [0, 0, 11, 1], "texture": "#1"},
				"down": {"uv": [0, 0, 11, 1], "texture": "#1"}
			}
		},
		{
			"from": [2, 23, 15],
			"to": [14, 24, 16],
			"faces": {
				"north": {"uv": [0, 0, 11, 1], "texture": "#1"},
				"east": {"uv": [0, 0, 11, 1], "texture": "#1"},
				"south": {"uv": [0, 0, 11, 1], "texture": "#1"},
				"west": {"uv": [0, 0, 11, 1], "texture": "#1"},
				"up": {"uv": [0, 0, 11, 1], "texture": "#1"},
				"down": {"uv": [0, 0, 11, 1], "texture": "#1"}
			}
		},
		{
			"from": [13, 23, 9],
			"to": [14, 24, 15],
			"faces": {
				"north": {"uv": [0, 0, 11, 1], "rotation": 270, "texture": "#1"},
				"east": {"uv": [0, 0, 11, 1], "rotation": 180, "texture": "#1"},
				"south": {"uv": [0, 0, 11, 1], "rotation": 270, "texture": "#1"},
				"west": {"uv": [0, 0, 11, 1], "rotation": 270, "texture": "#1"},
				"up": {"uv": [0, 0, 11, 1], "rotation": 270, "texture": "#1"},
				"down": {"uv": [0, 0, 11, 1], "rotation": 270, "texture": "#1"}
			}
		},
		{
			"from": [2, 23, 9],
			"to": [3, 24, 15],
			"faces": {
				"north": {"uv": [0, 0, 11, 1], "rotation": 270, "texture": "#1"},
				"east": {"uv": [0, 0, 11, 1], "rotation": 270, "texture": "#1"},
				"south": {"uv": [0, 0, 11, 1], "rotation": 270, "texture": "#1"},
				"west": {"uv": [0, 0, 11, 1], "rotation": 180, "texture": "#1"},
				"up": {"uv": [0, 0, 11, 1], "rotation": 270, "texture": "#1"},
				"down": {"uv": [0, 0, 11, 1], "rotation": 270, "texture": "#1"}
			}
		},
		{
			"from": [3, 23, 9],
			"to": [13, 23.5, 15],
			"faces": {
				"north": {"uv": [0, 0, 16, 11], "texture": "#1"},
				"east": {"uv": [0, 0, 16, 11], "texture": "#1"},
				"south": {"uv": [0, 0, 16, 11], "texture": "#1"},
				"west": {"uv": [0, 0, 16, 11], "texture": "#1"},
				"up": {"uv": [0, 0, 16, 11], "texture": "#1"},
				"down": {"uv": [0, 0, 16, 11], "texture": "#1"}
			}
		},
		{
			"from": [2, 17, 5],
			"to": [14, 18, 6],
			"faces": {
				"north": {"uv": [0, 0, 11, 1], "texture": "#1"},
				"east": {"uv": [0, 0, 1, 1], "texture": "#1"},
				"south": {"uv": [0, 0, 11, 1], "texture": "#1"},
				"west": {"uv": [0, 0, 1, 1], "texture": "#1"},
				"up": {"uv": [0, 0, 11, 1], "texture": "#1"},
				"down": {"uv": [0, 0, 11, 1], "texture": "#1"}
			}
		},
		{
			"from": [2, 17, 12],
			"to": [14, 18, 13],
			"faces": {
				"north": {"uv": [0, 0, 11, 1], "texture": "#1"},
				"east": {"uv": [0, 0, 1, 1], "texture": "#1"},
				"south": {"uv": [0, 0, 11, 1], "texture": "#1"},
				"west": {"uv": [0, 0, 1, 1], "texture": "#1"},
				"up": {"uv": [0, 0, 11, 1], "texture": "#1"},
				"down": {"uv": [0, 0, 11, 1], "texture": "#1"}
			}
		},
		{
			"from": [13, 17, 6],
			"to": [14, 18, 12],
			"faces": {
				"north": {"uv": [0, 0, 11, 1], "rotation": 270, "texture": "#1"},
				"east": {"uv": [0, 0, 11, 1], "rotation": 180, "texture": "#1"},
				"south": {"uv": [0, 0, 11, 1], "rotation": 270, "texture": "#1"},
				"west": {"uv": [0, 0, 11, 1], "rotation": 270, "texture": "#1"},
				"up": {"uv": [0, 0, 11, 1], "rotation": 270, "texture": "#1"},
				"down": {"uv": [0, 0, 11, 1], "rotation": 270, "texture": "#1"}
			}
		},
		{
			"from": [2, 17, 6],
			"to": [3, 18, 12],
			"faces": {
				"north": {"uv": [0, 0, 11, 1], "rotation": 270, "texture": "#1"},
				"east": {"uv": [0, 0, 11, 1], "rotation": 270, "texture": "#1"},
				"south": {"uv": [0, 0, 11, 1], "rotation": 270, "texture": "#1"},
				"west": {"uv": [0, 0, 11, 1], "rotation": 180, "texture": "#1"},
				"up": {"uv": [0, 0, 11, 1], "rotation": 270, "texture": "#1"},
				"down": {"uv": [0, 0, 11, 1], "rotation": 270, "texture": "#1"}
			}
		},
		{
			"from": [3, 17, 6],
			"to": [13, 17.5, 12],
			"faces": {
				"north": {"uv": [0, 0, 16, 11], "texture": "#1"},
				"east": {"uv": [0, 0, 16, 11], "texture": "#1"},
				"south": {"uv": [0, 0, 16, 11], "texture": "#1"},
				"west": {"uv": [0, 0, 16, 11], "texture": "#1"},
				"up": {"uv": [0, 0, 16, 11], "texture": "#1"},
				"down": {"uv": [0, 0, 16, 11], "texture": "#1"}
			}
		},
		{
			"from": [2, 11, 3],
			"to": [14, 12, 4],
			"faces": {
				"north": {"uv": [0, 0, 11, 1], "texture": "#1"},
				"east": {"uv": [0, 0, 1, 1], "texture": "#1"},
				"south": {"uv": [0, 0, 11, 1], "texture": "#1"},
				"west": {"uv": [0, 0, 1, 1], "texture": "#1"},
				"up": {"uv": [0, 0, 11, 1], "texture": "#1"},
				"down": {"uv": [0, 0, 11, 1], "texture": "#1"}
			}
		},
		{
			"from": [2, 11, 10],
			"to": [14, 12, 11],
			"faces": {
				"north": {"uv": [0, 0, 11, 1], "texture": "#1"},
				"east": {"uv": [0, 0, 1, 1], "texture": "#1"},
				"south": {"uv": [0, 0, 11, 1], "texture": "#1"},
				"west": {"uv": [0, 0, 1, 1], "texture": "#1"},
				"up": {"uv": [0, 0, 11, 1], "texture": "#1"},
				"down": {"uv": [0, 0, 11, 1], "texture": "#1"}
			}
		},
		{
			"from": [13, 11, 4],
			"to": [14, 12, 10],
			"faces": {
				"north": {"uv": [0, 0, 11, 1], "rotation": 270, "texture": "#1"},
				"east": {"uv": [0, 0, 11, 1], "rotation": 180, "texture": "#1"},
				"south": {"uv": [0, 0, 11, 1], "rotation": 270, "texture": "#1"},
				"west": {"uv": [0, 0, 11, 1], "rotation": 270, "texture": "#1"},
				"up": {"uv": [0, 0, 11, 1], "rotation": 270, "texture": "#1"},
				"down": {"uv": [0, 0, 11, 1], "rotation": 270, "texture": "#1"}
			}
		},
		{
			"from": [2, 11, 4],
			"to": [3, 12, 10],
			"faces": {
				"north": {"uv": [0, 0, 11, 1], "rotation": 270, "texture": "#1"},
				"east": {"uv": [0, 0, 11, 1], "rotation": 270, "texture": "#1"},
				"south": {"uv": [0, 0, 11, 1], "rotation": 270, "texture": "#1"},
				"west": {"uv": [0, 0, 11, 1], "rotation": 180, "texture": "#1"},
				"up": {"uv": [0, 0, 11, 1], "rotation": 270, "texture": "#1"},
				"down": {"uv": [0, 0, 11, 1], "rotation": 270, "texture": "#1"}
			}
		},
		{
			"from": [3, 11, 4],
			"to": [13, 11.5, 10],
			"faces": {
				"north": {"uv": [0, 0, 16, 11], "texture": "#1"},
				"east": {"uv": [0, 0, 16, 11], "texture": "#1"},
				"south": {"uv": [0, 0, 16, 11], "texture": "#1"},
				"west": {"uv": [0, 0, 16, 11], "texture": "#1"},
				"up": {"uv": [0, 0, 16, 11], "texture": "#1"},
				"down": {"uv": [0, 0, 16, 11], "texture": "#1"}
			}
		},
		{
			"from": [2, 5, 1],
			"to": [14, 6, 2],
			"faces": {
				"north": {"uv": [0, 0, 11, 1], "texture": "#1"},
				"east": {"uv": [0, 0, 1, 1], "texture": "#1"},
				"south": {"uv": [0, 0, 11, 1], "texture": "#1"},
				"west": {"uv": [0, 0, 1, 1], "texture": "#1"},
				"up": {"uv": [0, 0, 11, 1], "texture": "#1"},
				"down": {"uv": [0, 0, 11, 1], "texture": "#1"}
			}
		},
		{
			"from": [2, 5, 8],
			"to": [14, 6, 9],
			"faces": {
				"north": {"uv": [0, 0, 11, 1], "texture": "#1"},
				"east": {"uv": [0, 0, 1, 1], "texture": "#1"},
				"south": {"uv": [0, 0, 11, 1], "texture": "#1"},
				"west": {"uv": [0, 0, 1, 1], "texture": "#1"},
				"up": {"uv": [0, 0, 11, 1], "texture": "#1"},
				"down": {"uv": [0, 0, 11, 1], "texture": "#1"}
			}
		},
		{
			"from": [13, 5, 2],
			"to": [14, 6, 8],
			"faces": {
				"north": {"uv": [0, 0, 11, 1], "rotation": 270, "texture": "#1"},
				"east": {"uv": [0, 0, 11, 1], "rotation": 180, "texture": "#1"},
				"south": {"uv": [0, 0, 11, 1], "rotation": 270, "texture": "#1"},
				"west": {"uv": [0, 0, 11, 1], "rotation": 270, "texture": "#1"},
				"up": {"uv": [0, 0, 11, 1], "rotation": 270, "texture": "#1"},
				"down": {"uv": [0, 0, 11, 1], "rotation": 270, "texture": "#1"}
			}
		},
		{
			"from": [2, 5, 2],
			"to": [3, 6, 8],
			"faces": {
				"north": {"uv": [0, 0, 11, 1], "rotation": 270, "texture": "#1"},
				"east": {"uv": [0, 0, 11, 1], "rotation": 270, "texture": "#1"},
				"south": {"uv": [0, 0, 11, 1], "rotation": 270, "texture": "#1"},
				"west": {"uv": [0, 0, 11, 1], "rotation": 180, "texture": "#1"},
				"up": {"uv": [0, 0, 11, 1], "rotation": 270, "texture": "#1"},
				"down": {"uv": [0, 0, 11, 1], "rotation": 270, "texture": "#1"}
			}
		},
		{
			"from": [3, 5, 2],
			"to": [13, 5.5, 8],
			"faces": {
				"north": {"uv": [0, 0, 16, 11], "texture": "#1"},
				"east": {"uv": [0, 0, 16, 11], "texture": "#1"},
				"south": {"uv": [0, 0, 16, 11], "texture": "#1"},
				"west": {"uv": [0, 0, 16, 11], "texture": "#1"},
				"up": {"uv": [0, 0, 16, 11], "texture": "#1"},
				"down": {"uv": [0, 0, 16, 11], "texture": "#1"}
			}
		},
		{
			"from": [2, 17, 14.5],
			"to": [14, 18, 15.5],
			"faces": {
				"north": {"uv": [0, 0, 11, 1], "texture": "#1"},
				"east": {"uv": [0, 0, 11, 1], "texture": "#1"},
				"south": {"uv": [0, 0, 11, 1], "texture": "#1"},
				"west": {"uv": [0, 0, 11, 1], "texture": "#1"},
				"up": {"uv": [0, 0, 11, 1], "texture": "#1"},
				"down": {"uv": [0, 0, 11, 1], "texture": "#1"}
			}
		},
		{
			"from": [2, 12, 14.5],
			"to": [14, 13, 15.5],
			"faces": {
				"north": {"uv": [0, 0, 11, 1], "texture": "#1"},
				"east": {"uv": [0, 0, 11, 1], "texture": "#1"},
				"south": {"uv": [0, 0, 11, 1], "texture": "#1"},
				"west": {"uv": [0, 0, 11, 1], "texture": "#1"},
				"up": {"uv": [0, 0, 11, 1], "texture": "#1"},
				"down": {"uv": [0, 0, 11, 1], "texture": "#1"}
			}
		},
		{
			"from": [2, 7, 14.5],
			"to": [14, 8, 15.5],
			"faces": {
				"north": {"uv": [0, 0, 11, 1], "texture": "#1"},
				"east": {"uv": [0, 0, 11, 1], "texture": "#1"},
				"south": {"uv": [0, 0, 11, 1], "texture": "#1"},
				"west": {"uv": [0, 0, 11, 1], "texture": "#1"},
				"up": {"uv": [0, 0, 11, 1], "texture": "#1"},
				"down": {"uv": [0, 0, 11, 1], "texture": "#1"}
			}
		},
		{
			"from": [2, 2, 14.5],
			"to": [14, 3, 15.5],
			"faces": {
				"north": {"uv": [0, 0, 11, 1], "texture": "#1"},
				"east": {"uv": [0, 0, 11, 1], "texture": "#1"},
				"south": {"uv": [0, 0, 11, 1], "texture": "#1"},
				"west": {"uv": [0, 0, 11, 1], "texture": "#1"},
				"up": {"uv": [0, 0, 11, 1], "texture": "#1"},
				"down": {"uv": [0, 0, 11, 1], "texture": "#1"}
			}
		},
		{
			"from": [0.5, 12.5, 3.75],
			"to": [1, 13, 7.75],
			"rotation": {"angle": -22.5, "axis": "x", "origin": [8, 29, 16]},
			"faces": {
				"north": {"uv": [3, 1, 12, 2], "texture": "#2"},
				"east": {"uv": [3, 1, 12, 2], "texture": "#2"},
				"south": {"uv": [3, 1, 12, 2], "texture": "#2"},
				"west": {"uv": [3, 1, 12, 2], "texture": "#2"},
				"up": {"uv": [3, 1, 12, 2], "texture": "#2"},
				"down": {"uv": [3, 1, 12, 2], "texture": "#2"}
			}
		},
		{
			"from": [0.5, 4.65499, 12.68304],
			"to": [1, 5.15499, 16.68304],
			"rotation": {"angle": 22.5, "axis": "x", "origin": [8, 21.15499, 24.93304]},
			"faces": {
				"north": {"uv": [3, 1, 12, 2], "texture": "#2"},
				"east": {"uv": [3, 1, 12, 2], "texture": "#2"},
				"south": {"uv": [3, 1, 12, 2], "texture": "#2"},
				"west": {"uv": [3, 1, 12, 2], "texture": "#2"},
				"up": {"uv": [3, 1, 12, 2], "texture": "#2"},
				"down": {"uv": [3, 1, 12, 2], "texture": "#2"}
			}
		},
		{
			"from": [14.75, 12.5, 3.75],
			"to": [15.25, 13, 7.75],
			"rotation": {"angle": -22.5, "axis": "x", "origin": [22.25, 29, 16]},
			"faces": {
				"north": {"uv": [3, 1, 12, 2], "texture": "#2"},
				"east": {"uv": [3, 1, 12, 2], "texture": "#2"},
				"south": {"uv": [3, 1, 12, 2], "texture": "#2"},
				"west": {"uv": [3, 1, 12, 2], "texture": "#2"},
				"up": {"uv": [3, 1, 12, 2], "texture": "#2"},
				"down": {"uv": [3, 1, 12, 2], "texture": "#2"}
			}
		},
		{
			"from": [14.75, 4.65499, 12.68304],
			"to": [15.25, 5.15499, 16.68304],
			"rotation": {"angle": 22.5, "axis": "x", "origin": [22.25, 21.15499, 24.93304]},
			"faces": {
				"north": {"uv": [3, 1, 12, 2], "texture": "#2"},
				"east": {"uv": [3, 1, 12, 2], "texture": "#2"},
				"south": {"uv": [3, 1, 12, 2], "texture": "#2"},
				"west": {"uv": [3, 1, 12, 2], "texture": "#2"},
				"up": {"uv": [3, 1, 12, 2], "texture": "#2"},
				"down": {"uv": [3, 1, 12, 2], "texture": "#2"}
			}
		},
		{
			"from": [10.02708, 12.04144, 8.19085],
			"to": [11.80648, 13.56664, 8.44505],
			"faces": {
				"north": {"uv": [0, 0, 5, 5], "texture": "#2_0"},
				"east": {"uv": [0, 0, 5, 5], "texture": "#2_0"},
				"south": {"uv": [0, 0, 5, 5], "texture": "#2_0"},
				"west": {"uv": [0, 0, 5, 5], "texture": "#2_0"},
				"up": {"uv": [0, 0, 5, 1], "texture": "#2_0"},
				"down": {"uv": [0, 0, 5, 5], "texture": "#2_0"}
			}
		},
		{
			"from": [10.02708, 11.53304, 6.41145],
			"to": [12.06068, 12.04144, 8.44505],
			"faces": {
				"north": {"uv": [0, 2, 5, 4], "texture": "#2_0"},
				"east": {"uv": [0, 2, 5, 4], "texture": "#2_0"},
				"south": {"uv": [0, 2, 5, 4], "texture": "#2_0"},
				"west": {"uv": [0, 2, 5, 4], "texture": "#2_0"},
				"up": {"uv": [0, 2, 5, 4], "texture": "#2_0"},
				"down": {"uv": [0, 2, 5, 4], "texture": "#2_0"}
			}
		},
		{
			"from": [10.28128, 12.04144, 6.66565],
			"to": [11.80648, 13.31244, 8.19085],
			"faces": {
				"north": {"uv": [0, 0, 5, 5], "texture": "#2_1"},
				"east": {"uv": [0, 0, 5, 5], "texture": "#2_1"},
				"south": {"uv": [0, 0, 5, 5], "texture": "#2_1"},
				"west": {"uv": [0, 0, 5, 5], "texture": "#2_1"},
				"up": {"uv": [0, 0, 5, 5], "texture": "#2_1"},
				"down": {"uv": [0, 0, 5, 5], "texture": "#2_1"}
			}
		},
		{
			"from": [10.02708, 12.04144, 6.41145],
			"to": [10.28128, 13.56664, 8.19085],
			"faces": {
				"north": {"uv": [0, 0, 5, 5], "texture": "#2_0"},
				"east": {"uv": [0, 0, 5, 5], "texture": "#2_0"},
				"south": {"uv": [0, 0, 5, 5], "texture": "#2_0"},
				"west": {"uv": [0, 0, 5, 5], "texture": "#2_0"},
				"up": {"uv": [0, 0, 5, 1], "rotation": 90, "texture": "#2_0"},
				"down": {"uv": [0, 0, 5, 5], "texture": "#2_0"}
			}
		},
		{
			"from": [10.28128, 12.04144, 6.41145],
			"to": [12.06068, 13.56664, 6.66565],
			"faces": {
				"north": {"uv": [0, 0, 5, 5], "texture": "#2_0"},
				"east": {"uv": [0, 0, 5, 5], "texture": "#2_0"},
				"south": {"uv": [0, 0, 5, 5], "texture": "#2_0"},
				"west": {"uv": [0, 0, 5, 5], "texture": "#2_0"},
				"up": {"uv": [0, 0, 5, 1], "texture": "#2_0"},
				"down": {"uv": [0, 0, 5, 5], "texture": "#2_0"}
			}
		},
		{
			"from": [11.80648, 12.04144, 6.66565],
			"to": [12.06068, 13.56664, 8.44505],
			"faces": {
				"north": {"uv": [0, 0, 5, 5], "texture": "#2_0"},
				"east": {"uv": [0, 0, 5, 5], "texture": "#2_0"},
				"south": {"uv": [0, 0, 5, 5], "texture": "#2_0"},
				"west": {"uv": [0, 0, 5, 5], "texture": "#2_0"},
				"up": {"uv": [0, 0, 5, 1], "rotation": 90, "texture": "#2_0"},
				"down": {"uv": [0, 0, 5, 5], "texture": "#2_0"}
			}
		},
		{
			"from": [10.82087, 13.31244, 6.38097],
			"to": [10.82087, 15.09184, 8.28747],
			"rotation": {"angle": -45, "axis": "y", "origin": [10.82087, 13.82084, 7.65197]},
			"faces": {
				"north": {"uv": [8, 0, 15.75, 7], "texture": "#2_2"},
				"east": {"uv": [8, 0, 15.75, 7], "texture": "#2_2"},
				"south": {"uv": [8, 0, 15.75, 7], "texture": "#2_2"},
				"west": {"uv": [8, 0, 15.75, 7], "texture": "#2_2"},
				"up": {"uv": [8, 0, 15.75, 7], "rotation": 90, "texture": "#2_2"},
				"down": {"uv": [8, 0, 15.75, 7], "rotation": 270, "texture": "#2_2"}
			}
		},
		{
			"from": [11.35747, 13.31244, 6.34303],
			"to": [11.35747, 15.09184, 8.24953],
			"rotation": {"angle": 45, "axis": "y", "origin": [11.35747, 14.07504, 7.74113]},
			"faces": {
				"north": {"uv": [8, 0, 15.75, 7], "texture": "#2_2"},
				"east": {"uv": [8, 0, 15.75, 7], "texture": "#2_2"},
				"south": {"uv": [8, 0, 15.75, 7], "texture": "#2_2"},
				"west": {"uv": [8, 0, 15.75, 7], "texture": "#2_2"},
				"up": {"uv": [8, 0, 15.75, 7], "rotation": 90, "texture": "#2_2"},
				"down": {"uv": [8, 0, 15.75, 7], "rotation": 270, "texture": "#2_2"}
			}
		},
		{
			"from": [6.97668, 12.04144, 8.19085],
			"to": [8.75608, 13.56664, 8.44505],
			"faces": {
				"north": {"uv": [0, 0, 5, 5], "texture": "#2_0"},
				"east": {"uv": [0, 0, 5, 5], "texture": "#2_0"},
				"south": {"uv": [0, 0, 5, 5], "texture": "#2_0"},
				"west": {"uv": [0, 0, 5, 5], "texture": "#2_0"},
				"up": {"uv": [0, 0, 5, 1], "texture": "#2_0"},
				"down": {"uv": [0, 0, 5, 5], "texture": "#2_0"}
			}
		},
		{
			"from": [6.97668, 11.53304, 6.41145],
			"to": [9.01028, 12.04144, 8.44505],
			"faces": {
				"north": {"uv": [0, 2, 5, 4], "texture": "#2_0"},
				"east": {"uv": [0, 2, 5, 4], "texture": "#2_0"},
				"south": {"uv": [0, 2, 5, 4], "texture": "#2_0"},
				"west": {"uv": [0, 2, 5, 4], "texture": "#2_0"},
				"up": {"uv": [0, 2, 5, 4], "texture": "#2_0"},
				"down": {"uv": [0, 2, 5, 4], "texture": "#2_0"}
			}
		},
		{
			"from": [7.23088, 12.04144, 6.66565],
			"to": [8.75608, 13.31244, 8.19085],
			"faces": {
				"north": {"uv": [0, 0, 5, 5], "texture": "#2_1"},
				"east": {"uv": [0, 0, 5, 5], "texture": "#2_1"},
				"south": {"uv": [0, 0, 5, 5], "texture": "#2_1"},
				"west": {"uv": [0, 0, 5, 5], "texture": "#2_1"},
				"up": {"uv": [0, 0, 5, 5], "texture": "#2_1"},
				"down": {"uv": [0, 0, 5, 5], "texture": "#2_1"}
			}
		},
		{
			"from": [6.97668, 12.04144, 6.41145],
			"to": [7.23088, 13.56664, 8.19085],
			"faces": {
				"north": {"uv": [0, 0, 5, 5], "texture": "#2_0"},
				"east": {"uv": [0, 0, 5, 5], "texture": "#2_0"},
				"south": {"uv": [0, 0, 5, 5], "texture": "#2_0"},
				"west": {"uv": [0, 0, 5, 5], "texture": "#2_0"},
				"up": {"uv": [0, 0, 5, 1], "rotation": 90, "texture": "#2_0"},
				"down": {"uv": [0, 0, 5, 5], "texture": "#2_0"}
			}
		},
		{
			"from": [7.23088, 12.04144, 6.41145],
			"to": [9.01028, 13.56664, 6.66565],
			"faces": {
				"north": {"uv": [0, 0, 5, 5], "texture": "#2_0"},
				"east": {"uv": [0, 0, 5, 5], "texture": "#2_0"},
				"south": {"uv": [0, 0, 5, 5], "texture": "#2_0"},
				"west": {"uv": [0, 0, 5, 5], "texture": "#2_0"},
				"up": {"uv": [0, 0, 5, 1], "texture": "#2_0"},
				"down": {"uv": [0, 0, 5, 5], "texture": "#2_0"}
			}
		},
		{
			"from": [8.75608, 12.04144, 6.66565],
			"to": [9.01028, 13.56664, 8.44505],
			"faces": {
				"north": {"uv": [0, 0, 5, 5], "texture": "#2_0"},
				"east": {"uv": [0, 0, 5, 5], "texture": "#2_0"},
				"south": {"uv": [0, 0, 5, 5], "texture": "#2_0"},
				"west": {"uv": [0, 0, 5, 5], "texture": "#2_0"},
				"up": {"uv": [0, 0, 5, 1], "rotation": 90, "texture": "#2_0"},
				"down": {"uv": [0, 0, 5, 5], "texture": "#2_0"}
			}
		},
		{
			"from": [7.77047, 13.31244, 6.38097],
			"to": [7.77047, 15.09184, 8.28747],
			"rotation": {"angle": -45, "axis": "y", "origin": [7.77047, 13.82084, 7.65197]},
			"faces": {
				"north": {"uv": [8, 0, 15.75, 7], "texture": "#2_2"},
				"east": {"uv": [8, 0, 15.75, 7], "texture": "#2_2"},
				"south": {"uv": [8, 0, 15.75, 7], "texture": "#2_2"},
				"west": {"uv": [8, 0, 15.75, 7], "texture": "#2_2"},
				"up": {"uv": [8, 0, 15.75, 7], "rotation": 90, "texture": "#2_2"},
				"down": {"uv": [8, 0, 15.75, 7], "rotation": 270, "texture": "#2_2"}
			}
		},
		{
			"from": [8.30707, 13.31244, 6.34303],
			"to": [8.30707, 15.09184, 8.24953],
			"rotation": {"angle": 45, "axis": "y", "origin": [8.30707, 14.07504, 7.74113]},
			"faces": {
				"north": {"uv": [8, 0, 15.75, 7], "texture": "#2_2"},
				"east": {"uv": [8, 0, 15.75, 7], "texture": "#2_2"},
				"south": {"uv": [8, 0, 15.75, 7], "texture": "#2_2"},
				"west": {"uv": [8, 0, 15.75, 7], "texture": "#2_2"},
				"up": {"uv": [8, 0, 15.75, 7], "rotation": 90, "texture": "#2_2"},
				"down": {"uv": [8, 0, 15.75, 7], "rotation": 270, "texture": "#2_2"}
			}
		},
		{
			"from": [3.97668, 12.04144, 8.19085],
			"to": [5.75608, 13.56664, 8.44505],
			"faces": {
				"north": {"uv": [0, 0, 5, 5], "texture": "#2_0"},
				"east": {"uv": [0, 0, 5, 5], "texture": "#2_0"},
				"south": {"uv": [0, 0, 5, 5], "texture": "#2_0"},
				"west": {"uv": [0, 0, 5, 5], "texture": "#2_0"},
				"up": {"uv": [0, 0, 5, 1], "texture": "#2_0"},
				"down": {"uv": [0, 0, 5, 5], "texture": "#2_0"}
			}
		},
		{
			"from": [3.97668, 11.53304, 6.41145],
			"to": [6.01028, 12.04144, 8.44505],
			"faces": {
				"north": {"uv": [0, 2, 5, 4], "texture": "#2_0"},
				"east": {"uv": [0, 2, 5, 4], "texture": "#2_0"},
				"south": {"uv": [0, 2, 5, 4], "texture": "#2_0"},
				"west": {"uv": [0, 2, 5, 4], "texture": "#2_0"},
				"up": {"uv": [0, 2, 5, 4], "texture": "#2_0"},
				"down": {"uv": [0, 2, 5, 4], "texture": "#2_0"}
			}
		},
		{
			"from": [4.23088, 12.04144, 6.66565],
			"to": [5.75608, 13.31244, 8.19085],
			"faces": {
				"north": {"uv": [0, 0, 5, 5], "texture": "#2_1"},
				"east": {"uv": [0, 0, 5, 5], "texture": "#2_1"},
				"south": {"uv": [0, 0, 5, 5], "texture": "#2_1"},
				"west": {"uv": [0, 0, 5, 5], "texture": "#2_1"},
				"up": {"uv": [0, 0, 5, 5], "texture": "#2_1"},
				"down": {"uv": [0, 0, 5, 5], "texture": "#2_1"}
			}
		},
		{
			"from": [3.97668, 12.04144, 6.41145],
			"to": [4.23088, 13.56664, 8.19085],
			"faces": {
				"north": {"uv": [0, 0, 5, 5], "texture": "#2_0"},
				"east": {"uv": [0, 0, 5, 5], "texture": "#2_0"},
				"south": {"uv": [0, 0, 5, 5], "texture": "#2_0"},
				"west": {"uv": [0, 0, 5, 5], "texture": "#2_0"},
				"up": {"uv": [0, 0, 5, 1], "rotation": 90, "texture": "#2_0"},
				"down": {"uv": [0, 0, 5, 5], "texture": "#2_0"}
			}
		},
		{
			"from": [4.23088, 12.04144, 6.41145],
			"to": [6.01028, 13.56664, 6.66565],
			"faces": {
				"north": {"uv": [0, 0, 5, 5], "texture": "#2_0"},
				"east": {"uv": [0, 0, 5, 5], "texture": "#2_0"},
				"south": {"uv": [0, 0, 5, 5], "texture": "#2_0"},
				"west": {"uv": [0, 0, 5, 5], "texture": "#2_0"},
				"up": {"uv": [0, 0, 5, 1], "texture": "#2_0"},
				"down": {"uv": [0, 0, 5, 5], "texture": "#2_0"}
			}
		},
		{
			"from": [5.75608, 12.04144, 6.66565],
			"to": [6.01028, 13.56664, 8.44505],
			"faces": {
				"north": {"uv": [0, 0, 5, 5], "texture": "#2_0"},
				"east": {"uv": [0, 0, 5, 5], "texture": "#2_0"},
				"south": {"uv": [0, 0, 5, 5], "texture": "#2_0"},
				"west": {"uv": [0, 0, 5, 5], "texture": "#2_0"},
				"up": {"uv": [0, 0, 5, 1], "rotation": 90, "texture": "#2_0"},
				"down": {"uv": [0, 0, 5, 5], "texture": "#2_0"}
			}
		},
		{
			"from": [4.77047, 13.31244, 6.38097],
			"to": [4.77047, 15.09184, 8.28747],
			"rotation": {"angle": -45, "axis": "y", "origin": [4.77047, 13.82084, 7.65197]},
			"faces": {
				"north": {"uv": [8, 0, 15.75, 7], "texture": "#2_2"},
				"east": {"uv": [8, 0, 15.75, 7], "texture": "#2_2"},
				"south": {"uv": [8, 0, 15.75, 7], "texture": "#2_2"},
				"west": {"uv": [8, 0, 15.75, 7], "texture": "#2_2"},
				"up": {"uv": [8, 0, 15.75, 7], "rotation": 90, "texture": "#2_2"},
				"down": {"uv": [8, 0, 15.75, 7], "rotation": 270, "texture": "#2_2"}
			}
		},
		{
			"from": [5.30707, 13.31244, 6.34303],
			"to": [5.30707, 15.09184, 8.24953],
			"rotation": {"angle": 45, "axis": "y", "origin": [5.30707, 14.07504, 7.74113]},
			"faces": {
				"north": {"uv": [8, 0, 15.75, 7], "texture": "#2_2"},
				"east": {"uv": [8, 0, 15.75, 7], "texture": "#2_2"},
				"south": {"uv": [8, 0, 15.75, 7], "texture": "#2_2"},
				"west": {"uv": [8, 0, 15.75, 7], "texture": "#2_2"},
				"up": {"uv": [8, 0, 15.75, 7], "rotation": 90, "texture": "#2_2"},
				"down": {"uv": [8, 0, 15.75, 7], "rotation": 270, "texture": "#2_2"}
			}
		},
		{
			"name": "flower_pot",
			"from": [8.4152, 17.6784, 5.8408],
			"to": [12.3672, 19.2592, 9.7928],
			"faces": {
				"north": {"uv": [5, 5, 0, 7], "texture": "#3_0"},
				"east": {"uv": [5, 5, 0, 7], "texture": "#3_0"},
				"south": {"uv": [5, 5, 0, 7], "texture": "#3_0"},
				"west": {"uv": [5, 5, 0, 7], "texture": "#3_0"},
				"up": {"uv": [5, 5, 10, 0], "texture": "#3_0"},
				"down": {"uv": [0, 5, 5, 0], "texture": "#3_0"}
			}
		},
		{
			"from": [7.2296, 20.0496, 4.6552],
			"to": [13.5528, 20.05355, 10.9784],
			"rotation": {"angle": -45, "axis": "y", "origin": [10.3912, 20.0496, 7.8168]},
			"faces": {
				"up": {"uv": [0, 16, 8, 8], "texture": "#3_0"},
				"down": {"uv": [0, 16, 8, 8], "texture": "#3_0"}
			}
		},
		{
			"from": [8.6128, 21.2352, 6.0384],
			"to": [12.1696, 21.23915, 9.5952],
			"rotation": {"angle": -45, "axis": "y", "origin": [10.3912, 23.2112, 7.8168]},
			"faces": {
				"up": {"uv": [1, 13, 5.5, 8.5], "texture": "#3_0"},
				"down": {"uv": [1, 13, 5.5, 8.5], "texture": "#3_0"}
			}
		},
		{
			"from": [7.2296, 22.4208, 10.188],
			"to": [13.5528, 22.42475, 13.3496],
			"rotation": {"angle": 45, "axis": "x", "origin": [10.3912, 23.2112, 7.8168]},
			"faces": {
				"up": {"uv": [0, 16, 8, 12], "rotation": 180, "texture": "#3_0"},
				"down": {"uv": [0, 12, 8, 16], "rotation": 180, "texture": "#3_0"}
			}
		},
		{
			"from": [7.2296, 22.4208, 2.284],
			"to": [13.5528, 22.42475, 5.4456],
			"rotation": {"angle": -45, "axis": "x", "origin": [10.3912, 23.2112, 7.8168]},
			"faces": {
				"up": {"uv": [0, 16, 8, 12], "texture": "#3_0"},
				"down": {"uv": [0, 12, 8, 16], "texture": "#3_0"}
			}
		},
		{
			"from": [4.8584, 22.4208, 4.6552],
			"to": [8.02, 22.42475, 10.9784],
			"rotation": {"angle": 45, "axis": "z", "origin": [10.3912, 23.2112, 7.8168]},
			"faces": {
				"up": {"uv": [8, 12, 0, 16], "rotation": 90, "texture": "#3_0"},
				"down": {"uv": [8, 16, 0, 12], "rotation": 270, "texture": "#3_0"}
			}
		},
		{
			"from": [12.7624, 22.4208, 4.6552],
			"to": [15.924, 22.42475, 10.9784],
			"rotation": {"angle": -45, "axis": "z", "origin": [10.3912, 23.2112, 7.8168]},
			"faces": {
				"up": {"uv": [8, 12, 0, 16], "rotation": 270, "texture": "#3_0"},
				"down": {"uv": [8, 16, 0, 12], "rotation": 90, "texture": "#3_0"}
			}
		},
		{
			"from": [7.2296, 22.0256, 8.6072],
			"to": [13.5528, 22.02955, 11.7688],
			"rotation": {"angle": 22.5, "axis": "x", "origin": [10.3912, 22.816, 7.8168]},
			"faces": {
				"up": {"uv": [8, 16, 16, 12], "rotation": 180, "texture": "#3_0"},
				"down": {"uv": [8, 12, 16, 16], "rotation": 180, "texture": "#3_0"}
			}
		},
		{
			"from": [11.1816, 22.0256, 4.6552],
			"to": [14.3432, 22.02955, 10.9784],
			"rotation": {"angle": -22.5, "axis": "z", "origin": [10.3912, 22.816, 7.8168]},
			"faces": {
				"up": {"uv": [16, 12, 8, 16], "rotation": 270, "texture": "#3_0"},
				"down": {"uv": [8, 12, 16, 16], "rotation": 270, "texture": "#3_0"}
			}
		},
		{
			"from": [7.2296, 22.0256, 3.8648],
			"to": [13.5528, 22.02955, 7.0264],
			"rotation": {"angle": -22.5, "axis": "x", "origin": [10.3912, 22.816, 7.8168]},
			"faces": {
				"up": {"uv": [8, 16, 16, 12], "texture": "#3_0"},
				"down": {"uv": [8, 12, 16, 16], "texture": "#3_0"}
			}
		},
		{
			"from": [6.4392, 22.0256, 4.6552],
			"to": [9.6008, 22.02955, 10.9784],
			"rotation": {"angle": 22.5, "axis": "z", "origin": [10.3912, 22.816, 7.8168]},
			"faces": {
				"up": {"uv": [16, 12, 8, 16], "rotation": 90, "texture": "#3_0"},
				"down": {"uv": [8, 12, 16, 16], "rotation": 90, "texture": "#3_0"}
			}
		},
		{
			"from": [9.2056, 13.3552, 4.94765],
			"to": [13.1576, 19.2592, 4.9516],
			"faces": {
				"north": {"uv": [11, 0, 16, 8.5], "texture": "#3_0"},
				"south": {"uv": [16, 0, 11, 10], "texture": "#3_0"}
			}
		},
		{
			"from": [9.2056, 15.3072, 6.92365],
			"to": [13.1576, 18.4688, 6.9276],
			"rotation": {"angle": 22.5, "axis": "x", "origin": [9.996, 22.816, 8.212]},
			"faces": {
				"north": {"uv": [11, 3, 16, 7], "texture": "#3_0"},
				"south": {"uv": [16, 3, 11, 7], "texture": "#3_0"}
			}
		},
		{
			"name": "flower_pot",
			"from": [5.48, 23.14, 11.4],
			"to": [8, 25.66, 13.92],
			"faces": {
				"north": {"uv": [6, 5, 0, 11], "texture": "#4_1_0"},
				"east": {"uv": [6, 10, 0, 16], "texture": "#4_1_0"},
				"south": {"uv": [6, 5, 0, 11], "texture": "#4_1_0"},
				"west": {"uv": [6, 10, 0, 16], "texture": "#4_1_0"},
				"up": {"uv": [6, 0, 0, 6], "rotation": 180, "texture": "#4_1_0"},
				"down": {"uv": [12, 0, 6, 6], "rotation": 180, "texture": "#4_1_0"}
			}
		},
		{
			"name": "flower_pot",
			"from": [9.34, 23.14, 10.13],
			"to": [11.02, 24.82, 11.81],
			"faces": {
				"north": {"uv": [12, 12, 8, 16], "texture": "#4_1_0"},
				"east": {"uv": [12, 12, 8, 16], "texture": "#4_1_0"},
				"south": {"uv": [12, 12, 8, 16], "texture": "#4_1_0"},
				"west": {"uv": [12, 12, 8, 16], "texture": "#4_1_0"},
				"up": {"uv": [12, 8, 8, 12], "rotation": 180, "texture": "#4_1_0"},
				"down": {"uv": [16, 8, 12, 12], "rotation": 180, "texture": "#4_1_0"}
			}
		},
		{
			"from": [8.42, 22.72, 9.048],
			"to": [8.4242, 29.44, 15.768],
			"rotation": {"angle": 22.5, "axis": "z", "origin": [6.74, 26.08, 12.66]},
			"faces": {
				"east": {"uv": [16, 0, 0, 16], "texture": "#4_1"},
				"west": {"uv": [16, 0, 0, 16], "texture": "#4_1"}
			}
		},
		{
			"from": [5.0558, 22.72, 9.048],
			"to": [5.06, 29.44, 15.768],
			"rotation": {"angle": -22.5, "axis": "z", "origin": [6.74, 26.08, 12.66]},
			"faces": {
				"east": {"uv": [16, 0, 0, 16], "texture": "#4_1"},
				"west": {"uv": [16, 0, 0, 16], "texture": "#4_1"}
			}
		},
		{
			"from": [3.128, 22.3, 10.9758],
			"to": [9.848, 29.02, 10.98],
			"rotation": {"angle": 22.5, "axis": "x", "origin": [6.74, 26.08, 12.66]},
			"faces": {
				"north": {"uv": [16, 0, 0, 16], "texture": "#4_1"},
				"south": {"uv": [16, 0, 0, 16], "texture": "#4_1"}
			}
		},
		{
			"from": [3.128, 22.72, 14.34],
			"to": [9.848, 29.44, 14.3442],
			"rotation": {"angle": -22.5, "axis": "x", "origin": [6.74, 26.08, 12.66]},
			"faces": {
				"north": {"uv": [16, 0, 0, 16], "texture": "#4_1"},
				"south": {"uv": [16, 0, 0, 16], "texture": "#4_1"}
			}
		},
		{
			"from": [6.74, 25.24, 9.636],
			"to": [6.7442, 31.96, 15.684],
			"rotation": {"angle": -45, "axis": "y", "origin": [6.74, 31.12, 12.66], "rescale": true},
			"faces": {
				"east": {"uv": [16, 0, 0, 16], "texture": "#4_0"},
				"west": {"uv": [16, 0, 0, 16], "texture": "#4_0"}
			}
		},
		{
			"from": [3.716, 25.24, 12.6558],
			"to": [9.764, 31.96, 12.66],
			"rotation": {"angle": -45, "axis": "y", "origin": [6.74, 31.12, 12.66], "rescale": true},
			"faces": {
				"north": {"uv": [16, 0, 0, 16], "texture": "#4_0"},
				"south": {"uv": [16, 0, 0, 16], "texture": "#4_0"}
			}
		},
		{
			"from": [8.668, 24.82, 10.9658],
			"to": [11.692, 28.18, 10.97],
			"rotation": {"angle": -22.5, "axis": "y", "origin": [10.18, 26.08, 10.97], "rescale": true},
			"faces": {
				"north": {"uv": [8, 0, 0, 8], "texture": "#4_2"},
				"south": {"uv": [8, 0, 0, 8], "texture": "#4_2"}
			}
		},
		{
			"from": [10.18, 24.82, 9.458],
			"to": [10.1842, 28.18, 12.482],
			"rotation": {"angle": -22.5, "axis": "y", "origin": [10.18, 26.5, 10.97], "rescale": true},
			"faces": {
				"east": {"uv": [8, 0, 0, 8], "texture": "#4_2"},
				"west": {"uv": [8, 0, 0, 8], "texture": "#4_2"}
			}
		},
		{
			"name": "flower_pot",
			"from": [4.1, 17.6, 9.1],
			"to": [5.9, 19.4, 10.9],
			"faces": {
				"north": {"uv": [5, 10, 11, 16], "texture": "#0_1"},
				"east": {"uv": [5, 10, 11, 16], "texture": "#0_1"},
				"south": {"uv": [5, 10, 11, 16], "texture": "#0_1"},
				"west": {"uv": [5, 10, 11, 16], "texture": "#0_1"},
				"up": {"uv": [0, 0, 6, 6], "texture": "#0_1"},
				"down": {"uv": [10, 0, 16, 6], "texture": "#0_1"}
			}
		},
		{
			"from": [2.6, 17, 9.4],
			"to": [7.4, 21.8, 9.403],
			"rotation": {"angle": 45, "axis": "x", "origin": [5, 20, 10]},
			"faces": {
				"north": {"uv": [0, 0, 8, 8], "texture": "#5_0"},
				"south": {"uv": [0, 0, 8, 8], "texture": "#5_0"}
			}
		},
		{
			"from": [2.6, 17, 10.6],
			"to": [7.4, 21.8, 10.603],
			"rotation": {"angle": -45, "axis": "x", "origin": [5, 20, 10]},
			"faces": {
				"north": {"uv": [8, 0, 0, 8], "texture": "#5_0"},
				"south": {"uv": [8, 0, 0, 8], "texture": "#5_0"}
			}
		},
		{
			"from": [5.6, 17, 7.6],
			"to": [5.603, 21.8, 12.4],
			"rotation": {"angle": 45, "axis": "z", "origin": [5, 20, 10]},
			"faces": {
				"east": {"uv": [0, 0, 8, 8], "texture": "#5_0"},
				"west": {"uv": [0, 0, 8, 8], "texture": "#5_0"}
			}
		},
		{
			"from": [4.4, 17, 7.6],
			"to": [4.403, 21.8, 12.4],
			"rotation": {"angle": -45, "axis": "z", "origin": [5, 20, 10]},
			"faces": {
				"east": {"uv": [8, 0, 0, 8], "texture": "#5_0"},
				"west": {"uv": [8, 0, 0, 8], "texture": "#5_0"}
			}
		},
		{
			"from": [2.6, 19.1, 9.4],
			"to": [7.4, 23.9, 9.403],
			"rotation": {"angle": 45, "axis": "x", "origin": [5, 21.5, 10]},
			"faces": {
				"north": {"uv": [8, 0, 16, 8], "texture": "#5_0"},
				"south": {"uv": [8, 0, 16, 8], "texture": "#5_0"}
			}
		},
		{
			"from": [2.6, 19.1, 10.6],
			"to": [7.4, 23.9, 10.603],
			"rotation": {"angle": -45, "axis": "x", "origin": [5, 21.5, 10]},
			"faces": {
				"north": {"uv": [16, 0, 8, 8], "texture": "#5_0"},
				"south": {"uv": [16, 0, 8, 8], "texture": "#5_0"}
			}
		},
		{
			"from": [4.4, 19.1, 7.6],
			"to": [4.403, 23.9, 12.4],
			"rotation": {"angle": -45, "axis": "z", "origin": [5, 21.5, 10]},
			"faces": {
				"east": {"uv": [16, 0, 8, 8], "texture": "#5_0"},
				"west": {"uv": [16, 0, 8, 8], "texture": "#5_0"}
			}
		},
		{
			"from": [5.6, 19.1, 7.6],
			"to": [5.603, 23.9, 12.4],
			"rotation": {"angle": 45, "axis": "z", "origin": [5, 21.5, 10]},
			"faces": {
				"east": {"uv": [8, 0, 16, 8], "texture": "#5_0"},
				"west": {"uv": [8, 0, 16, 8], "texture": "#5_0"}
			}
		},
		{
			"from": [3.8, 16.4, 8.8],
			"to": [6.2, 21.2, 11.2],
			"faces": {
				"north": {"uv": [2, 8, 6, 16], "texture": "#5_0"},
				"east": {"uv": [2, 8, 6, 16], "texture": "#5_0"},
				"south": {"uv": [2, 8, 6, 16], "texture": "#5_0"},
				"west": {"uv": [2, 8, 6, 16], "texture": "#5_0"}
			}
		},
		{
			"from": [4.28, 5.54, 1.9],
			"to": [11.72, 6.78, 8.1],
			"faces": {
				"north": {"uv": [1, 1, 13, 3.5], "texture": "#1_1"},
				"east": {"uv": [1, 1, 11, 3.5], "texture": "#1_1"},
				"south": {"uv": [1, 1, 13, 3.5], "texture": "#1_1"},
				"west": {"uv": [1, 1, 11, 3.5], "texture": "#1_1"},
				"up": {"uv": [0, 0, 16, 16], "rotation": 90, "texture": "#1_0"},
				"down": {"uv": [1, 1, 11, 13], "rotation": 270, "texture": "#1_1"}
			}
		},
		{
			"from": [4.28001, 6.46892, 1.28108],
			"to": [11.72001, 7.08892, 1.90108],
			"faces": {
				"north": {"uv": [1, 2, 13, 3], "texture": "#1_1"},
				"east": {"uv": [1, 1, 11, 3.5], "texture": "#1_1"},
				"south": {"uv": [1, 1, 13, 3.5], "texture": "#1_1"},
				"west": {"uv": [1, 1, 11, 3.5], "texture": "#1_1"},
				"up": {"uv": [1, 3, 11, 4], "rotation": 180, "texture": "#1_1"},
				"down": {"uv": [1, 1, 11, 13], "rotation": 270, "texture": "#1_1"}
			}
		},
		{
			"from": [4.2762, 6.72914, -1.91048],
			"to": [11.7162, 7.96914, -1.29048],
			"rotation": {"angle": -45, "axis": "x", "origin": [7.6862, 11.06914, 1.49952]},
			"faces": {
				"north": {"uv": [1, 1, 13, 3.5], "texture": "#1_1"},
				"east": {"uv": [1, 1, 2, 2.5], "texture": "#1_1"},
				"south": {"uv": [1, 1, 13, 3.5], "texture": "#1_1"},
				"west": {"uv": [1, 1, 2, 2.5], "texture": "#1_1"},
				"up": {"uv": [1, 1, 11, 13], "rotation": 90, "texture": "#1_1"},
				"down": {"uv": [1, 1, 11, 13], "rotation": 270, "texture": "#1_1"}
			}
		},
		{
			"from": [14.91818, 6.74462, 1.88844],
			"to": [15.53818, 7.98462, 8.08844],
			"rotation": {"angle": -45, "axis": "z", "origin": [12.12818, 11.08462, 5.29844]},
			"faces": {
				"north": {"uv": [1, 1, 2, 2.5], "texture": "#1_1"},
				"east": {"uv": [1, 1, 11, 3.5], "texture": "#1_1"},
				"south": {"uv": [1, 1, 2, 3.5], "texture": "#1_1"},
				"west": {"uv": [1, 1, 11, 3.5], "texture": "#1_1"},
				"up": {"uv": [1, 1, 11, 13], "rotation": 180, "texture": "#1_1"},
				"down": {"uv": [1, 1, 11, 13], "rotation": 180, "texture": "#1_1"}
			}
		},
		{
			"from": [11.72662, 6.4844, 1.89224],
			"to": [12.34662, 7.1044, 8.09224],
			"faces": {
				"north": {"uv": [1, 1, 13, 3.5], "texture": "#1_1"},
				"east": {"uv": [1, 1, 11, 2], "texture": "#1_1"},
				"south": {"uv": [1, 1, 13, 3.5], "texture": "#1_1"},
				"west": {"uv": [1, 1, 11, 3.5], "texture": "#1_1"},
				"up": {"uv": [1, 2, 11, 3], "rotation": 90, "texture": "#1_1"},
				"down": {"uv": [1, 1, 11, 13], "rotation": 180, "texture": "#1_1"}
			}
		},
		{
			"from": [3.65338, 6.4844, 1.89224],
			"to": [4.27338, 7.1044, 8.09224],
			"faces": {
				"north": {"uv": [1, 1, 13, 3.5], "texture": "#1_1"},
				"east": {"uv": [1, 1, 11, 3.5], "texture": "#1_1"},
				"south": {"uv": [1, 1, 13, 3.5], "texture": "#1_1"},
				"west": {"uv": [1, 1, 11, 3.5], "texture": "#1_1"},
				"up": {"uv": [1, 4, 11, 5], "rotation": 90, "texture": "#1_1"},
				"down": {"uv": [1, 1, 11, 13], "rotation": 180, "texture": "#1_1"}
			}
		},
		{
			"from": [0.46182, 6.74462, 1.88844],
			"to": [1.08182, 7.98462, 8.08844],
			"rotation": {"angle": 45, "axis": "z", "origin": [3.87182, 11.08462, 5.29844]},
			"faces": {
				"north": {"uv": [1, 1, 2, 2.5], "texture": "#1_1"},
				"east": {"uv": [1, 1, 11, 3.5], "texture": "#1_1"},
				"south": {"uv": [1, 1, 2, 2.5], "texture": "#1_1"},
				"west": {"uv": [1, 1, 11, 3.5], "texture": "#1_1"},
				"up": {"uv": [1, 1, 11, 13], "rotation": 180, "texture": "#1_1"},
				"down": {"uv": [1, 1, 11, 13], "rotation": 180, "texture": "#1_1"}
			}
		},
		{
			"from": [4.2762, 6.72914, 11.29048],
			"to": [11.7162, 7.96914, 11.91048],
			"rotation": {"angle": 45, "axis": "x", "origin": [7.6862, 11.06914, 8.50048]},
			"faces": {
				"north": {"uv": [1, 1, 13, 3.5], "texture": "#1_1"},
				"east": {"uv": [1, 1, 2, 3.5], "texture": "#1_1"},
				"south": {"uv": [1, 1, 13, 3.5], "texture": "#1_1"},
				"west": {"uv": [1, 1, 2, 2.5], "texture": "#1_1"},
				"up": {"uv": [1, 1, 11, 13], "rotation": 90, "texture": "#1_1"},
				"down": {"uv": [1, 1, 11, 13], "rotation": 270, "texture": "#1_1"}
			}
		},
		{
			"from": [4.28001, 6.46892, 8.09892],
			"to": [11.72001, 7.08892, 8.71892],
			"faces": {
				"north": {"uv": [1, 1, 13, 3.5], "texture": "#1_1"},
				"east": {"uv": [1, 1, 11, 3.5], "texture": "#1_1"},
				"south": {"uv": [1, 1, 13, 2], "texture": "#1_1"},
				"west": {"uv": [1, 1, 11, 3.5], "texture": "#1_1"},
				"up": {"uv": [1, 1, 2, 13], "rotation": 90, "texture": "#1_1"},
				"down": {"uv": [1, 1, 11, 2], "rotation": 270, "texture": "#1_1"}
			}
		},
		{
			"from": [11.40968, 6.46969, 1.4084],
			"to": [12.02968, 7.08969, 2.2764],
			"rotation": {"angle": 45, "axis": "y", "origin": [11.71968, 6.77969, 1.7184]},
			"faces": {
				"north": {"uv": [1, 1, 13, 3.5], "texture": "#1_1"},
				"east": {"uv": [1, 1, 3, 2.5], "texture": "#1_1"},
				"south": {"uv": [1, 1, 13, 3.5], "texture": "#1_1"},
				"west": {"uv": [1, 1, 11, 3.5], "texture": "#1_1"},
				"up": {"uv": [1, 1, 3, 2], "rotation": 180, "texture": "#1_1"},
				"down": {"uv": [1, 1, 11, 13], "rotation": 180, "texture": "#1_1"}
			}
		},
		{
			"from": [3.78176, 6.48435, 7.78226],
			"to": [4.40176, 7.10435, 8.65026],
			"rotation": {"angle": 45, "axis": "y", "origin": [4.09176, 6.79435, 8.09226]},
			"faces": {
				"north": {"uv": [1, 1, 13, 3.5], "texture": "#1_1"},
				"east": {"uv": [1, 1, 11, 3.5], "texture": "#1_1"},
				"south": {"uv": [1, 1, 13, 3.5], "texture": "#1_1"},
				"west": {"uv": [1, 1, 2, 2.5], "texture": "#1_1"},
				"up": {"uv": [1, 1, 2, 2], "rotation": 180, "texture": "#1_1"},
				"down": {"uv": [1, 1, 11, 13], "rotation": 180, "texture": "#1_1"}
			}
		},
		{
			"from": [3.9571, 6.48439, 1.40684],
			"to": [4.5771, 7.10439, 2.27484],
			"rotation": {"angle": -45, "axis": "y", "origin": [4.2671, 6.79439, 1.71684]},
			"faces": {
				"north": {"uv": [1, 1, 13, 3.5], "texture": "#1_1"},
				"east": {"uv": [1, 1, 11, 3.5], "texture": "#1_1"},
				"south": {"uv": [1, 1, 13, 3.5], "texture": "#1_1"},
				"west": {"uv": [1, 1, 2, 2.5], "texture": "#1_1"},
				"up": {"uv": [1, 1, 2, 2], "rotation": 180, "texture": "#1_1"},
				"down": {"uv": [1, 1, 11, 13], "rotation": 180, "texture": "#1_1"}
			}
		},
		{
			"from": [11.59828, 6.4844, 7.78231],
			"to": [12.21828, 7.1044, 8.65031],
			"rotation": {"angle": -45, "axis": "y", "origin": [11.90828, 6.7944, 8.09231]},
			"faces": {
				"north": {"uv": [1, 1, 13, 3.5], "texture": "#1_1"},
				"east": {"uv": [1, 1, 2, 2.5], "texture": "#1_1"},
				"south": {"uv": [1, 1, 13, 3.5], "texture": "#1_1"},
				"west": {"uv": [1, 1, 11, 3.5], "texture": "#1_1"},
				"up": {"uv": [1, 1, 3, 2], "rotation": 180, "texture": "#1_1"},
				"down": {"uv": [1, 1, 11, 13], "rotation": 180, "texture": "#1_1"}
			}
		},
		{
			"from": [8.341, 6.532, 1.125],
			"to": [10.201, 8.392, 1.125],
			"rotation": {"angle": 45, "axis": "y", "origin": [12.216, 6.036, 0.288]},
			"faces": {
				"north": {"uv": [8, 0, 16, 8], "texture": "#1_2"},
				"east": {"uv": [8, 0, 16, 8], "texture": "#1_2"},
				"south": {"uv": [8, 0, 16, 8], "texture": "#1_2"},
				"west": {"uv": [8, 0, 16, 8], "texture": "#1_2"},
				"up": {"uv": [8, 0, 16, 8], "rotation": 90, "texture": "#1_2"},
				"down": {"uv": [8, 0, 16, 8], "rotation": 270, "texture": "#1_2"}
			}
		},
		{
			"from": [9.271, 6.532, 0.195],
			"to": [9.271, 8.392, 2.055],
			"rotation": {"angle": 45, "axis": "y", "origin": [12.216, 6.036, 0.288]},
			"faces": {
				"north": {"uv": [8, 0, 16, 8], "texture": "#1_2"},
				"east": {"uv": [8, 0, 16, 8], "texture": "#1_2"},
				"south": {"uv": [8, 0, 16, 8], "texture": "#1_2"},
				"west": {"uv": [8, 0, 16, 8], "texture": "#1_2"},
				"up": {"uv": [8, 0, 16, 8], "rotation": 90, "texture": "#1_2"},
				"down": {"uv": [8, 0, 16, 8], "rotation": 270, "texture": "#1_2"}
			}
		},
		{
			"from": [2.885, 6.346, 1.373],
			"to": [4.745, 8.206, 1.373],
			"rotation": {"angle": 45, "axis": "y", "origin": [6.76, 6.036, 0.536]},
			"faces": {
				"north": {"uv": [8, 0, 16, 8], "texture": "#1_2"},
				"east": {"uv": [8, 0, 16, 8], "texture": "#1_2"},
				"south": {"uv": [8, 0, 16, 8], "texture": "#1_2"},
				"west": {"uv": [8, 0, 16, 8], "texture": "#1_2"},
				"up": {"uv": [8, 0, 16, 8], "rotation": 90, "texture": "#1_2"},
				"down": {"uv": [8, 0, 16, 8], "rotation": 270, "texture": "#1_2"}
			}
		},
		{
			"from": [3.815, 6.346, 0.443],
			"to": [3.815, 8.206, 2.303],
			"rotation": {"angle": 45, "axis": "y", "origin": [6.76, 6.036, 0.536]},
			"faces": {
				"north": {"uv": [8, 0, 16, 8], "texture": "#1_2"},
				"east": {"uv": [8, 0, 16, 8], "texture": "#1_2"},
				"south": {"uv": [8, 0, 16, 8], "texture": "#1_2"},
				"west": {"uv": [8, 0, 16, 8], "texture": "#1_2"},
				"up": {"uv": [8, 0, 16, 8], "rotation": 90, "texture": "#1_2"},
				"down": {"uv": [8, 0, 16, 8], "rotation": 270, "texture": "#1_2"}
			}
		},
		{
			"from": [7.659, 6.718, 2.427],
			"to": [9.519, 8.578, 2.427],
			"rotation": {"angle": 45, "axis": "y", "origin": [11.534, 6.222, 1.59]},
			"faces": {
				"north": {"uv": [8, 0, 16, 8], "texture": "#1_3"},
				"east": {"uv": [8, 0, 16, 8], "texture": "#1_3"},
				"south": {"uv": [8, 0, 16, 8], "texture": "#1_3"},
				"west": {"uv": [8, 0, 16, 8], "texture": "#1_3"},
				"up": {"uv": [8, 0, 16, 8], "rotation": 90, "texture": "#1_3"},
				"down": {"uv": [8, 0, 16, 8], "rotation": 270, "texture": "#1_3"}
			}
		},
		{
			"from": [8.589, 6.718, 1.497],
			"to": [8.589, 8.578, 3.357],
			"rotation": {"angle": 45, "axis": "y", "origin": [11.534, 6.222, 1.59]},
			"faces": {
				"north": {"uv": [8, 0, 16, 8], "texture": "#1_3"},
				"east": {"uv": [8, 0, 16, 8], "texture": "#1_3"},
				"south": {"uv": [8, 0, 16, 8], "texture": "#1_3"},
				"west": {"uv": [8, 0, 16, 8], "texture": "#1_3"},
				"up": {"uv": [8, 0, 16, 8], "rotation": 90, "texture": "#1_3"},
				"down": {"uv": [8, 0, 16, 8], "rotation": 270, "texture": "#1_3"}
			}
		},
		{
			"from": [4.373, 6.532, 1.125],
			"to": [6.233, 8.392, 1.125],
			"rotation": {"angle": 45, "axis": "y", "origin": [8.248, 6.222, 0.288]},
			"faces": {
				"north": {"uv": [8, 0, 16, 8], "texture": "#1_3"},
				"east": {"uv": [8, 0, 16, 8], "texture": "#1_3"},
				"south": {"uv": [8, 0, 16, 8], "texture": "#1_3"},
				"west": {"uv": [8, 0, 16, 8], "texture": "#1_3"},
				"up": {"uv": [8, 0, 16, 8], "rotation": 90, "texture": "#1_3"},
				"down": {"uv": [8, 0, 16, 8], "rotation": 270, "texture": "#1_3"}
			}
		},
		{
			"from": [5.303, 6.532, 0.195],
			"to": [5.303, 8.392, 2.055],
			"rotation": {"angle": 45, "axis": "y", "origin": [8.248, 6.222, 0.288]},
			"faces": {
				"north": {"uv": [8, 0, 16, 8], "texture": "#1_3"},
				"east": {"uv": [8, 0, 16, 8], "texture": "#1_3"},
				"south": {"uv": [8, 0, 16, 8], "texture": "#1_3"},
				"west": {"uv": [8, 0, 16, 8], "texture": "#1_3"},
				"up": {"uv": [8, 0, 16, 8], "rotation": 90, "texture": "#1_3"},
				"down": {"uv": [8, 0, 16, 8], "rotation": 270, "texture": "#1_3"}
			}
		},
		{
			"from": [7.2932, 6.7552, 5.8804],
			"to": [8.7068, 8.4044, 7.294],
			"faces": {
				"north": {"uv": [2, 9, 8, 16], "texture": "#1_2_1"},
				"east": {"uv": [2, 9, 8, 16], "texture": "#1_2_1"},
				"south": {"uv": [2, 9, 8, 16], "texture": "#1_2_1"},
				"west": {"uv": [2, 9, 8, 16], "texture": "#1_2_1"},
				"up": {"uv": [8, 8, 14, 14], "rotation": 90, "texture": "#1_2_0"}
			}
		},
		{
			"from": [6.822, 6.9908, 5.6448],
			"to": [9.178, 8.1688, 7.5296],
			"faces": {
				"north": {"uv": [0, 10, 10, 15], "texture": "#1_2_1"},
				"south": {"uv": [0, 10, 10, 15], "texture": "#1_2_1"},
				"up": {"uv": [7, 6, 15, 16], "rotation": 90, "texture": "#1_2_0"},
				"down": {"uv": [7, 6, 15, 16], "rotation": 270, "texture": "#1_2_0"}
			}
		},
		{
			"from": [7.0576, 6.9908, 5.4092],
			"to": [8.9424, 8.1688, 7.7652],
			"faces": {
				"east": {"uv": [0, 10, 10, 15], "texture": "#1_2_1"},
				"west": {"uv": [0, 10, 10, 15], "texture": "#1_2_1"},
				"up": {"uv": [6, 7, 16, 15], "rotation": 90, "texture": "#1_2_0"},
				"down": {"uv": [6, 7, 16, 15], "rotation": 270, "texture": "#1_2_0"}
			}
		},
		{
			"from": [7.5288, 8.4044, 6.5872],
			"to": [8.4712, 9.1112, 6.5872],
			"rotation": {"angle": 45, "axis": "y", "origin": [8, 7.462, 6.5872], "rescale": true},
			"faces": {
				"north": {"uv": [12, 5, 16, 8], "texture": "#1_2_1"},
				"south": {"uv": [12, 5, 16, 8], "texture": "#1_2_1"}
			}
		},
		{
			"from": [8, 8.4044, 6.116],
			"to": [8, 9.1112, 7.0584],
			"rotation": {"angle": 45, "axis": "y", "origin": [8, 7.462, 6.5872], "rescale": true},
			"faces": {
				"east": {"uv": [12, 5, 16, 8], "texture": "#1_2_1"},
				"west": {"uv": [12, 5, 16, 8], "texture": "#1_2_1"}
			}
		},
		{
			"from": [4.91029, 6.77851, 4.61882],
			"to": [6.40871, 8.52666, 6.11724],
			"faces": {
				"north": {"uv": [2, 9, 8, 16], "texture": "#1_2_1"},
				"east": {"uv": [2, 9, 8, 16], "texture": "#1_2_1"},
				"south": {"uv": [2, 9, 8, 16], "texture": "#1_2_1"},
				"west": {"uv": [2, 9, 8, 16], "texture": "#1_2_1"},
				"up": {"uv": [8, 8, 14, 14], "rotation": 270, "texture": "#1_2_0"}
			}
		},
		{
			"from": [4.41082, 7.02825, 4.36909],
			"to": [6.90818, 8.27693, 6.36698],
			"faces": {
				"north": {"uv": [0, 10, 10, 15], "texture": "#1_2_1"},
				"south": {"uv": [0, 10, 10, 15], "texture": "#1_2_1"},
				"up": {"uv": [7, 6, 15, 16], "rotation": 270, "texture": "#1_2_0"},
				"down": {"uv": [7, 6, 15, 16], "rotation": 90, "texture": "#1_2_0"}
			}
		},
		{
			"from": [4.66056, 7.02825, 4.11935],
			"to": [6.65844, 8.27693, 6.61671],
			"faces": {
				"east": {"uv": [0, 10, 10, 15], "texture": "#1_2_1"},
				"west": {"uv": [0, 10, 10, 15], "texture": "#1_2_1"},
				"up": {"uv": [6, 7, 16, 15], "rotation": 270, "texture": "#1_2_0"},
				"down": {"uv": [6, 7, 16, 15], "rotation": 90, "texture": "#1_2_0"}
			}
		},
		{
			"from": [5.16003, 8.52666, 5.36803],
			"to": [6.15897, 9.27587, 5.36803],
			"rotation": {"angle": 45, "axis": "y", "origin": [5.6595, 7.52772, 5.36803], "rescale": true},
			"faces": {
				"north": {"uv": [12, 5, 16, 8], "texture": "#1_2_1"},
				"south": {"uv": [12, 5, 16, 8], "texture": "#1_2_1"}
			}
		},
		{
			"from": [5.6595, 8.52666, 4.86856],
			"to": [5.6595, 9.27587, 5.8675],
			"rotation": {"angle": 45, "axis": "y", "origin": [5.6595, 7.52772, 5.36803], "rescale": true},
			"faces": {
				"east": {"uv": [12, 5, 16, 8], "texture": "#1_2_1"},
				"west": {"uv": [12, 5, 16, 8], "texture": "#1_2_1"}
			}
		},
		{
			"from": [9.302, 7.5736, 5.434],
			"to": [10.418, 7.57732, 6.178],
			"rotation": {"angle": -22.5, "axis": "x", "origin": [9.86, 7.5736, 5.806]},
			"faces": {
				"up": {"uv": [0, 0, 3, 2], "rotation": 180, "texture": "#1_3_0"},
				"down": {"uv": [0, 2, 3, 0], "rotation": 180, "texture": "#1_3_0"}
			}
		},
		{
			"from": [9.488, 7.5736, 4.876],
			"to": [10.232, 7.57732, 5.992],
			"rotation": {"angle": -22.5, "axis": "z", "origin": [9.86, 7.5736, 4.318]},
			"faces": {
				"up": {"uv": [0, 3, 3, 5], "rotation": 270, "texture": "#1_3_0"},
				"down": {"uv": [3, 3, 0, 5], "rotation": 270, "texture": "#1_3_0"}
			}
		},
		{
			"from": [9.674, 7.5736, 5.062],
			"to": [10.79, 7.57732, 5.806],
			"rotation": {"angle": 22.5, "axis": "x", "origin": [9.86, 7.5736, 5.434]},
			"faces": {
				"north": {"uv": [0, 0, 0, 0], "texture": "#1_3_0"},
				"up": {"uv": [0, 0, 3, 2], "texture": "#1_3_0"},
				"down": {"uv": [0, 2, 3, 0], "texture": "#1_3_0"}
			}
		},
		{
			"from": [9.86, 7.5736, 5.248],
			"to": [10.604, 7.57732, 6.364],
			"rotation": {"angle": 22.5, "axis": "z", "origin": [10.232, 7.5736, 5.434]},
			"faces": {
				"up": {"uv": [0, 3, 3, 5], "rotation": 90, "texture": "#1_3_0"},
				"down": {"uv": [3, 3, 0, 5], "rotation": 90, "texture": "#1_3_0"}
			}
		},
		{
			"from": [7.814, 7.2016, 3.202],
			"to": [8.93, 7.20532, 3.946],
			"rotation": {"angle": -22.5, "axis": "x", "origin": [8.372, 7.2016, 3.574]},
			"faces": {
				"up": {"uv": [0, 0, 3, 2], "rotation": 180, "texture": "#1_3_0"},
				"down": {"uv": [0, 2, 3, 0], "rotation": 180, "texture": "#1_3_0"}
			}
		},
		{
			"from": [8, 7.2016, 2.644],
			"to": [8.744, 7.20532, 3.76],
			"rotation": {"angle": -22.5, "axis": "z", "origin": [8.372, 7.2016, 2.086]},
			"faces": {
				"up": {"uv": [0, 3, 3, 5], "rotation": 270, "texture": "#1_3_0"},
				"down": {"uv": [3, 3, 0, 5], "rotation": 270, "texture": "#1_3_0"}
			}
		},
		{
			"from": [8.186, 7.2016, 2.83],
			"to": [9.302, 7.20532, 3.574],
			"rotation": {"angle": 22.5, "axis": "x", "origin": [8.372, 7.2016, 3.202]},
			"faces": {
				"north": {"uv": [0, 0, 0, 0], "texture": "#1_3_0"},
				"up": {"uv": [0, 0, 3, 2], "texture": "#1_3_0"},
				"down": {"uv": [0, 2, 3, 0], "texture": "#1_3_0"}
			}
		},
		{
			"from": [8.372, 7.2016, 3.016],
			"to": [9.116, 7.20532, 4.132],
			"rotation": {"angle": 22.5, "axis": "z", "origin": [8.744, 7.2016, 3.202]},
			"faces": {
				"up": {"uv": [0, 3, 3, 5], "rotation": 90, "texture": "#1_3_0"},
				"down": {"uv": [3, 3, 0, 5], "rotation": 90, "texture": "#1_3_0"}
			}
		},
		{
			"from": [6.512, 6.6436, 2.086],
			"to": [12.464, 6.64732, 8.038],
			"faces": {
				"up": {"uv": [0, 0, 16, 16], "rotation": 180, "texture": "#1_lower"},
				"down": {"uv": [0, 0, 16, 16], "rotation": 180, "texture": "#1_lower"}
			}
		},
		{
			"from": [6.512, 6.8296, 2.086],
			"to": [12.464, 6.83332, 8.038],
			"faces": {
				"up": {"uv": [0, 0, 16, 16], "rotation": 180, "texture": "#1_middle"},
				"down": {"uv": [0, 0, 16, 16], "rotation": 180, "texture": "#1_middle"}
			}
		},
		{
			"from": [6.512, 7.0156, 2.086],
			"to": [12.464, 7.01932, 8.038],
			"faces": {
				"up": {"uv": [0, 0, 16, 16], "rotation": 180, "texture": "#1_top"},
				"down": {"uv": [0, 0, 16, 16], "rotation": 180, "texture": "#1_top"}
			}
		},
		{
			"from": [5.334, 7.1396, 6.55],
			"to": [6.078, 7.14332, 7.666],
			"rotation": {"angle": -22.5, "axis": "z", "origin": [5.706, 7.1396, 7.108]},
			"faces": {
				"up": {"uv": [0, 0, 3, 2], "rotation": 270, "texture": "#1_3_0"},
				"down": {"uv": [0, 2, 3, 0], "rotation": 90, "texture": "#1_3_0"}
			}
		},
		{
			"from": [5.52, 7.1396, 6.736],
			"to": [6.636, 7.14332, 7.48],
			"rotation": {"angle": 22.5, "axis": "x", "origin": [7.194, 7.1396, 7.108]},
			"faces": {
				"up": {"uv": [0, 3, 3, 5], "texture": "#1_3_0"},
				"down": {"uv": [3, 3, 0, 5], "rotation": 180, "texture": "#1_3_0"}
			}
		},
		{
			"from": [5.706, 7.1396, 6.922],
			"to": [6.45, 7.14332, 8.038],
			"rotation": {"angle": 22.5, "axis": "z", "origin": [6.078, 7.1396, 7.108]},
			"faces": {
				"east": {"uv": [0, 0, 0, 0], "texture": "#1_3_0"},
				"up": {"uv": [0, 0, 3, 2], "rotation": 90, "texture": "#1_3_0"},
				"down": {"uv": [0, 2, 3, 0], "rotation": 270, "texture": "#1_3_0"}
			}
		},
		{
			"from": [5.148, 7.1396, 7.108],
			"to": [6.264, 7.14332, 7.852],
			"rotation": {"angle": -22.5, "axis": "x", "origin": [6.078, 7.1396, 7.48]},
			"faces": {
				"up": {"uv": [0, 3, 3, 5], "rotation": 180, "texture": "#1_3_0"},
				"down": {"uv": [3, 3, 0, 5], "texture": "#1_3_0"}
			}
		},
		{
			"from": [7.3552, 7.12968, 4.1072],
			"to": [7.9504, 7.13266, 5],
			"rotation": {"angle": -22.5, "axis": "z", "origin": [7.6528, 7.12968, 4.5536]},
			"faces": {
				"up": {"uv": [0, 0, 3, 2], "rotation": 270, "texture": "#1_3_0"},
				"down": {"uv": [0, 2, 3, 0], "rotation": 90, "texture": "#1_3_0"}
			}
		},
		{
			"from": [7.504, 7.12968, 4.256],
			"to": [8.3968, 7.13266, 4.8512],
			"rotation": {"angle": 22.5, "axis": "x", "origin": [8.8432, 7.12968, 4.5536]},
			"faces": {
				"up": {"uv": [0, 3, 3, 5], "texture": "#1_3_0"},
				"down": {"uv": [3, 3, 0, 5], "rotation": 180, "texture": "#1_3_0"}
			}
		},
		{
			"from": [7.6528, 7.12968, 4.4048],
			"to": [8.248, 7.13266, 5.2976],
			"rotation": {"angle": 22.5, "axis": "z", "origin": [7.9504, 7.12968, 4.5536]},
			"faces": {
				"east": {"uv": [0, 0, 0, 0], "texture": "#1_3_0"},
				"up": {"uv": [0, 0, 3, 2], "rotation": 90, "texture": "#1_3_0"},
				"down": {"uv": [0, 2, 3, 0], "rotation": 270, "texture": "#1_3_0"}
			}
		},
		{
			"from": [7.2064, 7.12968, 4.5536],
			"to": [8.0992, 7.13266, 5.1488],
			"rotation": {"angle": -22.5, "axis": "x", "origin": [7.9504, 7.12968, 4.8512]},
			"faces": {
				"up": {"uv": [0, 3, 3, 5], "rotation": 180, "texture": "#1_3_0"},
				"down": {"uv": [3, 3, 0, 5], "texture": "#1_3_0"}
			}
		},
		{
			"from": [3.474, 6.6436, 2.024],
			"to": [9.426, 6.64732, 7.976],
			"faces": {
				"up": {"uv": [0, 0, 16, 16], "rotation": 270, "texture": "#1_lower"},
				"down": {"uv": [0, 0, 16, 16], "rotation": 90, "texture": "#1_lower"}
			}
		},
		{
			"from": [3.474, 6.8296, 2.024],
			"to": [9.426, 6.83332, 7.976],
			"faces": {
				"up": {"uv": [0, 0, 16, 16], "rotation": 270, "texture": "#1_middle"},
				"down": {"uv": [0, 0, 16, 16], "rotation": 90, "texture": "#1_middle"}
			}
		},
		{
			"from": [3.474, 7.0156, 2.024],
			"to": [9.426, 7.01932, 7.976],
			"faces": {
				"up": {"uv": [0, 0, 16, 16], "rotation": 270, "texture": "#1_top"},
				"down": {"uv": [0, 0, 16, 16], "rotation": 90, "texture": "#1_top"}
			}
		}
	],
	"display": {
		"thirdperson_righthand": {
			"rotation": [75, 45, 0],
			"translation": [0, 2.5, 2],
			"scale": [0.5, 0.5, 0.5]
		},
		"thirdperson_lefthand": {
			"rotation": [75, 45, 0],
			"translation": [0, 2.5, 2],
			"scale": [0.5, 0.5, 0.5]
		},
		"firstperson_righthand": {
			"rotation": [0, 45, 0],
			"translation": [0, 3.5, 0],
			"scale": [0.4, 0.4, 0.4]
		},
		"firstperson_lefthand": {
			"rotation": [0, 45, 0],
			"translation": [0, 3.5, 0],
			"scale": [0.4, 0.4, 0.4]
		},
		"ground": {
			"translation": [0, 4.25, 0]
		},
		"gui": {
			"rotation": [30, 145, 0],
			"translation": [0, -2.25, 0],
			"scale": [0.5, 0.5, 0.5]
		},
		"head": {
			"rotation": [0, -90, 0],
			"translation": [0, 13.75, 0]
		},
		"fixed": {
			"rotation": [-90, 0, 0],
			"translation": [0, 0, -15],
			"scale": [2, 2, 2]
		}
	},
	"groups": [
		{
			"name": "Frame",
			"origin": [8, 8, 8],
			"children": [0, 1, 2, 3, 4, 5, 6, 7]
		},
		{
			"name": "Shelf",
			"origin": [8, 8, 8],
			"children": [8, 9, 10, 11, 12]
		},
		{
			"name": "Shelf2",
			"origin": [8, 8, 8],
			"children": [13, 14, 15, 16, 17]
		},
		{
			"name": "Shelf3",
			"origin": [8, 8, 8],
			"children": [18, 19, 20, 21, 22]
		},
		{
			"name": "Shelf4",
			"origin": [8, 8, 8],
			"children": [23, 24, 25, 26, 27]
		}, 28, 29, 30, 31, 32, 33, 34, 35,
		{
			"name": "succulent2",
			"origin": [8, 8, 8],
			"children": [
				{
					"name": "Succulent",
					"origin": [8, 8, 8],
					"children": [
						{
							"name": "Pot",
							"origin": [8, 8, 8],
							"children": [36, 37, 38, 39, 40, 41]
						},
						{
							"name": "Plants",
							"origin": [8, 8, 8],
							"children": [42, 43]
						}
					]
				},
				{
					"name": "Succulent2",
					"origin": [8, 8, 8],
					"children": [
						{
							"name": "Pot",
							"origin": [8, 8, 8],
							"children": [44, 45, 46, 47, 48, 49]
						},
						{
							"name": "Plants",
							"origin": [8, 8, 8],
							"children": [50, 51]
						}
					]
				},
				{
					"name": "Succulent5",
					"origin": [8, 8, 8],
					"children": [
						{
							"name": "Pot",
							"origin": [8, 8, 8],
							"children": [52, 53, 54, 55, 56, 57]
						},
						{
							"name": "Plants",
							"origin": [8, 8, 8],
							"children": [58, 59]
						}
					]
				}
			]
		},
		{
			"name": "acacia_sapling_0",
			"origin": [8, 8, 8],
			"children": [60,
				{
					"name": "plant",
					"origin": [8, 8, 8],
					"children": [61, 62, 63, 64, 65, 66, 67, 68, 69, 70, 71, 72]
				}
			]
		},
		{
			"name": "birch_sapling_0",
			"origin": [8, 8, 8],
			"children": [73, 74,
				{
					"name": "plant",
					"origin": [8, 8, 8],
					"children": [75, 76, 77, 78, 79, 80]
				},
				{
					"name": "plant",
					"origin": [8, 8, 8],
					"children": [81, 82]
				}
			]
		},
		{
			"name": "oak_sapling_0",
			"origin": [8, 8, 8],
			"children": [83,
				{
					"name": "plant",
					"origin": [8, 8, 8],
					"children": [84, 85, 86, 87, 88, 89, 90, 91, 92]
				}
			]
		},
		{
			"name": "succulent3",
			"origin": [8, 8, 8],
			"children": [
				{
					"name": "Pot",
					"origin": [8, 8, 8],
					"children": [93, 94, 95, 96, 97, 98, 99, 100, 101, 102, 103, 104, 105]
				},
				{
					"name": "Succulent",
					"origin": [8, 8, 8],
					"children": [106, 107]
				},
				{
					"name": "Succulent4",
					"origin": [8, 8, 8],
					"children": [108, 109]
				},
				{
					"name": "Succulent2",
					"origin": [8, 8, 8],
					"children": [110, 111]
				},
				{
					"name": "Succulent3",
					"origin": [8, 8, 8],
					"children": [112, 113]
				},
				{
					"name": "cactus",
					"origin": [8, 8, 8],
					"children": [114, 115, 116, 117, 118]
				},
				{
					"name": "cactus2",
					"origin": [8, 8, 8],
					"children": [119, 120, 121, 122, 123]
				},
				{
					"name": "grass_5",
					"origin": [8, 8, 8],
					"children": [
						{
							"name": "flower_0",
							"origin": [8, 8, 8],
							"children": [124, 125, 126, 127]
						},
						{
							"name": "flower_1",
							"origin": [8, 8, 8],
							"children": [128, 129, 130, 131]
						}, 132, 133, 134]
				},
				{
					"name": "grass_2",
					"origin": [8, 8, 8],
					"children": [
						{
							"name": "flower_0",
							"origin": [8, 8, 8],
							"children": [135, 136, 137, 138]
						},
						{
							"name": "flower_2",
							"origin": [8, 8, 8],
							"children": [139, 140, 141, 142]
						}, 143, 144, 145]
				}
			]
		}
	]
}