{
	"credit": "Made with Blockbench",
	"textures": {
		"0": "block/MizunoArchive/terracotta",
		"1": "block/MizunoArchive/dirt",
		"particle": "block/MizunoArchive/terracotta"
	},
	"elements": [
		{
			"from": [8.23552, 4.61338, 6.96343],
			"to": [9.3604, 5.28831, 8.21319],
			"faces": {
				"north": {"uv": [0, 0, 1, 0.6], "rotation": 180, "texture": "#0"},
				"east": {"uv": [0, 0, 0.6, 2], "rotation": 270, "texture": "#0"},
				"south": {"uv": [0, 0, 1, 0.6], "texture": "#0"},
				"west": {"uv": [0, 0, 0.6, 2], "rotation": 90, "texture": "#0"},
				"up": {"uv": [0, 0, 1, 2], "rotation": 180, "texture": "#0"},
				"down": {"uv": [0, 0, 1, 2], "texture": "#0"}
			}
		},
		{
			"from": [7.36869, 4.44096, 6.96343],
			"to": [8.49357, 5.11589, 8.21319],
			"rotation": {"angle": 22.5, "axis": "z", "origin": [7.93113, 4.55345, 8.77563]},
			"faces": {
				"north": {"uv": [0, 0, 0.6, 1], "rotation": 90, "texture": "#0"},
				"east": {"uv": [0, 0, 0.6, 2], "rotation": 270, "texture": "#0"},
				"south": {"uv": [0, 0, 0.6, 1], "rotation": 90, "texture": "#0"},
				"west": {"uv": [0, 0, 0.6, 2], "rotation": 90, "texture": "#0"},
				"up": {"uv": [0, 0, 1, 2], "rotation": 180, "texture": "#0"},
				"down": {"uv": [0, 0, 1, 2], "texture": "#0"}
			}
		},
		{
			"from": [6.63383, 3.94994, 6.96343],
			"to": [7.75871, 4.62487, 8.21319],
			"rotation": {"angle": 45, "axis": "z", "origin": [7.19627, 4.06243, 8.77563]},
			"faces": {
				"north": {"uv": [0, 0, 0.6, 1], "rotation": 90, "texture": "#0"},
				"east": {"uv": [0, 0, 0.6, 2], "rotation": 270, "texture": "#0"},
				"south": {"uv": [0, 0, 0.6, 1], "rotation": 90, "texture": "#0"},
				"west": {"uv": [0, 0, 0.6, 2], "rotation": 90, "texture": "#0"},
				"up": {"uv": [0, 0, 1, 2], "rotation": 180, "texture": "#0"},
				"down": {"uv": [0, 0, 1, 2], "texture": "#0"}
			}
		},
		{
			"from": [6.1428, 2.76512, 6.96343],
			"to": [6.81773, 3.89, 8.21319],
			"rotation": {"angle": -22.5, "axis": "z", "origin": [6.70525, 3.32756, 8.77563]},
			"faces": {
				"north": {"uv": [0, 0, 0.6, 1], "rotation": 180, "texture": "#0"},
				"east": {"uv": [0, 0, 1, 2], "rotation": 270, "texture": "#0"},
				"south": {"uv": [0, 0, 0.6, 1], "texture": "#0"},
				"west": {"uv": [0, 0, 1, 2], "rotation": 90, "texture": "#0"},
				"up": {"uv": [0, 0, 0.6, 2], "rotation": 180, "texture": "#0"},
				"down": {"uv": [0, 0, 0.6, 2], "texture": "#0"}
			}
		},
		{
			"from": [5.97038, 1.89829, 6.96343],
			"to": [6.64531, 3.02317, 8.21319],
			"faces": {
				"north": {"uv": [0, 0, 0.6, 1], "rotation": 180, "texture": "#0"},
				"east": {"uv": [0, 0, 1, 2], "rotation": 270, "texture": "#0"},
				"south": {"uv": [0, 0, 0.6, 1], "texture": "#0"},
				"west": {"uv": [0, 0, 1, 2], "rotation": 90, "texture": "#0"},
				"up": {"uv": [0, 0, 0.6, 2], "rotation": 180, "texture": "#0"},
				"down": {"uv": [0, 0, 0.6, 2], "texture": "#0"}
			}
		},
		{
			"from": [10.95061, 1.89829, 6.96343],
			"to": [11.62554, 3.02317, 8.21319],
			"faces": {
				"north": {"uv": [0, 0, 1, 0.6], "rotation": 90, "texture": "#0"},
				"east": {"uv": [0, 0, 1, 2], "rotation": 270, "texture": "#0"},
				"south": {"uv": [0, 0, 1, 0.6], "rotation": 90, "texture": "#0"},
				"west": {"uv": [0, 0, 1, 2], "rotation": 90, "texture": "#0"},
				"up": {"uv": [0, 0, 0.6, 2], "rotation": 180, "texture": "#0"},
				"down": {"uv": [0, 0, 0.6, 2], "texture": "#0"}
			}
		},
		{
			"from": [10.77819, 2.76512, 6.96343],
			"to": [11.45311, 3.89, 8.21319],
			"rotation": {"angle": 22.5, "axis": "z", "origin": [10.89067, 3.32756, 8.77563]},
			"faces": {
				"north": {"uv": [0, 0, 0.6, 1], "texture": "#0"},
				"east": {"uv": [0, 0, 1, 2], "rotation": 270, "texture": "#0"},
				"south": {"uv": [0, 0, 0.6, 1], "rotation": 180, "texture": "#0"},
				"west": {"uv": [0, 0, 1, 2], "rotation": 90, "texture": "#0"},
				"up": {"uv": [0, 0, 0.6, 2], "rotation": 180, "texture": "#0"},
				"down": {"uv": [0, 0, 0.6, 2], "texture": "#0"}
			}
		},
		{
			"from": [10.28717, 3.49999, 6.96343],
			"to": [10.96209, 4.62487, 8.21319],
			"rotation": {"angle": 45, "axis": "z", "origin": [10.39965, 4.06243, 8.77563]},
			"faces": {
				"north": {"uv": [0, 0, 0.6, 1], "texture": "#0"},
				"east": {"uv": [0, 0, 1, 2], "rotation": 270, "texture": "#0"},
				"south": {"uv": [0, 0, 0.6, 1], "rotation": 180, "texture": "#0"},
				"west": {"uv": [0, 0, 1, 2], "rotation": 90, "texture": "#0"},
				"up": {"uv": [0, 0, 0.6, 2], "rotation": 180, "texture": "#0"},
				"down": {"uv": [0, 0, 0.6, 2], "texture": "#0"}
			}
		},
		{
			"from": [9.10235, 4.44096, 6.96343],
			"to": [10.22723, 5.11589, 8.21319],
			"rotation": {"angle": -22.5, "axis": "z", "origin": [9.66479, 4.55345, 8.77563]},
			"faces": {
				"north": {"uv": [0, 0, 0.6, 1], "rotation": 90, "texture": "#0"},
				"east": {"uv": [0, 0, 0.6, 2], "rotation": 270, "texture": "#0"},
				"south": {"uv": [0, 0, 0.6, 1], "rotation": 90, "texture": "#0"},
				"west": {"uv": [0, 0, 0.6, 2], "rotation": 90, "texture": "#0"},
				"up": {"uv": [0, 0, 1, 2], "rotation": 180, "texture": "#0"},
				"down": {"uv": [0, 0, 1, 2], "texture": "#0"}
			}
		},
		{
			"from": [10.77819, 1.03146, 6.96343],
			"to": [11.45311, 2.15634, 8.21319],
			"rotation": {"angle": -22.5, "axis": "z", "origin": [10.89067, 1.5939, 8.77563]},
			"faces": {
				"north": {"uv": [0, 1, 0.6, 2], "texture": "#0"},
				"east": {"uv": [1, 0, 2, 2], "rotation": 270, "texture": "#0"},
				"south": {"uv": [0, 1, 0.6, 2], "rotation": 180, "texture": "#0"},
				"west": {"uv": [1, 0, 2, 2], "rotation": 90, "texture": "#0"},
				"up": {"uv": [1, 0, 1.6, 2], "rotation": 180, "texture": "#0"},
				"down": {"uv": [1, 0, 1.6, 2], "texture": "#0"}
			}
		},
		{
			"from": [10.28717, 0.2966, 6.96343],
			"to": [10.96209, 1.42148, 8.21319],
			"rotation": {"angle": -45, "axis": "z", "origin": [10.39965, 0.85904, 8.77563]},
			"faces": {
				"north": {"uv": [0, 1, 0.6, 2], "texture": "#0"},
				"east": {"uv": [1, 0, 2, 2], "rotation": 270, "texture": "#0"},
				"south": {"uv": [0, 1, 0.6, 2], "rotation": 180, "texture": "#0"},
				"west": {"uv": [1, 0, 2, 2], "rotation": 90, "texture": "#0"},
				"up": {"uv": [1, 0, 1.6, 2], "rotation": 180, "texture": "#0"},
				"down": {"uv": [1, 0, 1.6, 2], "texture": "#0"}
			}
		},
		{
			"from": [8.23552, -0.36684, 6.96343],
			"to": [9.3604, 0.30808, 8.21319],
			"faces": {
				"north": {"uv": [0, 1, 1, 1.6], "rotation": 180, "texture": "#0"},
				"east": {"uv": [1, 0, 1.6, 2], "rotation": 270, "texture": "#0"},
				"south": {"uv": [0, 1, 1, 1.6], "texture": "#0"},
				"west": {"uv": [1, 0, 1.6, 2], "rotation": 90, "texture": "#0"},
				"up": {"uv": [1, 0, 2, 2], "rotation": 180, "texture": "#0"},
				"down": {"uv": [1, 0, 2, 2], "texture": "#0"}
			}
		},
		{
			"from": [9.10235, -0.19442, 6.96343],
			"to": [10.22723, 0.48051, 8.21319],
			"rotation": {"angle": 22.5, "axis": "z", "origin": [9.66479, 0.36802, 8.77563]},
			"faces": {
				"north": {"uv": [1, 0, 1.6, 1], "rotation": 90, "texture": "#0"},
				"east": {"uv": [1, 0, 1.6, 2], "rotation": 270, "texture": "#0"},
				"south": {"uv": [1, 0, 1.6, 1], "rotation": 90, "texture": "#0"},
				"west": {"uv": [1, 0, 1.6, 2], "rotation": 90, "texture": "#0"},
				"up": {"uv": [1, 0, 2, 2], "rotation": 180, "texture": "#0"},
				"down": {"uv": [1, 0, 2, 2], "texture": "#0"}
			}
		},
		{
			"from": [7.36869, -0.19442, 6.96343],
			"to": [8.49357, 0.48051, 8.21319],
			"rotation": {"angle": -22.5, "axis": "z", "origin": [7.93113, 0.36802, 8.77563]},
			"faces": {
				"north": {"uv": [1, 0, 1.6, 1], "rotation": 90, "texture": "#0"},
				"east": {"uv": [1, 0, 1.6, 2], "rotation": 270, "texture": "#0"},
				"south": {"uv": [1, 0, 1.6, 1], "rotation": 90, "texture": "#0"},
				"west": {"uv": [1, 0, 1.6, 2], "rotation": 90, "texture": "#0"},
				"up": {"uv": [1, 0, 2, 2], "rotation": 180, "texture": "#0"},
				"down": {"uv": [1, 0, 2, 2], "texture": "#0"}
			}
		},
		{
			"from": [6.63383, 0.2966, 6.96343],
			"to": [7.75871, 0.97153, 8.21319],
			"rotation": {"angle": -45, "axis": "z", "origin": [7.19627, 0.85904, 8.77563]},
			"faces": {
				"north": {"uv": [1, 0, 1.6, 1], "rotation": 90, "texture": "#0"},
				"east": {"uv": [1, 0, 1.6, 2], "rotation": 270, "texture": "#0"},
				"south": {"uv": [1, 0, 1.6, 1], "rotation": 90, "texture": "#0"},
				"west": {"uv": [1, 0, 1.6, 2], "rotation": 90, "texture": "#0"},
				"up": {"uv": [1, 0, 2, 2], "rotation": 180, "texture": "#0"},
				"down": {"uv": [1, 0, 2, 2], "texture": "#0"}
			}
		},
		{
			"from": [6.1428, 1.03146, 6.96343],
			"to": [6.81773, 2.15634, 8.21319],
			"rotation": {"angle": 22.5, "axis": "z", "origin": [6.70525, 1.5939, 8.77563]},
			"faces": {
				"north": {"uv": [0, 1, 0.6, 2], "rotation": 180, "texture": "#0"},
				"east": {"uv": [1, 0, 2, 2], "rotation": 270, "texture": "#0"},
				"south": {"uv": [0, 1, 0.6, 2], "texture": "#0"},
				"west": {"uv": [1, 0, 2, 2], "rotation": 90, "texture": "#0"},
				"up": {"uv": [1, 0, 1.6, 2], "rotation": 180, "texture": "#0"},
				"down": {"uv": [1, 0, 1.6, 2], "texture": "#0"}
			}
		},
		{
			"from": [8.3, 4.31367, 5.51367],
			"to": [9.3, 4.91367, 7.01367],
			"faces": {
				"north": {"uv": [0, 0, 1, 0.6], "rotation": 180, "texture": "#0"},
				"east": {"uv": [0, 0, 0.6, 1.5], "rotation": 270, "texture": "#0"},
				"south": {"uv": [0, 0, 1, 0.6], "texture": "#0"},
				"west": {"uv": [0, 0, 0.6, 1.5], "rotation": 90, "texture": "#0"},
				"up": {"uv": [0, 0, 1, 1.5], "rotation": 180, "texture": "#0"},
				"down": {"uv": [0, 0, 1, 1.5], "texture": "#0"}
			}
		},
		{
			"from": [7.5294, 4.16039, 5.51367],
			"to": [8.5294, 4.76039, 7.01367],
			"rotation": {"angle": 22.5, "axis": "z", "origin": [8.0294, 4.26039, 7.01367]},
			"faces": {
				"north": {"uv": [0, 0, 0.6, 1], "rotation": 90, "texture": "#0"},
				"east": {"uv": [0, 0, 0.6, 1.5], "rotation": 270, "texture": "#0"},
				"south": {"uv": [0, 0, 0.6, 1], "rotation": 90, "texture": "#0"},
				"west": {"uv": [0, 0, 0.6, 1.5], "rotation": 90, "texture": "#0"},
				"up": {"uv": [0, 0, 1, 1.5], "rotation": 180, "texture": "#0"},
				"down": {"uv": [0, 0, 1, 1.5], "texture": "#0"}
			}
		},
		{
			"from": [6.87612, 3.72388, 5.51367],
			"to": [7.87612, 4.32388, 7.01367],
			"rotation": {"angle": 45, "axis": "z", "origin": [7.37612, 3.82388, 7.01367]},
			"faces": {
				"north": {"uv": [0, 0, 0.6, 1], "rotation": 90, "texture": "#0"},
				"east": {"uv": [0, 0, 0.6, 1.5], "rotation": 270, "texture": "#0"},
				"south": {"uv": [0, 0, 0.6, 1], "rotation": 90, "texture": "#0"},
				"west": {"uv": [0, 0, 0.6, 1.5], "rotation": 90, "texture": "#0"},
				"up": {"uv": [0, 0, 1, 1.5], "rotation": 180, "texture": "#0"},
				"down": {"uv": [0, 0, 1, 1.5], "texture": "#0"}
			}
		},
		{
			"from": [6.43961, 2.6706, 5.51367],
			"to": [7.03961, 3.6706, 7.01367],
			"rotation": {"angle": -22.5, "axis": "z", "origin": [6.93961, 3.1706, 7.01367]},
			"faces": {
				"north": {"uv": [0, 0, 0.6, 1], "rotation": 180, "texture": "#0"},
				"east": {"uv": [0, 0, 1, 1.5], "rotation": 270, "texture": "#0"},
				"south": {"uv": [0, 0, 0.6, 1], "texture": "#0"},
				"west": {"uv": [0, 0, 1, 1.5], "rotation": 90, "texture": "#0"},
				"up": {"uv": [0, 0, 0.6, 1.5], "rotation": 180, "texture": "#0"},
				"down": {"uv": [0, 0, 0.6, 1.5], "texture": "#0"}
			}
		},
		{
			"from": [6.28633, 1.9, 5.51367],
			"to": [6.88633, 2.9, 7.01367],
			"faces": {
				"north": {"uv": [0, 0, 0.6, 1], "rotation": 180, "texture": "#0"},
				"east": {"uv": [0, 0, 1, 1.5], "rotation": 270, "texture": "#0"},
				"south": {"uv": [0, 0, 0.6, 1], "texture": "#0"},
				"west": {"uv": [0, 0, 1, 1.5], "rotation": 90, "texture": "#0"},
				"up": {"uv": [0, 0, 0.6, 1.5], "rotation": 180, "texture": "#0"},
				"down": {"uv": [0, 0, 0.6, 1.5], "texture": "#0"}
			}
		},
		{
			"from": [10.71367, 1.9, 5.51367],
			"to": [11.31367, 2.9, 7.01367],
			"faces": {
				"north": {"uv": [0, 0, 1, 0.6], "rotation": 90, "texture": "#0"},
				"east": {"uv": [0, 0, 1, 1.5], "rotation": 270, "texture": "#0"},
				"south": {"uv": [0, 0, 1, 0.6], "rotation": 90, "texture": "#0"},
				"west": {"uv": [0, 0, 1, 1.5], "rotation": 90, "texture": "#0"},
				"up": {"uv": [0, 0, 0.6, 1.5], "rotation": 180, "texture": "#0"},
				"down": {"uv": [0, 0, 0.6, 1.5], "texture": "#0"}
			}
		},
		{
			"from": [10.56039, 2.6706, 5.51367],
			"to": [11.16039, 3.6706, 7.01367],
			"rotation": {"angle": 22.5, "axis": "z", "origin": [10.66039, 3.1706, 7.01367]},
			"faces": {
				"north": {"uv": [0, 0, 0.6, 1], "texture": "#0"},
				"east": {"uv": [0, 0, 1, 1.5], "rotation": 270, "texture": "#0"},
				"south": {"uv": [0, 0, 0.6, 1], "rotation": 180, "texture": "#0"},
				"west": {"uv": [0, 0, 1, 1.5], "rotation": 90, "texture": "#0"},
				"up": {"uv": [0, 0, 0.6, 1.5], "rotation": 180, "texture": "#0"},
				"down": {"uv": [0, 0, 0.6, 1.5], "texture": "#0"}
			}
		},
		{
			"from": [10.12388, 3.32388, 5.51367],
			"to": [10.72388, 4.32388, 7.01367],
			"rotation": {"angle": 45, "axis": "z", "origin": [10.22388, 3.82388, 7.01367]},
			"faces": {
				"north": {"uv": [0, 0, 0.6, 1], "texture": "#0"},
				"east": {"uv": [0, 0, 1, 1.5], "rotation": 270, "texture": "#0"},
				"south": {"uv": [0, 0, 0.6, 1], "rotation": 180, "texture": "#0"},
				"west": {"uv": [0, 0, 1, 1.5], "rotation": 90, "texture": "#0"},
				"up": {"uv": [0, 0, 0.6, 1.5], "rotation": 180, "texture": "#0"},
				"down": {"uv": [0, 0, 0.6, 1.5], "texture": "#0"}
			}
		},
		{
			"from": [9.0706, 4.16039, 5.51367],
			"to": [10.0706, 4.76039, 7.01367],
			"rotation": {"angle": -22.5, "axis": "z", "origin": [9.5706, 4.26039, 7.01367]},
			"faces": {
				"north": {"uv": [0, 0, 0.6, 1], "rotation": 90, "texture": "#0"},
				"east": {"uv": [0, 0, 0.6, 1.5], "rotation": 270, "texture": "#0"},
				"south": {"uv": [0, 0, 0.6, 1], "rotation": 90, "texture": "#0"},
				"west": {"uv": [0, 0, 0.6, 1.5], "rotation": 90, "texture": "#0"},
				"up": {"uv": [0, 0, 1, 1.5], "rotation": 180, "texture": "#0"},
				"down": {"uv": [0, 0, 1, 1.5], "texture": "#0"}
			}
		},
		{
			"from": [10.56039, 1.1294, 5.51367],
			"to": [11.16039, 2.1294, 7.01367],
			"rotation": {"angle": -22.5, "axis": "z", "origin": [10.66039, 1.6294, 7.01367]},
			"faces": {
				"north": {"uv": [0, 1, 0.6, 2], "texture": "#0"},
				"east": {"uv": [1, 0, 2, 1.5], "rotation": 270, "texture": "#0"},
				"south": {"uv": [0, 1, 0.6, 2], "rotation": 180, "texture": "#0"},
				"west": {"uv": [1, 0, 2, 1.5], "rotation": 90, "texture": "#0"},
				"up": {"uv": [1, 0, 1.6, 1.5], "rotation": 180, "texture": "#0"},
				"down": {"uv": [1, 0, 1.6, 1.5], "texture": "#0"}
			}
		},
		{
			"from": [10.12388, 0.47612, 5.51367],
			"to": [10.72388, 1.47612, 7.01367],
			"rotation": {"angle": -45, "axis": "z", "origin": [10.22388, 0.97612, 7.01367]},
			"faces": {
				"north": {"uv": [0, 1, 0.6, 2], "texture": "#0"},
				"east": {"uv": [1, 0, 2, 1.5], "rotation": 270, "texture": "#0"},
				"south": {"uv": [0, 1, 0.6, 2], "rotation": 180, "texture": "#0"},
				"west": {"uv": [1, 0, 2, 1.5], "rotation": 90, "texture": "#0"},
				"up": {"uv": [1, 0, 1.6, 1.5], "rotation": 180, "texture": "#0"},
				"down": {"uv": [1, 0, 1.6, 1.5], "texture": "#0"}
			}
		},
		{
			"from": [8.3, -0.11367, 5.51367],
			"to": [9.3, 0.48633, 7.01367],
			"faces": {
				"north": {"uv": [0, 1, 1, 1.6], "rotation": 180, "texture": "#0"},
				"east": {"uv": [1, 0, 1.6, 1.5], "rotation": 270, "texture": "#0"},
				"south": {"uv": [0, 1, 1, 1.6], "texture": "#0"},
				"west": {"uv": [1, 0, 1.6, 1.5], "rotation": 90, "texture": "#0"},
				"up": {"uv": [1, 0, 2, 1.5], "rotation": 180, "texture": "#0"},
				"down": {"uv": [1, 0, 2, 1.5], "texture": "#0"}
			}
		},
		{
			"from": [9.0706, 0.03961, 5.51367],
			"to": [10.0706, 0.63961, 7.01367],
			"rotation": {"angle": 22.5, "axis": "z", "origin": [9.5706, 0.53961, 7.01367]},
			"faces": {
				"north": {"uv": [1, 0, 1.6, 1], "rotation": 90, "texture": "#0"},
				"east": {"uv": [1, 0, 1.6, 1.5], "rotation": 270, "texture": "#0"},
				"south": {"uv": [1, 0, 1.6, 1], "rotation": 90, "texture": "#0"},
				"west": {"uv": [1, 0, 1.6, 1.5], "rotation": 90, "texture": "#0"},
				"up": {"uv": [1, 0, 2, 1.5], "rotation": 180, "texture": "#0"},
				"down": {"uv": [1, 0, 2, 1.5], "texture": "#0"}
			}
		},
		{
			"from": [7.5294, 0.03961, 5.51367],
			"to": [8.5294, 0.63961, 7.01367],
			"rotation": {"angle": -22.5, "axis": "z", "origin": [8.0294, 0.53961, 7.01367]},
			"faces": {
				"north": {"uv": [1, 0, 1.6, 1], "rotation": 90, "texture": "#0"},
				"east": {"uv": [1, 0, 1.6, 1.5], "rotation": 270, "texture": "#0"},
				"south": {"uv": [1, 0, 1.6, 1], "rotation": 90, "texture": "#0"},
				"west": {"uv": [1, 0, 1.6, 1.5], "rotation": 90, "texture": "#0"},
				"up": {"uv": [1, 0, 2, 1.5], "rotation": 180, "texture": "#0"},
				"down": {"uv": [1, 0, 2, 1.5], "texture": "#0"}
			}
		},
		{
			"from": [6.87612, 0.47612, 5.51367],
			"to": [7.87612, 1.07612, 7.01367],
			"rotation": {"angle": -45, "axis": "z", "origin": [7.37612, 0.97612, 7.01367]},
			"faces": {
				"north": {"uv": [1, 0, 1.6, 1], "rotation": 90, "texture": "#0"},
				"east": {"uv": [1, 0, 1.6, 1.5], "rotation": 270, "texture": "#0"},
				"south": {"uv": [1, 0, 1.6, 1], "rotation": 90, "texture": "#0"},
				"west": {"uv": [1, 0, 1.6, 1.5], "rotation": 90, "texture": "#0"},
				"up": {"uv": [1, 0, 2, 1.5], "rotation": 180, "texture": "#0"},
				"down": {"uv": [1, 0, 2, 1.5], "texture": "#0"}
			}
		},
		{
			"from": [6.43961, 1.1294, 5.51367],
			"to": [7.03961, 2.1294, 7.01367],
			"rotation": {"angle": 22.5, "axis": "z", "origin": [6.93961, 1.6294, 7.01367]},
			"faces": {
				"north": {"uv": [0, 1, 0.6, 2], "rotation": 180, "texture": "#0"},
				"east": {"uv": [1, 0, 2, 1.5], "rotation": 270, "texture": "#0"},
				"south": {"uv": [0, 1, 0.6, 2], "texture": "#0"},
				"west": {"uv": [1, 0, 2, 1.5], "rotation": 90, "texture": "#0"},
				"up": {"uv": [1, 0, 1.6, 1.5], "rotation": 180, "texture": "#0"},
				"down": {"uv": [1, 0, 1.6, 1.5], "texture": "#0"}
			}
		},
		{
			"from": [8.35904, 4.16607, 4.20087],
			"to": [9.26064, 4.70703, 5.50407],
			"faces": {
				"north": {"uv": [0, 0, 1, 0.6], "rotation": 180, "texture": "#0"},
				"east": {"uv": [0, 0, 0.6, 2], "rotation": 270, "texture": "#0"},
				"south": {"uv": [0, 0, 1, 0.6], "texture": "#0"},
				"west": {"uv": [0, 0, 0.6, 2], "rotation": 90, "texture": "#0"},
				"up": {"uv": [0, 0, 1, 2], "rotation": 180, "texture": "#0"},
				"down": {"uv": [0, 0, 1, 2], "texture": "#0"}
			}
		},
		{
			"from": [7.66427, 4.02787, 4.20087],
			"to": [8.56587, 4.56883, 5.50407],
			"rotation": {"angle": 22.5, "axis": "z", "origin": [8.11507, 4.11803, 4.85327]},
			"faces": {
				"north": {"uv": [0, 0, 0.6, 1], "rotation": 90, "texture": "#0"},
				"east": {"uv": [0, 0, 0.6, 2], "rotation": 270, "texture": "#0"},
				"south": {"uv": [0, 0, 0.6, 1], "rotation": 90, "texture": "#0"},
				"west": {"uv": [0, 0, 0.6, 2], "rotation": 90, "texture": "#0"},
				"up": {"uv": [0, 0, 1, 2], "rotation": 180, "texture": "#0"},
				"down": {"uv": [0, 0, 1, 2], "texture": "#0"}
			}
		},
		{
			"from": [7.07527, 3.63431, 4.20087],
			"to": [7.97687, 4.17527, 5.50407],
			"rotation": {"angle": 45, "axis": "z", "origin": [7.52607, 3.72447, 4.85327]},
			"faces": {
				"north": {"uv": [0, 0, 0.6, 1], "rotation": 90, "texture": "#0"},
				"east": {"uv": [0, 0, 0.6, 2], "rotation": 270, "texture": "#0"},
				"south": {"uv": [0, 0, 0.6, 1], "rotation": 90, "texture": "#0"},
				"west": {"uv": [0, 0, 0.6, 2], "rotation": 90, "texture": "#0"},
				"up": {"uv": [0, 0, 1, 2], "rotation": 180, "texture": "#0"},
				"down": {"uv": [0, 0, 1, 2], "texture": "#0"}
			}
		},
		{
			"from": [6.68171, 2.68468, 4.20087],
			"to": [7.22267, 3.58628, 5.50407],
			"rotation": {"angle": -22.5, "axis": "z", "origin": [7.13251, 3.13548, 4.85327]},
			"faces": {
				"north": {"uv": [0, 0, 0.6, 1], "rotation": 180, "texture": "#0"},
				"east": {"uv": [0, 0, 1, 2], "rotation": 270, "texture": "#0"},
				"south": {"uv": [0, 0, 0.6, 1], "texture": "#0"},
				"west": {"uv": [0, 0, 1, 2], "rotation": 90, "texture": "#0"},
				"up": {"uv": [0, 0, 0.6, 2], "rotation": 180, "texture": "#0"},
				"down": {"uv": [0, 0, 0.6, 2], "texture": "#0"}
			}
		},
		{
			"from": [6.54352, 1.98991, 4.20087],
			"to": [7.08448, 2.89151, 5.50407],
			"faces": {
				"north": {"uv": [0, 0, 0.6, 1], "rotation": 180, "texture": "#0"},
				"east": {"uv": [0, 0, 1, 2], "rotation": 270, "texture": "#0"},
				"south": {"uv": [0, 0, 0.6, 1], "texture": "#0"},
				"west": {"uv": [0, 0, 1, 2], "rotation": 90, "texture": "#0"},
				"up": {"uv": [0, 0, 0.6, 2], "rotation": 180, "texture": "#0"},
				"down": {"uv": [0, 0, 0.6, 2], "texture": "#0"}
			}
		},
		{
			"from": [10.5352, 1.98991, 4.20087],
			"to": [11.07616, 2.89151, 5.50407],
			"faces": {
				"north": {"uv": [0, 0, 1, 0.6], "rotation": 90, "texture": "#0"},
				"east": {"uv": [0, 0, 1, 2], "rotation": 270, "texture": "#0"},
				"south": {"uv": [0, 0, 1, 0.6], "rotation": 90, "texture": "#0"},
				"west": {"uv": [0, 0, 1, 2], "rotation": 90, "texture": "#0"},
				"up": {"uv": [0, 0, 0.6, 2], "rotation": 180, "texture": "#0"},
				"down": {"uv": [0, 0, 0.6, 2], "texture": "#0"}
			}
		},
		{
			"from": [10.39701, 2.68468, 4.20087],
			"to": [10.93797, 3.58628, 5.50407],
			"rotation": {"angle": 22.5, "axis": "z", "origin": [10.48717, 3.13548, 4.85327]},
			"faces": {
				"north": {"uv": [0, 0, 0.6, 1], "texture": "#0"},
				"east": {"uv": [0, 0, 1, 2], "rotation": 270, "texture": "#0"},
				"south": {"uv": [0, 0, 0.6, 1], "rotation": 180, "texture": "#0"},
				"west": {"uv": [0, 0, 1, 2], "rotation": 90, "texture": "#0"},
				"up": {"uv": [0, 0, 0.6, 2], "rotation": 180, "texture": "#0"},
				"down": {"uv": [0, 0, 0.6, 2], "texture": "#0"}
			}
		},
		{
			"from": [10.00345, 3.27367, 4.20087],
			"to": [10.54441, 4.17527, 5.50407],
			"rotation": {"angle": 45, "axis": "z", "origin": [10.09361, 3.72447, 4.85327]},
			"faces": {
				"north": {"uv": [0, 0, 0.6, 1], "texture": "#0"},
				"east": {"uv": [0, 0, 1, 2], "rotation": 270, "texture": "#0"},
				"south": {"uv": [0, 0, 0.6, 1], "rotation": 180, "texture": "#0"},
				"west": {"uv": [0, 0, 1, 2], "rotation": 90, "texture": "#0"},
				"up": {"uv": [0, 0, 0.6, 2], "rotation": 180, "texture": "#0"},
				"down": {"uv": [0, 0, 0.6, 2], "texture": "#0"}
			}
		},
		{
			"from": [9.05381, 4.02787, 4.20087],
			"to": [9.95541, 4.56883, 5.50407],
			"rotation": {"angle": -22.5, "axis": "z", "origin": [9.50461, 4.11803, 4.85327]},
			"faces": {
				"north": {"uv": [0, 0, 0.6, 1], "rotation": 90, "texture": "#0"},
				"east": {"uv": [0, 0, 0.6, 2], "rotation": 270, "texture": "#0"},
				"south": {"uv": [0, 0, 0.6, 1], "rotation": 90, "texture": "#0"},
				"west": {"uv": [0, 0, 0.6, 2], "rotation": 90, "texture": "#0"},
				"up": {"uv": [0, 0, 1, 2], "rotation": 180, "texture": "#0"},
				"down": {"uv": [0, 0, 1, 2], "texture": "#0"}
			}
		},
		{
			"from": [10.39701, 1.29513, 4.20087],
			"to": [10.93797, 2.19673, 5.50407],
			"rotation": {"angle": -22.5, "axis": "z", "origin": [10.48717, 1.74593, 4.85327]},
			"faces": {
				"north": {"uv": [0, 1, 0.6, 2], "texture": "#0"},
				"east": {"uv": [1, 0, 2, 2], "rotation": 270, "texture": "#0"},
				"south": {"uv": [0, 1, 0.6, 2], "rotation": 180, "texture": "#0"},
				"west": {"uv": [1, 0, 2, 2], "rotation": 90, "texture": "#0"},
				"up": {"uv": [1, 0, 1.6, 2], "rotation": 180, "texture": "#0"},
				"down": {"uv": [1, 0, 1.6, 2], "texture": "#0"}
			}
		},
		{
			"from": [10.00345, 0.70614, 4.20087],
			"to": [10.54441, 1.60774, 5.50407],
			"rotation": {"angle": -45, "axis": "z", "origin": [10.09361, 1.15694, 4.85327]},
			"faces": {
				"north": {"uv": [0, 1, 0.6, 2], "texture": "#0"},
				"east": {"uv": [1, 0, 2, 2], "rotation": 270, "texture": "#0"},
				"south": {"uv": [0, 1, 0.6, 2], "rotation": 180, "texture": "#0"},
				"west": {"uv": [1, 0, 2, 2], "rotation": 90, "texture": "#0"},
				"up": {"uv": [1, 0, 1.6, 2], "rotation": 180, "texture": "#0"},
				"down": {"uv": [1, 0, 1.6, 2], "texture": "#0"}
			}
		},
		{
			"from": [8.35904, 0.17438, 4.20087],
			"to": [9.26064, 0.71534, 5.50407],
			"faces": {
				"north": {"uv": [0, 1, 1, 1.6], "rotation": 180, "texture": "#0"},
				"east": {"uv": [1, 0, 1.6, 2], "rotation": 270, "texture": "#0"},
				"south": {"uv": [0, 1, 1, 1.6], "texture": "#0"},
				"west": {"uv": [1, 0, 1.6, 2], "rotation": 90, "texture": "#0"},
				"up": {"uv": [1, 0, 2, 2], "rotation": 180, "texture": "#0"},
				"down": {"uv": [1, 0, 2, 2], "texture": "#0"}
			}
		},
		{
			"from": [9.05381, 0.31258, 4.20087],
			"to": [9.95541, 0.85354, 5.50407],
			"rotation": {"angle": 22.5, "axis": "z", "origin": [9.50461, 0.76338, 4.85327]},
			"faces": {
				"north": {"uv": [1, 0, 1.6, 1], "rotation": 90, "texture": "#0"},
				"east": {"uv": [1, 0, 1.6, 2], "rotation": 270, "texture": "#0"},
				"south": {"uv": [1, 0, 1.6, 1], "rotation": 90, "texture": "#0"},
				"west": {"uv": [1, 0, 1.6, 2], "rotation": 90, "texture": "#0"},
				"up": {"uv": [1, 0, 2, 2], "rotation": 180, "texture": "#0"},
				"down": {"uv": [1, 0, 2, 2], "texture": "#0"}
			}
		},
		{
			"from": [7.66427, 0.31258, 4.20087],
			"to": [8.56587, 0.85354, 5.50407],
			"rotation": {"angle": -22.5, "axis": "z", "origin": [8.11507, 0.76338, 4.85327]},
			"faces": {
				"north": {"uv": [1, 0, 1.6, 1], "rotation": 90, "texture": "#0"},
				"east": {"uv": [1, 0, 1.6, 2], "rotation": 270, "texture": "#0"},
				"south": {"uv": [1, 0, 1.6, 1], "rotation": 90, "texture": "#0"},
				"west": {"uv": [1, 0, 1.6, 2], "rotation": 90, "texture": "#0"},
				"up": {"uv": [1, 0, 2, 2], "rotation": 180, "texture": "#0"},
				"down": {"uv": [1, 0, 2, 2], "texture": "#0"}
			}
		},
		{
			"from": [7.07527, 0.70614, 4.20087],
			"to": [7.97687, 1.2471, 5.50407],
			"rotation": {"angle": -45, "axis": "z", "origin": [7.52607, 1.15694, 4.85327]},
			"faces": {
				"north": {"uv": [1, 0, 1.6, 1], "rotation": 90, "texture": "#0"},
				"east": {"uv": [1, 0, 1.6, 2], "rotation": 270, "texture": "#0"},
				"south": {"uv": [1, 0, 1.6, 1], "rotation": 90, "texture": "#0"},
				"west": {"uv": [1, 0, 1.6, 2], "rotation": 90, "texture": "#0"},
				"up": {"uv": [1, 0, 2, 2], "rotation": 180, "texture": "#0"},
				"down": {"uv": [1, 0, 2, 2], "texture": "#0"}
			}
		},
		{
			"from": [6.68171, 1.29513, 4.20087],
			"to": [7.22267, 2.19673, 5.50407],
			"rotation": {"angle": 22.5, "axis": "z", "origin": [7.13251, 1.74593, 4.85327]},
			"faces": {
				"north": {"uv": [0, 1, 0.6, 2], "rotation": 180, "texture": "#0"},
				"east": {"uv": [1, 0, 2, 2], "rotation": 270, "texture": "#0"},
				"south": {"uv": [0, 1, 0.6, 2], "texture": "#0"},
				"west": {"uv": [1, 0, 2, 2], "rotation": 90, "texture": "#0"},
				"up": {"uv": [1, 0, 1.6, 2], "rotation": 180, "texture": "#0"},
				"down": {"uv": [1, 0, 1.6, 2], "texture": "#0"}
			}
		},
		{
			"from": [8.41184, 2.43408, 3.30292],
			"to": [9.22544, 4.52224, 4.26677],
			"faces": {
				"north": {"uv": [0, 0, 1, 0.6], "rotation": 180, "texture": "#0"},
				"east": {"uv": [0, 0, 0.6, 2], "rotation": 270, "texture": "#0"},
				"south": {"uv": [0, 0, 1, 0.6], "texture": "#0"},
				"west": {"uv": [0, 0, 0.6, 2], "rotation": 90, "texture": "#0"},
				"up": {"uv": [0, 0, 1, 2], "rotation": 180, "texture": "#0"},
				"down": {"uv": [0, 0, 1, 2], "texture": "#0"}
			}
		},
		{
			"from": [7.78488, 2.90937, 3.30292],
			"to": [8.59848, 4.39753, 4.26677],
			"rotation": {"angle": 22.5, "axis": "z", "origin": [8.19168, 3.99073, 4.52332]},
			"faces": {
				"north": {"uv": [0, 0, 0.6, 1], "rotation": 90, "texture": "#0"},
				"east": {"uv": [0, 0, 0.6, 2], "rotation": 270, "texture": "#0"},
				"south": {"uv": [0, 0, 0.6, 1], "rotation": 90, "texture": "#0"},
				"west": {"uv": [0, 0, 0.6, 2], "rotation": 90, "texture": "#0"},
				"up": {"uv": [0, 0, 1, 2], "rotation": 180, "texture": "#0"},
				"down": {"uv": [0, 0, 1, 2], "texture": "#0"}
			}
		},
		{
			"from": [7.25336, 2.55422, 3.30292],
			"to": [8.06697, 4.04238, 4.26677],
			"rotation": {"angle": 45, "axis": "z", "origin": [7.66017, 3.63558, 4.52332]},
			"faces": {
				"north": {"uv": [0, 0, 0.6, 1], "rotation": 90, "texture": "#0"},
				"east": {"uv": [0, 0, 0.6, 2], "rotation": 270, "texture": "#0"},
				"south": {"uv": [0, 0, 0.6, 1], "rotation": 90, "texture": "#0"},
				"west": {"uv": [0, 0, 0.6, 2], "rotation": 90, "texture": "#0"},
				"up": {"uv": [0, 0, 1, 2], "rotation": 180, "texture": "#0"},
				"down": {"uv": [0, 0, 1, 2], "texture": "#0"}
			}
		},
		{
			"from": [6.89822, 2.69727, 3.30292],
			"to": [8.38638, 3.51087, 4.26677],
			"rotation": {"angle": -22.5, "axis": "z", "origin": [7.30502, 3.10407, 4.52332]},
			"faces": {
				"north": {"uv": [0, 0, 0.6, 1], "rotation": 180, "texture": "#0"},
				"east": {"uv": [0, 0, 1, 2], "rotation": 270, "texture": "#0"},
				"south": {"uv": [0, 0, 0.6, 1], "texture": "#0"},
				"west": {"uv": [0, 0, 1, 2], "rotation": 90, "texture": "#0"},
				"up": {"uv": [0, 0, 0.6, 2], "rotation": 180, "texture": "#0"},
				"down": {"uv": [0, 0, 0.6, 2], "texture": "#0"}
			}
		},
		{
			"from": [6.77351, 2.0703, 3.30292],
			"to": [8.46167, 2.88391, 4.26677],
			"faces": {
				"north": {"uv": [0, 0, 0.6, 1], "rotation": 180, "texture": "#0"},
				"east": {"uv": [0, 0, 1, 2], "rotation": 270, "texture": "#0"},
				"south": {"uv": [0, 0, 0.6, 1], "texture": "#0"},
				"west": {"uv": [0, 0, 1, 2], "rotation": 90, "texture": "#0"},
				"up": {"uv": [0, 0, 0.6, 2], "rotation": 180, "texture": "#0"},
				"down": {"uv": [0, 0, 0.6, 2], "texture": "#0"}
			}
		},
		{
			"from": [9.17561, 2.0703, 3.30292],
			"to": [10.86377, 2.88391, 4.26677],
			"faces": {
				"north": {"uv": [0, 0, 1, 0.6], "rotation": 90, "texture": "#0"},
				"east": {"uv": [0, 0, 1, 2], "rotation": 270, "texture": "#0"},
				"south": {"uv": [0, 0, 1, 0.6], "rotation": 90, "texture": "#0"},
				"west": {"uv": [0, 0, 1, 2], "rotation": 90, "texture": "#0"},
				"up": {"uv": [0, 0, 0.6, 2], "rotation": 180, "texture": "#0"},
				"down": {"uv": [0, 0, 0.6, 2], "texture": "#0"}
			}
		},
		{
			"from": [9.2509, 2.69727, 3.30292],
			"to": [10.73906, 3.51087, 4.26677],
			"rotation": {"angle": 22.5, "axis": "z", "origin": [10.33226, 3.10407, 4.52332]},
			"faces": {
				"north": {"uv": [0, 0, 0.6, 1], "texture": "#0"},
				"east": {"uv": [0, 0, 1, 2], "rotation": 270, "texture": "#0"},
				"south": {"uv": [0, 0, 0.6, 1], "rotation": 180, "texture": "#0"},
				"west": {"uv": [0, 0, 1, 2], "rotation": 90, "texture": "#0"},
				"up": {"uv": [0, 0, 0.6, 2], "rotation": 180, "texture": "#0"},
				"down": {"uv": [0, 0, 0.6, 2], "texture": "#0"}
			}
		},
		{
			"from": [8.79575, 3.22878, 3.30292],
			"to": [10.38392, 4.04238, 4.26677],
			"rotation": {"angle": 45, "axis": "z", "origin": [9.97711, 3.63558, 4.52332]},
			"faces": {
				"north": {"uv": [0, 0, 0.6, 1], "texture": "#0"},
				"east": {"uv": [0, 0, 1, 2], "rotation": 270, "texture": "#0"},
				"south": {"uv": [0, 0, 0.6, 1], "rotation": 180, "texture": "#0"},
				"west": {"uv": [0, 0, 1, 2], "rotation": 90, "texture": "#0"},
				"up": {"uv": [0, 0, 0.6, 2], "rotation": 180, "texture": "#0"},
				"down": {"uv": [0, 0, 0.6, 2], "texture": "#0"}
			}
		},
		{
			"from": [9.0388, 2.90937, 3.30292],
			"to": [9.8524, 4.39753, 4.26677],
			"rotation": {"angle": -22.5, "axis": "z", "origin": [9.4456, 3.99073, 4.52332]},
			"faces": {
				"north": {"uv": [0, 0, 0.6, 1], "rotation": 90, "texture": "#0"},
				"east": {"uv": [0, 0, 0.6, 2], "rotation": 270, "texture": "#0"},
				"south": {"uv": [0, 0, 0.6, 1], "rotation": 90, "texture": "#0"},
				"west": {"uv": [0, 0, 0.6, 2], "rotation": 90, "texture": "#0"},
				"up": {"uv": [0, 0, 1, 2], "rotation": 180, "texture": "#0"},
				"down": {"uv": [0, 0, 1, 2], "texture": "#0"}
			}
		},
		{
			"from": [9.2509, 1.44334, 3.30292],
			"to": [10.73906, 2.25695, 4.26677],
			"rotation": {"angle": -22.5, "axis": "z", "origin": [10.33226, 1.85014, 4.52332]},
			"faces": {
				"north": {"uv": [0, 1, 0.6, 2], "texture": "#0"},
				"east": {"uv": [1, 0, 2, 2], "rotation": 270, "texture": "#0"},
				"south": {"uv": [0, 1, 0.6, 2], "rotation": 180, "texture": "#0"},
				"west": {"uv": [1, 0, 2, 2], "rotation": 90, "texture": "#0"},
				"up": {"uv": [1, 0, 1.6, 2], "rotation": 180, "texture": "#0"},
				"down": {"uv": [1, 0, 1.6, 2], "texture": "#0"}
			}
		},
		{
			"from": [8.89575, 0.91183, 3.30292],
			"to": [10.38392, 1.72543, 4.26677],
			"rotation": {"angle": -45, "axis": "z", "origin": [9.97711, 1.31863, 4.52332]},
			"faces": {
				"north": {"uv": [0, 1, 0.6, 2], "texture": "#0"},
				"east": {"uv": [1, 0, 2, 2], "rotation": 270, "texture": "#0"},
				"south": {"uv": [0, 1, 0.6, 2], "rotation": 180, "texture": "#0"},
				"west": {"uv": [1, 0, 2, 2], "rotation": 90, "texture": "#0"},
				"up": {"uv": [1, 0, 1.6, 2], "rotation": 180, "texture": "#0"},
				"down": {"uv": [1, 0, 1.6, 2], "texture": "#0"}
			}
		},
		{
			"from": [8.41184, 0.43198, 3.30292],
			"to": [9.22544, 2.52014, 4.26677],
			"faces": {
				"north": {"uv": [0, 1, 1, 1.6], "rotation": 180, "texture": "#0"},
				"east": {"uv": [1, 0, 1.6, 2], "rotation": 270, "texture": "#0"},
				"south": {"uv": [0, 1, 1, 1.6], "texture": "#0"},
				"west": {"uv": [1, 0, 1.6, 2], "rotation": 90, "texture": "#0"},
				"up": {"uv": [1, 0, 2, 2], "rotation": 180, "texture": "#0"},
				"down": {"uv": [1, 0, 2, 2], "texture": "#0"}
			}
		},
		{
			"from": [9.0388, 0.55669, 3.30292],
			"to": [9.8524, 2.04485, 4.26677],
			"rotation": {"angle": 22.5, "axis": "z", "origin": [9.4456, 0.96349, 4.52332]},
			"faces": {
				"north": {"uv": [1, 0, 1.6, 1], "rotation": 90, "texture": "#0"},
				"east": {"uv": [1, 0, 1.6, 2], "rotation": 270, "texture": "#0"},
				"south": {"uv": [1, 0, 1.6, 1], "rotation": 90, "texture": "#0"},
				"west": {"uv": [1, 0, 1.6, 2], "rotation": 90, "texture": "#0"},
				"up": {"uv": [1, 0, 2, 2], "rotation": 180, "texture": "#0"},
				"down": {"uv": [1, 0, 2, 2], "texture": "#0"}
			}
		},
		{
			"from": [7.78488, 0.55669, 3.30292],
			"to": [8.59848, 2.04485, 4.26677],
			"rotation": {"angle": -22.5, "axis": "z", "origin": [8.19168, 0.96349, 4.52332]},
			"faces": {
				"north": {"uv": [1, 0, 1.6, 1], "rotation": 90, "texture": "#0"},
				"east": {"uv": [1, 0, 1.6, 2], "rotation": 270, "texture": "#0"},
				"south": {"uv": [1, 0, 1.6, 1], "rotation": 90, "texture": "#0"},
				"west": {"uv": [1, 0, 1.6, 2], "rotation": 90, "texture": "#0"},
				"up": {"uv": [1, 0, 2, 2], "rotation": 180, "texture": "#0"},
				"down": {"uv": [1, 0, 2, 2], "texture": "#0"}
			}
		},
		{
			"from": [7.25336, 0.91183, 3.30292],
			"to": [8.06697, 2.49999, 4.26677],
			"rotation": {"angle": -45, "axis": "z", "origin": [7.66017, 1.31863, 4.52332]},
			"faces": {
				"north": {"uv": [1, 0, 1.6, 1], "rotation": 90, "texture": "#0"},
				"east": {"uv": [1, 0, 1.6, 2], "rotation": 270, "texture": "#0"},
				"south": {"uv": [1, 0, 1.6, 1], "rotation": 90, "texture": "#0"},
				"west": {"uv": [1, 0, 1.6, 2], "rotation": 90, "texture": "#0"},
				"up": {"uv": [1, 0, 2, 2], "rotation": 180, "texture": "#0"},
				"down": {"uv": [1, 0, 2, 2], "texture": "#0"}
			}
		},
		{
			"from": [6.89822, 1.44334, 3.30292],
			"to": [8.38638, 2.25695, 4.26677],
			"rotation": {"angle": 22.5, "axis": "z", "origin": [7.30502, 1.85014, 4.52332]},
			"faces": {
				"north": {"uv": [0, 1, 0.6, 2], "rotation": 180, "texture": "#0"},
				"east": {"uv": [1, 0, 2, 2], "rotation": 270, "texture": "#0"},
				"south": {"uv": [0, 1, 0.6, 2], "texture": "#0"},
				"west": {"uv": [1, 0, 2, 2], "rotation": 90, "texture": "#0"},
				"up": {"uv": [1, 0, 1.6, 2], "rotation": 180, "texture": "#0"},
				"down": {"uv": [1, 0, 1.6, 2], "texture": "#0"}
			}
		},
		{
			"from": [8, 0, 8],
			"to": [10, 2, 9],
			"faces": {
				"north": {"uv": [5, 6, 6, 8], "texture": "#1"},
				"east": {"uv": [5, 6, 6, 8], "texture": "#1"},
				"south": {"uv": [5, 6, 6, 8], "texture": "#1"},
				"west": {"uv": [5, 6, 6, 8], "texture": "#1"},
				"up": {"uv": [5, 6, 7, 7], "texture": "#1"},
				"down": {"uv": [5, 6, 6, 8], "texture": "#1"}
			}
		},
		{
			"from": [7, 0, 9],
			"to": [9, 2, 11],
			"faces": {
				"north": {"uv": [0, 0, 2, 2], "texture": "#1"},
				"east": {"uv": [0, 0, 2, 2], "texture": "#1"},
				"south": {"uv": [0, 0, 2, 2], "texture": "#1"},
				"west": {"uv": [3, 0, 5, 2], "texture": "#1"},
				"up": {"uv": [2, 0, 4, 2], "texture": "#1"},
				"down": {"uv": [0, 0, 2, 2], "texture": "#1"}
			}
		},
		{
			"from": [9, 0, 10],
			"to": [11, 1, 12],
			"faces": {
				"north": {"uv": [0, 0, 2, 1], "texture": "#1"},
				"east": {"uv": [0, 6, 2, 7], "texture": "#1"},
				"south": {"uv": [2, 0, 4, 1], "texture": "#1"},
				"west": {"uv": [0, 0, 2, 1], "texture": "#1"},
				"up": {"uv": [1, 7, 3, 9], "texture": "#1"},
				"down": {"uv": [0, 0, 2, 2], "texture": "#1"}
			}
		},
		{
			"from": [11, 0, 10],
			"to": [12, 1, 11],
			"faces": {
				"north": {"uv": [5, 2, 6, 3], "texture": "#1"},
				"east": {"uv": [5, 2, 6, 3], "texture": "#1"},
				"south": {"uv": [5, 2, 6, 3], "texture": "#1"},
				"west": {"uv": [5, 2, 6, 3], "texture": "#1"},
				"up": {"uv": [5, 2, 6, 3], "texture": "#1"},
				"down": {"uv": [5, 2, 6, 3], "texture": "#1"}
			}
		},
		{
			"from": [10, 0, 9],
			"to": [11, 1, 10],
			"faces": {
				"north": {"uv": [0, 0, 1, 1], "texture": "#1"},
				"east": {"uv": [0, 0, 1, 1], "texture": "#1"},
				"south": {"uv": [0, 0, 1, 1], "texture": "#1"},
				"west": {"uv": [0, 0, 1, 1], "texture": "#1"},
				"up": {"uv": [0, 0, 1, 1], "texture": "#1"},
				"down": {"uv": [0, 0, 1, 1], "texture": "#1"}
			}
		},
		{
			"from": [9, 0, 9],
			"to": [10, 1.5, 10],
			"faces": {
				"north": {"uv": [0, 0, 1, 1.5], "texture": "#1"},
				"east": {"uv": [0, 0, 1, 1.5], "texture": "#1"},
				"south": {"uv": [0, 0, 1, 1.5], "texture": "#1"},
				"west": {"uv": [0, 0, 1, 1.5], "texture": "#1"},
				"up": {"uv": [0, 0, 1, 1], "texture": "#1"},
				"down": {"uv": [0, 0, 1, 1], "texture": "#1"}
			}
		},
		{
			"from": [8, 0, 11],
			"to": [9, 1.5, 12],
			"faces": {
				"north": {"uv": [5, 1, 6, 2.5], "texture": "#1"},
				"east": {"uv": [5, 1, 6, 2.5], "texture": "#1"},
				"south": {"uv": [5, 1, 6, 2.5], "texture": "#1"},
				"west": {"uv": [5, 1, 6, 2.5], "texture": "#1"},
				"up": {"uv": [5, 1, 6, 2], "texture": "#1"},
				"down": {"uv": [5, 1, 6, 2.5], "texture": "#1"}
			}
		},
		{
			"from": [6, 0, 9],
			"to": [7, 1.5, 10],
			"faces": {
				"north": {"uv": [0, 6, 1, 7.5], "texture": "#1"},
				"east": {"uv": [0, 6, 1, 7.5], "texture": "#1"},
				"south": {"uv": [0, 6, 1, 7.5], "texture": "#1"},
				"west": {"uv": [0, 6, 1, 7.5], "texture": "#1"},
				"up": {"uv": [0, 6, 1, 7.5], "texture": "#1"},
				"down": {"uv": [0, 6, 1, 7.5], "texture": "#1"}
			}
		},
		{
			"from": [7, 0.3, 8],
			"to": [8, 1.5, 9],
			"faces": {
				"north": {"uv": [0, 0, 1, 1.5], "texture": "#1"},
				"east": {"uv": [0, 0, 1, 1.5], "texture": "#1"},
				"south": {"uv": [0, 0, 1, 1.5], "texture": "#1"},
				"west": {"uv": [0, 0, 1, 1.5], "texture": "#1"},
				"up": {"uv": [0, 0, 2, 2], "texture": "#1"},
				"down": {"uv": [0, 0, 1, 1], "texture": "#1"}
			}
		},
		{
			"from": [7, 1, 5],
			"to": [10, 2.5, 7],
			"faces": {
				"north": {"uv": [0, 0, 3, 1.5], "texture": "#1"},
				"east": {"uv": [0, 0, 2, 1.5], "texture": "#1"},
				"south": {"uv": [0, 0, 3, 1.5], "texture": "#1"},
				"west": {"uv": [0, 0, 2, 1.5], "texture": "#1"},
				"up": {"uv": [0, 0, 3, 2], "texture": "#1"},
				"down": {"uv": [0, 0, 3, 2], "texture": "#1"}
			}
		},
		{
			"from": [7, 1, 7],
			"to": [8, 2, 8],
			"faces": {
				"north": {"uv": [5, 2, 6, 3], "texture": "#1"},
				"east": {"uv": [5, 2, 6, 3], "texture": "#1"},
				"south": {"uv": [5, 2, 6, 3], "texture": "#1"},
				"west": {"uv": [5, 2, 6, 3], "texture": "#1"},
				"up": {"uv": [5, 2, 6, 3], "texture": "#1"},
				"down": {"uv": [5, 2, 6, 3], "texture": "#1"}
			}
		},
		{
			"from": [9, 0, 12],
			"to": [10, 1, 13],
			"faces": {
				"north": {"uv": [5, 2, 6, 3], "texture": "#1"},
				"east": {"uv": [5, 2, 6, 3], "texture": "#1"},
				"south": {"uv": [5, 2, 6, 3], "texture": "#1"},
				"west": {"uv": [5, 2, 6, 3], "texture": "#1"},
				"up": {"uv": [5, 2, 6, 3], "texture": "#1"},
				"down": {"uv": [5, 2, 6, 3], "texture": "#1"}
			}
		},
		{
			"from": [6, 0, 11],
			"to": [7, 1, 12],
			"faces": {
				"north": {"uv": [5, 2, 6, 3], "texture": "#1"},
				"east": {"uv": [5, 2, 6, 3], "texture": "#1"},
				"south": {"uv": [5, 2, 6, 3], "texture": "#1"},
				"west": {"uv": [5, 2, 6, 3], "texture": "#1"},
				"up": {"uv": [5, 2, 6, 3], "texture": "#1"},
				"down": {"uv": [5, 2, 6, 3], "texture": "#1"}
			}
		},
		{
			"from": [8, 1, 7],
			"to": [10, 2.5, 8],
			"faces": {
				"north": {"uv": [0, 6, 2, 7.5], "texture": "#1"},
				"east": {"uv": [0, 6, 2, 7.5], "texture": "#1"},
				"south": {"uv": [0, 6, 2, 7.5], "texture": "#1"},
				"west": {"uv": [0, 6, 2, 7.5], "texture": "#1"},
				"up": {"uv": [0, 6, 2, 7.5], "texture": "#1"},
				"down": {"uv": [0, 6, 2, 7.5], "texture": "#1"}
			}
		},
		{
			"from": [8, 2, 5],
			"to": [10, 3, 7],
			"faces": {
				"north": {"uv": [0, 0, 2, 1], "texture": "#1"},
				"east": {"uv": [0, 0, 2, 1], "texture": "#1"},
				"south": {"uv": [3, 0, 5, 1], "texture": "#1"},
				"west": {"uv": [0, 0, 2, 1], "texture": "#1"},
				"up": {"uv": [0, 2, 2, 4], "texture": "#1"},
				"down": {"uv": [0, 0, 2, 2], "texture": "#1"}
			}
		},
		{
			"from": [9, 2, 5],
			"to": [11, 2.5, 7],
			"faces": {
				"north": {"uv": [4, 0, 6, 2], "texture": "#1"},
				"east": {"uv": [4, 0, 6, 2], "texture": "#1"},
				"south": {"uv": [4, 0, 6, 2], "texture": "#1"},
				"west": {"uv": [4, 0, 6, 2], "texture": "#1"},
				"up": {"uv": [4, 0, 6, 2], "texture": "#1"},
				"down": {"uv": [4, 0, 6, 2], "texture": "#1"}
			}
		},
		{
			"from": [9.9, 1, 7],
			"to": [10.9, 2, 8],
			"faces": {
				"north": {"uv": [6, 1, 7, 2], "texture": "#1"},
				"east": {"uv": [6, 1, 7, 2], "texture": "#1"},
				"south": {"uv": [6, 1, 7, 2], "texture": "#1"},
				"west": {"uv": [6, 1, 7, 2], "texture": "#1"},
				"up": {"uv": [6, 1, 7, 2], "texture": "#1"},
				"down": {"uv": [6, 1, 7, 2], "texture": "#1"}
			}
		},
		{
			"from": [9.5, 0.4, 7],
			"to": [10.5, 1, 8],
			"faces": {
				"north": {"uv": [0, 0, 1, 0.6], "texture": "#1"},
				"east": {"uv": [0, 0, 1, 0.6], "texture": "#1"},
				"south": {"uv": [0, 0, 1, 0.6], "texture": "#1"},
				"west": {"uv": [0, 0, 1, 0.6], "texture": "#1"},
				"up": {"uv": [0, 0, 1, 1], "texture": "#1"},
				"down": {"uv": [0, 0, 1, 1], "texture": "#1"}
			}
		}
	],
	"display": {
		"thirdperson_righthand": {
			"rotation": [75, 45, 0],
			"translation": [0, 2.5, 0],
			"scale": [0.375, 0.375, 0.375]
		},
		"thirdperson_lefthand": {
			"rotation": [75, 45, 0],
			"translation": [0, 2.5, 0],
			"scale": [0.375, 0.375, 0.375]
		},
		"firstperson_righthand": {
			"rotation": [0, 45, 0],
			"translation": [0, 2.25, 0],
			"scale": [0.4, 0.4, 0.4]
		},
		"firstperson_lefthand": {
			"rotation": [0, 225, 0],
			"translation": [0, 3, 0],
			"scale": [0.4, 0.4, 0.4]
		},
		"ground": {
			"translation": [0, 2.75, 0],
			"scale": [0.8, 0.8, 0.8]
		},
		"gui": {
			"rotation": [30, -45, 0],
			"translation": [0, 1.25, 0],
			"scale": [0.625, 0.625, 0.625]
		},
		"head": {
			"translation": [0, 14.5, 0]
		},
		"fixed": {
			"rotation": [-90, 0, 0],
			"translation": [0, 0, -23],
			"scale": [3, 3, 3]
		}
	},
	"groups": [
		{
			"name": "Pot",
			"origin": [8, 8, 8],
			"children": [
				{
					"name": "top ring",
					"origin": [8, 8, 8],
					"children": [0, 1, 2, 3, 4, 5, 6, 7, 8, 9, 10, 11, 12, 13, 14, 15]
				},
				{
					"name": "bottom ring",
					"origin": [8, 8, 8],
					"children": [16, 17, 18, 19, 20, 21, 22, 23, 24, 25, 26, 27, 28, 29, 30, 31]
				},
				{
					"name": "bottom ring2",
					"origin": [8, 8, 8],
					"children": [32, 33, 34, 35, 36, 37, 38, 39, 40, 41, 42, 43, 44, 45, 46, 47]
				},
				{
					"name": "bottom ring3",
					"origin": [8, 8, 8],
					"children": [48, 49, 50, 51, 52, 53, 54, 55, 56, 57, 58, 59, 60, 61, 62, 63]
				}
			]
		},
		{
			"name": "Dirt",
			"origin": [8, 8, 8],
			"children": [64, 65, 66, 67, 68, 69, 70, 71, 72, 73, 74, 75, 76, 77, 78, 79, 80, 81]
		}
	]
}