{
	"credit": "Made with Blockbench",
	"textures": {
		"0": "block/MizunoArchive/anvil",
		"1": "block/MizunoArchive/purple_wool",
		"particle": "block/MizunoArchive/anvil"
	},
	"elements": [
		{
			"from": [-0.00007, 3.82846, 5.04419],
			"to": [15.99993, 4.32846, 5.54419],
			"rotation": {"angle": 0, "axis": "y", "origin": [7.99993, 11.32846, 12.54419]},
			"faces": {
				"north": {"uv": [0, 0, 16, 0.5], "texture": "#1"},
				"east": {"uv": [0, 0, 0.5, 0.5], "texture": "#1"},
				"south": {"uv": [0, 0, 16, 0.5], "texture": "#1"},
				"west": {"uv": [0, 0, 0.5, 0.5], "texture": "#1"},
				"up": {"uv": [0, 0, 16, 0.5], "texture": "#1"},
				"down": {"uv": [0, 0, 16, 0.5], "texture": "#1"}
			}
		},
		{
			"from": [14.99993, 2.82846, 5.04419],
			"to": [15.99993, 3.32846, 5.54419],
			"rotation": {"angle": 0, "axis": "y", "origin": [7.99993, 10.32846, 12.54419]},
			"faces": {
				"north": {"uv": [0, 0, 1, 0.5], "texture": "#1"},
				"east": {"uv": [0, 0, 0.5, 0.5], "texture": "#1"},
				"south": {"uv": [0, 0, 1, 0.5], "texture": "#1"},
				"west": {"uv": [0, 0, 0.5, 0.5], "texture": "#1"},
				"up": {"uv": [0, 0, 1, 0.5], "texture": "#1"},
				"down": {"uv": [0, 0, 1, 0.5], "texture": "#1"}
			}
		},
		{
			"from": [-0.00007, 2.82846, 5.04419],
			"to": [0.99993, 3.32846, 5.54419],
			"rotation": {"angle": 0, "axis": "y", "origin": [-7.00007, 10.32846, 12.54419]},
			"faces": {
				"north": {"uv": [0, 0, 1, 0.5], "texture": "#1"},
				"east": {"uv": [0, 0, 0.5, 0.5], "texture": "#1"},
				"south": {"uv": [0, 0, 1, 0.5], "texture": "#1"},
				"west": {"uv": [0, 0, 0.5, 0.5], "texture": "#1"},
				"up": {"uv": [0, 0, 1, 0.5], "texture": "#1"},
				"down": {"uv": [0, 0, 1, 0.5], "texture": "#1"}
			}
		},
		{
			"from": [10.99993, 2.82846, 5.04419],
			"to": [12.99993, 3.32846, 5.54419],
			"rotation": {"angle": 0, "axis": "y", "origin": [4.99993, 10.32846, 12.54419]},
			"faces": {
				"north": {"uv": [2, 0, 4, 0.5], "texture": "#1"},
				"east": {"uv": [2, 0, 4, 0.5], "texture": "#1"},
				"south": {"uv": [2, 0, 4, 0.5], "texture": "#1"},
				"west": {"uv": [2, 0, 4, 0.5], "texture": "#1"},
				"up": {"uv": [2, 0, 4, 0.5], "texture": "#1"},
				"down": {"uv": [2, 0, 4, 0.5], "texture": "#1"}
			}
		},
		{
			"from": [10.49993, 3.32846, 5.04419],
			"to": [13.49993, 3.82846, 5.54419],
			"rotation": {"angle": 0, "axis": "y", "origin": [4.99993, 10.82846, 12.54419]},
			"faces": {
				"north": {"uv": [2, 0, 5, 0.5], "texture": "#1"},
				"east": {"uv": [2, 0, 5, 0.5], "texture": "#1"},
				"south": {"uv": [2, 0, 5, 0.5], "texture": "#1"},
				"west": {"uv": [2, 0, 5, 0.5], "texture": "#1"},
				"up": {"uv": [2, 0, 5, 0.5], "texture": "#1"},
				"down": {"uv": [2, 0, 5, 0.5], "texture": "#1"}
			}
		},
		{
			"from": [6.49993, 3.32846, 5.04419],
			"to": [9.49993, 3.82846, 5.54419],
			"rotation": {"angle": 0, "axis": "y", "origin": [0.99993, 10.82846, 12.54419]},
			"faces": {
				"north": {"uv": [6, 0, 9, 0.5], "texture": "#1"},
				"east": {"uv": [6, 0, 9, 0.5], "texture": "#1"},
				"south": {"uv": [6, 0, 9, 0.5], "texture": "#1"},
				"west": {"uv": [6, 0, 9, 0.5], "texture": "#1"},
				"up": {"uv": [6, 0, 9, 0.5], "texture": "#1"},
				"down": {"uv": [6, 0, 9, 0.5], "texture": "#1"}
			}
		},
		{
			"from": [2.49993, 3.32846, 5.04419],
			"to": [5.49993, 3.82846, 5.54419],
			"rotation": {"angle": 0, "axis": "y", "origin": [-3.00007, 10.82846, 12.54419]},
			"faces": {
				"north": {"uv": [2, 0, 5, 0.5], "texture": "#1"},
				"east": {"uv": [2, 0, 5, 0.5], "texture": "#1"},
				"south": {"uv": [2, 0, 5, 0.5], "texture": "#1"},
				"west": {"uv": [2, 0, 5, 0.5], "texture": "#1"},
				"up": {"uv": [2, 0, 5, 0.5], "texture": "#1"},
				"down": {"uv": [2, 0, 5, 0.5], "texture": "#1"}
			}
		},
		{
			"from": [-0.00007, 3.32846, 5.04419],
			"to": [1.49993, 3.82846, 5.54419],
			"rotation": {"angle": 0, "axis": "y", "origin": [-7.00007, 10.82846, 12.54419]},
			"faces": {
				"north": {"uv": [0, 0, 1.5, 0.5], "texture": "#1"},
				"east": {"uv": [0, 0, 1.5, 0.5], "texture": "#1"},
				"south": {"uv": [0, 0, 1.5, 0.5], "texture": "#1"},
				"west": {"uv": [0, 0, 1.5, 0.5], "texture": "#1"},
				"up": {"uv": [0, 0, 1.5, 0.5], "texture": "#1"},
				"down": {"uv": [0, 0, 1.5, 0.5], "texture": "#1"}
			}
		},
		{
			"from": [14.50007, 3.32846, 5.04419],
			"to": [16.00007, 3.82846, 5.54419],
			"rotation": {"angle": 0, "axis": "y", "origin": [23.00007, 10.82846, 12.54419]},
			"faces": {
				"north": {"uv": [0, 0, 1.5, 0.5], "texture": "#1"},
				"east": {"uv": [0, 0, 1.5, 0.5], "texture": "#1"},
				"south": {"uv": [0, 0, 1.5, 0.5], "texture": "#1"},
				"west": {"uv": [0, 0, 1.5, 0.5], "texture": "#1"},
				"up": {"uv": [0, 0, 1.5, 0.5], "texture": "#1"},
				"down": {"uv": [0, 0, 1.5, 0.5], "texture": "#1"}
			}
		},
		{
			"from": [6.99993, 2.82846, 5.04419],
			"to": [8.99993, 3.32846, 5.54419],
			"rotation": {"angle": 0, "axis": "y", "origin": [0.99993, 10.32846, 12.54419]},
			"faces": {
				"north": {"uv": [6, 0, 8, 0.5], "texture": "#1"},
				"east": {"uv": [6, 0, 8, 0.5], "texture": "#1"},
				"south": {"uv": [6, 0, 8, 0.5], "texture": "#1"},
				"west": {"uv": [6, 0, 8, 0.5], "texture": "#1"},
				"up": {"uv": [6, 0, 8, 0.5], "texture": "#1"},
				"down": {"uv": [6, 0, 8, 0.5], "texture": "#1"}
			}
		},
		{
			"from": [2.99993, 2.82846, 5.04419],
			"to": [4.99993, 3.32846, 5.54419],
			"rotation": {"angle": 0, "axis": "y", "origin": [-3.00007, 10.32846, 12.54419]},
			"faces": {
				"north": {"uv": [2, 0, 5, 0.5], "texture": "#1"},
				"east": {"uv": [2, 0, 5, 0.5], "texture": "#1"},
				"south": {"uv": [2, 0, 5, 0.5], "texture": "#1"},
				"west": {"uv": [2, 0, 5, 0.5], "texture": "#1"},
				"up": {"uv": [2, 0, 5, 0.5], "texture": "#1"},
				"down": {"uv": [2, 0, 5, 0.5], "texture": "#1"}
			}
		},
		{
			"from": [-0.00042, -2.43957, 6.38363],
			"to": [15.99958, 13.56043, 6.88363],
			"rotation": {"angle": 45, "axis": "x", "origin": [7.99958, 2.56043, 13.88363]},
			"faces": {
				"north": {"uv": [0, 0, 16, 16], "texture": "#1"},
				"east": {"uv": [0, 0, 0.5, 16], "texture": "#1"},
				"south": {"uv": [0, 0, 16, 16], "texture": "#1"},
				"west": {"uv": [0, 0, 0.5, 16], "texture": "#1"},
				"up": {"uv": [0, 0, 16, 0.5], "texture": "#1"},
				"down": {"uv": [0, 0, 16, 0.5], "texture": "#1"}
			}
		},
		{
			"from": [1, 7.75, 4.5],
			"to": [1.5, 14, 5],
			"rotation": {"angle": -45, "axis": "x", "origin": [9, 21, 12]},
			"faces": {
				"north": {"uv": [0, 0, 0.5, 6.25], "texture": "#0"},
				"east": {"uv": [0, 0, 0.5, 6.25], "texture": "#0"},
				"south": {"uv": [0, 0, 0.5, 6.25], "texture": "#0"},
				"west": {"uv": [0, 0, 0.5, 6.25], "texture": "#0"},
				"up": {"uv": [0, 0, 0.5, 0.5], "texture": "#0"},
				"down": {"uv": [0, 0, 0.5, 0.5], "texture": "#0"}
			}
		},
		{
			"from": [14.5, 7.75, 4.5],
			"to": [15, 14, 5],
			"rotation": {"angle": -45, "axis": "x", "origin": [7, 21, 12]},
			"faces": {
				"north": {"uv": [0.5, 0, 0, 6.25], "texture": "#0"},
				"east": {"uv": [0.5, 0, 0, 6.25], "texture": "#0"},
				"south": {"uv": [0.5, 0, 0, 6.25], "texture": "#0"},
				"west": {"uv": [0.5, 0, 0, 6.25], "texture": "#0"},
				"up": {"uv": [0.5, 0, 0, 0.5], "texture": "#0"},
				"down": {"uv": [0.5, 0, 0, 0.5], "texture": "#0"}
			}
		}
	],
	"display": {
		"thirdperson_righthand": {
			"rotation": [75, 45, 0],
			"translation": [0, 2.5, 0],
			"scale": [0.375, 0.375, 0.375]
		},
		"thirdperson_lefthand": {
			"rotation": [75, 45, 0],
			"translation": [0, 2.5, 0],
			"scale": [0.375, 0.375, 0.375]
		},
		"firstperson_righthand": {
			"rotation": [0, 110.75, 0],
			"translation": [0.5, 1.75, 0],
			"scale": [0.25, 0.25, 0.25]
		},
		"firstperson_lefthand": {
			"rotation": [0, 110.75, 0],
			"translation": [0.5, 1.75, 0],
			"scale": [0.25, 0.25, 0.25]
		},
		"ground": {
			"translation": [0, 2.5, 0],
			"scale": [0.8, 0.8, 0.8]
		},
		"gui": {
			"rotation": [30, 225, 0],
			"translation": [1.25, -1, 0],
			"scale": [0.625, 0.625, 0.625]
		},
		"head": {
			"rotation": [16.5, 0, 0],
			"translation": [0, 2, -13],
			"scale": [0.8, 0.8, 0.8]
		},
		"fixed": {
			"translation": [0, 0, -15],
			"scale": [2, 2, 2]
		}
	}
}