{
	"credit": "Made with Blockbench",
	"parent": "./cit_item",
	"textures": {
		"0": "block/MizunoArchive/hay_block_top",
		"2": "block/MizunoArchive/oak_planks",
		"3": "block/MizunoArchive/black_concrete",
		"5": "block/MizunoArchive/black_concrete_powder",
		"6": "block/MizunoArchive/furnace_top",
		"7": "block/MizunoArchive/blue_stained_glass",
		"8": "block/MizunoArchive/barrel_3b",
		"particle": "block/MizunoArchive/hay_block_top",
		"1_0": "block/MizunoArchive/spruce_planks"
	},
	"elements": [
		{
			"from": [6.75, 5.25, -0.75],
			"to": [22.75, 7, 0.25],
			"faces": {
				"north": {"uv": [0, 12, 16, 14], "texture": "#1_0"},
				"east": {"uv": [0, 12, 16, 14], "texture": "#1_0"},
				"south": {"uv": [0, 12, 16, 14], "texture": "#1_0"},
				"west": {"uv": [0, 12, 16, 14], "texture": "#1_0"},
				"up": {"uv": [0, 12, 16, 14], "texture": "#1_0"},
				"down": {"uv": [0, 12, 16, 14], "texture": "#1_0"}
			}
		},
		{
			"from": [6.75, 5.25, 15.75],
			"to": [22.75, 7, 16.75],
			"faces": {
				"north": {"uv": [0, 12, 16, 14], "texture": "#1_0"},
				"east": {"uv": [0, 12, 16, 14], "texture": "#1_0"},
				"south": {"uv": [0, 5, 16, 7], "texture": "#1_0"},
				"west": {"uv": [0, 12, 16, 14], "texture": "#1_0"},
				"up": {"uv": [0, 12, 16, 14], "texture": "#1_0"},
				"down": {"uv": [0, 12, 16, 14], "texture": "#1_0"}
			}
		},
		{
			"from": [22.75, 5.25, -0.75],
			"to": [23.75, 7, 16.75],
			"faces": {
				"north": {"uv": [0, 12, 16, 14], "rotation": 90, "texture": "#1_0"},
				"east": {"uv": [0, 12, 16, 14], "texture": "#1_0"},
				"south": {"uv": [0, 12, 16, 14], "rotation": 90, "texture": "#1_0"},
				"west": {"uv": [0, 12, 16, 14], "rotation": 90, "texture": "#1_0"},
				"up": {"uv": [0, 12, 16, 14], "rotation": 90, "texture": "#1_0"},
				"down": {"uv": [0, 12, 16, 14], "rotation": 90, "texture": "#1_0"}
			}
		},
		{
			"from": [-9.25, 5.25, -0.75],
			"to": [-8.25, 7, 16.75],
			"faces": {
				"north": {"uv": [0, 12, 16, 14], "rotation": 90, "texture": "#1_0"},
				"east": {"uv": [0, 12, 16, 14], "rotation": 90, "texture": "#1_0"},
				"south": {"uv": [0, 12, 16, 14], "rotation": 90, "texture": "#1_0"},
				"west": {"uv": [0, 9, 16, 11], "texture": "#1_0"},
				"up": {"uv": [0, 12, 16, 14], "rotation": 90, "texture": "#1_0"},
				"down": {"uv": [0, 12, 16, 14], "rotation": 90, "texture": "#1_0"}
			}
		},
		{
			"from": [-8.25, 5.25, 15.75],
			"to": [6.75, 7, 16.75],
			"faces": {
				"north": {"uv": [0, 12, 16, 14], "texture": "#1_0"},
				"east": {"uv": [0, 12, 16, 14], "texture": "#1_0"},
				"south": {"uv": [0, 12, 16, 14], "texture": "#1_0"},
				"west": {"uv": [0, 12, 16, 14], "texture": "#1_0"},
				"up": {"uv": [0, 12, 16, 14], "texture": "#1_0"},
				"down": {"uv": [0, 12, 16, 14], "texture": "#1_0"}
			}
		},
		{
			"from": [-8.25, 5.25, -0.75],
			"to": [6.75, 7, 0.25],
			"faces": {
				"north": {"uv": [0, 12, 16, 14], "texture": "#1_0"},
				"east": {"uv": [0, 12, 16, 14], "texture": "#1_0"},
				"south": {"uv": [0, 12, 16, 14], "texture": "#1_0"},
				"west": {"uv": [0, 12, 16, 14], "texture": "#1_0"},
				"up": {"uv": [0, 12, 16, 14], "texture": "#1_0"},
				"down": {"uv": [0, 12, 16, 14], "texture": "#1_0"}
			}
		},
		{
			"from": [20.75, 7, 0.25],
			"to": [22.75, 22.5, 2.25],
			"faces": {
				"north": {"uv": [0.5, 12, 16, 15], "rotation": 90, "texture": "#1_0"},
				"east": {"uv": [0.5, 12, 16, 15], "rotation": 90, "texture": "#1_0"},
				"south": {"uv": [0.5, 12, 16, 15], "rotation": 90, "texture": "#1_0"},
				"west": {"uv": [0.5, 12, 16, 15], "rotation": 90, "texture": "#1_0"},
				"up": {"uv": [12, 0, 15, 3], "texture": "#1_0"},
				"down": {"uv": [12, 0, 15, 3], "texture": "#1_0"}
			}
		},
		{
			"from": [-8.25, 7, 0.25],
			"to": [-6.25, 22.5, 2.25],
			"faces": {
				"north": {"uv": [0.5, 12, 16, 15], "rotation": 90, "texture": "#1_0"},
				"east": {"uv": [0.5, 12, 16, 15], "rotation": 90, "texture": "#1_0"},
				"south": {"uv": [0.5, 12, 16, 15], "rotation": 90, "texture": "#1_0"},
				"west": {"uv": [0.5, 12, 16, 15], "rotation": 90, "texture": "#1_0"},
				"up": {"uv": [12, 0, 15, 3], "texture": "#1_0"},
				"down": {"uv": [12, 0, 15, 3], "texture": "#1_0"}
			}
		},
		{
			"from": [6.75, 7, 0.25],
			"to": [8.75, 22.5, 2.25],
			"faces": {
				"north": {"uv": [0.5, 12, 16, 15], "rotation": 90, "texture": "#1_0"},
				"east": {"uv": [0.5, 12, 16, 15], "rotation": 90, "texture": "#1_0"},
				"south": {"uv": [0.5, 12, 16, 15], "rotation": 90, "texture": "#1_0"},
				"west": {"uv": [0.5, 12, 16, 15], "rotation": 90, "texture": "#1_0"},
				"up": {"uv": [12, 0, 15, 3], "texture": "#1_0"},
				"down": {"uv": [12, 0, 15, 3], "texture": "#1_0"}
			}
		},
		{
			"from": [6.75, 7, 14.25],
			"to": [8.75, 27.5, 16.25],
			"faces": {
				"north": {"uv": [0.5, 12, 16, 15], "rotation": 90, "texture": "#1_0"},
				"east": {"uv": [0.5, 12, 16, 15], "rotation": 90, "texture": "#1_0"},
				"south": {"uv": [0.5, 12, 16, 15], "rotation": 90, "texture": "#1_0"},
				"west": {"uv": [0.5, 12, 16, 15], "rotation": 90, "texture": "#1_0"},
				"up": {"uv": [12, 0, 15, 3], "texture": "#1_0"},
				"down": {"uv": [12, 0, 15, 3], "texture": "#1_0"}
			}
		},
		{
			"from": [-8.25, 7, 14.25],
			"to": [-6.25, 28.5, 16.25],
			"faces": {
				"north": {"uv": [0.5, 12, 16, 15], "rotation": 90, "texture": "#1_0"},
				"east": {"uv": [0.5, 12, 16, 15], "rotation": 90, "texture": "#1_0"},
				"south": {"uv": [0.5, 12, 16, 15], "rotation": 90, "texture": "#1_0"},
				"west": {"uv": [0.5, 12, 16, 15], "rotation": 90, "texture": "#1_0"},
				"up": {"uv": [12, 0, 15, 3], "texture": "#1_0"},
				"down": {"uv": [12, 0, 15, 3], "texture": "#1_0"}
			}
		},
		{
			"from": [20.75, 7, 14.25],
			"to": [22.75, 28.5, 16.25],
			"faces": {
				"north": {"uv": [0.5, 12, 16, 15], "rotation": 90, "texture": "#1_0"},
				"east": {"uv": [0.5, 12, 16, 15], "rotation": 90, "texture": "#1_0"},
				"south": {"uv": [0.5, 12, 16, 15], "rotation": 90, "texture": "#1_0"},
				"west": {"uv": [0.5, 12, 16, 15], "rotation": 90, "texture": "#1_0"},
				"up": {"uv": [12, 0, 15, 3], "texture": "#1_0"},
				"down": {"uv": [12, 0, 15, 3], "texture": "#1_0"}
			}
		},
		{
			"from": [-9.25, 20.5, -1],
			"to": [-8.25, 22.5, 16.75],
			"faces": {
				"north": {"uv": [0, 12, 16, 14], "rotation": 90, "texture": "#1_0"},
				"east": {"uv": [0, 12, 16, 14], "rotation": 90, "texture": "#1_0"},
				"south": {"uv": [0, 12, 16, 14], "rotation": 90, "texture": "#1_0"},
				"west": {"uv": [0, 12, 16, 14], "rotation": 90, "texture": "#1_0"},
				"up": {"uv": [0, 12, 16, 14], "rotation": 90, "texture": "#1_0"},
				"down": {"uv": [0, 12, 16, 14], "rotation": 90, "texture": "#1_0"}
			}
		},
		{
			"from": [-8.25, 20.5, -1],
			"to": [6.75, 22.5, 0.25],
			"faces": {
				"north": {"uv": [0, 12, 16, 14], "texture": "#1_0"},
				"east": {"uv": [0, 12, 16, 14], "texture": "#1_0"},
				"south": {"uv": [0, 12, 16, 14], "texture": "#1_0"},
				"west": {"uv": [0, 12, 16, 14], "texture": "#1_0"},
				"up": {"uv": [0, 12, 16, 14], "texture": "#1_0"},
				"down": {"uv": [0, 12, 16, 14], "texture": "#1_0"}
			}
		},
		{
			"from": [6.75, 20.5, -1],
			"to": [22.75, 22.5, 0.25],
			"faces": {
				"north": {"uv": [0, 12, 16, 14], "texture": "#1_0"},
				"east": {"uv": [0, 12, 16, 14], "texture": "#1_0"},
				"south": {"uv": [0, 12, 16, 14], "texture": "#1_0"},
				"west": {"uv": [0, 12, 16, 14], "texture": "#1_0"},
				"up": {"uv": [0, 12, 16, 14], "texture": "#1_0"},
				"down": {"uv": [0, 12, 16, 14], "texture": "#1_0"}
			}
		},
		{
			"from": [22.75, 20.5, -1],
			"to": [23.75, 22.5, 16.75],
			"faces": {
				"north": {"uv": [0, 12, 16, 14], "rotation": 90, "texture": "#1_0"},
				"east": {"uv": [0, 12, 16, 14], "rotation": 90, "texture": "#1_0"},
				"south": {"uv": [0, 12, 16, 14], "rotation": 90, "texture": "#1_0"},
				"west": {"uv": [0, 12, 16, 14], "rotation": 90, "texture": "#1_0"},
				"up": {"uv": [0, 12, 16, 14], "rotation": 90, "texture": "#1_0"},
				"down": {"uv": [0, 12, 16, 14], "rotation": 90, "texture": "#1_0"}
			}
		},
		{
			"from": [6.75, 20.5, 15.75],
			"to": [22.75, 22.5, 16.75],
			"faces": {
				"north": {"uv": [0, 12, 16, 14], "texture": "#1_0"},
				"east": {"uv": [0, 12, 16, 14], "texture": "#1_0"},
				"south": {"uv": [0, 12, 16, 14], "texture": "#1_0"},
				"west": {"uv": [0, 12, 16, 14], "texture": "#1_0"},
				"up": {"uv": [0, 12, 16, 14], "texture": "#1_0"},
				"down": {"uv": [0, 12, 16, 14], "texture": "#1_0"}
			}
		},
		{
			"from": [-8.25, 20.5, 15.75],
			"to": [6.75, 22.5, 16.75],
			"faces": {
				"north": {"uv": [0, 12, 16, 14], "texture": "#1_0"},
				"east": {"uv": [0, 12, 16, 14], "texture": "#1_0"},
				"south": {"uv": [0, 12, 16, 14], "texture": "#1_0"},
				"west": {"uv": [0, 12, 16, 14], "texture": "#1_0"},
				"up": {"uv": [0, 12, 16, 14], "texture": "#1_0"},
				"down": {"uv": [0, 12, 16, 14], "texture": "#1_0"}
			}
		},
		{
			"from": [-9.2, 24.07528, 1.22415],
			"to": [-7.2, 26.07528, 18.47415],
			"rotation": {"angle": -22.5, "axis": "x", "origin": [25.75, 19.32528, 9.22415]},
			"faces": {
				"north": {"uv": [12, 0, 15, 3], "rotation": 180, "texture": "#1_0"},
				"east": {"uv": [0.5, 12, 16, 15], "texture": "#1_0"},
				"south": {"uv": [12, 0, 15, 3], "texture": "#1_0"},
				"west": {"uv": [0.5, 12, 16, 15], "rotation": 180, "texture": "#1_0"},
				"up": {"uv": [0.5, 12, 16, 15], "rotation": 270, "texture": "#1_0"},
				"down": {"uv": [0.5, 12, 16, 15], "rotation": 90, "texture": "#1_0"}
			}
		},
		{
			"from": [-9.3, 27.05, 14.75],
			"to": [7.2, 29.05, 16.75],
			"faces": {
				"north": {"uv": [0.5, 12, 16, 15], "rotation": 180, "texture": "#1_0"},
				"east": {"uv": [12, 0, 15, 3], "rotation": 270, "texture": "#1_0"},
				"south": {"uv": [0.5, 12, 16, 15], "texture": "#1_0"},
				"west": {"uv": [12, 0, 15, 3], "rotation": 90, "texture": "#1_0"},
				"up": {"uv": [0.5, 12, 16, 15], "texture": "#1_0"},
				"down": {"uv": [0.5, 12, 16, 15], "texture": "#1_0"}
			}
		},
		{
			"from": [21.6, 24.07528, 1.22415],
			"to": [23.6, 26.07528, 18.47415],
			"rotation": {"angle": -22.5, "axis": "x", "origin": [-11.35, 19.32528, 9.22415]},
			"faces": {
				"north": {"uv": [15, 0, 12, 3], "rotation": 180, "texture": "#1_0"},
				"east": {"uv": [16, 12, 0.5, 15], "rotation": 180, "texture": "#1_0"},
				"south": {"uv": [15, 0, 12, 3], "texture": "#1_0"},
				"west": {"uv": [16, 12, 0.5, 15], "texture": "#1_0"},
				"up": {"uv": [0.5, 15, 16, 12], "rotation": 270, "texture": "#1_0"},
				"down": {"uv": [0.5, 15, 16, 12], "rotation": 90, "texture": "#1_0"}
			}
		},
		{
			"from": [7.2, 27.05, 14.75],
			"to": [23.7, 29.05, 16.75],
			"faces": {
				"north": {"uv": [16, 12, 0.5, 15], "rotation": 180, "texture": "#1_0"},
				"east": {"uv": [12, 3, 15, 0], "rotation": 90, "texture": "#1_0"},
				"south": {"uv": [16, 12, 0.5, 15], "texture": "#1_0"},
				"west": {"uv": [12, 3, 15, 0], "rotation": 270, "texture": "#1_0"},
				"up": {"uv": [16, 12, 0.5, 15], "texture": "#1_0"},
				"down": {"uv": [16, 12, 0.5, 15], "texture": "#1_0"}
			}
		},
		{
			"from": [7.1, 24.07528, 1.42415],
			"to": [21.6, 25.82528, 18.97415],
			"rotation": {"angle": -22.5, "axis": "x", "origin": [-11.35, 19.32528, 9.22415]},
			"faces": {
				"north": {"uv": [0, 16, 16, 0], "rotation": 270, "texture": "#5"},
				"east": {"uv": [0, 16, 16, 0], "rotation": 270, "texture": "#5"},
				"south": {"uv": [0, 16, 16, 0], "rotation": 270, "texture": "#5"},
				"west": {"uv": [0, 16, 16, 0], "rotation": 270, "texture": "#5"},
				"up": {"uv": [0, 16, 16, 0], "rotation": 270, "texture": "#5"},
				"down": {"uv": [0, 16, 16, 0], "rotation": 270, "texture": "#5"}
			}
		},
		{
			"from": [-7.4, 24.07528, 1.42415],
			"to": [7.1, 25.82528, 18.97415],
			"rotation": {"angle": -22.5, "axis": "x", "origin": [-11.35, 19.32528, 9.22415]},
			"faces": {
				"north": {"uv": [0, 16, 16, 0], "rotation": 270, "texture": "#5"},
				"east": {"uv": [0, 16, 16, 0], "rotation": 270, "texture": "#5"},
				"south": {"uv": [0, 16, 16, 0], "rotation": 270, "texture": "#5"},
				"west": {"uv": [0, 16, 16, 0], "rotation": 270, "texture": "#5"},
				"up": {"uv": [0, 16, 16, 0], "rotation": 270, "texture": "#5"},
				"down": {"uv": [0, 16, 16, 0], "rotation": 270, "texture": "#5"}
			}
		},
		{
			"from": [-8.25, 2.25, -0.75],
			"to": [6.75, 4, 0.25],
			"faces": {
				"north": {"uv": [0, 5, 16, 7], "texture": "#1_0"},
				"east": {"uv": [0, 12, 16, 14], "texture": "#1_0"},
				"south": {"uv": [0, 12, 16, 14], "texture": "#1_0"},
				"west": {"uv": [0, 12, 16, 14], "texture": "#1_0"},
				"up": {"uv": [0, 12, 16, 14], "texture": "#1_0"},
				"down": {"uv": [0, 12, 16, 14], "texture": "#1_0"}
			}
		},
		{
			"from": [6.75, 2.25, -0.75],
			"to": [22.75, 4, 0.25],
			"faces": {
				"north": {"uv": [0, 9, 16, 11], "texture": "#1_0"},
				"east": {"uv": [0, 12, 16, 14], "texture": "#1_0"},
				"south": {"uv": [0, 12, 16, 14], "texture": "#1_0"},
				"west": {"uv": [0, 12, 16, 14], "texture": "#1_0"},
				"up": {"uv": [0, 12, 16, 14], "texture": "#1_0"},
				"down": {"uv": [0, 12, 16, 14], "texture": "#1_0"}
			}
		},
		{
			"from": [-9.25, 2.25, -0.75],
			"to": [-8.25, 4, 16.75],
			"faces": {
				"north": {"uv": [0, 12, 16, 14], "rotation": 90, "texture": "#1_0"},
				"east": {"uv": [0, 12, 16, 14], "rotation": 90, "texture": "#1_0"},
				"south": {"uv": [0, 12, 16, 14], "rotation": 90, "texture": "#1_0"},
				"west": {"uv": [0, 1, 16, 3], "texture": "#1_0"},
				"up": {"uv": [0, 12, 16, 14], "rotation": 90, "texture": "#1_0"},
				"down": {"uv": [0, 12, 16, 14], "rotation": 90, "texture": "#1_0"}
			}
		},
		{
			"from": [22.75, 2.25, -0.75],
			"to": [23.75, 4, 16.75],
			"faces": {
				"north": {"uv": [0, 12, 16, 14], "rotation": 90, "texture": "#1_0"},
				"east": {"uv": [0, 12, 16, 14], "rotation": 180, "texture": "#1_0"},
				"south": {"uv": [0, 12, 16, 14], "rotation": 90, "texture": "#1_0"},
				"west": {"uv": [0, 12, 16, 14], "rotation": 90, "texture": "#1_0"},
				"up": {"uv": [0, 12, 16, 14], "rotation": 90, "texture": "#1_0"},
				"down": {"uv": [0, 12, 16, 14], "rotation": 90, "texture": "#1_0"}
			}
		},
		{
			"from": [6.75, 2.25, 15.75],
			"to": [22.75, 4, 16.75],
			"faces": {
				"north": {"uv": [0, 12, 16, 14], "texture": "#1_0"},
				"east": {"uv": [0, 12, 16, 14], "texture": "#1_0"},
				"south": {"uv": [0, 1, 16, 3], "texture": "#1_0"},
				"west": {"uv": [0, 12, 16, 14], "texture": "#1_0"},
				"up": {"uv": [0, 12, 16, 14], "texture": "#1_0"},
				"down": {"uv": [0, 12, 16, 14], "texture": "#1_0"}
			}
		},
		{
			"from": [-8.25, 2.25, 15.75],
			"to": [6.75, 4, 16.75],
			"faces": {
				"north": {"uv": [0, 12, 16, 14], "texture": "#1_0"},
				"east": {"uv": [0, 12, 16, 14], "texture": "#1_0"},
				"south": {"uv": [0, 9, 16, 11], "texture": "#1_0"},
				"west": {"uv": [0, 12, 16, 14], "texture": "#1_0"},
				"up": {"uv": [0, 12, 16, 14], "texture": "#1_0"},
				"down": {"uv": [0, 12, 16, 14], "texture": "#1_0"}
			}
		},
		{
			"from": [-8.25, -9, 1.25],
			"to": [-6.25, 6.5, 3.25],
			"faces": {
				"north": {"uv": [0.5, 12, 16, 15], "rotation": 90, "texture": "#1_0"},
				"east": {"uv": [0.5, 12, 16, 15], "rotation": 90, "texture": "#1_0"},
				"south": {"uv": [0.5, 12, 16, 15], "rotation": 90, "texture": "#1_0"},
				"west": {"uv": [0.5, 12, 16, 15], "rotation": 90, "texture": "#1_0"},
				"up": {"uv": [12, 0, 15, 3], "texture": "#1_0"},
				"down": {"uv": [12, 0, 15, 3], "texture": "#1_0"}
			}
		},
		{
			"from": [-8.25, -9, 12.75],
			"to": [-6.25, 6.5, 14.75],
			"faces": {
				"north": {"uv": [0.5, 12, 16, 15], "rotation": 90, "texture": "#1_0"},
				"east": {"uv": [0.5, 12, 16, 15], "rotation": 90, "texture": "#1_0"},
				"south": {"uv": [0.5, 12, 16, 15], "rotation": 90, "texture": "#1_0"},
				"west": {"uv": [0.5, 12, 16, 15], "rotation": 90, "texture": "#1_0"},
				"up": {"uv": [8, 0, 11, 3], "texture": "#1_0"},
				"down": {"uv": [8, 0, 11, 3], "texture": "#1_0"}
			}
		},
		{
			"from": [-7.5, -5.5, 4],
			"to": [-6.5, 10.5, 6],
			"rotation": {"angle": 45, "axis": "x", "origin": [-10.25, -3.5, 1]},
			"faces": {
				"north": {"uv": [0, 12, 16, 14], "rotation": 90, "texture": "#1_0"},
				"east": {"uv": [0, 12, 16, 14], "rotation": 90, "texture": "#1_0"},
				"south": {"uv": [0, 12, 16, 14], "rotation": 90, "texture": "#1_0"},
				"west": {"uv": [0, 12, 16, 14], "rotation": 90, "texture": "#1_0"}
			}
		},
		{
			"from": [-8, -5.5, 10],
			"to": [-7, 10.5, 12],
			"rotation": {"angle": -45, "axis": "x", "origin": [-10.25, -3.5, 15]},
			"faces": {
				"north": {"uv": [0, 12, 16, 14], "rotation": 90, "texture": "#1_0"},
				"east": {"uv": [0, 12, 16, 14], "rotation": 90, "texture": "#1_0"},
				"south": {"uv": [0, 12, 16, 14], "rotation": 90, "texture": "#1_0"},
				"west": {"uv": [0, 12, 16, 14], "rotation": 90, "texture": "#1_0"}
			}
		},
		{
			"from": [20.75, -9, 1.25],
			"to": [22.75, 6.5, 3.25],
			"faces": {
				"north": {"uv": [0.5, 12, 16, 15], "rotation": 90, "texture": "#1_0"},
				"east": {"uv": [0.5, 12, 16, 15], "rotation": 90, "texture": "#1_0"},
				"south": {"uv": [0.5, 12, 16, 15], "rotation": 90, "texture": "#1_0"},
				"west": {"uv": [0.5, 12, 16, 15], "rotation": 90, "texture": "#1_0"},
				"up": {"uv": [12, 0, 15, 3], "texture": "#1_0"},
				"down": {"uv": [12, 0, 15, 3], "texture": "#1_0"}
			}
		},
		{
			"from": [20.75, -9, 12.75],
			"to": [22.75, 6.5, 14.75],
			"faces": {
				"north": {"uv": [0.5, 12, 16, 15], "rotation": 90, "texture": "#1_0"},
				"east": {"uv": [0.5, 12, 16, 15], "rotation": 90, "texture": "#1_0"},
				"south": {"uv": [0.5, 12, 16, 15], "rotation": 90, "texture": "#1_0"},
				"west": {"uv": [0.5, 12, 16, 15], "rotation": 90, "texture": "#1_0"},
				"up": {"uv": [8, 0, 11, 3], "texture": "#1_0"},
				"down": {"uv": [8, 0, 11, 3], "texture": "#1_0"}
			}
		},
		{
			"from": [21.5, -5.5, 4],
			"to": [22.5, 10.5, 6],
			"rotation": {"angle": 45, "axis": "x", "origin": [18.75, -3.5, 1]},
			"faces": {
				"north": {"uv": [0, 12, 16, 14], "rotation": 90, "texture": "#1_0"},
				"east": {"uv": [0, 12, 16, 14], "rotation": 90, "texture": "#1_0"},
				"south": {"uv": [0, 12, 16, 14], "rotation": 90, "texture": "#1_0"},
				"west": {"uv": [0, 12, 16, 14], "rotation": 90, "texture": "#1_0"}
			}
		},
		{
			"from": [21, -5.5, 10],
			"to": [22, 10.5, 12],
			"rotation": {"angle": -45, "axis": "x", "origin": [18.75, -3.5, 15]},
			"faces": {
				"north": {"uv": [0, 12, 16, 14], "rotation": 90, "texture": "#1_0"},
				"east": {"uv": [0, 12, 16, 14], "rotation": 90, "texture": "#1_0"},
				"south": {"uv": [0, 12, 16, 14], "rotation": 90, "texture": "#1_0"},
				"west": {"uv": [0, 12, 16, 14], "rotation": 90, "texture": "#1_0"}
			}
		},
		{
			"from": [-8.2, 5, 0.25],
			"to": [6.9, 7, 15.75],
			"faces": {
				"north": {"uv": [0, 0, 15, 1], "rotation": 180, "texture": "#0"},
				"east": {"uv": [0, 0, 1, 16], "rotation": 90, "texture": "#0"},
				"south": {"uv": [0, 0, 15, 1], "texture": "#0"},
				"west": {"uv": [0, 0, 1, 16], "rotation": 270, "texture": "#0"},
				"up": {"uv": [1, 0, 16, 16], "texture": "#0"},
				"down": {"uv": [0, 0, 15, 16], "rotation": 180, "texture": "#1_0"}
			}
		},
		{
			"from": [6.9, 5, 0.25],
			"to": [22.75, 7, 15.75],
			"faces": {
				"north": {"uv": [0, 0, 15.85, 2], "rotation": 180, "texture": "#0"},
				"east": {"uv": [0, 0, 2, 15.5], "rotation": 90, "texture": "#0"},
				"south": {"uv": [0, 0, 15.85, 2], "texture": "#0"},
				"west": {"uv": [0, 0, 2, 15.5], "rotation": 270, "texture": "#0"},
				"up": {"uv": [0, 0, 15.85, 15.5], "texture": "#1_0"},
				"down": {"uv": [0, 0, 15.85, 15.5], "rotation": 180, "texture": "#1_0"}
			}
		},
		{
			"from": [6.9, 3, -0.3],
			"to": [23, 5.25, 16.2],
			"faces": {
				"north": {"uv": [0, 0, 3.85, 16], "rotation": 90, "texture": "#2"},
				"east": {"uv": [0, 0, 3.85, 16], "rotation": 90, "texture": "#2"},
				"south": {"uv": [0, 0, 3.85, 16], "rotation": 90, "texture": "#2"},
				"west": {"uv": [0, 0, 3.85, 16], "rotation": 90, "texture": "#2"},
				"up": {"uv": [0, 0, 3.85, 16], "rotation": 90, "texture": "#2"},
				"down": {"uv": [0, 0, 3.85, 16], "rotation": 90, "texture": "#2"}
			}
		},
		{
			"from": [-8.7, 3, -0.3],
			"to": [7, 5.25, 16.2],
			"faces": {
				"north": {"uv": [0, 0, 3.85, 16], "rotation": 90, "texture": "#2"},
				"east": {"uv": [0, 0, 3.85, 16], "rotation": 90, "texture": "#2"},
				"south": {"uv": [0, 0, 3.85, 16], "rotation": 90, "texture": "#2"},
				"west": {"uv": [0, 0, 3.85, 16], "rotation": 90, "texture": "#2"},
				"up": {"uv": [0, 0, 3.85, 16], "rotation": 90, "texture": "#2"},
				"down": {"uv": [0, 0, 3.85, 16], "rotation": 90, "texture": "#2"}
			}
		},
		{
			"from": [-11.25, 12.75, 4],
			"to": [-8.25, 19.75, 7],
			"faces": {
				"north": {"uv": [5, 6, 6, 10], "texture": "#7"},
				"east": {"uv": [5, 6, 6, 10], "texture": "#7"},
				"south": {"uv": [5, 6, 6, 10], "texture": "#7"},
				"west": {"uv": [5, 6, 6, 10], "texture": "#7"},
				"up": {"uv": [5, 6, 6, 10], "texture": "#7"},
				"down": {"uv": [5, 6, 6, 10], "texture": "#7"}
			}
		},
		{
			"from": [-10.75, 11.75, 4.5],
			"to": [-8.75, 13.75, 6.5],
			"faces": {
				"north": {"uv": [2, 3, 4, 5], "texture": "#6"},
				"east": {"uv": [2, 3, 4, 5], "texture": "#6"},
				"south": {"uv": [2, 3, 4, 5], "texture": "#6"},
				"west": {"uv": [2, 3, 4, 5], "texture": "#6"},
				"up": {"uv": [2, 3, 4, 5], "texture": "#6"},
				"down": {"uv": [2, 3, 4, 5], "texture": "#6"}
			}
		},
		{
			"from": [-12.75, 9.25, 5.15],
			"to": [-12, 12.25, 5.9],
			"rotation": {"angle": 45, "axis": "z", "origin": [-10.75, 15.25, 6]},
			"faces": {
				"north": {"uv": [4, 2, 4.5, 2.5], "texture": "#6"},
				"east": {"uv": [4, 2, 4.5, 2.5], "texture": "#6"},
				"south": {"uv": [4, 2, 4.5, 2.5], "texture": "#6"},
				"west": {"uv": [4, 2, 4.5, 2.5], "texture": "#6"},
				"up": {"uv": [4, 2, 4.5, 2.5], "texture": "#6"},
				"down": {"uv": [4, 2, 4.5, 2.5], "texture": "#6"}
			}
		},
		{
			"from": [-11.25, 15.75, 3.5],
			"to": [-7.5, 16.25, 4],
			"faces": {
				"north": {"uv": [4, 2, 4.5, 2.5], "texture": "#6"},
				"east": {"uv": [4, 2, 4.5, 2.5], "texture": "#6"},
				"south": {"uv": [4, 2, 4.5, 2.5], "texture": "#6"},
				"west": {"uv": [4, 2, 4.5, 2.5], "texture": "#6"},
				"up": {"uv": [4, 2, 4.5, 2.5], "texture": "#6"},
				"down": {"uv": [4, 2, 4.5, 2.5], "texture": "#6"}
			}
		},
		{
			"from": [-11.75, 15.75, 4],
			"to": [-11.25, 16.25, 7],
			"faces": {
				"north": {"uv": [4, 2, 4.5, 2.5], "texture": "#6"},
				"east": {"uv": [4, 2, 4.5, 2.5], "texture": "#6"},
				"south": {"uv": [4, 2, 4.5, 2.5], "texture": "#6"},
				"west": {"uv": [4, 2, 4.5, 2.5], "texture": "#6"},
				"up": {"uv": [4, 2, 4.5, 2.5], "texture": "#6"},
				"down": {"uv": [4, 2, 4.5, 2.5], "texture": "#6"}
			}
		},
		{
			"from": [-11.25, 15.75, 7],
			"to": [-7.5, 16.25, 7.5],
			"faces": {
				"north": {"uv": [4, 2, 4.5, 2.5], "texture": "#6"},
				"east": {"uv": [4, 2, 4.5, 2.5], "texture": "#6"},
				"south": {"uv": [4, 2, 4.5, 2.5], "texture": "#6"},
				"west": {"uv": [4, 2, 4.5, 2.5], "texture": "#6"},
				"up": {"uv": [4, 2, 4.5, 2.5], "texture": "#6"},
				"down": {"uv": [4, 2, 4.5, 2.5], "texture": "#6"}
			}
		},
		{
			"from": [-7.5, 15.25, 3.5],
			"to": [-7, 15.75, 4],
			"faces": {
				"north": {"uv": [4, 2, 4.5, 2.5], "texture": "#6"},
				"east": {"uv": [4, 2, 4.5, 2.5], "texture": "#6"},
				"south": {"uv": [4, 2, 4.5, 2.5], "texture": "#6"},
				"west": {"uv": [4, 2, 4.5, 2.5], "texture": "#6"},
				"up": {"uv": [4, 2, 4.5, 2.5], "texture": "#6"},
				"down": {"uv": [4, 2, 4.5, 2.5], "texture": "#6"}
			}
		},
		{
			"from": [-8, 14.75, 3.5],
			"to": [-7.5, 15.25, 4],
			"faces": {
				"north": {"uv": [4, 2, 4.5, 2.5], "texture": "#6"},
				"east": {"uv": [4, 2, 4.5, 2.5], "texture": "#6"},
				"south": {"uv": [4, 2, 4.5, 2.5], "texture": "#6"},
				"west": {"uv": [4, 2, 4.5, 2.5], "texture": "#6"},
				"up": {"uv": [4, 2, 4.5, 2.5], "texture": "#6"},
				"down": {"uv": [4, 2, 4.5, 2.5], "texture": "#6"}
			}
		},
		{
			"from": [-8, 14.75, 7],
			"to": [-7.5, 15.25, 7.5],
			"faces": {
				"north": {"uv": [4, 2, 4.5, 2.5], "texture": "#6"},
				"east": {"uv": [4, 2, 4.5, 2.5], "texture": "#6"},
				"south": {"uv": [4, 2, 4.5, 2.5], "texture": "#6"},
				"west": {"uv": [4, 2, 4.5, 2.5], "texture": "#6"},
				"up": {"uv": [4, 2, 4.5, 2.5], "texture": "#6"},
				"down": {"uv": [4, 2, 4.5, 2.5], "texture": "#6"}
			}
		},
		{
			"from": [-7.5, 15.25, 7],
			"to": [-7, 15.75, 7.5],
			"faces": {
				"north": {"uv": [4, 2, 4.5, 2.5], "texture": "#6"},
				"east": {"uv": [4, 2, 4.5, 2.5], "texture": "#6"},
				"south": {"uv": [4, 2, 4.5, 2.5], "texture": "#6"},
				"west": {"uv": [4, 2, 4.5, 2.5], "texture": "#6"},
				"up": {"uv": [4, 2, 4.5, 2.5], "texture": "#6"},
				"down": {"uv": [4, 2, 4.5, 2.5], "texture": "#6"}
			}
		},
		{
			"from": [-6.0483, 11.01074, 5.15],
			"to": [-4.5483, 11.76074, 5.9],
			"rotation": {"angle": -22.5, "axis": "z", "origin": [-10.5483, 15.01074, 6]},
			"faces": {
				"north": {"uv": [4, 2, 4.5, 2.5], "rotation": 90, "texture": "#6"},
				"east": {"uv": [4, 2, 4.5, 2.5], "rotation": 270, "texture": "#6"},
				"south": {"uv": [4, 2, 4.5, 2.5], "rotation": 270, "texture": "#6"},
				"west": {"uv": [4, 2, 4.5, 2.5], "rotation": 90, "texture": "#6"},
				"up": {"uv": [4, 2, 4.5, 2.5], "rotation": 270, "texture": "#6"},
				"down": {"uv": [4, 2, 4.5, 2.5], "rotation": 270, "texture": "#6"}
			}
		},
		{
			"from": [-6, 7, 9.25],
			"to": [-3, 9, 9.75],
			"faces": {
				"north": {"uv": [3, 3, 6.5, 6], "texture": "#6"},
				"east": {"uv": [3, 3, 6.5, 6], "texture": "#6"},
				"south": {"uv": [3, 3, 6.5, 6], "texture": "#6"},
				"west": {"uv": [3, 3, 6.5, 6], "texture": "#6"},
				"up": {"uv": [3, 3, 6.5, 4], "texture": "#6"},
				"down": {"uv": [3, 3, 6.5, 4], "texture": "#6"}
			}
		},
		{
			"from": [-3, 7, 9.75],
			"to": [-2.5, 9, 12.75],
			"faces": {
				"north": {"uv": [3, 3, 6.5, 6], "texture": "#6"},
				"east": {"uv": [3, 3, 6.5, 6], "texture": "#6"},
				"south": {"uv": [3, 3, 6.5, 6], "texture": "#6"},
				"west": {"uv": [3, 3, 6.5, 6], "texture": "#6"},
				"up": {"uv": [3, 3, 6.5, 4], "rotation": 90, "texture": "#6"},
				"down": {"uv": [3, 3, 6.5, 4], "rotation": 90, "texture": "#6"}
			}
		},
		{
			"from": [-6.5, 7, 9.75],
			"to": [-6, 9, 12.75],
			"faces": {
				"north": {"uv": [3, 3, 6.5, 6], "texture": "#6"},
				"east": {"uv": [3, 3, 6.5, 6], "texture": "#6"},
				"south": {"uv": [3, 3, 6.5, 6], "texture": "#6"},
				"west": {"uv": [3, 3, 6.5, 6], "texture": "#6"},
				"up": {"uv": [3, 3, 6.5, 4], "rotation": 90, "texture": "#6"},
				"down": {"uv": [3, 3, 6.5, 4], "rotation": 90, "texture": "#6"}
			}
		},
		{
			"from": [-6, 7, 12.75],
			"to": [-3, 9, 13.25],
			"faces": {
				"north": {"uv": [3, 3, 6.5, 6], "texture": "#6"},
				"east": {"uv": [3, 3, 6.5, 6], "texture": "#6"},
				"south": {"uv": [3, 3, 6.5, 6], "texture": "#6"},
				"west": {"uv": [3, 3, 6.5, 6], "texture": "#6"},
				"up": {"uv": [3, 3, 6.5, 4], "texture": "#6"},
				"down": {"uv": [3, 3, 6.5, 4], "texture": "#6"}
			}
		},
		{
			"from": [-6, 7, 9.75],
			"to": [-3, 8.5, 12.75],
			"faces": {
				"north": {"uv": [2, 3, 2.5, 5], "texture": "#6"},
				"east": {"uv": [2, 3, 2.5, 5], "texture": "#6"},
				"south": {"uv": [2, 3, 2.5, 5], "texture": "#6"},
				"west": {"uv": [2, 3, 2.5, 5], "texture": "#6"},
				"up": {"uv": [3, 6, 10, 13], "texture": "#8"},
				"down": {"uv": [3, 3, 6.5, 6], "texture": "#6"}
			}
		},
		{
			"from": [7.25, 7, 0.75],
			"to": [22.25, 22.5, 15.75],
			"faces": {
				"north": {"uv": [0, 0, 15.5, 16], "rotation": 90, "texture": "#2"},
				"east": {"uv": [0, 0, 15.5, 16], "rotation": 90, "texture": "#2"},
				"south": {"uv": [0, 0, 15.5, 16], "rotation": 90, "texture": "#2"},
				"west": {"uv": [0, 0, 15.5, 16], "rotation": 90, "texture": "#2"},
				"up": {"uv": [0, 0, 15.5, 16], "rotation": 90, "texture": "#2"},
				"down": {"uv": [0, 0, 15.5, 16], "rotation": 90, "texture": "#2"}
			}
		},
		{
			"from": [-7.75, 7, 14.75],
			"to": [7.25, 22.5, 15.75],
			"faces": {
				"north": {"uv": [0, 0, 15.5, 16], "rotation": 90, "texture": "#2"},
				"east": {"uv": [0, 0, 15.5, 16], "rotation": 90, "texture": "#2"},
				"south": {"uv": [0, 0, 15.5, 16], "rotation": 90, "texture": "#2"},
				"west": {"uv": [0, 0, 15.5, 16], "rotation": 90, "texture": "#2"},
				"up": {"uv": [0, 0, 15.5, 16], "rotation": 90, "texture": "#2"},
				"down": {"uv": [0, 0, 15.5, 16], "rotation": 90, "texture": "#2"}
			}
		},
		{
			"from": [6, 16.75, 4.25],
			"to": [7.5, 18, 10.75],
			"rotation": {"angle": -22.5, "axis": "x", "origin": [26.5, 12, 9.25]},
			"faces": {
				"north": {"uv": [12, 0, 15, 3], "rotation": 180, "texture": "#1_0"},
				"east": {"uv": [0.5, 12, 16, 15], "texture": "#1_0"},
				"south": {"uv": [12, 0, 15, 3], "texture": "#1_0"},
				"west": {"uv": [0.5, 12, 16, 15], "rotation": 180, "texture": "#1_0"},
				"up": {"uv": [0.5, 12, 16, 15], "rotation": 270, "texture": "#1_0"},
				"down": {"uv": [0.5, 12, 16, 15], "rotation": 90, "texture": "#1_0"}
			}
		},
		{
			"from": [6, 15.41061, 5.66302],
			"to": [7.5, 16.66061, 12.16302],
			"rotation": {"angle": 22.5, "axis": "x", "origin": [26.5, 10.66061, 10.66302]},
			"faces": {
				"north": {"uv": [12, 0, 15, 3], "rotation": 180, "texture": "#1_0"},
				"east": {"uv": [0.5, 12, 16, 15], "texture": "#1_0"},
				"south": {"uv": [12, 0, 15, 3], "texture": "#1_0"},
				"west": {"uv": [0.5, 12, 16, 15], "rotation": 180, "texture": "#1_0"},
				"up": {"uv": [0.5, 12, 16, 15], "rotation": 270, "texture": "#1_0"},
				"down": {"uv": [0.5, 12, 16, 15], "rotation": 90, "texture": "#1_0"}
			}
		},
		{
			"from": [6.5, 7, 3.5],
			"to": [7.5, 15.75, 4.75],
			"faces": {
				"north": {"uv": [0.5, 12, 16, 15], "rotation": 90, "texture": "#1_0"},
				"east": {"uv": [0.5, 12, 16, 15], "rotation": 90, "texture": "#1_0"},
				"south": {"uv": [0.5, 12, 16, 15], "rotation": 90, "texture": "#1_0"},
				"west": {"uv": [0.5, 12, 16, 15], "rotation": 90, "texture": "#1_0"},
				"up": {"uv": [12, 0, 15, 3], "texture": "#1_0"},
				"down": {"uv": [12, 0, 15, 3], "texture": "#1_0"}
			}
		},
		{
			"from": [6.5, 7, 12],
			"to": [7.5, 15.75, 13.25],
			"faces": {
				"north": {"uv": [0.5, 12, 16, 15], "rotation": 90, "texture": "#1_0"},
				"east": {"uv": [0.5, 12, 16, 15], "rotation": 90, "texture": "#1_0"},
				"south": {"uv": [0.5, 12, 16, 15], "rotation": 90, "texture": "#1_0"},
				"west": {"uv": [0.5, 12, 16, 15], "rotation": 90, "texture": "#1_0"},
				"up": {"uv": [12, 0, 15, 3], "texture": "#1_0"},
				"down": {"uv": [12, 0, 15, 3], "texture": "#1_0"}
			}
		},
		{
			"from": [7, 7, 4.5],
			"to": [7.75, 16.3, 12.25],
			"faces": {
				"north": {"uv": [0.5, 12, 16, 15], "rotation": 90, "texture": "#3"},
				"east": {"uv": [0.5, 12, 16, 15], "rotation": 90, "texture": "#3"},
				"south": {"uv": [0.5, 12, 16, 15], "rotation": 90, "texture": "#3"},
				"west": {"uv": [0.5, 12, 16, 15], "rotation": 90, "texture": "#3"},
				"up": {"uv": [0.5, 12, 16, 15], "rotation": 90, "texture": "#3"},
				"down": {"uv": [0.5, 12, 16, 15], "rotation": 90, "texture": "#3"}
			}
		},
		{
			"from": [7, 16, 6.5],
			"to": [7.75, 17.3, 10.25],
			"faces": {
				"north": {"uv": [0.5, 12, 16, 15], "rotation": 90, "texture": "#3"},
				"east": {"uv": [0.5, 12, 16, 15], "rotation": 90, "texture": "#3"},
				"south": {"uv": [0.5, 12, 16, 15], "rotation": 90, "texture": "#3"},
				"west": {"uv": [0.5, 12, 16, 15], "rotation": 90, "texture": "#3"},
				"up": {"uv": [0.5, 12, 16, 15], "rotation": 90, "texture": "#3"},
				"down": {"uv": [0.5, 12, 16, 15], "rotation": 90, "texture": "#3"}
			}
		},
		{
			"from": [-7.75, 22, 15],
			"to": [7.25, 27.5, 16],
			"faces": {
				"north": {"uv": [0, 0, 15.5, 16], "rotation": 90, "texture": "#2"},
				"east": {"uv": [0, 0, 15.5, 16], "rotation": 90, "texture": "#2"},
				"south": {"uv": [8, 0, 15.5, 16], "rotation": 90, "texture": "#2"},
				"west": {"uv": [0, 0, 15.5, 16], "rotation": 90, "texture": "#2"},
				"up": {"uv": [0, 0, 15.5, 16], "rotation": 90, "texture": "#2"},
				"down": {"uv": [0, 0, 15.5, 16], "rotation": 90, "texture": "#2"}
			}
		},
		{
			"from": [7.25, 22, 15],
			"to": [22.25, 27.5, 16],
			"faces": {
				"north": {"uv": [0, 0, 15.5, 16], "rotation": 90, "texture": "#2"},
				"east": {"uv": [0, 0, 15.5, 16], "rotation": 90, "texture": "#2"},
				"south": {"uv": [8, 0, 15.5, 16], "rotation": 90, "texture": "#2"},
				"west": {"uv": [0, 0, 15.5, 16], "rotation": 90, "texture": "#2"},
				"up": {"uv": [0, 0, 15.5, 16], "rotation": 90, "texture": "#2"},
				"down": {"uv": [0, 0, 15.5, 16], "rotation": 90, "texture": "#2"}
			}
		},
		{
			"from": [21.5, 22, 11.5],
			"to": [22.5, 27.5, 14.5],
			"faces": {
				"north": {"uv": [8, 11, 15.5, 15], "rotation": 90, "texture": "#2"},
				"east": {"uv": [8, 11, 15.5, 15], "rotation": 90, "texture": "#2"},
				"south": {"uv": [8, 11, 15.5, 15], "rotation": 90, "texture": "#2"},
				"west": {"uv": [8, 11, 15.5, 15], "rotation": 90, "texture": "#2"},
				"up": {"uv": [8, 11, 15.5, 15], "rotation": 90, "texture": "#2"},
				"down": {"uv": [8, 11, 15.5, 15], "rotation": 90, "texture": "#2"}
			}
		},
		{
			"from": [21.5, 22, 8.5],
			"to": [22.5, 25.5, 11.5],
			"faces": {
				"north": {"uv": [10, 11, 15.5, 15], "rotation": 90, "texture": "#2"},
				"east": {"uv": [10, 11, 15.5, 15], "rotation": 90, "texture": "#2"},
				"south": {"uv": [10, 11, 15.5, 15], "rotation": 90, "texture": "#2"},
				"west": {"uv": [10, 11, 15.5, 15], "rotation": 90, "texture": "#2"},
				"up": {"uv": [10, 11, 15.5, 15], "rotation": 90, "texture": "#2"},
				"down": {"uv": [10, 11, 15.5, 15], "rotation": 90, "texture": "#2"}
			}
		},
		{
			"from": [21.5, 22, 5.5],
			"to": [22.5, 24.5, 8.5],
			"faces": {
				"north": {"uv": [11, 11, 15.5, 15], "rotation": 90, "texture": "#2"},
				"east": {"uv": [11, 11, 15.5, 15], "rotation": 90, "texture": "#2"},
				"south": {"uv": [11, 11, 15.5, 15], "rotation": 90, "texture": "#2"},
				"west": {"uv": [11, 11, 15.5, 15], "rotation": 90, "texture": "#2"},
				"up": {"uv": [11, 11, 15.5, 15], "rotation": 90, "texture": "#2"},
				"down": {"uv": [11, 11, 15.5, 15], "rotation": 90, "texture": "#2"}
			}
		},
		{
			"from": [21.5, 22, 2.5],
			"to": [22.5, 23.5, 5.5],
			"faces": {
				"north": {"uv": [12, 11, 15.5, 15], "rotation": 90, "texture": "#2"},
				"east": {"uv": [12, 11, 15.5, 15], "rotation": 90, "texture": "#2"},
				"south": {"uv": [12, 11, 15.5, 15], "rotation": 90, "texture": "#2"},
				"west": {"uv": [12, 11, 15.5, 15], "rotation": 90, "texture": "#2"},
				"up": {"uv": [12, 11, 15.5, 15], "rotation": 90, "texture": "#2"},
				"down": {"uv": [12, 11, 15.5, 15], "rotation": 90, "texture": "#2"}
			}
		},
		{
			"from": [-8.2, 22, 2.5],
			"to": [-7.2, 23.5, 5.5],
			"faces": {
				"north": {"uv": [12, 11, 15.5, 15], "rotation": 90, "texture": "#2"},
				"east": {"uv": [12, 11, 15.5, 15], "rotation": 90, "texture": "#2"},
				"south": {"uv": [12, 11, 15.5, 15], "rotation": 90, "texture": "#2"},
				"west": {"uv": [12, 11, 15.5, 15], "rotation": 90, "texture": "#2"},
				"up": {"uv": [12, 11, 15.5, 15], "rotation": 90, "texture": "#2"},
				"down": {"uv": [12, 11, 15.5, 15], "rotation": 90, "texture": "#2"}
			}
		},
		{
			"from": [-8.2, 22, 5.5],
			"to": [-7.2, 24.5, 8.5],
			"faces": {
				"north": {"uv": [11, 11, 15.5, 15], "rotation": 90, "texture": "#2"},
				"east": {"uv": [11, 11, 15.5, 15], "rotation": 90, "texture": "#2"},
				"south": {"uv": [11, 11, 15.5, 15], "rotation": 90, "texture": "#2"},
				"west": {"uv": [11, 11, 15.5, 15], "rotation": 90, "texture": "#2"},
				"up": {"uv": [11, 11, 15.5, 15], "rotation": 90, "texture": "#2"},
				"down": {"uv": [11, 11, 15.5, 15], "rotation": 90, "texture": "#2"}
			}
		},
		{
			"from": [-8.2, 22, 8.5],
			"to": [-7.2, 25.5, 11.5],
			"faces": {
				"north": {"uv": [10, 11, 15.5, 15], "rotation": 90, "texture": "#2"},
				"east": {"uv": [10, 11, 15.5, 15], "rotation": 90, "texture": "#2"},
				"south": {"uv": [10, 11, 15.5, 15], "rotation": 90, "texture": "#2"},
				"west": {"uv": [10, 11, 15.5, 15], "rotation": 90, "texture": "#2"},
				"up": {"uv": [10, 11, 15.5, 15], "rotation": 90, "texture": "#2"},
				"down": {"uv": [10, 11, 15.5, 15], "rotation": 90, "texture": "#2"}
			}
		},
		{
			"from": [-8.2, 22, 11.5],
			"to": [-7.2, 27.5, 14.5],
			"faces": {
				"north": {"uv": [8, 11, 15.5, 15], "rotation": 90, "texture": "#2"},
				"east": {"uv": [8, 11, 15.5, 15], "rotation": 90, "texture": "#2"},
				"south": {"uv": [8, 11, 15.5, 15], "rotation": 90, "texture": "#2"},
				"west": {"uv": [8, 11, 15.5, 15], "rotation": 90, "texture": "#2"},
				"up": {"uv": [8, 11, 15.5, 15], "rotation": 90, "texture": "#2"},
				"down": {"uv": [8, 11, 15.5, 15], "rotation": 90, "texture": "#2"}
			}
		},
		{
			"from": [12.75, 16, 0.5],
			"to": [16.5, 17.3, 1.25],
			"faces": {
				"north": {"uv": [0.5, 12, 16, 15], "rotation": 90, "texture": "#3"},
				"east": {"uv": [0.5, 12, 16, 15], "rotation": 90, "texture": "#3"},
				"south": {"uv": [0.5, 12, 16, 15], "rotation": 90, "texture": "#3"},
				"west": {"uv": [0.5, 12, 16, 15], "rotation": 90, "texture": "#3"},
				"up": {"uv": [0.5, 12, 16, 15], "rotation": 180, "texture": "#3"},
				"down": {"uv": [0.5, 12, 16, 15], "texture": "#3"}
			}
		},
		{
			"from": [10.75, 9, 0.5],
			"to": [18.5, 16.3, 1.25],
			"faces": {
				"north": {"uv": [0.5, 12, 16, 15], "rotation": 90, "texture": "#3"},
				"east": {"uv": [0.5, 12, 16, 15], "rotation": 90, "texture": "#3"},
				"south": {"uv": [0.5, 12, 16, 15], "rotation": 90, "texture": "#3"},
				"west": {"uv": [0.5, 12, 16, 15], "rotation": 90, "texture": "#3"},
				"up": {"uv": [0.5, 12, 16, 15], "rotation": 180, "texture": "#3"},
				"down": {"uv": [0.5, 12, 16, 15], "texture": "#3"}
			}
		},
		{
			"from": [10.5, 9, 0],
			"to": [11.75, 15.75, 1],
			"faces": {
				"north": {"uv": [0.5, 12, 16, 15], "rotation": 90, "texture": "#1_0"},
				"east": {"uv": [0.5, 12, 16, 15], "rotation": 90, "texture": "#1_0"},
				"south": {"uv": [0.5, 12, 16, 15], "rotation": 90, "texture": "#1_0"},
				"west": {"uv": [0.5, 12, 16, 15], "rotation": 90, "texture": "#1_0"},
				"up": {"uv": [12, 0, 15, 3], "rotation": 90, "texture": "#1_0"},
				"down": {"uv": [12, 0, 15, 3], "rotation": 270, "texture": "#1_0"}
			}
		},
		{
			"from": [11.83698, 15.41061, -0.5],
			"to": [17.33698, 16.66061, 1],
			"rotation": {"angle": 22.5, "axis": "z", "origin": [12.33698, 10.66061, 20]},
			"faces": {
				"north": {"uv": [0.5, 12, 16, 15], "rotation": 180, "texture": "#1_0"},
				"east": {"uv": [12, 0, 15, 3], "rotation": 180, "texture": "#1_0"},
				"south": {"uv": [0.5, 12, 16, 15], "texture": "#1_0"},
				"west": {"uv": [12, 0, 15, 3], "texture": "#1_0"},
				"up": {"uv": [0.5, 12, 16, 15], "texture": "#1_0"},
				"down": {"uv": [0.5, 12, 16, 15], "texture": "#1_0"}
			}
		},
		{
			"from": [12.25, 16.75, -0.5],
			"to": [17.75, 18, 1],
			"rotation": {"angle": -22.5, "axis": "z", "origin": [13.75, 12, 20]},
			"faces": {
				"north": {"uv": [0.5, 12, 16, 15], "rotation": 180, "texture": "#1_0"},
				"east": {"uv": [12, 0, 15, 3], "rotation": 180, "texture": "#1_0"},
				"south": {"uv": [0.5, 12, 16, 15], "texture": "#1_0"},
				"west": {"uv": [12, 0, 15, 3], "texture": "#1_0"},
				"up": {"uv": [0.5, 12, 16, 15], "texture": "#1_0"},
				"down": {"uv": [0.5, 12, 16, 15], "texture": "#1_0"}
			}
		},
		{
			"from": [17.5, 9, 0],
			"to": [18.75, 15.75, 1],
			"faces": {
				"north": {"uv": [0.5, 12, 16, 15], "rotation": 90, "texture": "#1_0"},
				"east": {"uv": [0.5, 12, 16, 15], "rotation": 90, "texture": "#1_0"},
				"south": {"uv": [0.5, 12, 16, 15], "rotation": 90, "texture": "#1_0"},
				"west": {"uv": [0.5, 12, 16, 15], "rotation": 90, "texture": "#1_0"},
				"up": {"uv": [12, 0, 15, 3], "rotation": 90, "texture": "#1_0"},
				"down": {"uv": [12, 0, 15, 3], "rotation": 270, "texture": "#1_0"}
			}
		},
		{
			"from": [10, 8.75, -0.5],
			"to": [19.25, 10, 1],
			"faces": {
				"north": {"uv": [0.5, 12, 16, 15], "texture": "#1_0"},
				"east": {"uv": [12, 0, 15, 3], "texture": "#1_0"},
				"south": {"uv": [0.5, 12, 16, 15], "rotation": 180, "texture": "#1_0"},
				"west": {"uv": [12, 0, 15, 3], "rotation": 180, "texture": "#1_0"},
				"up": {"uv": [0.5, 12, 16, 15], "rotation": 180, "texture": "#1_0"},
				"down": {"uv": [0.5, 12, 16, 15], "texture": "#1_0"}
			}
		},
		{
			"from": [-9.25, 14.25, 0.5],
			"to": [10.25, 14.5, 0.75],
			"rotation": {"angle": -45, "axis": "z", "origin": [0, 15, 25]},
			"faces": {
				"north": {"uv": [2, 10, 3, 11], "rotation": 180, "texture": "#6"},
				"east": {"uv": [2, 10, 3, 11], "texture": "#6"},
				"south": {"uv": [2, 10, 3, 11], "texture": "#6"},
				"west": {"uv": [2, 10, 3, 11], "texture": "#6"},
				"up": {"uv": [3, 11, 2, 10], "rotation": 180, "texture": "#6"},
				"down": {"uv": [3, 11, 2, 10], "texture": "#6"}
			}
		},
		{
			"from": [-7.25, 16.25, 0.5],
			"to": [8.25, 16.5, 0.75],
			"rotation": {"angle": -45, "axis": "z", "origin": [0, 15, 25]},
			"faces": {
				"north": {"uv": [2, 10, 3, 11], "rotation": 180, "texture": "#6"},
				"east": {"uv": [2, 10, 3, 11], "texture": "#6"},
				"south": {"uv": [2, 10, 3, 11], "texture": "#6"},
				"west": {"uv": [2, 10, 3, 11], "texture": "#6"},
				"up": {"uv": [3, 11, 2, 10], "rotation": 180, "texture": "#6"},
				"down": {"uv": [3, 11, 2, 10], "texture": "#6"}
			}
		},
		{
			"from": [-5.25, 18.25, 0.5],
			"to": [6.25, 18.5, 0.75],
			"rotation": {"angle": -45, "axis": "z", "origin": [0, 15, 25]},
			"faces": {
				"north": {"uv": [2, 10, 3, 11], "rotation": 180, "texture": "#6"},
				"east": {"uv": [2, 10, 3, 11], "texture": "#6"},
				"south": {"uv": [2, 10, 3, 11], "texture": "#6"},
				"west": {"uv": [2, 10, 3, 11], "texture": "#6"},
				"up": {"uv": [3, 11, 2, 10], "rotation": 180, "texture": "#6"},
				"down": {"uv": [3, 11, 2, 10], "texture": "#6"}
			}
		},
		{
			"from": [-3.25, 20.25, 0.5],
			"to": [5.25, 20.5, 0.75],
			"rotation": {"angle": -45, "axis": "z", "origin": [0, 15, 25]},
			"faces": {
				"north": {"uv": [2, 10, 3, 11], "rotation": 180, "texture": "#6"},
				"east": {"uv": [2, 10, 3, 11], "texture": "#6"},
				"south": {"uv": [2, 10, 3, 11], "texture": "#6"},
				"west": {"uv": [2, 10, 3, 11], "texture": "#6"},
				"up": {"uv": [3, 11, 2, 10], "rotation": 180, "texture": "#6"},
				"down": {"uv": [3, 11, 2, 10], "texture": "#6"}
			}
		},
		{
			"from": [-2.25, 22.25, 0.5],
			"to": [3.25, 22.5, 0.75],
			"rotation": {"angle": -45, "axis": "z", "origin": [0, 15, 25]},
			"faces": {
				"north": {"uv": [2, 10, 3, 11], "rotation": 180, "texture": "#6"},
				"east": {"uv": [2, 10, 3, 11], "texture": "#6"},
				"south": {"uv": [2, 10, 3, 11], "texture": "#6"},
				"west": {"uv": [2, 10, 3, 11], "texture": "#6"},
				"up": {"uv": [3, 11, 2, 10], "rotation": 180, "texture": "#6"},
				"down": {"uv": [3, 11, 2, 10], "texture": "#6"}
			}
		},
		{
			"from": [-6.25, 12.25, 0.5],
			"to": [9.25, 12.5, 0.75],
			"rotation": {"angle": -45, "axis": "z", "origin": [0, 15, 25]},
			"faces": {
				"north": {"uv": [2, 10, 3, 11], "rotation": 180, "texture": "#6"},
				"east": {"uv": [2, 10, 3, 11], "texture": "#6"},
				"south": {"uv": [2, 10, 3, 11], "texture": "#6"},
				"west": {"uv": [2, 10, 3, 11], "texture": "#6"},
				"up": {"uv": [3, 11, 2, 10], "rotation": 180, "texture": "#6"},
				"down": {"uv": [3, 11, 2, 10], "texture": "#6"}
			}
		},
		{
			"from": [-4.25, 10.25, 0.5],
			"to": [7.25, 10.5, 0.75],
			"rotation": {"angle": -45, "axis": "z", "origin": [0, 15, 25]},
			"faces": {
				"north": {"uv": [2, 10, 3, 11], "rotation": 180, "texture": "#6"},
				"east": {"uv": [2, 10, 3, 11], "texture": "#6"},
				"south": {"uv": [2, 10, 3, 11], "texture": "#6"},
				"west": {"uv": [2, 10, 3, 11], "texture": "#6"},
				"up": {"uv": [3, 11, 2, 10], "rotation": 180, "texture": "#6"},
				"down": {"uv": [3, 11, 2, 10], "texture": "#6"}
			}
		},
		{
			"from": [-2.25, 8.25, 0.5],
			"to": [5.25, 8.5, 0.75],
			"rotation": {"angle": -45, "axis": "z", "origin": [0, 15, 25]},
			"faces": {
				"north": {"uv": [2, 10, 3, 11], "rotation": 180, "texture": "#6"},
				"east": {"uv": [2, 10, 3, 11], "texture": "#6"},
				"south": {"uv": [2, 10, 3, 11], "texture": "#6"},
				"west": {"uv": [2, 10, 3, 11], "texture": "#6"},
				"up": {"uv": [3, 11, 2, 10], "rotation": 180, "texture": "#6"},
				"down": {"uv": [3, 11, 2, 10], "texture": "#6"}
			}
		},
		{
			"from": [-1.25, 6.25, 0.5],
			"to": [4.25, 6.5, 0.75],
			"rotation": {"angle": -45, "axis": "z", "origin": [0, 15, 25]},
			"faces": {
				"north": {"uv": [2, 10, 3, 11], "rotation": 180, "texture": "#6"},
				"east": {"uv": [2, 10, 3, 11], "texture": "#6"},
				"south": {"uv": [2, 10, 3, 11], "texture": "#6"},
				"west": {"uv": [2, 10, 3, 11], "texture": "#6"},
				"up": {"uv": [3, 11, 2, 10], "rotation": 180, "texture": "#6"},
				"down": {"uv": [3, 11, 2, 10], "texture": "#6"}
			}
		},
		{
			"from": [-3.75, 6.25, 0.75],
			"to": [1.75, 6.5, 1],
			"rotation": {"angle": 45, "axis": "z", "origin": [0.5, 15, 0.5]},
			"faces": {
				"north": {"uv": [2, 10, 3, 11], "texture": "#6"},
				"east": {"uv": [2, 10, 3, 11], "texture": "#6"},
				"south": {"uv": [2, 10, 3, 11], "rotation": 180, "texture": "#6"},
				"west": {"uv": [2, 10, 3, 11], "texture": "#6"},
				"up": {"uv": [2, 10, 3, 11], "rotation": 180, "texture": "#6"},
				"down": {"uv": [2, 10, 3, 11], "texture": "#6"}
			}
		},
		{
			"from": [-9.75, 14.25, 0.75],
			"to": [9.75, 14.5, 1],
			"rotation": {"angle": 45, "axis": "z", "origin": [0.5, 15, 0.5]},
			"faces": {
				"north": {"uv": [2, 10, 3, 11], "texture": "#6"},
				"east": {"uv": [2, 10, 3, 11], "texture": "#6"},
				"south": {"uv": [2, 10, 3, 11], "rotation": 180, "texture": "#6"},
				"west": {"uv": [2, 10, 3, 11], "texture": "#6"},
				"up": {"uv": [2, 10, 3, 11], "rotation": 180, "texture": "#6"},
				"down": {"uv": [2, 10, 3, 11], "texture": "#6"}
			}
		},
		{
			"from": [-7.75, 16.25, 0.75],
			"to": [7.75, 16.5, 1],
			"rotation": {"angle": 45, "axis": "z", "origin": [0.5, 15, 0.5]},
			"faces": {
				"north": {"uv": [2, 10, 3, 11], "texture": "#6"},
				"east": {"uv": [2, 10, 3, 11], "texture": "#6"},
				"south": {"uv": [2, 10, 3, 11], "rotation": 180, "texture": "#6"},
				"west": {"uv": [2, 10, 3, 11], "texture": "#6"},
				"up": {"uv": [2, 10, 3, 11], "rotation": 180, "texture": "#6"},
				"down": {"uv": [2, 10, 3, 11], "texture": "#6"}
			}
		},
		{
			"from": [-5.75, 18.25, 0.75],
			"to": [5.75, 18.5, 1],
			"rotation": {"angle": 45, "axis": "z", "origin": [0.5, 15, 0.5]},
			"faces": {
				"north": {"uv": [2, 10, 3, 11], "texture": "#6"},
				"east": {"uv": [2, 10, 3, 11], "texture": "#6"},
				"south": {"uv": [2, 10, 3, 11], "rotation": 180, "texture": "#6"},
				"west": {"uv": [2, 10, 3, 11], "texture": "#6"},
				"up": {"uv": [2, 10, 3, 11], "rotation": 180, "texture": "#6"},
				"down": {"uv": [2, 10, 3, 11], "texture": "#6"}
			}
		},
		{
			"from": [-4.75, 20.25, 0.75],
			"to": [3.75, 20.5, 1],
			"rotation": {"angle": 45, "axis": "z", "origin": [0.5, 15, 0.5]},
			"faces": {
				"north": {"uv": [2, 10, 3, 11], "texture": "#6"},
				"east": {"uv": [2, 10, 3, 11], "texture": "#6"},
				"south": {"uv": [2, 10, 3, 11], "rotation": 180, "texture": "#6"},
				"west": {"uv": [2, 10, 3, 11], "texture": "#6"},
				"up": {"uv": [2, 10, 3, 11], "rotation": 180, "texture": "#6"},
				"down": {"uv": [2, 10, 3, 11], "texture": "#6"}
			}
		},
		{
			"from": [-2.75, 22.25, 0.75],
			"to": [2.75, 22.5, 1],
			"rotation": {"angle": 45, "axis": "z", "origin": [0.5, 15, 0.5]},
			"faces": {
				"north": {"uv": [2, 10, 3, 11], "texture": "#6"},
				"east": {"uv": [2, 10, 3, 11], "texture": "#6"},
				"south": {"uv": [2, 10, 3, 11], "rotation": 180, "texture": "#6"},
				"west": {"uv": [2, 10, 3, 11], "texture": "#6"},
				"up": {"uv": [2, 10, 3, 11], "rotation": 180, "texture": "#6"},
				"down": {"uv": [2, 10, 3, 11], "texture": "#6"}
			}
		},
		{
			"from": [-8.75, 12.25, 0.75],
			"to": [6.75, 12.5, 1],
			"rotation": {"angle": 45, "axis": "z", "origin": [0.5, 15, 0.5]},
			"faces": {
				"north": {"uv": [2, 10, 3, 11], "texture": "#6"},
				"east": {"uv": [2, 10, 3, 11], "texture": "#6"},
				"south": {"uv": [2, 10, 3, 11], "rotation": 180, "texture": "#6"},
				"west": {"uv": [2, 10, 3, 11], "texture": "#6"},
				"up": {"uv": [2, 10, 3, 11], "rotation": 180, "texture": "#6"},
				"down": {"uv": [2, 10, 3, 11], "texture": "#6"}
			}
		},
		{
			"from": [-6.75, 10.25, 0.75],
			"to": [4.75, 10.5, 1],
			"rotation": {"angle": 45, "axis": "z", "origin": [0.5, 15, 0.5]},
			"faces": {
				"north": {"uv": [2, 10, 3, 11], "texture": "#6"},
				"east": {"uv": [2, 10, 3, 11], "texture": "#6"},
				"south": {"uv": [2, 10, 3, 11], "rotation": 180, "texture": "#6"},
				"west": {"uv": [2, 10, 3, 11], "texture": "#6"},
				"up": {"uv": [2, 10, 3, 11], "rotation": 180, "texture": "#6"},
				"down": {"uv": [2, 10, 3, 11], "texture": "#6"}
			}
		},
		{
			"from": [-4.75, 8.25, 0.75],
			"to": [2.75, 8.5, 1],
			"rotation": {"angle": 45, "axis": "z", "origin": [0.5, 15, 0.5]},
			"faces": {
				"north": {"uv": [2, 10, 3, 11], "texture": "#6"},
				"east": {"uv": [2, 10, 3, 11], "texture": "#6"},
				"south": {"uv": [2, 10, 3, 11], "rotation": 180, "texture": "#6"},
				"west": {"uv": [2, 10, 3, 11], "texture": "#6"},
				"up": {"uv": [2, 10, 3, 11], "rotation": 180, "texture": "#6"},
				"down": {"uv": [2, 10, 3, 11], "texture": "#6"}
			}
		},
		{
			"from": [-7.75, 14.25, -1.25],
			"to": [-7.5, 14.5, 18.25],
			"rotation": {"angle": 45, "axis": "x", "origin": [-32, 15, 8]},
			"faces": {
				"north": {"uv": [2, 10, 3, 11], "texture": "#6"},
				"east": {"uv": [2, 10, 3, 11], "rotation": 180, "texture": "#6"},
				"south": {"uv": [2, 10, 3, 11], "texture": "#6"},
				"west": {"uv": [2, 10, 3, 11], "texture": "#6"},
				"up": {"uv": [3, 11, 2, 10], "rotation": 270, "texture": "#6"},
				"down": {"uv": [3, 11, 2, 10], "rotation": 270, "texture": "#6"}
			}
		},
		{
			"from": [-7.75, 16.25, 0.75],
			"to": [-7.5, 16.5, 16.25],
			"rotation": {"angle": 45, "axis": "x", "origin": [-32, 15, 8]},
			"faces": {
				"north": {"uv": [2, 10, 3, 11], "texture": "#6"},
				"east": {"uv": [2, 10, 3, 11], "rotation": 180, "texture": "#6"},
				"south": {"uv": [2, 10, 3, 11], "texture": "#6"},
				"west": {"uv": [2, 10, 3, 11], "texture": "#6"},
				"up": {"uv": [3, 11, 2, 10], "rotation": 270, "texture": "#6"},
				"down": {"uv": [3, 11, 2, 10], "rotation": 270, "texture": "#6"}
			}
		},
		{
			"from": [-7.75, 18.25, 2.75],
			"to": [-7.5, 18.5, 14.25],
			"rotation": {"angle": 45, "axis": "x", "origin": [-32, 15, 8]},
			"faces": {
				"north": {"uv": [2, 10, 3, 11], "texture": "#6"},
				"east": {"uv": [2, 10, 3, 11], "rotation": 180, "texture": "#6"},
				"south": {"uv": [2, 10, 3, 11], "texture": "#6"},
				"west": {"uv": [2, 10, 3, 11], "texture": "#6"},
				"up": {"uv": [3, 11, 2, 10], "rotation": 270, "texture": "#6"},
				"down": {"uv": [3, 11, 2, 10], "rotation": 270, "texture": "#6"}
			}
		},
		{
			"from": [-7.75, 20.25, 4.75],
			"to": [-7.5, 20.5, 13.25],
			"rotation": {"angle": 45, "axis": "x", "origin": [-32, 15, 8]},
			"faces": {
				"north": {"uv": [2, 10, 3, 11], "texture": "#6"},
				"east": {"uv": [2, 10, 3, 11], "rotation": 180, "texture": "#6"},
				"south": {"uv": [2, 10, 3, 11], "texture": "#6"},
				"west": {"uv": [2, 10, 3, 11], "texture": "#6"},
				"up": {"uv": [3, 11, 2, 10], "rotation": 270, "texture": "#6"},
				"down": {"uv": [3, 11, 2, 10], "rotation": 270, "texture": "#6"}
			}
		},
		{
			"from": [-7.75, 22.25, 5.75],
			"to": [-7.5, 22.5, 11.25],
			"rotation": {"angle": 45, "axis": "x", "origin": [-32, 15, 8]},
			"faces": {
				"north": {"uv": [2, 10, 3, 11], "texture": "#6"},
				"east": {"uv": [2, 10, 3, 11], "rotation": 180, "texture": "#6"},
				"south": {"uv": [2, 10, 3, 11], "texture": "#6"},
				"west": {"uv": [2, 10, 3, 11], "texture": "#6"},
				"up": {"uv": [3, 11, 2, 10], "rotation": 270, "texture": "#6"},
				"down": {"uv": [3, 11, 2, 10], "rotation": 270, "texture": "#6"}
			}
		},
		{
			"from": [-7.75, 12.25, 1.75],
			"to": [-7.5, 12.5, 17.25],
			"rotation": {"angle": 45, "axis": "x", "origin": [-32, 15, 8]},
			"faces": {
				"north": {"uv": [2, 10, 3, 11], "texture": "#6"},
				"east": {"uv": [2, 10, 3, 11], "rotation": 180, "texture": "#6"},
				"south": {"uv": [2, 10, 3, 11], "texture": "#6"},
				"west": {"uv": [2, 10, 3, 11], "texture": "#6"},
				"up": {"uv": [3, 11, 2, 10], "rotation": 270, "texture": "#6"},
				"down": {"uv": [3, 11, 2, 10], "rotation": 270, "texture": "#6"}
			}
		},
		{
			"from": [-7.75, 10.25, 3.75],
			"to": [-7.5, 10.5, 15.25],
			"rotation": {"angle": 45, "axis": "x", "origin": [-32, 15, 8]},
			"faces": {
				"north": {"uv": [2, 10, 3, 11], "texture": "#6"},
				"east": {"uv": [2, 10, 3, 11], "rotation": 180, "texture": "#6"},
				"south": {"uv": [2, 10, 3, 11], "texture": "#6"},
				"west": {"uv": [2, 10, 3, 11], "texture": "#6"},
				"up": {"uv": [3, 11, 2, 10], "rotation": 270, "texture": "#6"},
				"down": {"uv": [3, 11, 2, 10], "rotation": 270, "texture": "#6"}
			}
		},
		{
			"from": [-7.75, 8.25, 5.75],
			"to": [-7.5, 8.5, 13.25],
			"rotation": {"angle": 45, "axis": "x", "origin": [-32, 15, 8]},
			"faces": {
				"north": {"uv": [2, 10, 3, 11], "texture": "#6"},
				"east": {"uv": [2, 10, 3, 11], "rotation": 180, "texture": "#6"},
				"south": {"uv": [2, 10, 3, 11], "texture": "#6"},
				"west": {"uv": [2, 10, 3, 11], "texture": "#6"},
				"up": {"uv": [3, 11, 2, 10], "rotation": 270, "texture": "#6"},
				"down": {"uv": [3, 11, 2, 10], "rotation": 270, "texture": "#6"}
			}
		},
		{
			"from": [-7.75, 6.25, 6.75],
			"to": [-7.5, 6.5, 12.25],
			"rotation": {"angle": 45, "axis": "x", "origin": [-32, 15, 8]},
			"faces": {
				"north": {"uv": [2, 10, 3, 11], "texture": "#6"},
				"east": {"uv": [2, 10, 3, 11], "rotation": 180, "texture": "#6"},
				"south": {"uv": [2, 10, 3, 11], "texture": "#6"},
				"west": {"uv": [2, 10, 3, 11], "texture": "#6"},
				"up": {"uv": [3, 11, 2, 10], "rotation": 270, "texture": "#6"},
				"down": {"uv": [3, 11, 2, 10], "rotation": 270, "texture": "#6"}
			}
		},
		{
			"from": [-8, 6.25, 4.25],
			"to": [-7.75, 6.5, 9.75],
			"rotation": {"angle": -45, "axis": "x", "origin": [-7.5, 15, 8.5]},
			"faces": {
				"north": {"uv": [2, 10, 3, 11], "texture": "#6"},
				"east": {"uv": [2, 10, 3, 11], "texture": "#6"},
				"south": {"uv": [2, 10, 3, 11], "texture": "#6"},
				"west": {"uv": [2, 10, 3, 11], "rotation": 180, "texture": "#6"},
				"up": {"uv": [2, 10, 3, 11], "rotation": 270, "texture": "#6"},
				"down": {"uv": [2, 10, 3, 11], "rotation": 270, "texture": "#6"}
			}
		},
		{
			"from": [-8, 14.25, -1.75],
			"to": [-7.75, 14.5, 17.75],
			"rotation": {"angle": -45, "axis": "x", "origin": [-7.5, 15, 8.5]},
			"faces": {
				"north": {"uv": [2, 10, 3, 11], "texture": "#6"},
				"east": {"uv": [2, 10, 3, 11], "texture": "#6"},
				"south": {"uv": [2, 10, 3, 11], "texture": "#6"},
				"west": {"uv": [2, 10, 3, 11], "rotation": 180, "texture": "#6"},
				"up": {"uv": [2, 10, 3, 11], "rotation": 270, "texture": "#6"},
				"down": {"uv": [2, 10, 3, 11], "rotation": 270, "texture": "#6"}
			}
		},
		{
			"from": [-8, 16.25, 0.25],
			"to": [-7.75, 16.5, 15.75],
			"rotation": {"angle": -45, "axis": "x", "origin": [-7.5, 15, 8.5]},
			"faces": {
				"north": {"uv": [2, 10, 3, 11], "texture": "#6"},
				"east": {"uv": [2, 10, 3, 11], "texture": "#6"},
				"south": {"uv": [2, 10, 3, 11], "texture": "#6"},
				"west": {"uv": [2, 10, 3, 11], "rotation": 180, "texture": "#6"},
				"up": {"uv": [2, 10, 3, 11], "rotation": 270, "texture": "#6"},
				"down": {"uv": [2, 10, 3, 11], "rotation": 270, "texture": "#6"}
			}
		},
		{
			"from": [-8, 18.25, 2.25],
			"to": [-7.75, 18.5, 13.75],
			"rotation": {"angle": -45, "axis": "x", "origin": [-7.5, 15, 8.5]},
			"faces": {
				"north": {"uv": [2, 10, 3, 11], "texture": "#6"},
				"east": {"uv": [2, 10, 3, 11], "texture": "#6"},
				"south": {"uv": [2, 10, 3, 11], "texture": "#6"},
				"west": {"uv": [2, 10, 3, 11], "rotation": 180, "texture": "#6"},
				"up": {"uv": [2, 10, 3, 11], "rotation": 270, "texture": "#6"},
				"down": {"uv": [2, 10, 3, 11], "rotation": 270, "texture": "#6"}
			}
		},
		{
			"from": [-8, 20.25, 3.25],
			"to": [-7.75, 20.5, 11.75],
			"rotation": {"angle": -45, "axis": "x", "origin": [-7.5, 15, 8.5]},
			"faces": {
				"north": {"uv": [2, 10, 3, 11], "texture": "#6"},
				"east": {"uv": [2, 10, 3, 11], "texture": "#6"},
				"south": {"uv": [2, 10, 3, 11], "texture": "#6"},
				"west": {"uv": [2, 10, 3, 11], "rotation": 180, "texture": "#6"},
				"up": {"uv": [2, 10, 3, 11], "rotation": 270, "texture": "#6"},
				"down": {"uv": [2, 10, 3, 11], "rotation": 270, "texture": "#6"}
			}
		},
		{
			"from": [-8, 22.25, 5.25],
			"to": [-7.75, 22.5, 10.75],
			"rotation": {"angle": -45, "axis": "x", "origin": [-7.5, 15, 8.5]},
			"faces": {
				"north": {"uv": [2, 10, 3, 11], "texture": "#6"},
				"east": {"uv": [2, 10, 3, 11], "texture": "#6"},
				"south": {"uv": [2, 10, 3, 11], "texture": "#6"},
				"west": {"uv": [2, 10, 3, 11], "rotation": 180, "texture": "#6"},
				"up": {"uv": [2, 10, 3, 11], "rotation": 270, "texture": "#6"},
				"down": {"uv": [2, 10, 3, 11], "rotation": 270, "texture": "#6"}
			}
		},
		{
			"from": [-8, 12.25, -0.75],
			"to": [-7.75, 12.5, 14.75],
			"rotation": {"angle": -45, "axis": "x", "origin": [-7.5, 15, 8.5]},
			"faces": {
				"north": {"uv": [2, 10, 3, 11], "texture": "#6"},
				"east": {"uv": [2, 10, 3, 11], "texture": "#6"},
				"south": {"uv": [2, 10, 3, 11], "texture": "#6"},
				"west": {"uv": [2, 10, 3, 11], "rotation": 180, "texture": "#6"},
				"up": {"uv": [2, 10, 3, 11], "rotation": 270, "texture": "#6"},
				"down": {"uv": [2, 10, 3, 11], "rotation": 270, "texture": "#6"}
			}
		},
		{
			"from": [-8, 10.25, 1.25],
			"to": [-7.75, 10.5, 12.75],
			"rotation": {"angle": -45, "axis": "x", "origin": [-7.5, 15, 8.5]},
			"faces": {
				"north": {"uv": [2, 10, 3, 11], "texture": "#6"},
				"east": {"uv": [2, 10, 3, 11], "texture": "#6"},
				"south": {"uv": [2, 10, 3, 11], "texture": "#6"},
				"west": {"uv": [2, 10, 3, 11], "rotation": 180, "texture": "#6"},
				"up": {"uv": [2, 10, 3, 11], "rotation": 270, "texture": "#6"},
				"down": {"uv": [2, 10, 3, 11], "rotation": 270, "texture": "#6"}
			}
		},
		{
			"from": [-8, 8.25, 3.25],
			"to": [-7.75, 8.5, 10.75],
			"rotation": {"angle": -45, "axis": "x", "origin": [-7.5, 15, 8.5]},
			"faces": {
				"north": {"uv": [2, 10, 3, 11], "texture": "#6"},
				"east": {"uv": [2, 10, 3, 11], "texture": "#6"},
				"south": {"uv": [2, 10, 3, 11], "texture": "#6"},
				"west": {"uv": [2, 10, 3, 11], "rotation": 180, "texture": "#6"},
				"up": {"uv": [2, 10, 3, 11], "rotation": 270, "texture": "#6"},
				"down": {"uv": [2, 10, 3, 11], "rotation": 270, "texture": "#6"}
			}
		}
	],
	"display": {
		"thirdperson_righthand": {
			"rotation": [75, 45, 0],
			"translation": [0, 2.5, 0],
			"scale": [0.2, 0.2, 0.2]
		},
		"thirdperson_lefthand": {
			"rotation": [75, 45, 0],
			"translation": [0, 2.5, 0],
			"scale": [0.2, 0.2, 0.2]
		},
		"firstperson_righthand": {
			"rotation": [0, 45, 0],
			"translation": [0, 1, 0],
			"scale": [0.2, 0.2, 0.2]
		},
		"firstperson_lefthand": {
			"rotation": [0, 45, 0],
			"translation": [0, 1, 0],
			"scale": [0.2, 0.2, 0.2]
		},
		"ground": {
			"scale": [0.25, 0.25, 0.25]
		},
		"gui": {
			"rotation": [30, 225, 0],
			"scale": [0.3, 0.3, 0.3]
		},
		"head": {
			"translation": [0, 11.5, 0],
			"scale": [0.3, 0.3, 0.3]
		},
		"fixed": {
			"rotation": [-90, -180, 0],
			"translation": [14, 0, -33],
			"scale": [2, 2, 2]
		}
	},
	"groups": [
		{
			"name": "Frame",
			"children": [0, 1, 2, 3, 4, 5, 6, 7, 8, 9, 10, 11, 12, 13, 14, 15, 16, 17, 18, 19, 20, 21, 22, 23, 24, 25, 26, 27, 28, 29]
		},
		{
			"name": "spruce_fence_1",
			"children": [30, 31, 32, 33, 34, 35, 36, 37]
		},
		{
			"name": "Floor",
			"children": [38, 39, 40, 41]
		},
		{
			"name": "water bottle",
			"children": [42, 43, 44, 45, 46, 47, 48, 49, 50, 51, 52]
		},
		{
			"name": "Foodbowl",
			"children": [53, 54, 55, 56, 57]
		},
		{
			"name": "Misc",
			"children": [58, 59, 60, 61, 62, 63, 64, 65, 66, 67, 68, 69, 70, 71, 72, 73, 74, 75, 76, 77, 78, 79, 80, 81, 82]
		},
		{
			"name": "Wire",
			"children": [83, 84, 85, 86, 87, 88, 89, 90, 91, 92, 93, 94, 95, 96, 97, 98, 99, 100]
		},
		{
			"name": "Wire2",
			"children": [101, 102, 103, 104, 105, 106, 107, 108, 109, 110, 111, 112, 113, 114, 115, 116, 117, 118]
		}
	]
}