{
	"credit": "Made with Blockbench",
	"parent": "./cit_item",
	"textures": {
		"0": "block/MizunoArchive/barrel_0a",
		"1": "block/MizunoArchive/barrel_0b",
		"2": "block/redgrapebarrel"
	},
	"elements": [
		{
			"from": [1, 0, 1],
			"to": [15, 16, 3],
			"faces": {
				"north": {"uv": [1, 0, 15, 16], "texture": "#0"},
				"east": {"uv": [13, 0, 15, 16], "texture": "#0"},
				"south": {"uv": [1, 2, 15, 3], "texture": "#1"},
				"west": {"uv": [1, 0, 3, 16], "texture": "#0"},
				"up": {"uv": [1, 1, 15, 3], "texture": "#1"},
				"down": {"uv": [1, 3, 15, 1], "texture": "#1"}
			}
		},
		{
			"from": [1, 0, 13],
			"to": [15, 16, 15],
			"faces": {
				"north": {"uv": [1, 13, 15, 14], "rotation": 180, "texture": "#1"},
				"east": {"uv": [1, 0, 3, 16], "texture": "#0"},
				"south": {"uv": [1, 0, 15, 16], "texture": "#0"},
				"west": {"uv": [13, 0, 15, 16], "texture": "#0"},
				"up": {"uv": [1, 13, 15, 15], "texture": "#1"},
				"down": {"uv": [1, 15, 15, 13], "texture": "#1"}
			}
		},
		{
			"from": [1, 0, 3],
			"to": [3, 16, 13],
			"faces": {
				"east": {"uv": [2, 3, 3, 13], "rotation": 90, "texture": "#1"},
				"west": {"uv": [3, 0, 13, 16], "texture": "#0"},
				"up": {"uv": [1, 3, 3, 13], "texture": "#1"},
				"down": {"uv": [1, 13, 3, 3], "texture": "#1"}
			}
		},
		{
			"from": [13, 0, 3],
			"to": [15, 16, 13],
			"faces": {
				"east": {"uv": [3, 0, 13, 16], "texture": "#0"},
				"west": {"uv": [13, 3, 14, 13], "rotation": 270, "texture": "#1"},
				"up": {"uv": [13, 3, 15, 13], "texture": "#1"},
				"down": {"uv": [13, 13, 15, 3], "texture": "#1"}
			}
		},
		{
			"from": [3, 1, 3],
			"to": [13, 15, 13],
			"faces": {
				"up": {"uv": [0, 0, 16, 16], "texture": "#2"},
				"down": {"uv": [3, 3, 13, 13], "texture": "#1"}
			}
		},
		{
			"from": [0.5, 4, 0.5],
			"to": [15.5, 6, 15.5],
			"faces": {
				"north": {"uv": [0, 10, 15, 12], "texture": "#0"},
				"east": {"uv": [0, 10, 15, 12], "texture": "#0"},
				"south": {"uv": [0, 10, 15, 12], "texture": "#0"},
				"west": {"uv": [0, 10, 15, 12], "texture": "#0"},
				"up": {"uv": [1, 0, 2, 1], "texture": "#0"},
				"down": {"uv": [14, 0, 15, 1], "texture": "#0"}
			}
		},
		{
			"from": [0.5, 10, 0.5],
			"to": [15.5, 12, 15.5],
			"faces": {
				"north": {"uv": [0, 4, 15, 6], "texture": "#0"},
				"east": {"uv": [0, 4, 15, 6], "texture": "#0"},
				"south": {"uv": [0, 4, 15, 6], "texture": "#0"},
				"west": {"uv": [0, 4, 15, 6], "texture": "#0"},
				"up": {"uv": [1, 0, 2, 1], "texture": "#0"},
				"down": {"uv": [14, 0, 15, 1], "texture": "#0"}
			}
		}
	],
	"display": {
		"thirdperson_righthand": {
			"rotation": [75, 45, 0],
			"translation": [0, 2.5, 0],
			"scale": [0.375, 0.375, 0.375]
		},
		"thirdperson_lefthand": {
			"rotation": [75, 45, 0],
			"translation": [0, 2.5, 0],
			"scale": [0.375, 0.375, 0.375]
		},
		"firstperson_righthand": {
			"rotation": [0, 45, 0],
			"scale": [0.4, 0.4, 0.4]
		},
		"firstperson_lefthand": {
			"rotation": [0, 225, 0],
			"scale": [0.4, 0.4, 0.4]
		},
		"ground": {
			"translation": [0, 1, 0],
			"scale": [0.56641, 0.56641, 0.56641]
		},
		"gui": {
			"rotation": [30, 225, 0],
			"scale": [0.625, 0.625, 0.625]
		},
		"head": {
			"translation": [0, 15.25, 0]
		},
		"fixed": {
			"rotation": [-90, 0, 0],
			"translation": [0, 0, -15],
			"scale": [2, 2, 2]
		}
	}
}