{
	"credit": "Made with Blockbench",
	"textures": {
		"0": "block/flannel",
		"1": "block/MizunoArchive/red_concrete",
		"2": "block/MizunoArchive/wheat_0",
		"3": "block/MizunoArchive/stripped_spruce_log",
		"4": "block/MizunoArchive/hay_block_top",
		"5": "block/MizunoArchive/white_wool",
		"6": "block/MizunoArchive/coal_block",
		"particle": "block/flannel"
	},
	"elements": [
		{
			"name": "Stand",
			"from": [7.5, -16, 7.5],
			"to": [8.5, -2, 8.5],
			"faces": {
				"north": {"uv": [0, 0, 1, 14], "texture": "#3"},
				"east": {"uv": [0, 0, 1, 14], "texture": "#3"},
				"south": {"uv": [0, 0, 1, 14], "texture": "#3"},
				"west": {"uv": [0, 0, 1, 14], "texture": "#3"},
				"up": {"uv": [0, 0, 1, 14], "texture": "#3"},
				"down": {"uv": [0, 0, 1, 14], "texture": "#3"}
			}
		},
		{
			"from": [20.5, 11, 6.5],
			"to": [24.5, 13, 8.5],
			"faces": {
				"north": {"uv": [4, 0, 8, 2], "texture": "#3"},
				"east": {"uv": [4, 0, 8, 2], "texture": "#3"},
				"south": {"uv": [4, 0, 8, 2], "texture": "#3"},
				"west": {"uv": [4, 0, 8, 2], "texture": "#3"},
				"up": {"uv": [4, 0, 8, 2], "texture": "#3"},
				"down": {"uv": [4, 0, 8, 2], "texture": "#3"}
			}
		},
		{
			"from": [-8.5, 11, 6.5],
			"to": [-4.5, 13, 8.5],
			"faces": {
				"north": {"uv": [0, 0, 4, 2], "texture": "#3"},
				"east": {"uv": [0, 0, 4, 2], "texture": "#3"},
				"south": {"uv": [0, 0, 4, 2], "texture": "#3"},
				"west": {"uv": [0, 0, 4, 2], "texture": "#3"},
				"up": {"uv": [0, 0, 4, 2], "texture": "#3"},
				"down": {"uv": [0, 0, 4, 2], "texture": "#3"}
			}
		},
		{
			"from": [5.5, -2.4, 3.6],
			"to": [6.5, 14, 3.9],
			"faces": {
				"north": {"uv": [0, 0, 1, 16], "texture": "#1"},
				"east": {"uv": [0, 0, 0.3, 16], "texture": "#1"},
				"south": {"uv": [0, 0, 1, 16], "texture": "#1"},
				"west": {"uv": [0, 0, 0.3, 16], "texture": "#1"},
				"up": {"uv": [0, 0, 1, 0.3], "texture": "#1"},
				"down": {"uv": [0, 0, 1, 0.3], "texture": "#1"}
			}
		},
		{
			"from": [3.5, -0.5, 3.9],
			"to": [6.5, 14, 4.5],
			"faces": {
				"north": {"uv": [0, 0, 3, 14.5], "texture": "#0"},
				"east": {"uv": [0, 0, 0.6, 14.5], "texture": "#0"},
				"south": {"uv": [0, 0, 3, 14.5], "texture": "#0"},
				"west": {"uv": [0, 0, 0.6, 14.5], "texture": "#0"},
				"up": {"uv": [0, 0, 3, 0.6], "texture": "#0"},
				"down": {"uv": [0, 0, 3, 0.6], "texture": "#0"}
			}
		},
		{
			"from": [2.9, -0.5, 4.5],
			"to": [3.5, 14, 11.5],
			"faces": {
				"north": {"uv": [0, 0, 0.6, 14.5], "texture": "#0"},
				"east": {"uv": [0, 0, 7, 14.5], "texture": "#0"},
				"south": {"uv": [0, 0, 0.6, 14.5], "texture": "#0"},
				"west": {"uv": [0, 0, 7, 14.5], "texture": "#0"},
				"up": {"uv": [0, 0, 7, 0.6], "rotation": 270, "texture": "#0"},
				"down": {"uv": [0, 0, 7, 0.6], "rotation": 90, "texture": "#0"}
			}
		},
		{
			"from": [9.5, -0.5, 3.9],
			"to": [12.5, 14, 4.5],
			"faces": {
				"north": {"uv": [0, 0, 3, 14.5], "texture": "#0"},
				"east": {"uv": [0, 0, 0.6, 14.5], "texture": "#0"},
				"south": {"uv": [0, 0, 3, 14.5], "texture": "#0"},
				"west": {"uv": [0, 0, 0.6, 14.5], "texture": "#0"},
				"up": {"uv": [0, 0, 3, 0.6], "texture": "#0"},
				"down": {"uv": [0, 0, 3, 0.6], "texture": "#0"}
			}
		},
		{
			"from": [9.5, -2.4, 3.6],
			"to": [10.5, 14, 3.9],
			"faces": {
				"north": {"uv": [0, 0, 1, 16], "texture": "#1"},
				"east": {"uv": [0, 0, 0.3, 16], "texture": "#1"},
				"south": {"uv": [0, 0, 1, 16], "texture": "#1"},
				"west": {"uv": [0, 0, 0.3, 16], "texture": "#1"},
				"up": {"uv": [0, 0, 1, 0.3], "texture": "#1"},
				"down": {"uv": [0, 0, 1, 0.3], "texture": "#1"}
			}
		},
		{
			"from": [10.5, -1.5, 3.9],
			"to": [11.5, -0.5, 4.5],
			"faces": {
				"north": {"uv": [0, 0, 1, 1], "texture": "#0"},
				"east": {"uv": [0, 0, 0.6, 1], "texture": "#0"},
				"south": {"uv": [0, 0, 1, 1], "texture": "#0"},
				"west": {"uv": [0, 0, 0.6, 1], "texture": "#0"},
				"up": {"uv": [0, 0, 1, 0.6], "texture": "#0"},
				"down": {"uv": [0, 0, 1, 0.6], "texture": "#0"}
			}
		},
		{
			"from": [4.5, -1.5, 3.9],
			"to": [5.5, -0.5, 4.5],
			"faces": {
				"north": {"uv": [0, 0, 1, 1], "texture": "#0"},
				"east": {"uv": [0, 0, 0.6, 1], "texture": "#0"},
				"south": {"uv": [0, 0, 1, 1], "texture": "#0"},
				"west": {"uv": [0, 0, 0.6, 1], "texture": "#0"},
				"up": {"uv": [0, 0, 1, 0.6], "texture": "#0"},
				"down": {"uv": [0, 0, 1, 0.6], "texture": "#0"}
			}
		},
		{
			"from": [5.5, -2.5, 11.5],
			"to": [10.5, -1.5, 12.1],
			"faces": {
				"north": {"uv": [0, 0, 5, 1], "texture": "#0"},
				"east": {"uv": [0, 0, 0.6, 1], "texture": "#0"},
				"south": {"uv": [0, 0, 5, 1], "texture": "#0"},
				"west": {"uv": [0, 0, 0.6, 1], "texture": "#0"},
				"up": {"uv": [0, 0, 5, 0.6], "texture": "#0"},
				"down": {"uv": [0, 0, 5, 0.6], "texture": "#0"}
			}
		},
		{
			"from": [4.5, -1.5, 11.5],
			"to": [11.5, -0.5, 12.1],
			"faces": {
				"north": {"uv": [0, 0, 7, 1], "texture": "#0"},
				"east": {"uv": [0, 0, 0.6, 1], "texture": "#0"},
				"south": {"uv": [0, 0, 7, 1], "texture": "#0"},
				"west": {"uv": [0, 0, 0.6, 1], "texture": "#0"},
				"up": {"uv": [0, 0, 7, 0.6], "texture": "#0"},
				"down": {"uv": [0, 0, 7, 0.6], "texture": "#0"}
			}
		},
		{
			"from": [3.5, -0.5, 11.5],
			"to": [12.5, 14, 12.1],
			"faces": {
				"north": {"uv": [0, 0, 9, 14.5], "texture": "#0"},
				"east": {"uv": [0, 0, 0.6, 14.5], "texture": "#0"},
				"south": {"uv": [0, 0, 9, 14.5], "texture": "#0"},
				"west": {"uv": [0, 0, 0.6, 14.5], "texture": "#0"},
				"up": {"uv": [0, 0, 9, 0.6], "texture": "#0"},
				"down": {"uv": [0, 0, 9, 0.6], "texture": "#0"}
			}
		},
		{
			"from": [3.5, 14, 4.5],
			"to": [6.5, 14.6, 11.5],
			"faces": {
				"north": {"uv": [0, 0, 3, 0.6], "rotation": 180, "texture": "#0"},
				"east": {"uv": [0, 0, 0.6, 7], "rotation": 270, "texture": "#0"},
				"south": {"uv": [0, 0, 3, 0.6], "texture": "#0"},
				"west": {"uv": [0, 0, 0.6, 7], "rotation": 90, "texture": "#0"},
				"up": {"uv": [0, 0, 3, 7], "rotation": 180, "texture": "#0"},
				"down": {"uv": [0, 0, 3, 7], "texture": "#0"}
			}
		},
		{
			"from": [5.5, 14.6, 4.5],
			"to": [6.5, 14.9, 9.5],
			"faces": {
				"north": {"uv": [0, 0, 1, 0.3], "rotation": 180, "texture": "#1"},
				"east": {"uv": [0, 0, 0.3, 5], "rotation": 90, "texture": "#1"},
				"south": {"uv": [0, 0, 1, 0.3], "texture": "#1"},
				"west": {"uv": [0, 0, 0.3, 5], "rotation": 270, "texture": "#1"},
				"up": {"uv": [0, 0, 1, 5], "texture": "#1"},
				"down": {"uv": [0, 0, 1, 5], "rotation": 180, "texture": "#1"}
			}
		},
		{
			"from": [6.5, 14.6, 8.5],
			"to": [9.5, 14.9, 9.5],
			"faces": {
				"north": {"uv": [0, 0, 0.3, 3], "rotation": 90, "texture": "#1"},
				"east": {"uv": [0, 0, 1, 0.3], "texture": "#1"},
				"south": {"uv": [0, 0, 0.3, 3], "rotation": 270, "texture": "#1"},
				"west": {"uv": [0, 0, 1, 0.3], "rotation": 180, "texture": "#1"},
				"up": {"uv": [0, 0, 1, 3], "rotation": 270, "texture": "#1"},
				"down": {"uv": [0, 0, 1, 3], "rotation": 270, "texture": "#1"}
			}
		},
		{
			"from": [9.5, 14.6, 4.5],
			"to": [10.5, 14.9, 9.5],
			"faces": {
				"north": {"uv": [0, 0, 1, 0.3], "rotation": 180, "texture": "#1"},
				"east": {"uv": [0, 0, 0.3, 5], "rotation": 90, "texture": "#1"},
				"south": {"uv": [0, 0, 1, 0.3], "texture": "#1"},
				"west": {"uv": [0, 0, 0.3, 5], "rotation": 270, "texture": "#1"},
				"up": {"uv": [0, 0, 1, 5], "texture": "#1"},
				"down": {"uv": [0, 0, 1, 5], "rotation": 180, "texture": "#1"}
			}
		},
		{
			"from": [6.5, 14, 8.5],
			"to": [9.5, 14.6, 11.5],
			"faces": {
				"north": {"uv": [0, 0, 3, 0.6], "rotation": 180, "texture": "#0"},
				"east": {"uv": [0, 0, 0.6, 3], "rotation": 270, "texture": "#0"},
				"south": {"uv": [0, 0, 3, 0.6], "texture": "#0"},
				"west": {"uv": [0, 0, 0.6, 3], "rotation": 90, "texture": "#0"},
				"up": {"uv": [0, 0, 3, 3], "rotation": 180, "texture": "#0"},
				"down": {"uv": [0, 0, 3, 3], "texture": "#0"}
			}
		},
		{
			"from": [9.5, 14, 4.5],
			"to": [12.5, 14.6, 11.5],
			"faces": {
				"north": {"uv": [0, 0, 3, 0.6], "rotation": 180, "texture": "#0"},
				"east": {"uv": [0, 0, 0.6, 7], "rotation": 270, "texture": "#0"},
				"south": {"uv": [0, 0, 3, 0.6], "texture": "#0"},
				"west": {"uv": [0, 0, 0.6, 7], "rotation": 90, "texture": "#0"},
				"up": {"uv": [0, 0, 3, 7], "rotation": 180, "texture": "#0"},
				"down": {"uv": [0, 0, 3, 7], "texture": "#0"}
			}
		},
		{
			"from": [12.5, -0.5, 4.5],
			"to": [13.1, 14, 11.5],
			"faces": {
				"north": {"uv": [0, 0, 0.6, 14.5], "texture": "#0"},
				"east": {"uv": [0, 0, 7, 14.5], "texture": "#0"},
				"south": {"uv": [0, 0, 0.6, 14.5], "texture": "#0"},
				"west": {"uv": [0, 0, 7, 14.5], "texture": "#0"},
				"up": {"uv": [0, 0, 7, 0.6], "rotation": 270, "texture": "#0"},
				"down": {"uv": [0, 0, 7, 0.6], "rotation": 90, "texture": "#0"}
			}
		},
		{
			"from": [12.5, 9, 5.5],
			"to": [18.5, 14, 10.5],
			"faces": {
				"north": {"uv": [6, 0, 12, 5], "texture": "#0"},
				"east": {"uv": [5, 0, 10, 5], "texture": "#0"},
				"south": {"uv": [6, 0, 12, 5], "texture": "#0"},
				"west": {"uv": [5, 0, 10, 5], "texture": "#0"},
				"up": {"uv": [6, 0, 12, 5], "texture": "#0"},
				"down": {"uv": [6, 0, 12, 5], "texture": "#0"}
			}
		},
		{
			"from": [18.5, 8.7, 5.2],
			"to": [20.5, 14.3, 10.8],
			"faces": {
				"north": {"uv": [2, 0, 4, 5.6], "texture": "#1"},
				"east": {"uv": [5.6, 0, 11.2, 5.6], "texture": "#1"},
				"south": {"uv": [2, 0, 4, 5.6], "texture": "#1"},
				"west": {"uv": [5.6, 0, 11.2, 5.6], "texture": "#1"},
				"up": {"uv": [2, 0, 4, 5.6], "texture": "#1"},
				"down": {"uv": [2, 0, 4, 5.6], "texture": "#1"}
			}
		},
		{
			"from": [-2.5, 9, 5.5],
			"to": [3.5, 14, 10.5],
			"faces": {
				"north": {"uv": [0, 0, 6, 5], "texture": "#0"},
				"east": {"uv": [0, 0, 5, 5], "texture": "#0"},
				"south": {"uv": [0, 0, 6, 5], "texture": "#0"},
				"west": {"uv": [0, 0, 5, 5], "texture": "#0"},
				"up": {"uv": [0, 0, 6, 5], "texture": "#0"},
				"down": {"uv": [0, 0, 6, 5], "texture": "#0"}
			}
		},
		{
			"from": [-4.5, 8.7, 5.2],
			"to": [-2.5, 14.3, 10.8],
			"faces": {
				"north": {"uv": [0, 0, 2, 5.6], "texture": "#1"},
				"east": {"uv": [0, 0, 5.6, 5.6], "texture": "#1"},
				"south": {"uv": [0, 0, 2, 5.6], "texture": "#1"},
				"west": {"uv": [0, 0, 5.6, 5.6], "texture": "#1"},
				"up": {"uv": [0, 0, 2, 5.6], "texture": "#1"},
				"down": {"uv": [0, 0, 2, 5.6], "texture": "#1"}
			}
		},
		{
			"from": [5.49955, 10.07497, 21.51938],
			"to": [6.49955, 10.47497, 22.81938],
			"rotation": {"angle": -45, "axis": "x", "origin": [7.99955, -9.42503, 8.31938]},
			"faces": {
				"north": {"uv": [0, 0, 1, 0.4], "rotation": 180, "texture": "#1"},
				"east": {"uv": [0, 0, 0.4, 1.3], "rotation": 90, "texture": "#1"},
				"south": {"uv": [0, 0, 1, 0.4], "texture": "#1"},
				"west": {"uv": [0, 0, 0.4, 1.3], "rotation": 270, "texture": "#1"},
				"up": {"uv": [0, 0, 1, 1.3], "texture": "#1"},
				"down": {"uv": [0, 0, 1, 1.3], "rotation": 180, "texture": "#1"}
			}
		},
		{
			"from": [9.49955, 10.17497, 21.51938],
			"to": [10.49955, 10.47497, 22.81938],
			"rotation": {"angle": -45, "axis": "x", "origin": [7.99955, -9.42503, 8.31938]},
			"faces": {
				"north": {"uv": [0, 0, 1, 0.3], "rotation": 180, "texture": "#1"},
				"east": {"uv": [0, 0, 0.3, 1.3], "rotation": 90, "texture": "#1"},
				"south": {"uv": [0, 0, 1, 0.3], "texture": "#1"},
				"west": {"uv": [0, 0, 0.3, 1.3], "rotation": 270, "texture": "#1"},
				"up": {"uv": [0, 0, 1, 1.3], "texture": "#1"},
				"down": {"uv": [0, 0, 1, 1.3], "rotation": 180, "texture": "#1"}
			}
		},
		{
			"from": [3.5, 2, 4.5],
			"to": [12.5, 14, 11.5],
			"faces": {
				"north": {"uv": [0, 0, 8, 12], "texture": "#2"},
				"east": {"uv": [8, 4, 16, 16], "texture": "#2"},
				"south": {"uv": [0, 0, 8, 12], "texture": "#2"},
				"west": {"uv": [8, 4, 16, 16], "texture": "#2"},
				"up": {"uv": [0, 9, 8, 16], "texture": "#2"},
				"down": {"uv": [0, 9, 8, 16], "texture": "#2"}
			}
		},
		{
			"from": [4.5, 0, 5.5],
			"to": [11.5, 2, 10.5],
			"faces": {
				"north": {"uv": [0, 10, 8, 12], "texture": "#2"},
				"east": {"uv": [0, 10, 8, 12], "texture": "#2"},
				"south": {"uv": [0, 10, 8, 12], "texture": "#2"},
				"west": {"uv": [0, 10, 8, 12], "texture": "#2"},
				"up": {"uv": [0, 10, 8, 12], "texture": "#2"},
				"down": {"uv": [0, 10, 8, 12], "texture": "#2"}
			}
		},
		{
			"from": [5.5, -2, 6.5],
			"to": [10.5, 0, 9.5],
			"faces": {
				"north": {"uv": [0, 14, 8, 16], "texture": "#2"},
				"east": {"uv": [0, 14, 8, 16], "texture": "#2"},
				"south": {"uv": [0, 14, 8, 16], "texture": "#2"},
				"west": {"uv": [0, 14, 8, 16], "texture": "#2"},
				"up": {"uv": [0, 14, 8, 16], "texture": "#2"},
				"down": {"uv": [0, 14, 8, 16], "texture": "#2"}
			}
		},
		{
			"name": "Neck",
			"from": [7.5, 14, 7.5],
			"to": [8.5, 17, 8.5],
			"faces": {
				"north": {"uv": [0, 0, 1, 3], "texture": "#3"},
				"east": {"uv": [0, 0, 1, 3], "texture": "#3"},
				"south": {"uv": [0, 0, 1, 3], "texture": "#3"},
				"west": {"uv": [0, 0, 1, 3], "texture": "#3"},
				"up": {"uv": [0, 0, 1, 3], "texture": "#3"},
				"down": {"uv": [0, 0, 1, 3], "texture": "#3"}
			}
		},
		{
			"name": "Neck",
			"from": [5.5, 17, 5.5],
			"to": [10.5, 18, 10.5],
			"faces": {
				"north": {"uv": [0, 9, 3, 12], "texture": "#2"},
				"east": {"uv": [0, 9, 3, 12], "texture": "#2"},
				"south": {"uv": [0, 9, 3, 12], "texture": "#2"},
				"west": {"uv": [0, 9, 3, 12], "texture": "#2"},
				"up": {"uv": [0, 9, 3, 12], "texture": "#2"},
				"down": {"uv": [0, 9, 3, 12], "texture": "#2"}
			}
		},
		{
			"name": "Neck",
			"from": [4.5, 18, 4.5],
			"to": [11.5, 24, 11.5],
			"faces": {
				"north": {"uv": [0, 9, 4, 12], "texture": "#2"},
				"east": {"uv": [0, 9, 4, 12], "texture": "#2"},
				"south": {"uv": [0, 9, 4, 12], "texture": "#2"},
				"west": {"uv": [0, 9, 4, 12], "texture": "#2"},
				"up": {"uv": [0, 9, 4, 12], "texture": "#2"},
				"down": {"uv": [0, 9, 4, 12], "texture": "#2"}
			}
		},
		{
			"name": "Neck",
			"from": [6.5, 16, 6.5],
			"to": [9.5, 17, 9.5],
			"faces": {
				"north": {"uv": [0, 0, 3, 1], "texture": "#2"},
				"east": {"uv": [0, 0, 3, 1], "texture": "#2"},
				"south": {"uv": [0, 0, 3, 1], "texture": "#2"},
				"west": {"uv": [0, 0, 3, 1], "texture": "#2"},
				"up": {"uv": [0, 0, 3, 1], "texture": "#2"},
				"down": {"uv": [0, 0, 3, 1], "texture": "#2"}
			}
		},
		{
			"name": "Neck",
			"from": [9.5, 21, 4.4],
			"to": [10.5, 22, 4.5],
			"faces": {
				"north": {"uv": [0, 2, 2, 4], "texture": "#6"},
				"east": {"uv": [0, 2, 2, 4], "texture": "#6"},
				"south": {"uv": [0, 2, 2, 4], "texture": "#6"},
				"west": {"uv": [0, 2, 2, 4], "texture": "#6"},
				"up": {"uv": [0, 2, 2, 4], "texture": "#6"},
				"down": {"uv": [0, 2, 2, 4], "texture": "#6"}
			}
		},
		{
			"name": "Neck",
			"from": [5.5, 21, 4.4],
			"to": [6.5, 22, 4.5],
			"faces": {
				"north": {"uv": [0, 2, 2, 4], "texture": "#6"},
				"east": {"uv": [0, 2, 2, 4], "texture": "#6"},
				"south": {"uv": [0, 2, 2, 4], "texture": "#6"},
				"west": {"uv": [0, 2, 2, 4], "texture": "#6"},
				"up": {"uv": [0, 2, 2, 4], "texture": "#6"},
				"down": {"uv": [0, 2, 2, 4], "texture": "#6"}
			}
		},
		{
			"name": "Neck",
			"from": [5.5, 19, 4.4],
			"to": [6.5, 20, 4.5],
			"faces": {
				"north": {"uv": [0, 2, 2, 4], "texture": "#6"},
				"east": {"uv": [0, 2, 2, 4], "texture": "#6"},
				"south": {"uv": [0, 2, 2, 4], "texture": "#6"},
				"west": {"uv": [0, 2, 2, 4], "texture": "#6"},
				"up": {"uv": [0, 2, 2, 4], "texture": "#6"},
				"down": {"uv": [0, 2, 2, 4], "texture": "#6"}
			}
		},
		{
			"name": "Neck",
			"from": [6.5, 18, 4.4],
			"to": [9.5, 19, 4.5],
			"faces": {
				"north": {"uv": [0, 2, 2, 4], "texture": "#6"},
				"east": {"uv": [0, 2, 2, 4], "texture": "#6"},
				"south": {"uv": [0, 2, 2, 4], "texture": "#6"},
				"west": {"uv": [0, 2, 2, 4], "texture": "#6"},
				"up": {"uv": [0, 2, 2, 4], "texture": "#6"},
				"down": {"uv": [0, 2, 2, 4], "texture": "#6"}
			}
		},
		{
			"name": "Neck",
			"from": [9.5, 19, 4.4],
			"to": [10.5, 20, 4.5],
			"faces": {
				"north": {"uv": [0, 2, 2, 4], "texture": "#6"},
				"east": {"uv": [0, 2, 2, 4], "texture": "#6"},
				"south": {"uv": [0, 2, 2, 4], "texture": "#6"},
				"west": {"uv": [0, 2, 2, 4], "texture": "#6"},
				"up": {"uv": [0, 2, 2, 4], "texture": "#6"},
				"down": {"uv": [0, 2, 2, 4], "texture": "#6"}
			}
		},
		{
			"name": "Neck",
			"from": [13.5, 20, -8.5],
			"to": [16.5, 20, -7.5],
			"rotation": {"angle": 22.5, "axis": "x", "origin": [8, -9, 8]},
			"faces": {
				"north": {"uv": [0, 0, 3, 0], "texture": "#4"},
				"east": {"uv": [0, 0, 1, 0], "texture": "#4"},
				"south": {"uv": [0, 0, 3, 0], "texture": "#4"},
				"west": {"uv": [0, 0, 1, 0], "texture": "#4"},
				"up": {"uv": [0, 0, 3, 1], "texture": "#4"},
				"down": {"uv": [0, 0, 3, 1], "texture": "#4"}
			}
		},
		{
			"name": "Neck",
			"from": [13.5, 20, -10.5],
			"to": [15.5, 20, -8.5],
			"rotation": {"angle": 22.5, "axis": "x", "origin": [8, -9, 8]},
			"faces": {
				"north": {"uv": [0, 0, 2, 0], "texture": "#4"},
				"east": {"uv": [0, 0, 2, 0], "texture": "#4"},
				"south": {"uv": [0, 0, 2, 0], "texture": "#4"},
				"west": {"uv": [0, 0, 2, 0], "texture": "#4"},
				"up": {"uv": [0, 0, 2, 2], "texture": "#4"},
				"down": {"uv": [0, 0, 2, 2], "texture": "#4"}
			}
		},
		{
			"name": "Neck",
			"from": [12.5, 20, -11.5],
			"to": [13.5, 20, -7.5],
			"rotation": {"angle": 22.5, "axis": "x", "origin": [8, -9, 8]},
			"faces": {
				"north": {"uv": [0, 0, 1, 0], "texture": "#4"},
				"east": {"uv": [0, 0, 4, 0], "texture": "#4"},
				"south": {"uv": [0, 0, 1, 0], "texture": "#4"},
				"west": {"uv": [0, 0, 4, 0], "texture": "#4"},
				"up": {"uv": [0, 0, 1, 4], "texture": "#4"},
				"down": {"uv": [0, 0, 1, 4], "texture": "#4"}
			}
		},
		{
			"name": "Neck",
			"from": [3.5, 20, -12.5],
			"to": [12.5, 20, -6.5],
			"rotation": {"angle": 22.5, "axis": "x", "origin": [8, -9, 8]},
			"faces": {
				"north": {"uv": [0, 0, 9, 0], "texture": "#4"},
				"east": {"uv": [0, 0, 6, 0], "texture": "#4"},
				"south": {"uv": [0, 0, 9, 0], "texture": "#4"},
				"west": {"uv": [0, 0, 6, 0], "texture": "#4"},
				"up": {"uv": [0, 0, 9, 6], "texture": "#4"},
				"down": {"uv": [0, 0, 9, 6], "texture": "#4"}
			}
		},
		{
			"name": "Neck",
			"from": [2.5, 20, -11.5],
			"to": [3.5, 20, -7.5],
			"rotation": {"angle": 22.5, "axis": "x", "origin": [8, -9, 8]},
			"faces": {
				"north": {"uv": [0, 0, 1, 0], "texture": "#4"},
				"east": {"uv": [0, 0, 4, 0], "texture": "#4"},
				"south": {"uv": [0, 0, 1, 0], "texture": "#4"},
				"west": {"uv": [0, 0, 4, 0], "texture": "#4"},
				"up": {"uv": [0, 0, 1, 4], "texture": "#4"},
				"down": {"uv": [0, 0, 1, 4], "texture": "#4"}
			}
		},
		{
			"name": "Neck",
			"from": [0.5, 20, -10.5],
			"to": [2.5, 20, -8.5],
			"rotation": {"angle": 22.5, "axis": "x", "origin": [8, -9, 8]},
			"faces": {
				"north": {"uv": [0, 0, 2, 0], "texture": "#4"},
				"east": {"uv": [0, 0, 2, 0], "texture": "#4"},
				"south": {"uv": [0, 0, 2, 0], "texture": "#4"},
				"west": {"uv": [0, 0, 2, 0], "texture": "#4"},
				"up": {"uv": [0, 0, 2, 2], "texture": "#4"},
				"down": {"uv": [0, 0, 2, 2], "texture": "#4"}
			}
		},
		{
			"name": "Neck",
			"from": [-0.5, 20, -8.5],
			"to": [2.5, 20, -7.5],
			"rotation": {"angle": 22.5, "axis": "x", "origin": [8, -9, 8]},
			"faces": {
				"north": {"uv": [0, 0, 3, 0], "texture": "#4"},
				"east": {"uv": [0, 0, 1, 0], "texture": "#4"},
				"south": {"uv": [0, 0, 3, 0], "texture": "#4"},
				"west": {"uv": [0, 0, 1, 0], "texture": "#4"},
				"up": {"uv": [0, 0, 3, 1], "texture": "#4"},
				"down": {"uv": [0, 0, 3, 1], "texture": "#4"}
			}
		},
		{
			"name": "Neck",
			"from": [-1.5, 20, -7.5],
			"to": [4.5, 20, -0.5],
			"rotation": {"angle": 22.5, "axis": "x", "origin": [8, -9, 8]},
			"faces": {
				"north": {"uv": [0, 0, 6, 0], "texture": "#4"},
				"east": {"uv": [0, 0, 7, 0], "texture": "#4"},
				"south": {"uv": [0, 0, 6, 0], "texture": "#4"},
				"west": {"uv": [0, 0, 7, 0], "texture": "#4"},
				"up": {"uv": [0, 0, 6, 7], "texture": "#4"},
				"down": {"uv": [0, 0, 6, 7], "texture": "#4"}
			}
		},
		{
			"name": "Neck",
			"from": [-0.5, 20, -0.5],
			"to": [2.5, 20, 0.5],
			"rotation": {"angle": 22.5, "axis": "x", "origin": [8, -9, 8]},
			"faces": {
				"north": {"uv": [0, 0, 3, 0], "texture": "#4"},
				"east": {"uv": [0, 0, 1, 0], "texture": "#4"},
				"south": {"uv": [0, 0, 3, 0], "texture": "#4"},
				"west": {"uv": [0, 0, 1, 0], "texture": "#4"},
				"up": {"uv": [0, 0, 3, 1], "texture": "#4"},
				"down": {"uv": [0, 0, 3, 1], "texture": "#4"}
			}
		},
		{
			"name": "Neck",
			"from": [0.5, 20, 0.5],
			"to": [2.5, 20, 2.5],
			"rotation": {"angle": 22.5, "axis": "x", "origin": [8, -9, 8]},
			"faces": {
				"north": {"uv": [0, 0, 2, 0], "texture": "#4"},
				"east": {"uv": [0, 0, 2, 0], "texture": "#4"},
				"south": {"uv": [0, 0, 2, 0], "texture": "#4"},
				"west": {"uv": [0, 0, 2, 0], "texture": "#4"},
				"up": {"uv": [0, 0, 2, 2], "texture": "#4"},
				"down": {"uv": [0, 0, 2, 2], "texture": "#4"}
			}
		},
		{
			"name": "Neck",
			"from": [2.5, 20, -0.5],
			"to": [3.5, 20, 3.5],
			"rotation": {"angle": 22.5, "axis": "x", "origin": [8, -9, 8]},
			"faces": {
				"north": {"uv": [0, 0, 1, 0], "texture": "#4"},
				"east": {"uv": [0, 0, 4, 0], "texture": "#4"},
				"south": {"uv": [0, 0, 1, 0], "texture": "#4"},
				"west": {"uv": [0, 0, 4, 0], "texture": "#4"},
				"up": {"uv": [0, 0, 1, 4], "texture": "#4"},
				"down": {"uv": [0, 0, 1, 4], "texture": "#4"}
			}
		},
		{
			"name": "Neck",
			"from": [3.5, 20, -1.5],
			"to": [12.5, 20, 4.5],
			"rotation": {"angle": 22.5, "axis": "x", "origin": [8, -9, 8]},
			"faces": {
				"north": {"uv": [0, 0, 9, 0], "texture": "#4"},
				"east": {"uv": [0, 0, 6, 0], "texture": "#4"},
				"south": {"uv": [0, 0, 9, 0], "texture": "#4"},
				"west": {"uv": [0, 0, 6, 0], "texture": "#4"},
				"up": {"uv": [0, 0, 9, 6], "texture": "#4"},
				"down": {"uv": [0, 0, 9, 6], "texture": "#4"}
			}
		},
		{
			"name": "Neck",
			"from": [12.5, 20, -0.5],
			"to": [13.5, 20, 3.5],
			"rotation": {"angle": 22.5, "axis": "x", "origin": [8, -9, 8]},
			"faces": {
				"north": {"uv": [0, 0, 1, 0], "texture": "#4"},
				"east": {"uv": [0, 0, 4, 0], "texture": "#4"},
				"south": {"uv": [0, 0, 1, 0], "texture": "#4"},
				"west": {"uv": [0, 0, 4, 0], "texture": "#4"},
				"up": {"uv": [0, 0, 1, 4], "texture": "#4"},
				"down": {"uv": [0, 0, 1, 4], "texture": "#4"}
			}
		},
		{
			"name": "Neck",
			"from": [13.5, 20, 0.5],
			"to": [15.5, 20, 2.5],
			"rotation": {"angle": 22.5, "axis": "x", "origin": [8, -9, 8]},
			"faces": {
				"north": {"uv": [0, 0, 2, 0], "texture": "#4"},
				"east": {"uv": [0, 0, 2, 0], "texture": "#4"},
				"south": {"uv": [0, 0, 2, 0], "texture": "#4"},
				"west": {"uv": [0, 0, 2, 0], "texture": "#4"},
				"up": {"uv": [0, 0, 2, 2], "texture": "#4"},
				"down": {"uv": [0, 0, 2, 2], "texture": "#4"}
			}
		},
		{
			"name": "Neck",
			"from": [13.5, 20, -0.5],
			"to": [16.5, 20, 0.5],
			"rotation": {"angle": 22.5, "axis": "x", "origin": [8, -9, 8]},
			"faces": {
				"north": {"uv": [0, 0, 3, 0], "texture": "#4"},
				"east": {"uv": [0, 0, 1, 0], "texture": "#4"},
				"south": {"uv": [0, 0, 3, 0], "texture": "#4"},
				"west": {"uv": [0, 0, 1, 0], "texture": "#4"},
				"up": {"uv": [0, 0, 3, 1], "texture": "#4"},
				"down": {"uv": [0, 0, 3, 1], "texture": "#4"}
			}
		},
		{
			"name": "Neck",
			"from": [11.5, 20, -7.5],
			"to": [17.5, 20, -0.5],
			"rotation": {"angle": 22.5, "axis": "x", "origin": [8, -9, 8]},
			"faces": {
				"north": {"uv": [0, 0, 6, 0], "texture": "#4"},
				"east": {"uv": [0, 0, 7, 0], "texture": "#4"},
				"south": {"uv": [0, 0, 6, 0], "texture": "#4"},
				"west": {"uv": [0, 0, 7, 0], "texture": "#4"},
				"up": {"uv": [0, 0, 6, 7], "texture": "#4"},
				"down": {"uv": [0, 0, 6, 7], "texture": "#4"}
			}
		},
		{
			"name": "Neck",
			"from": [11.5, 20.2, -7.5],
			"to": [12.1, 22, -0.5],
			"rotation": {"angle": 22.5, "axis": "x", "origin": [8, -9, 8]},
			"faces": {
				"north": {"uv": [0, 0, 0.6, 1.8], "texture": "#5"},
				"east": {"uv": [0, 0, 7, 1.8], "texture": "#5"},
				"south": {"uv": [0, 0, 0.6, 1.8], "texture": "#5"},
				"west": {"uv": [0, 0, 7, 1.8], "texture": "#5"},
				"up": {"uv": [0, 0, 0.6, 7], "texture": "#5"},
				"down": {"uv": [0, 0, 0.6, 7], "texture": "#5"}
			}
		},
		{
			"name": "Neck",
			"from": [4.5, 20.2, -0.5],
			"to": [11.5, 22, 0.1],
			"rotation": {"angle": 22.5, "axis": "x", "origin": [8, -9, 8]},
			"faces": {
				"north": {"uv": [0, 0, 7, 1.8], "texture": "#5"},
				"east": {"uv": [0, 0, 0.6, 1.8], "texture": "#5"},
				"south": {"uv": [0, 0, 7, 1.8], "texture": "#5"},
				"west": {"uv": [0, 0, 0.6, 1.8], "texture": "#5"},
				"up": {"uv": [0, 0, 7, 0.6], "texture": "#5"},
				"down": {"uv": [0, 0, 7, 0.6], "texture": "#5"}
			}
		},
		{
			"name": "Neck",
			"from": [4.3, 22, -7.5],
			"to": [11.6, 24, -0.4],
			"rotation": {"angle": 22.5, "axis": "x", "origin": [8, -9, 8]},
			"faces": {
				"north": {"uv": [0, 0, 7.3, 2], "texture": "#4"},
				"east": {"uv": [0, 0, 7.1, 2], "texture": "#4"},
				"south": {"uv": [0, 0, 7.3, 2], "texture": "#4"},
				"west": {"uv": [0, 0, 7.1, 2], "texture": "#4"},
				"up": {"uv": [0, 0, 7.3, 7.1], "texture": "#4"},
				"down": {"uv": [0, 0, 7.3, 7.1], "texture": "#4"}
			}
		},
		{
			"name": "Neck",
			"from": [3.8, 20.2, -7.5],
			"to": [4.5, 22, -0.5],
			"rotation": {"angle": 22.5, "axis": "x", "origin": [8, -9, 8]},
			"faces": {
				"north": {"uv": [0, 0, 0.7, 1.8], "texture": "#5"},
				"east": {"uv": [0, 0, 7, 1.8], "texture": "#5"},
				"south": {"uv": [0, 0, 0.7, 1.8], "texture": "#5"},
				"west": {"uv": [0, 0, 7, 1.8], "texture": "#5"},
				"up": {"uv": [0, 0, 0.7, 7], "texture": "#5"},
				"down": {"uv": [0, 0, 0.7, 7], "texture": "#5"}
			}
		},
		{
			"name": "Neck",
			"from": [4.5, 20.2, -8],
			"to": [11.5, 22, -7.5],
			"rotation": {"angle": 22.5, "axis": "x", "origin": [8, -9, 8]},
			"faces": {
				"north": {"uv": [0, 0, 7, 1.8], "texture": "#5"},
				"east": {"uv": [0, 0, 0.5, 1.8], "texture": "#5"},
				"south": {"uv": [0, 0, 7, 1.8], "texture": "#5"},
				"west": {"uv": [0, 0, 0.5, 1.8], "texture": "#5"},
				"up": {"uv": [0, 0, 7, 0.5], "texture": "#5"},
				"down": {"uv": [0, 0, 7, 0.5], "texture": "#5"}
			}
		},
		{
			"name": "Neck",
			"from": [5.7, 13.4, 3.4],
			"to": [6.3, 14, 3.5],
			"faces": {
				"north": {"uv": [0, 2, 2, 4], "texture": "#6"},
				"east": {"uv": [0, 2, 2, 4], "texture": "#6"},
				"south": {"uv": [0, 2, 2, 4], "texture": "#6"},
				"west": {"uv": [0, 2, 2, 4], "texture": "#6"},
				"up": {"uv": [0, 2, 2, 4], "texture": "#6"},
				"down": {"uv": [0, 2, 2, 4], "texture": "#6"}
			}
		},
		{
			"name": "Neck",
			"from": [5.7, 10.4, 3.4],
			"to": [6.3, 11, 3.5],
			"faces": {
				"north": {"uv": [0, 2, 2, 4], "texture": "#6"},
				"east": {"uv": [0, 2, 2, 4], "texture": "#6"},
				"south": {"uv": [0, 2, 2, 4], "texture": "#6"},
				"west": {"uv": [0, 2, 2, 4], "texture": "#6"},
				"up": {"uv": [0, 2, 2, 4], "texture": "#6"},
				"down": {"uv": [0, 2, 2, 4], "texture": "#6"}
			}
		},
		{
			"name": "Neck",
			"from": [5.7, 7.4, 3.4],
			"to": [6.3, 8, 3.5],
			"faces": {
				"north": {"uv": [0, 2, 2, 4], "texture": "#6"},
				"east": {"uv": [0, 2, 2, 4], "texture": "#6"},
				"south": {"uv": [0, 2, 2, 4], "texture": "#6"},
				"west": {"uv": [0, 2, 2, 4], "texture": "#6"},
				"up": {"uv": [0, 2, 2, 4], "texture": "#6"},
				"down": {"uv": [0, 2, 2, 4], "texture": "#6"}
			}
		},
		{
			"name": "Neck",
			"from": [5.7, 4.4, 3.4],
			"to": [6.3, 5, 3.5],
			"faces": {
				"north": {"uv": [0, 2, 2, 4], "texture": "#6"},
				"east": {"uv": [0, 2, 2, 4], "texture": "#6"},
				"south": {"uv": [0, 2, 2, 4], "texture": "#6"},
				"west": {"uv": [0, 2, 2, 4], "texture": "#6"},
				"up": {"uv": [0, 2, 2, 4], "texture": "#6"},
				"down": {"uv": [0, 2, 2, 4], "texture": "#6"}
			}
		},
		{
			"name": "Neck",
			"from": [5.7, 1.4, 3.4],
			"to": [6.3, 2, 3.5],
			"faces": {
				"north": {"uv": [0, 2, 2, 4], "texture": "#6"},
				"east": {"uv": [0, 2, 2, 4], "texture": "#6"},
				"south": {"uv": [0, 2, 2, 4], "texture": "#6"},
				"west": {"uv": [0, 2, 2, 4], "texture": "#6"},
				"up": {"uv": [0, 2, 2, 4], "texture": "#6"},
				"down": {"uv": [0, 2, 2, 4], "texture": "#6"}
			}
		},
		{
			"name": "Neck",
			"from": [5.7, -1.6, 3.4],
			"to": [6.3, -1, 3.5],
			"faces": {
				"north": {"uv": [0, 2, 2, 4], "texture": "#6"},
				"east": {"uv": [0, 2, 2, 4], "texture": "#6"},
				"south": {"uv": [0, 2, 2, 4], "texture": "#6"},
				"west": {"uv": [0, 2, 2, 4], "texture": "#6"},
				"up": {"uv": [0, 2, 2, 4], "texture": "#6"},
				"down": {"uv": [0, 2, 2, 4], "texture": "#6"}
			}
		}
	],
	"display": {
		"thirdperson_righthand": {
			"rotation": [75, 45, 0],
			"translation": [0, 2.5, 0],
			"scale": [0.375, 0.375, 0.375]
		},
		"thirdperson_lefthand": {
			"rotation": [75, 45, 0],
			"translation": [0, 2.5, 0],
			"scale": [0.375, 0.375, 0.375]
		},
		"firstperson_righthand": {
			"rotation": [0, 45, 0],
			"scale": [0.4, 0.4, 0.4]
		},
		"firstperson_lefthand": {
			"rotation": [0, 45, 0],
			"scale": [0.4, 0.4, 0.4]
		},
		"ground": {
			"translation": [0, 7.75, 0],
			"scale": [0.5, 0.5, 0.5]
		},
		"gui": {
			"rotation": [30, 225, 0],
			"translation": [0, 1, 0],
			"scale": [0.4, 0.4, 0.4]
		},
		"head": {
			"translation": [0, 18.25, 0],
			"scale": [0.5, 0.5, 0.5]
		},
		"fixed": {
			"rotation": [-90, 0, 0],
			"translation": [0, 0, -42.5],
			"scale": [1.8, 1.8, 1.8]
		}
	},
	"groups": [0,
		{
			"name": "Arms",
			"children": [1, 2]
		},
		{
			"name": "Flannel",
			"children": [3, 4, 5, 6, 7, 8, 9, 10, 11, 12, 13, 14, 15, 16, 17, 18, 19, 20, 21, 22, 23, 24, 25]
		},
		{
			"name": "body",
			"children": [26, 27, 28, 29]
		},
		{
			"name": "Head",
			"children": [30, 31, 32, 33, 34, 35, 36, 37]
		},
		{
			"name": "sunhat",
			"children": [38, 39, 40, 41, 42, 43, 44, 45, 46, 47, 48, 49, 50, 51, 52, 53, 54, 55, 56, 57, 58]
		},
		{
			"name": "buttons",
			"children": [59, 60, 61, 62, 63, 64]
		}
	]
}