{
	"credit": "Made with Blockbench",
	"textures": {
		"0": "block/MizunoArchive/jungle_log",
		"1": "block/MizunoArchive/stripped_jungle_log",
		"particle": "block/MizunoArchive/jungle_log"
	},
	"elements": [
		{
			"from": [0, 30, 14],
			"to": [16, 32, 16],
			"rotation": {"angle": 0, "axis": "y", "origin": [8, 38, 22]},
			"faces": {
				"north": {"uv": [4, 0, 6, 16], "rotation": 90, "texture": "#0"},
				"east": {"uv": [4, 0, 6, 2], "rotation": 90, "texture": "#0"},
				"south": {"uv": [4, 0, 6, 13], "rotation": 90, "texture": "#0"},
				"west": {"uv": [4, 0, 6, 2], "rotation": 90, "texture": "#0"},
				"up": {"uv": [4, 0, 6, 13], "rotation": 90, "texture": "#0"},
				"down": {"uv": [4, 0, 6, 13], "rotation": 90, "texture": "#0"}
			}
		},
		{
			"from": [0, 16, 14],
			"to": [2, 30, 16],
			"rotation": {"angle": 0, "axis": "y", "origin": [8, 24, 22]},
			"faces": {
				"north": {"uv": [4, 0, 6, 13], "texture": "#0"},
				"east": {"uv": [4, 0, 6, 13], "texture": "#0"},
				"south": {"uv": [4, 0, 6, 13], "texture": "#0"},
				"west": {"uv": [4, 0, 6, 13], "texture": "#0"},
				"up": {"uv": [4, 0, 6, 13], "texture": "#0"},
				"down": {"uv": [4, 0, 6, 13], "texture": "#0"}
			}
		},
		{
			"from": [0, 2, 14],
			"to": [2, 16, 16],
			"rotation": {"angle": 0, "axis": "y", "origin": [8, 10, 22]},
			"faces": {
				"north": {"uv": [4, 0, 6, 13], "texture": "#0"},
				"east": {"uv": [4, 0, 6, 13], "texture": "#0"},
				"south": {"uv": [4, 0, 6, 13], "texture": "#0"},
				"west": {"uv": [4, 0, 6, 13], "texture": "#0"},
				"up": {"uv": [4, 0, 6, 13], "texture": "#0"},
				"down": {"uv": [4, 0, 6, 13], "texture": "#0"}
			}
		},
		{
			"from": [0, 0, 14],
			"to": [16, 2, 16],
			"rotation": {"angle": 0, "axis": "y", "origin": [8, 8, 22]},
			"faces": {
				"north": {"uv": [4, 0, 6, 13], "rotation": 90, "texture": "#0"},
				"east": {"uv": [4, 0, 6, 2], "rotation": 90, "texture": "#0"},
				"south": {"uv": [4, 0, 6, 13], "rotation": 90, "texture": "#0"},
				"west": {"uv": [4, 0, 6, 2], "rotation": 90, "texture": "#0"},
				"up": {"uv": [4, 0, 6, 13], "rotation": 90, "texture": "#0"},
				"down": {"uv": [4, 0, 6, 13], "rotation": 90, "texture": "#0"}
			}
		},
		{
			"from": [14, 2, 14],
			"to": [16, 16, 16],
			"rotation": {"angle": 0, "axis": "y", "origin": [22, 10, 22]},
			"faces": {
				"north": {"uv": [4, 0, 6, 13], "texture": "#0"},
				"east": {"uv": [4, 0, 6, 13], "texture": "#0"},
				"south": {"uv": [4, 0, 6, 13], "texture": "#0"},
				"west": {"uv": [4, 0, 6, 13], "texture": "#0"},
				"up": {"uv": [4, 0, 6, 13], "texture": "#0"},
				"down": {"uv": [4, 0, 6, 13], "texture": "#0"}
			}
		},
		{
			"from": [2, 15, 14],
			"to": [14, 17, 16],
			"rotation": {"angle": 0, "axis": "y", "origin": [8, 23, 22]},
			"faces": {
				"north": {"uv": [4, 0, 6, 12], "rotation": 90, "texture": "#0"},
				"east": {"uv": [4, 0, 6, 12], "rotation": 90, "texture": "#0"},
				"south": {"uv": [4, 0, 6, 12], "rotation": 90, "texture": "#0"},
				"west": {"uv": [4, 0, 6, 12], "rotation": 90, "texture": "#0"},
				"up": {"uv": [4, 0, 6, 12], "rotation": 90, "texture": "#0"},
				"down": {"uv": [4, 0, 6, 12], "rotation": 90, "texture": "#0"}
			}
		},
		{
			"from": [14, 16, 14],
			"to": [16, 30, 16],
			"rotation": {"angle": 0, "axis": "y", "origin": [22, 24, 22]},
			"faces": {
				"north": {"uv": [4, 0, 6, 13], "texture": "#0"},
				"east": {"uv": [4, 0, 6, 13], "texture": "#0"},
				"south": {"uv": [4, 0, 6, 13], "texture": "#0"},
				"west": {"uv": [4, 0, 6, 13], "texture": "#0"},
				"up": {"uv": [4, 0, 6, 13], "texture": "#0"},
				"down": {"uv": [4, 0, 6, 13], "texture": "#0"}
			}
		},
		{
			"from": [2, 13.25, 16.75],
			"to": [14, 15.25, 17.25],
			"rotation": {"angle": 22.5, "axis": "x", "origin": [10, 21.25, 24.25]},
			"faces": {
				"north": {"uv": [6, 3, 8, 15], "rotation": 90, "texture": "#1"},
				"east": {"uv": [6, 3, 8, 15], "rotation": 90, "texture": "#1"},
				"south": {"uv": [6, 3, 8, 15], "rotation": 90, "texture": "#1"},
				"west": {"uv": [6, 3, 8, 15], "rotation": 90, "texture": "#1"},
				"up": {"uv": [6, 3, 8, 15], "rotation": 90, "texture": "#1"},
				"down": {"uv": [6, 3, 8, 15], "rotation": 90, "texture": "#1"}
			}
		},
		{
			"from": [2, -1.75, 16.75],
			"to": [14, 0.25, 17.25],
			"rotation": {"angle": 22.5, "axis": "x", "origin": [10, 6.25, 24.25]},
			"faces": {
				"north": {"uv": [8, 4, 10, 16], "rotation": 90, "texture": "#1"},
				"east": {"uv": [4, 4, 6, 16], "rotation": 90, "texture": "#1"},
				"south": {"uv": [4, 4, 6, 16], "rotation": 90, "texture": "#1"},
				"west": {"uv": [4, 4, 6, 16], "rotation": 90, "texture": "#1"},
				"up": {"uv": [4, 4, 6, 16], "rotation": 90, "texture": "#1"},
				"down": {"uv": [4, 4, 6, 16], "rotation": 90, "texture": "#1"}
			}
		},
		{
			"from": [2, 0.25, 16.75],
			"to": [14, 2.25, 17.25],
			"rotation": {"angle": 22.5, "axis": "x", "origin": [10, 8.25, 24.25]},
			"faces": {
				"north": {"uv": [12, 1, 14, 13], "rotation": 90, "texture": "#1"},
				"east": {"uv": [12, 1, 14, 13], "rotation": 90, "texture": "#1"},
				"south": {"uv": [12, 1, 14, 13], "rotation": 90, "texture": "#1"},
				"west": {"uv": [12, 1, 14, 13], "rotation": 90, "texture": "#1"},
				"up": {"uv": [12, 1, 14, 13], "rotation": 90, "texture": "#1"},
				"down": {"uv": [12, 1, 14, 13], "rotation": 90, "texture": "#1"}
			}
		},
		{
			"from": [2, 2.25, 16.75],
			"to": [14, 4.25, 17.25],
			"rotation": {"angle": 22.5, "axis": "x", "origin": [10, 10.25, 24.25]},
			"faces": {
				"north": {"uv": [6, 3, 8, 15], "rotation": 90, "texture": "#1"},
				"east": {"uv": [6, 3, 8, 15], "rotation": 90, "texture": "#1"},
				"south": {"uv": [6, 3, 8, 15], "rotation": 90, "texture": "#1"},
				"west": {"uv": [6, 3, 8, 15], "rotation": 90, "texture": "#1"},
				"up": {"uv": [6, 3, 8, 15], "rotation": 90, "texture": "#1"},
				"down": {"uv": [6, 3, 8, 15], "rotation": 90, "texture": "#1"}
			}
		},
		{
			"from": [2, 4.25, 16.75],
			"to": [14, 6.25, 17.25],
			"rotation": {"angle": 22.5, "axis": "x", "origin": [10, 12.25, 24.25]},
			"faces": {
				"north": {"uv": [3, 4, 5, 16], "rotation": 90, "texture": "#1"},
				"east": {"uv": [5, 0, 7, 12], "rotation": 90, "texture": "#1"},
				"south": {"uv": [5, 0, 7, 12], "rotation": 90, "texture": "#1"},
				"west": {"uv": [5, 0, 7, 12], "rotation": 90, "texture": "#1"},
				"up": {"uv": [5, 0, 7, 12], "rotation": 90, "texture": "#1"},
				"down": {"uv": [5, 0, 7, 12], "rotation": 90, "texture": "#1"}
			}
		},
		{
			"from": [2, 6.25, 16.75],
			"to": [14, 8.25, 17.25],
			"rotation": {"angle": 22.5, "axis": "x", "origin": [10, 14.25, 24.25]},
			"faces": {
				"north": {"uv": [12, 1, 14, 13], "rotation": 90, "texture": "#1"},
				"east": {"uv": [12, 1, 14, 13], "rotation": 90, "texture": "#1"},
				"south": {"uv": [12, 1, 14, 13], "rotation": 90, "texture": "#1"},
				"west": {"uv": [12, 1, 14, 13], "rotation": 90, "texture": "#1"},
				"up": {"uv": [12, 1, 14, 13], "rotation": 90, "texture": "#1"},
				"down": {"uv": [12, 1, 14, 13], "rotation": 90, "texture": "#1"}
			}
		},
		{
			"from": [2, 8.25, 16.75],
			"to": [14, 10.25, 17.25],
			"rotation": {"angle": 22.5, "axis": "x", "origin": [10, 16.25, 24.25]},
			"faces": {
				"north": {"uv": [6, 3, 8, 15], "rotation": 90, "texture": "#1"},
				"east": {"uv": [6, 3, 8, 15], "rotation": 90, "texture": "#1"},
				"south": {"uv": [6, 3, 8, 15], "rotation": 90, "texture": "#1"},
				"west": {"uv": [6, 3, 8, 15], "rotation": 90, "texture": "#1"},
				"up": {"uv": [6, 3, 8, 15], "rotation": 90, "texture": "#1"},
				"down": {"uv": [6, 3, 8, 15], "rotation": 90, "texture": "#1"}
			}
		},
		{
			"from": [2, 10.25, 16.75],
			"to": [14, 12.25, 17.25],
			"rotation": {"angle": 22.5, "axis": "x", "origin": [10, 18.25, 24.25]},
			"faces": {
				"north": {"uv": [8, 4, 10, 16], "rotation": 90, "texture": "#1"},
				"east": {"uv": [5, 4, 7, 16], "rotation": 90, "texture": "#1"},
				"south": {"uv": [5, 4, 7, 16], "rotation": 90, "texture": "#1"},
				"west": {"uv": [5, 4, 7, 16], "rotation": 90, "texture": "#1"},
				"up": {"uv": [5, 4, 7, 16], "rotation": 90, "texture": "#1"},
				"down": {"uv": [5, 4, 7, 16], "rotation": 90, "texture": "#1"}
			}
		},
		{
			"from": [2, 25.25, 16.75],
			"to": [14, 27.25, 17.25],
			"rotation": {"angle": 22.5, "axis": "x", "origin": [10, 33.25, 24.25]},
			"faces": {
				"north": {"uv": [7, 3, 9, 15], "rotation": 90, "texture": "#1"},
				"east": {"uv": [7, 3, 9, 15], "rotation": 90, "texture": "#1"},
				"south": {"uv": [7, 3, 9, 15], "rotation": 90, "texture": "#1"},
				"west": {"uv": [7, 3, 9, 15], "rotation": 90, "texture": "#1"},
				"up": {"uv": [7, 3, 9, 15], "rotation": 90, "texture": "#1"},
				"down": {"uv": [7, 3, 9, 15], "rotation": 90, "texture": "#1"}
			}
		},
		{
			"from": [2, 23.25, 16.75],
			"to": [14, 25.25, 17.25],
			"rotation": {"angle": 22.5, "axis": "x", "origin": [10, 31.25, 24.25]},
			"faces": {
				"north": {"uv": [8, 4, 10, 16], "rotation": 90, "texture": "#1"},
				"east": {"uv": [4, 0, 6, 12], "rotation": 90, "texture": "#1"},
				"south": {"uv": [4, 0, 6, 12], "rotation": 90, "texture": "#1"},
				"west": {"uv": [4, 0, 6, 12], "rotation": 90, "texture": "#1"},
				"up": {"uv": [4, 0, 6, 12], "rotation": 90, "texture": "#1"},
				"down": {"uv": [4, 0, 6, 12], "rotation": 90, "texture": "#1"}
			}
		},
		{
			"from": [2, 21.25, 16.75],
			"to": [14, 23.25, 17.25],
			"rotation": {"angle": 22.5, "axis": "x", "origin": [10, 29.25, 24.25]},
			"faces": {
				"north": {"uv": [3, 4, 5, 16], "rotation": 90, "texture": "#1"},
				"east": {"uv": [6, 3, 8, 15], "rotation": 90, "texture": "#1"},
				"south": {"uv": [6, 3, 8, 15], "rotation": 90, "texture": "#1"},
				"west": {"uv": [6, 3, 8, 15], "rotation": 90, "texture": "#1"},
				"up": {"uv": [6, 3, 8, 15], "rotation": 90, "texture": "#1"},
				"down": {"uv": [6, 3, 8, 15], "rotation": 90, "texture": "#1"}
			}
		},
		{
			"from": [2, 19.25, 16.75],
			"to": [14, 21.25, 17.25],
			"rotation": {"angle": 22.5, "axis": "x", "origin": [10, 27.25, 24.25]},
			"faces": {
				"north": {"uv": [12, 1, 14, 13], "rotation": 90, "texture": "#1"},
				"east": {"uv": [12, 1, 14, 13], "rotation": 90, "texture": "#1"},
				"south": {"uv": [12, 1, 14, 13], "rotation": 90, "texture": "#1"},
				"west": {"uv": [12, 1, 14, 13], "rotation": 90, "texture": "#1"},
				"up": {"uv": [12, 1, 14, 13], "rotation": 90, "texture": "#1"},
				"down": {"uv": [12, 1, 14, 13], "rotation": 90, "texture": "#1"}
			}
		},
		{
			"from": [2, 17.25, 16.75],
			"to": [14, 19.25, 17.25],
			"rotation": {"angle": 22.5, "axis": "x", "origin": [10, 25.25, 24.25]},
			"faces": {
				"north": {"uv": [8, 4, 10, 16], "rotation": 90, "texture": "#1"},
				"east": {"uv": [4, 1, 6, 13], "rotation": 90, "texture": "#1"},
				"south": {"uv": [4, 1, 6, 13], "rotation": 90, "texture": "#1"},
				"west": {"uv": [4, 1, 6, 13], "rotation": 90, "texture": "#1"},
				"up": {"uv": [4, 1, 6, 13], "rotation": 90, "texture": "#1"},
				"down": {"uv": [4, 1, 6, 13], "rotation": 90, "texture": "#1"}
			}
		},
		{
			"from": [2, 15.25, 16.75],
			"to": [14, 17.25, 17.25],
			"rotation": {"angle": 22.5, "axis": "x", "origin": [10, 23.25, 24.25]},
			"faces": {
				"north": {"uv": [12, 1, 14, 13], "rotation": 90, "texture": "#1"},
				"east": {"uv": [12, 1, 14, 13], "rotation": 90, "texture": "#1"},
				"south": {"uv": [12, 1, 14, 13], "rotation": 90, "texture": "#1"},
				"west": {"uv": [12, 1, 14, 13], "rotation": 90, "texture": "#1"},
				"up": {"uv": [12, 1, 14, 13], "rotation": 90, "texture": "#1"},
				"down": {"uv": [12, 1, 14, 13], "rotation": 90, "texture": "#1"}
			}
		}
	],
	"display": {
		"thirdperson_righthand": {
			"rotation": [75, 45, 0],
			"translation": [0, 2.5, -3.5],
			"scale": [0.375, 0.375, 0.375]
		},
		"thirdperson_lefthand": {
			"rotation": [75, 45, 0],
			"translation": [0, 2.5, -3.5],
			"scale": [0.375, 0.375, 0.375]
		},
		"firstperson_righthand": {
			"rotation": [0, 122, 0],
			"translation": [0.5, 0.75, 0],
			"scale": [0.3, 0.3, 0.3]
		},
		"firstperson_lefthand": {
			"rotation": [0, 122, 0],
			"translation": [0.5, 0.75, 0],
			"scale": [0.3, 0.3, 0.3]
		},
		"ground": {
			"translation": [0, -0.5, 0],
			"scale": [0.4, 0.4, 0.4]
		},
		"gui": {
			"rotation": [30, 225, 0],
			"translation": [1.5, -3.25, 0],
			"scale": [0.4, 0.4, 0.4]
		},
		"head": {
			"translation": [0, -31.25, -1.75]
		},
		"fixed": {
			"translation": [0, 0, -15],
			"scale": [2, 2, 2]
		}
	},
	"groups": [
		{
			"name": "Frame",
			"origin": [22, 24, 22],
			"children": [0, 1, 2, 3, 4, 5, 6]
		},
		{
			"name": "Slats",
			"origin": [10, 23.25, 24.25],
			"children": [7, 8, 9, 10, 11, 12, 13, 14, 15, 16, 17, 18, 19, 20]
		}
	]
}