{
	"credit": "Made with Blockbench",
	"textures": {
		"0": "block/MizunoArchive/blue_wool",
		"particle": "block/MizunoArchive/blue_wool"
	},
	"elements": [
		{
			"from": [0, 0, 14],
			"to": [16, 2, 16],
			"rotation": {"angle": 0, "axis": "y", "origin": [8, 8, 22]},
			"faces": {
				"north": {"uv": [0, 3, 16, 5], "texture": "#0"},
				"east": {"uv": [0, 3, 16, 4], "texture": "#0"},
				"south": {"uv": [0, 3, 16, 4], "texture": "#0"},
				"west": {"uv": [0, 3, 16, 4], "texture": "#0"},
				"up": {"uv": [0, 3, 16, 4], "texture": "#0"},
				"down": {"uv": [0, 3, 16, 4], "texture": "#0"}
			}
		},
		{
			"from": [2, 15, 14],
			"to": [14, 17, 16],
			"rotation": {"angle": 0, "axis": "y", "origin": [8, 23, 22]},
			"faces": {
				"north": {"uv": [0, 3, 12, 5], "texture": "#0"},
				"east": {"uv": [0, 3, 12, 4], "texture": "#0"},
				"south": {"uv": [0, 3, 12, 4], "texture": "#0"},
				"west": {"uv": [0, 3, 12, 4], "texture": "#0"},
				"up": {"uv": [0, 3, 12, 4], "texture": "#0"},
				"down": {"uv": [0, 3, 12, 4], "texture": "#0"}
			}
		},
		{
			"from": [0, 30, 14],
			"to": [16, 32, 16],
			"rotation": {"angle": 0, "axis": "y", "origin": [8, 38, 22]},
			"faces": {
				"north": {"uv": [0, 3, 16, 5], "texture": "#0"},
				"east": {"uv": [0, 3, 16, 4], "texture": "#0"},
				"south": {"uv": [0, 3, 16, 4], "texture": "#0"},
				"west": {"uv": [0, 3, 16, 4], "texture": "#0"},
				"up": {"uv": [0, 3, 16, 4], "texture": "#0"},
				"down": {"uv": [0, 3, 16, 4], "texture": "#0"}
			}
		},
		{
			"from": [0, 2, 14],
			"to": [2, 16, 16],
			"rotation": {"angle": 0, "axis": "y", "origin": [8, 10, 22]},
			"faces": {
				"north": {"uv": [0, 3, 14, 5], "rotation": 90, "texture": "#0"},
				"east": {"uv": [0, 3, 16, 4], "rotation": 90, "texture": "#0"},
				"south": {"uv": [0, 3, 16, 4], "rotation": 90, "texture": "#0"},
				"west": {"uv": [0, 3, 16, 4], "rotation": 90, "texture": "#0"},
				"up": {"uv": [0, 3, 16, 4], "rotation": 90, "texture": "#0"},
				"down": {"uv": [0, 3, 16, 4], "rotation": 90, "texture": "#0"}
			}
		},
		{
			"from": [14, 2, 14],
			"to": [16, 16, 16],
			"rotation": {"angle": 0, "axis": "y", "origin": [22, 10, 22]},
			"faces": {
				"north": {"uv": [0, 3, 14, 5], "rotation": 90, "texture": "#0"},
				"east": {"uv": [0, 3, 16, 4], "rotation": 90, "texture": "#0"},
				"south": {"uv": [0, 3, 16, 4], "rotation": 90, "texture": "#0"},
				"west": {"uv": [0, 3, 16, 4], "rotation": 90, "texture": "#0"},
				"up": {"uv": [0, 3, 16, 4], "rotation": 90, "texture": "#0"},
				"down": {"uv": [0, 3, 16, 4], "rotation": 90, "texture": "#0"}
			}
		},
		{
			"from": [0, 16, 14],
			"to": [2, 30, 16],
			"rotation": {"angle": 0, "axis": "y", "origin": [8, 24, 22]},
			"faces": {
				"north": {"uv": [0, 3, 14, 5], "rotation": 90, "texture": "#0"},
				"east": {"uv": [0, 3, 16, 4], "rotation": 90, "texture": "#0"},
				"south": {"uv": [0, 3, 16, 4], "rotation": 90, "texture": "#0"},
				"west": {"uv": [0, 3, 16, 4], "rotation": 90, "texture": "#0"},
				"up": {"uv": [0, 3, 16, 4], "rotation": 90, "texture": "#0"},
				"down": {"uv": [0, 3, 16, 4], "rotation": 90, "texture": "#0"}
			}
		},
		{
			"from": [14, 16, 14],
			"to": [16, 30, 16],
			"rotation": {"angle": 0, "axis": "y", "origin": [22, 24, 22]},
			"faces": {
				"north": {"uv": [0, 3, 14, 5], "rotation": 90, "texture": "#0"},
				"east": {"uv": [0, 3, 16, 4], "rotation": 90, "texture": "#0"},
				"south": {"uv": [0, 3, 16, 4], "rotation": 90, "texture": "#0"},
				"west": {"uv": [0, 3, 16, 4], "rotation": 90, "texture": "#0"},
				"up": {"uv": [0, 3, 16, 4], "rotation": 90, "texture": "#0"},
				"down": {"uv": [0, 3, 16, 4], "rotation": 90, "texture": "#0"}
			}
		},
		{
			"from": [2, -1.75, 16.75],
			"to": [14, 0.25, 17.25],
			"rotation": {"angle": 22.5, "axis": "x", "origin": [10, 6.25, 24.25]},
			"faces": {
				"north": {"uv": [0, 12, 12, 14], "texture": "#0"},
				"east": {"uv": [0, 12, 12, 14], "texture": "#0"},
				"south": {"uv": [0, 12, 12, 14], "texture": "#0"},
				"west": {"uv": [0, 12, 12, 14], "texture": "#0"},
				"up": {"uv": [0, 12, 12, 14], "texture": "#0"},
				"down": {"uv": [0, 12, 12, 14], "texture": "#0"}
			}
		},
		{
			"from": [2, 0.25, 16.75],
			"to": [14, 2.25, 17.25],
			"rotation": {"angle": 22.5, "axis": "x", "origin": [10, 8.25, 24.25]},
			"faces": {
				"north": {"uv": [0, 12, 12, 14], "texture": "#0"},
				"east": {"uv": [0, 12, 12, 14], "texture": "#0"},
				"south": {"uv": [0, 12, 12, 14], "texture": "#0"},
				"west": {"uv": [0, 12, 12, 14], "texture": "#0"},
				"up": {"uv": [0, 12, 12, 14], "texture": "#0"},
				"down": {"uv": [0, 12, 12, 14], "texture": "#0"}
			}
		},
		{
			"from": [2, 2.25, 16.75],
			"to": [14, 4.25, 17.25],
			"rotation": {"angle": 22.5, "axis": "x", "origin": [10, 10.25, 24.25]},
			"faces": {
				"north": {"uv": [4, 12, 16, 14], "texture": "#0"},
				"east": {"uv": [4, 12, 16, 14], "texture": "#0"},
				"south": {"uv": [4, 12, 16, 14], "texture": "#0"},
				"west": {"uv": [4, 12, 16, 14], "texture": "#0"},
				"up": {"uv": [4, 12, 16, 14], "texture": "#0"},
				"down": {"uv": [4, 12, 16, 14], "texture": "#0"}
			}
		},
		{
			"from": [2, 4.25, 16.75],
			"to": [14, 6.25, 17.25],
			"rotation": {"angle": 22.5, "axis": "x", "origin": [10, 12.25, 24.25]},
			"faces": {
				"north": {"uv": [4, 4, 16, 6], "texture": "#0"},
				"east": {"uv": [4, 4, 16, 6], "texture": "#0"},
				"south": {"uv": [4, 4, 16, 6], "texture": "#0"},
				"west": {"uv": [4, 4, 16, 6], "texture": "#0"},
				"up": {"uv": [4, 4, 16, 6], "texture": "#0"},
				"down": {"uv": [4, 4, 16, 6], "texture": "#0"}
			}
		},
		{
			"from": [2, 6.25, 16.75],
			"to": [14, 8.25, 17.25],
			"rotation": {"angle": 22.5, "axis": "x", "origin": [10, 14.25, 24.25]},
			"faces": {
				"north": {"uv": [4, 12, 16, 14], "texture": "#0"},
				"east": {"uv": [4, 12, 16, 14], "texture": "#0"},
				"south": {"uv": [4, 12, 16, 14], "texture": "#0"},
				"west": {"uv": [4, 12, 16, 14], "texture": "#0"},
				"up": {"uv": [4, 12, 16, 14], "texture": "#0"},
				"down": {"uv": [4, 12, 16, 14], "texture": "#0"}
			}
		},
		{
			"from": [2, 8.25, 16.75],
			"to": [14, 10.25, 17.25],
			"rotation": {"angle": 22.5, "axis": "x", "origin": [10, 16.25, 24.25]},
			"faces": {
				"north": {"uv": [0, 12, 12, 14], "texture": "#0"},
				"east": {"uv": [0, 12, 12, 14], "texture": "#0"},
				"south": {"uv": [0, 12, 12, 14], "texture": "#0"},
				"west": {"uv": [0, 12, 12, 14], "texture": "#0"},
				"up": {"uv": [0, 12, 12, 14], "texture": "#0"},
				"down": {"uv": [0, 12, 12, 14], "texture": "#0"}
			}
		},
		{
			"from": [2, 10.25, 16.75],
			"to": [14, 12.25, 17.25],
			"rotation": {"angle": 22.5, "axis": "x", "origin": [10, 18.25, 24.25]},
			"faces": {
				"north": {"uv": [4, 4, 16, 6], "texture": "#0"},
				"east": {"uv": [4, 4, 16, 6], "texture": "#0"},
				"south": {"uv": [4, 4, 16, 6], "texture": "#0"},
				"west": {"uv": [4, 4, 16, 6], "texture": "#0"},
				"up": {"uv": [4, 4, 16, 6], "texture": "#0"},
				"down": {"uv": [4, 4, 16, 6], "texture": "#0"}
			}
		},
		{
			"from": [2, 25.25, 16.75],
			"to": [14, 27.25, 17.25],
			"rotation": {"angle": 22.5, "axis": "x", "origin": [10, 33.25, 24.25]},
			"faces": {
				"north": {"uv": [0, 12, 12, 14], "texture": "#0"},
				"east": {"uv": [0, 12, 12, 14], "texture": "#0"},
				"south": {"uv": [0, 12, 12, 14], "texture": "#0"},
				"west": {"uv": [0, 12, 12, 14], "texture": "#0"},
				"up": {"uv": [0, 12, 12, 14], "texture": "#0"},
				"down": {"uv": [0, 12, 12, 14], "texture": "#0"}
			}
		},
		{
			"from": [2, 23.25, 16.75],
			"to": [14, 25.25, 17.25],
			"rotation": {"angle": 22.5, "axis": "x", "origin": [10, 31.25, 24.25]},
			"faces": {
				"north": {"uv": [4, 12, 16, 14], "texture": "#0"},
				"east": {"uv": [4, 12, 16, 14], "texture": "#0"},
				"south": {"uv": [4, 12, 16, 14], "texture": "#0"},
				"west": {"uv": [4, 12, 16, 14], "texture": "#0"},
				"up": {"uv": [4, 12, 16, 14], "texture": "#0"},
				"down": {"uv": [4, 12, 16, 14], "texture": "#0"}
			}
		},
		{
			"from": [2, 21.25, 16.75],
			"to": [14, 23.25, 17.25],
			"rotation": {"angle": 22.5, "axis": "x", "origin": [10, 29.25, 24.25]},
			"faces": {
				"north": {"uv": [4, 4, 16, 6], "texture": "#0"},
				"east": {"uv": [4, 4, 16, 6], "texture": "#0"},
				"south": {"uv": [4, 4, 16, 6], "texture": "#0"},
				"west": {"uv": [4, 4, 16, 6], "texture": "#0"},
				"up": {"uv": [4, 4, 16, 6], "texture": "#0"},
				"down": {"uv": [4, 4, 16, 6], "texture": "#0"}
			}
		},
		{
			"from": [2, 19.25, 16.75],
			"to": [14, 21.25, 17.25],
			"rotation": {"angle": 22.5, "axis": "x", "origin": [10, 27.25, 24.25]},
			"faces": {
				"north": {"uv": [4, 12, 16, 14], "texture": "#0"},
				"east": {"uv": [4, 12, 16, 14], "texture": "#0"},
				"south": {"uv": [4, 12, 16, 14], "texture": "#0"},
				"west": {"uv": [4, 12, 16, 14], "texture": "#0"},
				"up": {"uv": [4, 12, 16, 14], "texture": "#0"},
				"down": {"uv": [4, 12, 16, 14], "texture": "#0"}
			}
		},
		{
			"from": [2, 17.25, 16.75],
			"to": [14, 19.25, 17.25],
			"rotation": {"angle": 22.5, "axis": "x", "origin": [10, 25.25, 24.25]},
			"faces": {
				"north": {"uv": [0, 12, 12, 14], "texture": "#0"},
				"east": {"uv": [0, 12, 12, 14], "texture": "#0"},
				"south": {"uv": [0, 12, 12, 14], "texture": "#0"},
				"west": {"uv": [0, 12, 12, 14], "texture": "#0"},
				"up": {"uv": [0, 12, 12, 14], "texture": "#0"},
				"down": {"uv": [0, 12, 12, 14], "texture": "#0"}
			}
		},
		{
			"from": [2, 15.25, 16.75],
			"to": [14, 17.25, 17.25],
			"rotation": {"angle": 22.5, "axis": "x", "origin": [10, 23.25, 24.25]},
			"faces": {
				"north": {"uv": [4, 4, 16, 6], "texture": "#0"},
				"east": {"uv": [4, 4, 16, 6], "texture": "#0"},
				"south": {"uv": [4, 4, 16, 6], "texture": "#0"},
				"west": {"uv": [4, 4, 16, 6], "texture": "#0"},
				"up": {"uv": [4, 4, 16, 6], "texture": "#0"},
				"down": {"uv": [4, 4, 16, 6], "texture": "#0"}
			}
		},
		{
			"from": [2, 13.25, 16.75],
			"to": [14, 15.25, 17.25],
			"rotation": {"angle": 22.5, "axis": "x", "origin": [10, 21.25, 24.25]},
			"faces": {
				"north": {"uv": [4, 12, 16, 14], "texture": "#0"},
				"east": {"uv": [4, 12, 16, 14], "texture": "#0"},
				"south": {"uv": [4, 12, 16, 14], "texture": "#0"},
				"west": {"uv": [4, 12, 16, 14], "texture": "#0"},
				"up": {"uv": [4, 12, 16, 14], "texture": "#0"},
				"down": {"uv": [4, 12, 16, 14], "texture": "#0"}
			}
		}
	],
	"display": {
		"thirdperson_righthand": {
			"rotation": [75, 45, 0],
			"translation": [0, 2.5, -3.5],
			"scale": [0.375, 0.375, 0.375]
		},
		"thirdperson_lefthand": {
			"rotation": [75, 45, 0],
			"translation": [0, 2.5, -3.5],
			"scale": [0.375, 0.375, 0.375]
		},
		"firstperson_righthand": {
			"rotation": [0, 122, 0],
			"translation": [0.5, 0.75, 0],
			"scale": [0.3, 0.3, 0.3]
		},
		"firstperson_lefthand": {
			"rotation": [0, 122, 0],
			"translation": [0.5, 0.75, 0],
			"scale": [0.3, 0.3, 0.3]
		},
		"ground": {
			"translation": [0, -0.5, 0],
			"scale": [0.4, 0.4, 0.4]
		},
		"gui": {
			"rotation": [30, 225, 0],
			"translation": [1.5, -3.25, 0],
			"scale": [0.4, 0.4, 0.4]
		},
		"head": {
			"translation": [0, -31.25, -1.75]
		},
		"fixed": {
			"translation": [0, 0, -15],
			"scale": [2, 2, 2]
		}
	}
}