{
	"credit": "Made with Blockbench",
	"textures": {
		"0": "block/MizunoArchive/carrots_stage2",
		"1": "block/MizunoArchive/gray_concrete",
		"2": "block/MizunoArchive/farmland",
		"particle": "block/MizunoArchive/carrots_stage2"
	},
	"elements": [
		{
			"from": [1, 0.5, 11],
			"to": [3, 2.5, 13],
			"faces": {
				"north": {"uv": [0, 0, 2, 2], "texture": "#1"},
				"east": {"uv": [0, 0, 2, 2], "texture": "#1"},
				"south": {"uv": [0, 0, 2, 2], "texture": "#1"},
				"west": {"uv": [0, 0, 2, 2], "texture": "#1"},
				"up": {"uv": [5, 0, 11, 6], "rotation": 90, "texture": "#2"},
				"down": {"uv": [0, 0, 2, 2], "texture": "#1"}
			}
		},
		{
			"from": [4, 0.5, 11],
			"to": [6, 2.5, 13],
			"faces": {
				"north": {"uv": [0, 0, 2, 2], "texture": "#1"},
				"east": {"uv": [0, 0, 2, 2], "texture": "#1"},
				"south": {"uv": [0, 0, 2, 2], "texture": "#1"},
				"west": {"uv": [0, 0, 2, 2], "texture": "#1"},
				"up": {"uv": [5, 0, 11, 6], "rotation": 90, "texture": "#2"},
				"down": {"uv": [0, 0, 2, 2], "texture": "#1"}
			}
		},
		{
			"from": [7, 0.5, 11],
			"to": [9, 2.5, 13],
			"faces": {
				"north": {"uv": [0, 0, 2, 2], "texture": "#1"},
				"east": {"uv": [0, 0, 2, 2], "texture": "#1"},
				"south": {"uv": [0, 0, 2, 2], "texture": "#1"},
				"west": {"uv": [0, 0, 2, 2], "texture": "#1"},
				"up": {"uv": [5, 0, 11, 6], "rotation": 90, "texture": "#2"},
				"down": {"uv": [0, 0, 2, 2], "texture": "#1"}
			}
		},
		{
			"from": [10, 0.5, 11],
			"to": [12, 2.5, 13],
			"faces": {
				"north": {"uv": [0, 0, 2, 2], "texture": "#1"},
				"east": {"uv": [0, 0, 2, 2], "texture": "#1"},
				"south": {"uv": [0, 0, 2, 2], "texture": "#1"},
				"west": {"uv": [0, 0, 2, 2], "texture": "#1"},
				"up": {"uv": [5, 0, 11, 6], "rotation": 90, "texture": "#2"},
				"down": {"uv": [0, 0, 2, 2], "texture": "#1"}
			}
		},
		{
			"from": [13, 0.5, 11],
			"to": [15, 2.5, 13],
			"faces": {
				"north": {"uv": [0, 0, 2, 2], "texture": "#1"},
				"east": {"uv": [0, 0, 2, 2], "texture": "#1"},
				"south": {"uv": [0, 0, 2, 2], "texture": "#1"},
				"west": {"uv": [0, 0, 2, 2], "texture": "#1"},
				"up": {"uv": [5, 0, 11, 6], "rotation": 90, "texture": "#2"},
				"down": {"uv": [0, 0, 2, 2], "texture": "#1"}
			}
		},
		{
			"from": [1, 0.5, 7],
			"to": [3, 2.5, 9],
			"faces": {
				"north": {"uv": [0, 0, 2, 2], "texture": "#1"},
				"east": {"uv": [0, 0, 2, 2], "texture": "#1"},
				"south": {"uv": [0, 0, 2, 2], "texture": "#1"},
				"west": {"uv": [0, 0, 2, 2], "texture": "#1"},
				"up": {"uv": [5, 0, 11, 6], "rotation": 90, "texture": "#2"},
				"down": {"uv": [0, 0, 2, 2], "texture": "#1"}
			}
		},
		{
			"from": [4, 0.5, 7],
			"to": [6, 2.5, 9],
			"faces": {
				"north": {"uv": [0, 0, 2, 2], "texture": "#1"},
				"east": {"uv": [0, 0, 2, 2], "texture": "#1"},
				"south": {"uv": [0, 0, 2, 2], "texture": "#1"},
				"west": {"uv": [0, 0, 2, 2], "texture": "#1"},
				"up": {"uv": [5, 0, 11, 6], "rotation": 90, "texture": "#2"},
				"down": {"uv": [0, 0, 2, 2], "texture": "#1"}
			}
		},
		{
			"from": [7, 0.5, 7],
			"to": [9, 2.5, 9],
			"faces": {
				"north": {"uv": [0, 0, 2, 2], "texture": "#1"},
				"east": {"uv": [0, 0, 2, 2], "texture": "#1"},
				"south": {"uv": [0, 0, 2, 2], "texture": "#1"},
				"west": {"uv": [0, 0, 2, 2], "texture": "#1"},
				"up": {"uv": [5, 0, 11, 6], "rotation": 90, "texture": "#2"},
				"down": {"uv": [0, 0, 2, 2], "texture": "#1"}
			}
		},
		{
			"from": [10, 0.5, 7],
			"to": [12, 2.5, 9],
			"faces": {
				"north": {"uv": [0, 0, 2, 2], "texture": "#1"},
				"east": {"uv": [0, 0, 2, 2], "texture": "#1"},
				"south": {"uv": [0, 0, 2, 2], "texture": "#1"},
				"west": {"uv": [0, 0, 2, 2], "texture": "#1"},
				"up": {"uv": [5, 0, 11, 6], "rotation": 90, "texture": "#2"},
				"down": {"uv": [0, 0, 2, 2], "texture": "#1"}
			}
		},
		{
			"from": [13, 0.5, 7],
			"to": [15, 2.5, 9],
			"faces": {
				"north": {"uv": [0, 0, 2, 2], "texture": "#1"},
				"east": {"uv": [0, 0, 2, 2], "texture": "#1"},
				"south": {"uv": [0, 0, 2, 2], "texture": "#1"},
				"west": {"uv": [0, 0, 2, 2], "texture": "#1"},
				"up": {"uv": [5, 0, 11, 6], "rotation": 90, "texture": "#2"},
				"down": {"uv": [0, 0, 2, 2], "texture": "#1"}
			}
		},
		{
			"from": [1, 0.5, 3],
			"to": [3, 2.5, 5],
			"faces": {
				"north": {"uv": [0, 0, 2, 2], "texture": "#1"},
				"east": {"uv": [0, 0, 2, 2], "texture": "#1"},
				"south": {"uv": [0, 0, 2, 2], "texture": "#1"},
				"west": {"uv": [0, 0, 2, 2], "texture": "#1"},
				"up": {"uv": [5, 0, 11, 6], "rotation": 90, "texture": "#2"},
				"down": {"uv": [0, 0, 2, 2], "texture": "#1"}
			}
		},
		{
			"from": [4, 0.5, 3],
			"to": [6, 2.5, 5],
			"faces": {
				"north": {"uv": [0, 0, 2, 2], "texture": "#1"},
				"east": {"uv": [0, 0, 2, 2], "texture": "#1"},
				"south": {"uv": [0, 0, 2, 2], "texture": "#1"},
				"west": {"uv": [0, 0, 2, 2], "texture": "#1"},
				"up": {"uv": [5, 0, 11, 6], "rotation": 90, "texture": "#2"},
				"down": {"uv": [0, 0, 2, 2], "texture": "#1"}
			}
		},
		{
			"from": [7, 0.5, 3],
			"to": [9, 2.5, 5],
			"faces": {
				"north": {"uv": [0, 0, 2, 2], "texture": "#1"},
				"east": {"uv": [0, 0, 2, 2], "texture": "#1"},
				"south": {"uv": [0, 0, 2, 2], "texture": "#1"},
				"west": {"uv": [0, 0, 2, 2], "texture": "#1"},
				"up": {"uv": [5, 0, 11, 6], "rotation": 90, "texture": "#2"},
				"down": {"uv": [0, 0, 2, 2], "texture": "#1"}
			}
		},
		{
			"from": [10, 0.5, 3],
			"to": [12, 2.5, 5],
			"faces": {
				"north": {"uv": [0, 0, 2, 2], "texture": "#1"},
				"east": {"uv": [0, 0, 2, 2], "texture": "#1"},
				"south": {"uv": [0, 0, 2, 2], "texture": "#1"},
				"west": {"uv": [0, 0, 2, 2], "texture": "#1"},
				"up": {"uv": [5, 0, 11, 6], "rotation": 90, "texture": "#2"},
				"down": {"uv": [0, 0, 2, 2], "texture": "#1"}
			}
		},
		{
			"from": [13, 0.5, 3],
			"to": [15, 2.5, 5],
			"faces": {
				"north": {"uv": [0, 0, 2, 2], "texture": "#1"},
				"east": {"uv": [0, 0, 2, 2], "texture": "#1"},
				"south": {"uv": [0, 0, 2, 2], "texture": "#1"},
				"west": {"uv": [0, 0, 2, 2], "texture": "#1"},
				"up": {"uv": [5, 0, 11, 6], "rotation": 90, "texture": "#2"},
				"down": {"uv": [0, 0, 2, 2], "texture": "#1"}
			}
		},
		{
			"from": [1.3, 0, 11.3],
			"to": [2.7, 2, 12.7],
			"faces": {
				"north": {"uv": [0, 0, 1.4, 2], "texture": "#1"},
				"east": {"uv": [0, 0, 1.4, 2], "texture": "#1"},
				"south": {"uv": [0, 0, 1.4, 2], "texture": "#1"},
				"west": {"uv": [0, 0, 1.4, 2], "texture": "#1"},
				"up": {"uv": [0, 0, 1.4, 1.4], "texture": "#1"},
				"down": {"uv": [0, 0, 1.4, 1.4], "texture": "#1"}
			}
		},
		{
			"from": [4.3, 0, 11.3],
			"to": [5.7, 2, 12.7],
			"faces": {
				"north": {"uv": [0, 0, 1.4, 2], "texture": "#1"},
				"east": {"uv": [0, 0, 1.4, 2], "texture": "#1"},
				"south": {"uv": [0, 0, 1.4, 2], "texture": "#1"},
				"west": {"uv": [0, 0, 1.4, 2], "texture": "#1"},
				"up": {"uv": [0, 0, 1.4, 1.4], "texture": "#1"},
				"down": {"uv": [0, 0, 1.4, 1.4], "texture": "#1"}
			}
		},
		{
			"from": [7.3, 0, 11.3],
			"to": [8.7, 2, 12.7],
			"faces": {
				"north": {"uv": [0, 0, 1.4, 2], "texture": "#1"},
				"east": {"uv": [0, 0, 1.4, 2], "texture": "#1"},
				"south": {"uv": [0, 0, 1.4, 2], "texture": "#1"},
				"west": {"uv": [0, 0, 1.4, 2], "texture": "#1"},
				"up": {"uv": [0, 0, 1.4, 1.4], "texture": "#1"},
				"down": {"uv": [0, 0, 1.4, 1.4], "texture": "#1"}
			}
		},
		{
			"from": [10.3, 0, 11.3],
			"to": [11.7, 2, 12.7],
			"faces": {
				"north": {"uv": [0, 0, 1.4, 2], "texture": "#1"},
				"east": {"uv": [0, 0, 1.4, 2], "texture": "#1"},
				"south": {"uv": [0, 0, 1.4, 2], "texture": "#1"},
				"west": {"uv": [0, 0, 1.4, 2], "texture": "#1"},
				"up": {"uv": [0, 0, 1.4, 1.4], "texture": "#1"},
				"down": {"uv": [0, 0, 1.4, 1.4], "texture": "#1"}
			}
		},
		{
			"from": [13.3, 0, 11.3],
			"to": [14.7, 2, 12.7],
			"faces": {
				"north": {"uv": [0, 0, 1.4, 2], "texture": "#1"},
				"east": {"uv": [0, 0, 1.4, 2], "texture": "#1"},
				"south": {"uv": [0, 0, 1.4, 2], "texture": "#1"},
				"west": {"uv": [0, 0, 1.4, 2], "texture": "#1"},
				"up": {"uv": [0, 0, 1.4, 1.4], "texture": "#1"},
				"down": {"uv": [0, 0, 1.4, 1.4], "texture": "#1"}
			}
		},
		{
			"from": [1.3, 0, 7.3],
			"to": [2.7, 2, 8.7],
			"faces": {
				"north": {"uv": [0, 0, 1.4, 2], "texture": "#1"},
				"east": {"uv": [0, 0, 1.4, 2], "texture": "#1"},
				"south": {"uv": [0, 0, 1.4, 2], "texture": "#1"},
				"west": {"uv": [0, 0, 1.4, 2], "texture": "#1"},
				"up": {"uv": [0, 0, 1.4, 1.4], "texture": "#1"},
				"down": {"uv": [0, 0, 1.4, 1.4], "texture": "#1"}
			}
		},
		{
			"from": [4.3, 0, 7.3],
			"to": [5.7, 2, 8.7],
			"faces": {
				"north": {"uv": [0, 0, 1.4, 2], "texture": "#1"},
				"east": {"uv": [0, 0, 1.4, 2], "texture": "#1"},
				"south": {"uv": [0, 0, 1.4, 2], "texture": "#1"},
				"west": {"uv": [0, 0, 1.4, 2], "texture": "#1"},
				"up": {"uv": [0, 0, 1.4, 1.4], "texture": "#1"},
				"down": {"uv": [0, 0, 1.4, 1.4], "texture": "#1"}
			}
		},
		{
			"from": [7.3, 0, 7.3],
			"to": [8.7, 2, 8.7],
			"faces": {
				"north": {"uv": [0, 0, 1.4, 2], "texture": "#1"},
				"east": {"uv": [0, 0, 1.4, 2], "texture": "#1"},
				"south": {"uv": [0, 0, 1.4, 2], "texture": "#1"},
				"west": {"uv": [0, 0, 1.4, 2], "texture": "#1"},
				"up": {"uv": [0, 0, 1.4, 1.4], "texture": "#1"},
				"down": {"uv": [0, 0, 1.4, 1.4], "texture": "#1"}
			}
		},
		{
			"from": [10.3, 0, 7.3],
			"to": [11.7, 2, 8.7],
			"faces": {
				"north": {"uv": [0, 0, 1.4, 2], "texture": "#1"},
				"east": {"uv": [0, 0, 1.4, 2], "texture": "#1"},
				"south": {"uv": [0, 0, 1.4, 2], "texture": "#1"},
				"west": {"uv": [0, 0, 1.4, 2], "texture": "#1"},
				"up": {"uv": [0, 0, 1.4, 1.4], "texture": "#1"},
				"down": {"uv": [0, 0, 1.4, 1.4], "texture": "#1"}
			}
		},
		{
			"from": [13.3, 0, 7.3],
			"to": [14.7, 2, 8.7],
			"faces": {
				"north": {"uv": [0, 0, 1.4, 2], "texture": "#1"},
				"east": {"uv": [0, 0, 1.4, 2], "texture": "#1"},
				"south": {"uv": [0, 0, 1.4, 2], "texture": "#1"},
				"west": {"uv": [0, 0, 1.4, 2], "texture": "#1"},
				"up": {"uv": [0, 0, 1.4, 1.4], "texture": "#1"},
				"down": {"uv": [0, 0, 1.4, 1.4], "texture": "#1"}
			}
		},
		{
			"from": [1.3, 0, 3.3],
			"to": [2.7, 2, 4.7],
			"faces": {
				"north": {"uv": [0, 0, 1.4, 2], "texture": "#1"},
				"east": {"uv": [0, 0, 1.4, 2], "texture": "#1"},
				"south": {"uv": [0, 0, 1.4, 2], "texture": "#1"},
				"west": {"uv": [0, 0, 1.4, 2], "texture": "#1"},
				"up": {"uv": [0, 0, 1.4, 1.4], "texture": "#1"},
				"down": {"uv": [0, 0, 1.4, 1.4], "texture": "#1"}
			}
		},
		{
			"from": [4.3, 0, 3.3],
			"to": [5.7, 2, 4.7],
			"faces": {
				"north": {"uv": [0, 0, 1.4, 2], "texture": "#1"},
				"east": {"uv": [0, 0, 1.4, 2], "texture": "#1"},
				"south": {"uv": [0, 0, 1.4, 2], "texture": "#1"},
				"west": {"uv": [0, 0, 1.4, 2], "texture": "#1"},
				"up": {"uv": [0, 0, 1.4, 1.4], "texture": "#1"},
				"down": {"uv": [0, 0, 1.4, 1.4], "texture": "#1"}
			}
		},
		{
			"from": [7.3, 0, 3.3],
			"to": [8.7, 2, 4.7],
			"faces": {
				"north": {"uv": [0, 0, 1.4, 2], "texture": "#1"},
				"east": {"uv": [0, 0, 1.4, 2], "texture": "#1"},
				"south": {"uv": [0, 0, 1.4, 2], "texture": "#1"},
				"west": {"uv": [0, 0, 1.4, 2], "texture": "#1"},
				"up": {"uv": [0, 0, 1.4, 1.4], "texture": "#1"},
				"down": {"uv": [0, 0, 1.4, 1.4], "texture": "#1"}
			}
		},
		{
			"from": [10.3, 0, 3.3],
			"to": [11.7, 2, 4.7],
			"faces": {
				"north": {"uv": [0, 0, 1.4, 2], "texture": "#1"},
				"east": {"uv": [0, 0, 1.4, 2], "texture": "#1"},
				"south": {"uv": [0, 0, 1.4, 2], "texture": "#1"},
				"west": {"uv": [0, 0, 1.4, 2], "texture": "#1"},
				"up": {"uv": [0, 0, 1.4, 1.4], "texture": "#1"},
				"down": {"uv": [0, 0, 1.4, 1.4], "texture": "#1"}
			}
		},
		{
			"from": [13.3, 0, 3.3],
			"to": [14.7, 2, 4.7],
			"faces": {
				"north": {"uv": [0, 0, 1.4, 2], "texture": "#1"},
				"east": {"uv": [0, 0, 1.4, 2], "texture": "#1"},
				"south": {"uv": [0, 0, 1.4, 2], "texture": "#1"},
				"west": {"uv": [0, 0, 1.4, 2], "texture": "#1"},
				"up": {"uv": [0, 0, 1.4, 1.4], "texture": "#1"},
				"down": {"uv": [0, 0, 1.4, 1.4], "texture": "#1"}
			}
		},
		{
			"from": [0.49209, 2.51739, 2.21775],
			"to": [1.49209, 3.01739, 3.61775],
			"rotation": {"angle": -45, "axis": "y", "origin": [0.99209, 3.01739, 2.71775]},
			"faces": {
				"north": {"uv": [1, 0, 2, 0.5], "texture": "#1"},
				"east": {"uv": [1.4, 0, 2.8, 0.5], "texture": "#1"},
				"south": {"uv": [1, 0, 2, 0.5], "texture": "#1"},
				"west": {"uv": [1.4, 0, 2.8, 0.5], "texture": "#1"},
				"up": {"uv": [1, 0, 2, 1.4], "texture": "#1"},
				"down": {"uv": [1, 0, 2, 1.4], "texture": "#1"}
			}
		},
		{
			"from": [1.00916, 2.50054, 12.9903],
			"to": [15.00916, 3.00054, 13.9903],
			"faces": {
				"north": {"uv": [0, 0, 14, 0.5], "texture": "#1"},
				"east": {"uv": [0, 0, 1, 0.5], "texture": "#1"},
				"south": {"uv": [0, 0, 14, 0.5], "texture": "#1"},
				"west": {"uv": [0, 0, 1, 0.5], "texture": "#1"},
				"up": {"uv": [0, 0, 14, 1], "texture": "#1"},
				"down": {"uv": [0, 0, 14, 1], "texture": "#1"}
			}
		},
		{
			"from": [1, 2.5, 9],
			"to": [15, 3, 11],
			"faces": {
				"north": {"uv": [0, 0, 14, 0.5], "texture": "#1"},
				"east": {"uv": [0, 0, 2, 0.5], "texture": "#1"},
				"south": {"uv": [0, 0, 14, 0.5], "texture": "#1"},
				"west": {"uv": [0, 0, 2, 0.5], "texture": "#1"},
				"up": {"uv": [0, 0, 14, 2], "texture": "#1"},
				"down": {"uv": [0, 0, 14, 2], "texture": "#1"}
			}
		},
		{
			"from": [1, 2.5, 5],
			"to": [15, 3, 7],
			"faces": {
				"north": {"uv": [0, 0, 14, 0.5], "texture": "#1"},
				"east": {"uv": [0, 0, 2, 0.5], "texture": "#1"},
				"south": {"uv": [0, 0, 14, 0.5], "texture": "#1"},
				"west": {"uv": [0, 0, 2, 0.5], "texture": "#1"},
				"up": {"uv": [0, 0, 14, 2], "texture": "#1"},
				"down": {"uv": [0, 0, 14, 2], "texture": "#1"}
			}
		},
		{
			"from": [0.99209, 2.51742, 2.01062],
			"to": [14.99209, 3.01742, 3.01062],
			"faces": {
				"north": {"uv": [0, 0, 14, 0.5], "texture": "#1"},
				"east": {"uv": [0, 0, 1, 0.5], "texture": "#1"},
				"south": {"uv": [0, 0, 14, 0.5], "texture": "#1"},
				"west": {"uv": [0, 0, 1, 0.5], "texture": "#1"},
				"up": {"uv": [0, 0, 14, 1], "texture": "#1"},
				"down": {"uv": [0, 0, 14, 1], "texture": "#1"}
			}
		},
		{
			"from": [15, 2.5, 3],
			"to": [16, 3, 13],
			"faces": {
				"north": {"uv": [0, 0, 1, 0.5], "texture": "#1"},
				"east": {"uv": [0, 0, 10, 0.5], "texture": "#1"},
				"south": {"uv": [0, 0, 1, 0.5], "texture": "#1"},
				"west": {"uv": [0, 0, 10, 0.5], "texture": "#1"},
				"up": {"uv": [0, 0, 1, 10], "texture": "#1"},
				"down": {"uv": [0, 0, 1, 10], "texture": "#1"}
			}
		},
		{
			"from": [0.00211, 2.5174, 3.00062],
			"to": [1.00211, 3.0174, 13.00062],
			"faces": {
				"north": {"uv": [0, 0, 1, 0.5], "texture": "#1"},
				"east": {"uv": [0, 0, 10, 0.5], "texture": "#1"},
				"south": {"uv": [0, 0, 1, 0.5], "texture": "#1"},
				"west": {"uv": [0, 0, 10, 0.5], "texture": "#1"},
				"up": {"uv": [0, 0, 1, 10], "texture": "#1"},
				"down": {"uv": [0, 0, 1, 10], "texture": "#1"}
			}
		},
		{
			"from": [3, 2.5, 11],
			"to": [4, 3, 13],
			"faces": {
				"north": {"uv": [0, 0, 1, 0.5], "texture": "#1"},
				"east": {"uv": [0, 0, 2, 0.5], "texture": "#1"},
				"south": {"uv": [0, 0, 1, 0.5], "texture": "#1"},
				"west": {"uv": [0, 0, 2, 0.5], "texture": "#1"},
				"up": {"uv": [0, 0, 1, 2], "texture": "#1"},
				"down": {"uv": [0, 0, 1, 2], "texture": "#1"}
			}
		},
		{
			"from": [6, 2.5, 11],
			"to": [7, 3, 13],
			"faces": {
				"north": {"uv": [0, 0, 1, 0.5], "texture": "#1"},
				"east": {"uv": [0, 0, 2, 0.5], "texture": "#1"},
				"south": {"uv": [0, 0, 1, 0.5], "texture": "#1"},
				"west": {"uv": [0, 0, 2, 0.5], "texture": "#1"},
				"up": {"uv": [0, 0, 1, 2], "texture": "#1"},
				"down": {"uv": [0, 0, 1, 2], "texture": "#1"}
			}
		},
		{
			"from": [9, 2.5, 11],
			"to": [10, 3, 13],
			"faces": {
				"north": {"uv": [0, 0, 1, 0.5], "texture": "#1"},
				"east": {"uv": [0, 0, 2, 0.5], "texture": "#1"},
				"south": {"uv": [0, 0, 1, 0.5], "texture": "#1"},
				"west": {"uv": [0, 0, 2, 0.5], "texture": "#1"},
				"up": {"uv": [0, 0, 1, 2], "texture": "#1"},
				"down": {"uv": [0, 0, 1, 2], "texture": "#1"}
			}
		},
		{
			"from": [12, 2.5, 11],
			"to": [13, 3, 13],
			"faces": {
				"north": {"uv": [0, 0, 1, 0.5], "texture": "#1"},
				"east": {"uv": [0, 0, 2, 0.5], "texture": "#1"},
				"south": {"uv": [0, 0, 1, 0.5], "texture": "#1"},
				"west": {"uv": [0, 0, 2, 0.5], "texture": "#1"},
				"up": {"uv": [0, 0, 1, 2], "texture": "#1"},
				"down": {"uv": [0, 0, 1, 2], "texture": "#1"}
			}
		},
		{
			"from": [12, 2.5, 7],
			"to": [13, 3, 9],
			"faces": {
				"north": {"uv": [0, 0, 1, 0.5], "texture": "#1"},
				"east": {"uv": [0, 0, 2, 0.5], "texture": "#1"},
				"south": {"uv": [0, 0, 1, 0.5], "texture": "#1"},
				"west": {"uv": [0, 0, 2, 0.5], "texture": "#1"},
				"up": {"uv": [0, 0, 1, 2], "texture": "#1"},
				"down": {"uv": [0, 0, 1, 2], "texture": "#1"}
			}
		},
		{
			"from": [9, 2.5, 7],
			"to": [10, 3, 9],
			"faces": {
				"north": {"uv": [0, 0, 1, 0.5], "texture": "#1"},
				"east": {"uv": [0, 0, 2, 0.5], "texture": "#1"},
				"south": {"uv": [0, 0, 1, 0.5], "texture": "#1"},
				"west": {"uv": [0, 0, 2, 0.5], "texture": "#1"},
				"up": {"uv": [0, 0, 1, 2], "texture": "#1"},
				"down": {"uv": [0, 0, 1, 2], "texture": "#1"}
			}
		},
		{
			"from": [6, 2.5, 7],
			"to": [7, 3, 9],
			"faces": {
				"north": {"uv": [0, 0, 1, 0.5], "texture": "#1"},
				"east": {"uv": [0, 0, 2, 0.5], "texture": "#1"},
				"south": {"uv": [0, 0, 1, 0.5], "texture": "#1"},
				"west": {"uv": [0, 0, 2, 0.5], "texture": "#1"},
				"up": {"uv": [0, 0, 1, 2], "texture": "#1"},
				"down": {"uv": [0, 0, 1, 2], "texture": "#1"}
			}
		},
		{
			"from": [3, 2.5, 7],
			"to": [4, 3, 9],
			"faces": {
				"north": {"uv": [0, 0, 1, 0.5], "texture": "#1"},
				"east": {"uv": [0, 0, 2, 0.5], "texture": "#1"},
				"south": {"uv": [0, 0, 1, 0.5], "texture": "#1"},
				"west": {"uv": [0, 0, 2, 0.5], "texture": "#1"},
				"up": {"uv": [0, 0, 1, 2], "texture": "#1"},
				"down": {"uv": [0, 0, 1, 2], "texture": "#1"}
			}
		},
		{
			"from": [12, 2.5, 3],
			"to": [13, 3, 5],
			"faces": {
				"north": {"uv": [0, 0, 1, 0.5], "texture": "#1"},
				"east": {"uv": [0, 0, 2, 0.5], "texture": "#1"},
				"south": {"uv": [0, 0, 1, 0.5], "texture": "#1"},
				"west": {"uv": [0, 0, 2, 0.5], "texture": "#1"},
				"up": {"uv": [0, 0, 1, 2], "texture": "#1"},
				"down": {"uv": [0, 0, 1, 2], "texture": "#1"}
			}
		},
		{
			"from": [9, 2.5, 3],
			"to": [10, 3, 5],
			"faces": {
				"north": {"uv": [0, 0, 1, 0.5], "texture": "#1"},
				"east": {"uv": [0, 0, 2, 0.5], "texture": "#1"},
				"south": {"uv": [0, 0, 1, 0.5], "texture": "#1"},
				"west": {"uv": [0, 0, 2, 0.5], "texture": "#1"},
				"up": {"uv": [0, 0, 1, 2], "texture": "#1"},
				"down": {"uv": [0, 0, 1, 2], "texture": "#1"}
			}
		},
		{
			"from": [6, 2.5, 3],
			"to": [7, 3, 5],
			"faces": {
				"north": {"uv": [0, 0, 1, 0.5], "texture": "#1"},
				"east": {"uv": [0, 0, 2, 0.5], "texture": "#1"},
				"south": {"uv": [0, 0, 1, 0.5], "texture": "#1"},
				"west": {"uv": [0, 0, 2, 0.5], "texture": "#1"},
				"up": {"uv": [0, 0, 1, 2], "texture": "#1"},
				"down": {"uv": [0, 0, 1, 2], "texture": "#1"}
			}
		},
		{
			"from": [3, 2.5, 3],
			"to": [4, 3, 5],
			"faces": {
				"north": {"uv": [0, 0, 1, 0.5], "texture": "#1"},
				"east": {"uv": [0, 0, 2, 0.5], "texture": "#1"},
				"south": {"uv": [0, 0, 1, 0.5], "texture": "#1"},
				"west": {"uv": [0, 0, 2, 0.5], "texture": "#1"},
				"up": {"uv": [0, 0, 1, 2], "texture": "#1"},
				"down": {"uv": [0, 0, 1, 2], "texture": "#1"}
			}
		},
		{
			"from": [14.39202, 2.50051, 12.50036],
			"to": [15.79202, 3.00051, 13.50036],
			"rotation": {"angle": 45, "axis": "y", "origin": [15.29202, 3.00051, 13.00036]},
			"faces": {
				"north": {"uv": [0, 0, 1.4, 0.5], "texture": "#1"},
				"east": {"uv": [0, 0, 1, 0.5], "texture": "#1"},
				"south": {"uv": [0, 0, 1.4, 0.5], "texture": "#1"},
				"west": {"uv": [0, 0, 1, 0.5], "texture": "#1"},
				"up": {"uv": [0, 0, 1, 1.4], "rotation": 90, "texture": "#1"},
				"down": {"uv": [0, 0, 1, 1.4], "rotation": 270, "texture": "#1"}
			}
		},
		{
			"from": [14.4921, 2.51745, 2.21768],
			"to": [15.4921, 3.01745, 3.61768],
			"rotation": {"angle": 45, "axis": "y", "origin": [14.9921, 3.01745, 2.71768]},
			"faces": {
				"north": {"uv": [0, 0, 1, 0.5], "texture": "#1"},
				"east": {"uv": [0, 0, 1.4, 0.5], "texture": "#1"},
				"south": {"uv": [0, 0, 1, 0.5], "texture": "#1"},
				"west": {"uv": [0, 0, 1.4, 0.5], "texture": "#1"},
				"up": {"uv": [0, 0, 1, 1.4], "texture": "#1"},
				"down": {"uv": [0, 0, 1, 1.4], "texture": "#1"}
			}
		},
		{
			"from": [0.20798, 2.50051, 12.50036],
			"to": [1.60798, 3.00051, 13.50036],
			"rotation": {"angle": -45, "axis": "y", "origin": [0.70798, 3.00051, 13.00036]},
			"faces": {
				"north": {"uv": [1.4, 0, 2.8, 0.5], "texture": "#1"},
				"east": {"uv": [1, 0, 2, 0.5], "texture": "#1"},
				"south": {"uv": [1.4, 0, 2.8, 0.5], "texture": "#1"},
				"west": {"uv": [1, 0, 2, 0.5], "texture": "#1"},
				"up": {"uv": [0, 1.4, 1, 2.8], "rotation": 90, "texture": "#1"},
				"down": {"uv": [0, 1.4, 1, 2.8], "rotation": 270, "texture": "#1"}
			}
		},
		{
			"from": [0.7, 2.5, 4.7],
			"to": [2.7, 5.5, 4.7],
			"rotation": {"angle": 45, "axis": "y", "origin": [1, 3, 4]},
			"faces": {
				"north": {"uv": [2, 0, 15, 16], "texture": "#0"},
				"east": {"uv": [2, 0, 15, 16], "texture": "#0"},
				"south": {"uv": [2, 0, 15, 16], "texture": "#0"},
				"west": {"uv": [2, 0, 15, 16], "texture": "#0"},
				"up": {"uv": [2, 0, 15, 16], "texture": "#0"},
				"down": {"uv": [2, 0, 15, 16], "texture": "#0"}
			}
		},
		{
			"from": [1.7, 2.5, 3.7],
			"to": [1.7, 5.5, 5.7],
			"rotation": {"angle": 45, "axis": "y", "origin": [1, 3, 4]},
			"faces": {
				"north": {"uv": [2, 0, 15, 16], "texture": "#0"},
				"east": {"uv": [2, 0, 15, 16], "texture": "#0"},
				"south": {"uv": [2, 0, 15, 16], "texture": "#0"},
				"west": {"uv": [2, 0, 15, 16], "texture": "#0"},
				"up": {"uv": [2, 0, 15, 16], "texture": "#0"},
				"down": {"uv": [2, 0, 15, 16], "texture": "#0"}
			}
		},
		{
			"from": [3.7, 2.6, 4.7],
			"to": [5.7, 5.6, 4.7],
			"rotation": {"angle": 45, "axis": "y", "origin": [4, 2, 4]},
			"faces": {
				"north": {"uv": [2, 0, 15, 16], "texture": "#0"},
				"east": {"uv": [2, 0, 15, 16], "texture": "#0"},
				"south": {"uv": [2, 0, 15, 16], "texture": "#0"},
				"west": {"uv": [2, 0, 15, 16], "texture": "#0"},
				"up": {"uv": [2, 0, 15, 16], "texture": "#0"},
				"down": {"uv": [2, 0, 15, 16], "texture": "#0"}
			}
		},
		{
			"from": [4.7, 2.6, 3.7],
			"to": [4.7, 5.6, 5.7],
			"rotation": {"angle": 45, "axis": "y", "origin": [4, 2, 4]},
			"faces": {
				"north": {"uv": [2, 0, 15, 16], "texture": "#0"},
				"east": {"uv": [2, 0, 15, 16], "texture": "#0"},
				"south": {"uv": [2, 0, 15, 16], "texture": "#0"},
				"west": {"uv": [2, 0, 15, 16], "texture": "#0"},
				"up": {"uv": [2, 0, 15, 16], "texture": "#0"},
				"down": {"uv": [2, 0, 15, 16], "texture": "#0"}
			}
		},
		{
			"from": [6.7, 2.6, 4.8],
			"to": [8.7, 5.6, 4.8],
			"rotation": {"angle": 45, "axis": "y", "origin": [7, 2.8, 4.1]},
			"faces": {
				"north": {"uv": [2, 0, 15, 16], "texture": "#0"},
				"east": {"uv": [2, 0, 15, 16], "texture": "#0"},
				"south": {"uv": [2, 0, 15, 16], "texture": "#0"},
				"west": {"uv": [2, 0, 15, 16], "texture": "#0"},
				"up": {"uv": [2, 0, 15, 16], "texture": "#0"},
				"down": {"uv": [2, 0, 15, 16], "texture": "#0"}
			}
		},
		{
			"from": [7.7, 2.6, 3.8],
			"to": [7.7, 5.6, 5.8],
			"rotation": {"angle": 45, "axis": "y", "origin": [7, 2.8, 4.1]},
			"faces": {
				"north": {"uv": [2, 0, 15, 16], "texture": "#0"},
				"east": {"uv": [2, 0, 15, 16], "texture": "#0"},
				"south": {"uv": [2, 0, 15, 16], "texture": "#0"},
				"west": {"uv": [2, 0, 15, 16], "texture": "#0"},
				"up": {"uv": [2, 0, 15, 16], "texture": "#0"},
				"down": {"uv": [2, 0, 15, 16], "texture": "#0"}
			}
		},
		{
			"from": [9.7, 2.6, 4.8],
			"to": [11.7, 5.6, 4.8],
			"rotation": {"angle": 45, "axis": "y", "origin": [10, 3.1, 4.1]},
			"faces": {
				"north": {"uv": [2, 0, 15, 16], "texture": "#0"},
				"east": {"uv": [2, 0, 15, 16], "texture": "#0"},
				"south": {"uv": [2, 0, 15, 16], "texture": "#0"},
				"west": {"uv": [2, 0, 15, 16], "texture": "#0"},
				"up": {"uv": [2, 0, 15, 16], "texture": "#0"},
				"down": {"uv": [2, 0, 15, 16], "texture": "#0"}
			}
		},
		{
			"from": [10.7, 2.6, 3.8],
			"to": [10.7, 5.6, 5.8],
			"rotation": {"angle": 45, "axis": "y", "origin": [10, 3.1, 4.1]},
			"faces": {
				"north": {"uv": [2, 0, 15, 16], "texture": "#0"},
				"east": {"uv": [2, 0, 15, 16], "texture": "#0"},
				"south": {"uv": [2, 0, 15, 16], "texture": "#0"},
				"west": {"uv": [2, 0, 15, 16], "texture": "#0"},
				"up": {"uv": [2, 0, 15, 16], "texture": "#0"},
				"down": {"uv": [2, 0, 15, 16], "texture": "#0"}
			}
		},
		{
			"from": [13.7, 2.6, 3.8],
			"to": [13.7, 5.6, 5.8],
			"rotation": {"angle": 45, "axis": "y", "origin": [13, 3.1, 4.1]},
			"faces": {
				"north": {"uv": [2, 0, 15, 16], "texture": "#0"},
				"east": {"uv": [2, 0, 15, 16], "texture": "#0"},
				"south": {"uv": [2, 0, 15, 16], "texture": "#0"},
				"west": {"uv": [2, 0, 15, 16], "texture": "#0"},
				"up": {"uv": [2, 0, 15, 16], "texture": "#0"},
				"down": {"uv": [2, 0, 15, 16], "texture": "#0"}
			}
		},
		{
			"from": [12.7, 2.6, 4.8],
			"to": [14.7, 5.6, 4.8],
			"rotation": {"angle": 45, "axis": "y", "origin": [13, 3.1, 4.1]},
			"faces": {
				"north": {"uv": [2, 0, 15, 16], "texture": "#0"},
				"east": {"uv": [2, 0, 15, 16], "texture": "#0"},
				"south": {"uv": [2, 0, 15, 16], "texture": "#0"},
				"west": {"uv": [2, 0, 15, 16], "texture": "#0"},
				"up": {"uv": [2, 0, 15, 16], "texture": "#0"},
				"down": {"uv": [2, 0, 15, 16], "texture": "#0"}
			}
		},
		{
			"from": [12.7, 2.6, 8.8],
			"to": [14.7, 5.6, 8.8],
			"rotation": {"angle": 45, "axis": "y", "origin": [13, 3.1, 8.1]},
			"faces": {
				"north": {"uv": [2, 0, 15, 16], "texture": "#0"},
				"east": {"uv": [2, 0, 15, 16], "texture": "#0"},
				"south": {"uv": [2, 0, 15, 16], "texture": "#0"},
				"west": {"uv": [2, 0, 15, 16], "texture": "#0"},
				"up": {"uv": [2, 0, 15, 16], "texture": "#0"},
				"down": {"uv": [2, 0, 15, 16], "texture": "#0"}
			}
		},
		{
			"from": [0.7, 2.5, 8.7],
			"to": [2.7, 5.5, 8.7],
			"rotation": {"angle": 45, "axis": "y", "origin": [1, 3, 8]},
			"faces": {
				"north": {"uv": [2, 0, 15, 16], "texture": "#0"},
				"east": {"uv": [2, 0, 15, 16], "texture": "#0"},
				"south": {"uv": [2, 0, 15, 16], "texture": "#0"},
				"west": {"uv": [2, 0, 15, 16], "texture": "#0"},
				"up": {"uv": [2, 0, 15, 16], "texture": "#0"},
				"down": {"uv": [2, 0, 15, 16], "texture": "#0"}
			}
		},
		{
			"from": [1.7, 2.5, 7.7],
			"to": [1.7, 5.5, 9.7],
			"rotation": {"angle": 45, "axis": "y", "origin": [1, 3, 8]},
			"faces": {
				"north": {"uv": [2, 0, 15, 16], "texture": "#0"},
				"east": {"uv": [2, 0, 15, 16], "texture": "#0"},
				"south": {"uv": [2, 0, 15, 16], "texture": "#0"},
				"west": {"uv": [2, 0, 15, 16], "texture": "#0"},
				"up": {"uv": [2, 0, 15, 16], "texture": "#0"},
				"down": {"uv": [2, 0, 15, 16], "texture": "#0"}
			}
		},
		{
			"from": [3.7, 2.6, 8.7],
			"to": [5.7, 5.6, 8.7],
			"rotation": {"angle": 45, "axis": "y", "origin": [4, 2, 8]},
			"faces": {
				"north": {"uv": [2, 0, 15, 16], "texture": "#0"},
				"east": {"uv": [2, 0, 15, 16], "texture": "#0"},
				"south": {"uv": [2, 0, 15, 16], "texture": "#0"},
				"west": {"uv": [2, 0, 15, 16], "texture": "#0"},
				"up": {"uv": [2, 0, 15, 16], "texture": "#0"},
				"down": {"uv": [2, 0, 15, 16], "texture": "#0"}
			}
		},
		{
			"from": [4.7, 2.6, 7.7],
			"to": [4.7, 5.6, 9.7],
			"rotation": {"angle": 45, "axis": "y", "origin": [4, 2, 8]},
			"faces": {
				"north": {"uv": [2, 0, 15, 16], "texture": "#0"},
				"east": {"uv": [2, 0, 15, 16], "texture": "#0"},
				"south": {"uv": [2, 0, 15, 16], "texture": "#0"},
				"west": {"uv": [2, 0, 15, 16], "texture": "#0"},
				"up": {"uv": [2, 0, 15, 16], "texture": "#0"},
				"down": {"uv": [2, 0, 15, 16], "texture": "#0"}
			}
		},
		{
			"from": [6.7, 2.6, 8.8],
			"to": [8.7, 5.6, 8.8],
			"rotation": {"angle": 45, "axis": "y", "origin": [7, 2.8, 8.1]},
			"faces": {
				"north": {"uv": [2, 0, 15, 16], "texture": "#0"},
				"east": {"uv": [2, 0, 15, 16], "texture": "#0"},
				"south": {"uv": [2, 0, 15, 16], "texture": "#0"},
				"west": {"uv": [2, 0, 15, 16], "texture": "#0"},
				"up": {"uv": [2, 0, 15, 16], "texture": "#0"},
				"down": {"uv": [2, 0, 15, 16], "texture": "#0"}
			}
		},
		{
			"from": [7.7, 2.6, 7.8],
			"to": [7.7, 5.6, 9.8],
			"rotation": {"angle": 45, "axis": "y", "origin": [7, 2.8, 8.1]},
			"faces": {
				"north": {"uv": [2, 0, 15, 16], "texture": "#0"},
				"east": {"uv": [2, 0, 15, 16], "texture": "#0"},
				"south": {"uv": [2, 0, 15, 16], "texture": "#0"},
				"west": {"uv": [2, 0, 15, 16], "texture": "#0"},
				"up": {"uv": [2, 0, 15, 16], "texture": "#0"},
				"down": {"uv": [2, 0, 15, 16], "texture": "#0"}
			}
		},
		{
			"from": [9.7, 2.6, 8.8],
			"to": [11.7, 5.6, 8.8],
			"rotation": {"angle": 45, "axis": "y", "origin": [10, 3.1, 8.1]},
			"faces": {
				"north": {"uv": [2, 0, 15, 16], "texture": "#0"},
				"east": {"uv": [2, 0, 15, 16], "texture": "#0"},
				"south": {"uv": [2, 0, 15, 16], "texture": "#0"},
				"west": {"uv": [2, 0, 15, 16], "texture": "#0"},
				"up": {"uv": [2, 0, 15, 16], "texture": "#0"},
				"down": {"uv": [2, 0, 15, 16], "texture": "#0"}
			}
		},
		{
			"from": [10.7, 2.6, 7.8],
			"to": [10.7, 5.6, 9.8],
			"rotation": {"angle": 45, "axis": "y", "origin": [10, 3.1, 8.1]},
			"faces": {
				"north": {"uv": [2, 0, 15, 16], "texture": "#0"},
				"east": {"uv": [2, 0, 15, 16], "texture": "#0"},
				"south": {"uv": [2, 0, 15, 16], "texture": "#0"},
				"west": {"uv": [2, 0, 15, 16], "texture": "#0"},
				"up": {"uv": [2, 0, 15, 16], "texture": "#0"},
				"down": {"uv": [2, 0, 15, 16], "texture": "#0"}
			}
		},
		{
			"from": [13.7, 2.6, 7.8],
			"to": [13.7, 5.6, 9.8],
			"rotation": {"angle": 45, "axis": "y", "origin": [13, 3.1, 8.1]},
			"faces": {
				"north": {"uv": [2, 0, 15, 16], "texture": "#0"},
				"east": {"uv": [2, 0, 15, 16], "texture": "#0"},
				"south": {"uv": [2, 0, 15, 16], "texture": "#0"},
				"west": {"uv": [2, 0, 15, 16], "texture": "#0"},
				"up": {"uv": [2, 0, 15, 16], "texture": "#0"},
				"down": {"uv": [2, 0, 15, 16], "texture": "#0"}
			}
		},
		{
			"from": [13.7, 2.6, 11.6],
			"to": [13.7, 5.6, 13.6],
			"rotation": {"angle": 45, "axis": "y", "origin": [13, 3.1, 11.9]},
			"faces": {
				"north": {"uv": [2, 0, 15, 16], "texture": "#0"},
				"east": {"uv": [2, 0, 15, 16], "texture": "#0"},
				"south": {"uv": [2, 0, 15, 16], "texture": "#0"},
				"west": {"uv": [2, 0, 15, 16], "texture": "#0"},
				"up": {"uv": [2, 0, 15, 16], "texture": "#0"},
				"down": {"uv": [2, 0, 15, 16], "texture": "#0"}
			}
		},
		{
			"from": [12.7, 2.6, 12.6],
			"to": [14.7, 5.6, 12.6],
			"rotation": {"angle": 45, "axis": "y", "origin": [13, 3.1, 11.9]},
			"faces": {
				"north": {"uv": [2, 0, 15, 16], "texture": "#0"},
				"east": {"uv": [2, 0, 15, 16], "texture": "#0"},
				"south": {"uv": [2, 0, 15, 16], "texture": "#0"},
				"west": {"uv": [2, 0, 15, 16], "texture": "#0"},
				"up": {"uv": [2, 0, 15, 16], "texture": "#0"},
				"down": {"uv": [2, 0, 15, 16], "texture": "#0"}
			}
		},
		{
			"from": [0.7, 2.5, 12.5],
			"to": [2.7, 5.5, 12.5],
			"rotation": {"angle": 45, "axis": "y", "origin": [1, 3, 11.8]},
			"faces": {
				"north": {"uv": [2, 0, 15, 16], "texture": "#0"},
				"east": {"uv": [2, 0, 15, 16], "texture": "#0"},
				"south": {"uv": [2, 0, 15, 16], "texture": "#0"},
				"west": {"uv": [2, 0, 15, 16], "texture": "#0"},
				"up": {"uv": [2, 0, 15, 16], "texture": "#0"},
				"down": {"uv": [2, 0, 15, 16], "texture": "#0"}
			}
		},
		{
			"from": [1.7, 2.5, 11.5],
			"to": [1.7, 5.5, 13.5],
			"rotation": {"angle": 45, "axis": "y", "origin": [1, 3, 11.8]},
			"faces": {
				"north": {"uv": [2, 0, 15, 16], "texture": "#0"},
				"east": {"uv": [2, 0, 15, 16], "texture": "#0"},
				"south": {"uv": [2, 0, 15, 16], "texture": "#0"},
				"west": {"uv": [2, 0, 15, 16], "texture": "#0"},
				"up": {"uv": [2, 0, 15, 16], "texture": "#0"},
				"down": {"uv": [2, 0, 15, 16], "texture": "#0"}
			}
		},
		{
			"from": [3.7, 2.6, 12.5],
			"to": [5.7, 5.6, 12.5],
			"rotation": {"angle": 45, "axis": "y", "origin": [4, 2, 11.8]},
			"faces": {
				"north": {"uv": [2, 0, 15, 16], "texture": "#0"},
				"east": {"uv": [2, 0, 15, 16], "texture": "#0"},
				"south": {"uv": [2, 0, 15, 16], "texture": "#0"},
				"west": {"uv": [2, 0, 15, 16], "texture": "#0"},
				"up": {"uv": [2, 0, 15, 16], "texture": "#0"},
				"down": {"uv": [2, 0, 15, 16], "texture": "#0"}
			}
		},
		{
			"from": [4.7, 2.6, 11.5],
			"to": [4.7, 5.6, 13.5],
			"rotation": {"angle": 45, "axis": "y", "origin": [4, 2, 11.8]},
			"faces": {
				"north": {"uv": [2, 0, 15, 16], "texture": "#0"},
				"east": {"uv": [2, 0, 15, 16], "texture": "#0"},
				"south": {"uv": [2, 0, 15, 16], "texture": "#0"},
				"west": {"uv": [2, 0, 15, 16], "texture": "#0"},
				"up": {"uv": [2, 0, 15, 16], "texture": "#0"},
				"down": {"uv": [2, 0, 15, 16], "texture": "#0"}
			}
		},
		{
			"from": [6.7, 2.6, 12.6],
			"to": [8.7, 5.6, 12.6],
			"rotation": {"angle": 45, "axis": "y", "origin": [7, 2.8, 11.9]},
			"faces": {
				"north": {"uv": [2, 0, 15, 16], "texture": "#0"},
				"east": {"uv": [2, 0, 15, 16], "texture": "#0"},
				"south": {"uv": [2, 0, 15, 16], "texture": "#0"},
				"west": {"uv": [2, 0, 15, 16], "texture": "#0"},
				"up": {"uv": [2, 0, 15, 16], "texture": "#0"},
				"down": {"uv": [2, 0, 15, 16], "texture": "#0"}
			}
		},
		{
			"from": [7.7, 2.6, 11.6],
			"to": [7.7, 5.6, 13.6],
			"rotation": {"angle": 45, "axis": "y", "origin": [7, 2.8, 11.9]},
			"faces": {
				"north": {"uv": [2, 0, 15, 16], "texture": "#0"},
				"east": {"uv": [2, 0, 15, 16], "texture": "#0"},
				"south": {"uv": [2, 0, 15, 16], "texture": "#0"},
				"west": {"uv": [2, 0, 15, 16], "texture": "#0"},
				"up": {"uv": [2, 0, 15, 16], "texture": "#0"},
				"down": {"uv": [2, 0, 15, 16], "texture": "#0"}
			}
		},
		{
			"from": [9.7, 2.6, 12.6],
			"to": [11.7, 5.6, 12.6],
			"rotation": {"angle": 45, "axis": "y", "origin": [10, 3.1, 11.9]},
			"faces": {
				"north": {"uv": [2, 0, 15, 16], "texture": "#0"},
				"east": {"uv": [2, 0, 15, 16], "texture": "#0"},
				"south": {"uv": [2, 0, 15, 16], "texture": "#0"},
				"west": {"uv": [2, 0, 15, 16], "texture": "#0"},
				"up": {"uv": [2, 0, 15, 16], "texture": "#0"},
				"down": {"uv": [2, 0, 15, 16], "texture": "#0"}
			}
		},
		{
			"from": [10.7, 2.6, 11.6],
			"to": [10.7, 5.6, 13.6],
			"rotation": {"angle": 45, "axis": "y", "origin": [10, 3.1, 11.9]},
			"faces": {
				"north": {"uv": [2, 0, 15, 16], "texture": "#0"},
				"east": {"uv": [2, 0, 15, 16], "texture": "#0"},
				"south": {"uv": [2, 0, 15, 16], "texture": "#0"},
				"west": {"uv": [2, 0, 15, 16], "texture": "#0"},
				"up": {"uv": [2, 0, 15, 16], "texture": "#0"},
				"down": {"uv": [2, 0, 15, 16], "texture": "#0"}
			}
		}
	],
	"display": {
		"thirdperson_righthand": {
			"rotation": [75, 45, 0],
			"translation": [0, 2.5, 0],
			"scale": [0.375, 0.375, 0.375]
		},
		"thirdperson_lefthand": {
			"rotation": [75, 45, 0],
			"translation": [0, 2.5, 0],
			"scale": [0.375, 0.375, 0.375]
		},
		"firstperson_righthand": {
			"rotation": [0, 45, 0],
			"translation": [0, 3, 0],
			"scale": [0.4, 0.4, 0.4]
		},
		"firstperson_lefthand": {
			"rotation": [0, 225, 0],
			"translation": [0, 3, 0],
			"scale": [0.4, 0.4, 0.4]
		},
		"ground": {
			"translation": [0, 4.25, 0]
		},
		"gui": {
			"rotation": [30, 225, 0],
			"translation": [0, 3, 0],
			"scale": [0.8, 0.8, 0.8]
		},
		"head": {
			"translation": [0, 14.5, 0]
		},
		"fixed": {
			"rotation": [-90, 0, 0],
			"translation": [0, 0, -15],
			"scale": [2, 2, 2]
		}
	},
	"groups": [
		{
			"name": "bottom cups",
			"children": [0, 1, 2, 3, 4, 5, 6, 7, 8, 9, 10, 11, 12, 13, 14]
		},
		{
			"name": "bottom cups2",
			"children": [15, 16, 17, 18, 19, 20, 21, 22, 23, 24, 25, 26, 27, 28, 29]
		},
		{
			"name": "Frame",
			"children": [30, 31, 32, 33, 34, 35, 36, 37, 38, 39, 40, 41, 42, 43, 44, 45, 46, 47, 48, 49, 50, 51]
		},
		{
			"name": "sprouts",
			"children": [52, 53, 54, 55, 56, 57, 58, 59, 60, 61, 62, 63, 64, 65, 66, 67, 68, 69, 70, 71, 72, 73, 74, 75, 76, 77, 78, 79, 80, 81]
		}
	]
}