{
	"credit": "Made with Blockbench",
	"parent": "./cit_item",
	"textures": {
		"0": "block/MizunoArchive/birch_log",
		"1": "block/MizunoArchive/birch_log_top",
		"3": "block/Moss1",
		"5": "block/MizunoArchive/brown_mushroom",
		"6": "block/MizunoArchive/red_mushroom",
		"particle": "block/MizunoArchive/birch_log",
		"1_0": "block/MizunoArchive/birch_log"
	},
	"elements": [
		{
			"from": [0, -0.05, -1.6],
			"to": [16, 19.15, 0],
			"faces": {
				"north": {"uv": [1, 0, 15, 16], "texture": "#0"},
				"east": {"uv": [15, 0, 16, 16], "texture": "#0"},
				"south": {"uv": [0, 0, 10, 12], "texture": "#missing"},
				"west": {"uv": [0, 0, 1, 16], "texture": "#0"},
				"up": {"uv": [15, 1, 16, 15], "rotation": 90, "texture": "#1"},
				"down": {"uv": [15, 1, 16, 15], "rotation": 90, "texture": "#1"}
			}
		},
		{
			"from": [-1.6, -0.05, 0],
			"to": [0, 19.15, 16],
			"faces": {
				"north": {"uv": [15, 0, 16, 16], "texture": "#0"},
				"east": {"uv": [0, 0, 10, 12], "texture": "#missing"},
				"south": {"uv": [0, 0, 1, 16], "texture": "#0"},
				"west": {"uv": [1, 0, 15, 16], "texture": "#0"},
				"up": {"uv": [15, 1, 16, 15], "texture": "#1"},
				"down": {"uv": [15, 1, 16, 15], "texture": "#1"}
			}
		},
		{
			"from": [0, -0.05, 16],
			"to": [16, 19.15, 17.6],
			"faces": {
				"north": {"uv": [0, 0, 10, 12], "texture": "#missing"},
				"east": {"uv": [0, 0, 1, 16], "texture": "#0"},
				"south": {"uv": [1, 0, 15, 16], "texture": "#0"},
				"west": {"uv": [15, 0, 16, 16], "texture": "#0"},
				"up": {"uv": [0, 1, 1, 15], "rotation": 90, "texture": "#1"},
				"down": {"uv": [15, 1, 16, 15], "rotation": 90, "texture": "#1"}
			}
		},
		{
			"from": [16, -0.05, 0],
			"to": [17.6, 19.15, 16],
			"faces": {
				"north": {"uv": [0, 0, 1, 16], "texture": "#0"},
				"east": {"uv": [1, 0, 15, 16], "texture": "#0"},
				"south": {"uv": [15, 0, 16, 16], "texture": "#0"},
				"west": {"uv": [0, 0, 10, 12], "texture": "#missing"},
				"up": {"uv": [0, 1, 1, 15], "texture": "#1"},
				"down": {"uv": [15, 1, 16, 15], "texture": "#1"}
			}
		},
		{
			"from": [0, -0.05, 0],
			"to": [16, 19.15, 16],
			"faces": {
				"north": {"uv": [0, 0, 16, 16], "texture": "#0"},
				"east": {"uv": [1, 0, 15, 16], "texture": "#0"},
				"south": {"uv": [0, 0, 16, 16], "texture": "#0"},
				"west": {"uv": [1, 0, 15, 16], "texture": "#0"},
				"up": {"uv": [1, 1, 15, 15], "rotation": 180, "texture": "#1"},
				"down": {"uv": [0, 1, 16, 15], "rotation": 180, "texture": "#1"}
			}
		},
		{
			"from": [18.03261, 19.36987, 3.2],
			"to": [29.23261, 24.16987, 8],
			"rotation": {"angle": 45, "axis": "z", "origin": [29.07974, 13, 4.1914]},
			"faces": {
				"north": {"uv": [6, 7, 9, 15], "rotation": 90, "texture": "#1_0"},
				"east": {"uv": [0, 4, 4, 8], "rotation": 90, "texture": "#1_0"},
				"south": {"uv": [6, 7, 9, 15], "rotation": 90, "texture": "#1_0"},
				"west": {"uv": [6, 12, 9, 15], "rotation": 90, "texture": "#1_0"},
				"up": {"uv": [6, 7, 9, 15], "rotation": 90, "texture": "#1_0"},
				"down": {"uv": [6, 7, 9, 15], "rotation": 90, "texture": "#1_0"}
			}
		},
		{
			"from": [20, 0.0125, 6.8],
			"to": [26.4, 3.15, 11.8],
			"rotation": {"angle": 0, "axis": "y", "origin": [26.4, -3.2, 11.2]},
			"faces": {
				"north": {"uv": [1, 1, 5, 3], "texture": "#0"},
				"east": {"uv": [1, 2, 4.125, 4], "texture": "#0"},
				"south": {"uv": [1, 0, 5, 2], "texture": "#0"},
				"west": {"uv": [2, 3, 5.125, 5], "texture": "#0"},
				"up": {"uv": [5.125, 5, 2, 1], "rotation": 90, "texture": "#0"},
				"down": {"uv": [6.125, 8, 3, 4], "rotation": 270, "texture": "#0"}
			}
		},
		{
			"from": [17.6, 0.075, 9.6],
			"to": [24, 4.75, 16.2],
			"faces": {
				"north": {"uv": [1, 2, 5, 5], "texture": "#0"},
				"east": {"uv": [8, 1, 12.125, 4], "texture": "#0"},
				"south": {"uv": [2, 3, 6, 6], "texture": "#0"},
				"west": {"uv": [1, 1, 5.125, 4], "texture": "#0"},
				"up": {"uv": [6, 5.125, 2, 1], "texture": "#0"},
				"down": {"uv": [7, 8.125, 3, 4], "texture": "#0"}
			}
		},
		{
			"from": [14.4, 0.0125, 12.8],
			"to": [20.8, 7.95, 19.2],
			"faces": {
				"north": {"uv": [1, 2, 5, 7], "texture": "#0"},
				"east": {"uv": [10, 8, 14, 13], "texture": "#0"},
				"south": {"uv": [11, 10, 15, 15], "texture": "#0"},
				"west": {"uv": [1, 1, 5, 6], "texture": "#0"},
				"up": {"uv": [6, 5, 2, 1], "texture": "#0"},
				"down": {"uv": [7, 8, 3, 4], "texture": "#0"}
			}
		},
		{
			"from": [11.2, -0.1125, 16],
			"to": [17.6, 4.75, 22.4],
			"faces": {
				"north": {"uv": [1, 2, 5, 5], "texture": "#0"},
				"east": {"uv": [1, 0, 5, 3], "texture": "#0"},
				"south": {"uv": [9, 0, 13, 3], "texture": "#0"},
				"west": {"uv": [1, 1, 5, 4], "texture": "#0"},
				"up": {"uv": [6, 5, 2, 1], "texture": "#0"},
				"down": {"uv": [7, 8, 3, 4], "texture": "#0"}
			}
		},
		{
			"from": [14.4, 0.0125, 20.8],
			"to": [19.2, 3.15, 27.2],
			"faces": {
				"north": {"uv": [1, 2, 4, 4], "texture": "#0"},
				"east": {"uv": [4, 6, 8, 8], "texture": "#0"},
				"south": {"uv": [1, 2, 4, 4], "texture": "#0"},
				"west": {"uv": [1, 1, 5, 3], "texture": "#0"},
				"up": {"uv": [5, 5, 2, 1], "texture": "#0"},
				"down": {"uv": [6, 8, 3, 4], "texture": "#0"}
			}
		},
		{
			"from": [-9.6, 0.1375, 16],
			"to": [-3.2, 4.75, 22.4],
			"faces": {
				"north": {"uv": [11, 0, 15, 3], "texture": "#0"},
				"east": {"uv": [1, 1, 5, 4], "texture": "#0"},
				"south": {"uv": [3, 10, 7, 13], "texture": "#0"},
				"west": {"uv": [10, 3, 14, 6], "texture": "#0"},
				"up": {"uv": [2, 1, 6, 5], "texture": "#0"},
				"down": {"uv": [3, 4, 7, 8], "texture": "#0"}
			}
		},
		{
			"from": [-3.2, 0.0125, 12.8],
			"to": [3.2, 14.35, 19.2],
			"faces": {
				"north": {"uv": [11, 1, 15, 10], "texture": "#0"},
				"east": {"uv": [1, 1, 5, 10], "texture": "#0"},
				"south": {"uv": [1, 2, 5, 11], "texture": "#0"},
				"west": {"uv": [0, 4, 4, 13], "texture": "#0"},
				"up": {"uv": [2, 1, 6, 5], "texture": "#0"},
				"down": {"uv": [3, 4, 7, 8], "texture": "#0"}
			}
		},
		{
			"from": [-3.4, 0.075, 12.8],
			"to": [3.4, 14.55, 19.4],
			"faces": {
				"north": {"uv": [11, 1, 15, 10], "texture": "#3"},
				"east": {"uv": [1, 1, 5, 10], "texture": "#3"},
				"south": {"uv": [4.5, 3, 8.5, 12], "rotation": 180, "texture": "#3"},
				"west": {"uv": [7.5, 4, 11.5, 13], "rotation": 180, "texture": "#3"},
				"up": {"uv": [9, 5.5, 13, 9.5], "texture": "#3"}
			}
		},
		{
			"from": [-6.4, 0.075, 11.2],
			"to": [0, 9.55, 17.6],
			"faces": {
				"north": {"uv": [0, 0, 4, 6], "texture": "#0"},
				"east": {"uv": [1, 1, 5, 7], "texture": "#0"},
				"south": {"uv": [1, 2, 5, 8], "texture": "#0"},
				"west": {"uv": [2, 5, 6, 11], "texture": "#0"},
				"up": {"uv": [2, 1, 6, 5], "texture": "#0"},
				"down": {"uv": [3, 4, 7, 8], "texture": "#0"}
			}
		},
		{
			"from": [-12, -0.05, 1],
			"to": [-5.6, 3.15, 6],
			"rotation": {"angle": 0, "axis": "y", "origin": [-10.4, -3.2, 4.8]},
			"faces": {
				"north": {"uv": [1, 0, 5, 2], "texture": "#0"},
				"east": {"uv": [2, 3, 5.125, 5], "texture": "#0"},
				"south": {"uv": [1, 1, 5, 3], "texture": "#0"},
				"west": {"uv": [4, 6, 7, 8], "texture": "#0"},
				"up": {"uv": [2, 1, 5, 5], "rotation": 90, "texture": "#0"},
				"down": {"uv": [3, 4, 6.125, 8], "rotation": 270, "texture": "#0"}
			}
		},
		{
			"from": [-6.4, 0.0125, -1.8],
			"to": [0, 4.75, 4.8],
			"faces": {
				"north": {"uv": [0, 6, 4, 9], "texture": "#0"},
				"east": {"uv": [1, 1, 5.125, 4], "texture": "#0"},
				"south": {"uv": [1, 2, 5, 5], "texture": "#0"},
				"west": {"uv": [3, 3, 7.125, 6], "texture": "#0"},
				"up": {"uv": [2, 1, 6, 5.125], "texture": "#0"},
				"down": {"uv": [3, 4, 7, 8.125], "texture": "#0"}
			}
		},
		{
			"from": [-3.2, -0.1125, -4.8],
			"to": [3.2, 7.95, 1.6],
			"faces": {
				"north": {"uv": [2, 3, 6, 8], "texture": "#0"},
				"east": {"uv": [1, 1, 5, 6], "texture": "#0"},
				"south": {"uv": [1, 2, 5, 7], "texture": "#0"},
				"west": {"uv": [11, 2, 15, 7], "texture": "#0"},
				"up": {"uv": [2, 1, 6, 5], "texture": "#0"},
				"down": {"uv": [3, 4, 7, 8], "texture": "#0"}
			}
		},
		{
			"from": [0, 0.0125, -8],
			"to": [6.4, 4.75, -1.6],
			"faces": {
				"north": {"uv": [2, 3, 6, 6], "texture": "#0"},
				"east": {"uv": [1, 1, 5, 4], "texture": "#0"},
				"south": {"uv": [1, 2, 5, 5], "texture": "#0"},
				"west": {"uv": [1, 0, 5, 3], "texture": "#0"},
				"up": {"uv": [2, 1, 6, 5], "texture": "#0"},
				"down": {"uv": [3, 4, 7, 8], "texture": "#0"}
			}
		},
		{
			"from": [-1.6, -0.175, -12.8],
			"to": [3.2, 3.15, -6.4],
			"faces": {
				"north": {"uv": [2, 3, 5, 5], "texture": "#0"},
				"east": {"uv": [1, 1, 5, 3], "texture": "#0"},
				"south": {"uv": [1, 2, 4, 4], "texture": "#0"},
				"west": {"uv": [1, 0, 5, 2], "texture": "#0"},
				"up": {"uv": [2, 1, 5, 5], "texture": "#0"},
				"down": {"uv": [3, 4, 6, 8], "texture": "#0"}
			}
		},
		{
			"from": [19.45362, -0.05, -4.43129],
			"to": [19.45362, 7.95, 3.56871],
			"rotation": {"angle": 22.5, "axis": "y", "origin": [19.2, -0.8, -4]},
			"faces": {
				"north": {"uv": [4, 2, 4, 7], "texture": "#6"},
				"east": {"uv": [4, 4, 13, 16], "texture": "#6"},
				"south": {"uv": [0, 0, 0, 5], "texture": "#6"},
				"west": {"uv": [4, 4, 13, 16], "texture": "#6"},
				"up": {"uv": [0, 0, 0, 5], "texture": "#6"},
				"down": {"uv": [0, 0, 0, 5], "texture": "#6"}
			}
		},
		{
			"from": [16.8, -0.05, -0.8],
			"to": [24.8, 7.95, -0.8],
			"rotation": {"angle": 0, "axis": "y", "origin": [19.2, -0.8, -4]},
			"faces": {
				"north": {"uv": [4, 4, 13, 16], "texture": "#6"},
				"east": {"uv": [0, 0, 0, 5], "texture": "#6"},
				"south": {"uv": [4, 4, 13, 16], "texture": "#6"},
				"west": {"uv": [4, 2, 4, 7], "texture": "#6"},
				"up": {"uv": [0, 0, 0, 5], "rotation": 270, "texture": "#6"},
				"down": {"uv": [0, 0, 0, 5], "rotation": 90, "texture": "#6"}
			}
		},
		{
			"from": [15.37767, -0.05, -11.31509],
			"to": [15.37767, 7.95, -3.31509],
			"rotation": {"angle": 22.5, "axis": "y", "origin": [19.2, -0.8, -4]},
			"faces": {
				"north": {"uv": [4, 2, 4, 7], "texture": "#5"},
				"east": {"uv": [4, 4, 13, 16], "texture": "#5"},
				"south": {"uv": [0, 0, 0, 5], "texture": "#5"},
				"west": {"uv": [4, 4, 13, 16], "texture": "#5"},
				"up": {"uv": [0, 0, 0, 5], "texture": "#5"},
				"down": {"uv": [0, 0, 0, 5], "texture": "#5"}
			}
		},
		{
			"from": [10.4, -0.05, -5.6],
			"to": [18.4, 7.95, -5.6],
			"rotation": {"angle": 0, "axis": "y", "origin": [19.2, -0.8, -4]},
			"faces": {
				"north": {"uv": [4, 4, 13, 16], "texture": "#5"},
				"east": {"uv": [0, 0, 0, 5], "texture": "#5"},
				"south": {"uv": [4, 4, 13, 16], "texture": "#5"},
				"west": {"uv": [4, 2, 4, 7], "texture": "#5"},
				"up": {"uv": [0, 0, 0, 5], "rotation": 270, "texture": "#5"},
				"down": {"uv": [0, 0, 0, 5], "rotation": 90, "texture": "#5"}
			}
		},
		{
			"from": [-4.51285, -0.05, 11.61888],
			"to": [-4.51285, 7.95, 19.61888],
			"rotation": {"angle": 22.5, "axis": "y", "origin": [19.2, -0.8, -4]},
			"faces": {
				"north": {"uv": [4, 2, 4, 7], "texture": "#6"},
				"east": {"uv": [4, 4, 13, 16], "texture": "#6"},
				"south": {"uv": [0, 0, 0, 5], "texture": "#6"},
				"west": {"uv": [4, 4, 13, 16], "texture": "#6"},
				"up": {"uv": [0, 0, 0, 5], "texture": "#6"},
				"down": {"uv": [0, 0, 0, 5], "texture": "#6"}
			}
		},
		{
			"from": [0.8, -0.05, 23.2],
			"to": [8.8, 7.95, 23.2],
			"rotation": {"angle": 0, "axis": "y", "origin": [19.2, -0.8, -4]},
			"faces": {
				"north": {"uv": [4, 4, 13, 16], "texture": "#6"},
				"east": {"uv": [0, 0, 0, 5], "texture": "#6"},
				"south": {"uv": [4, 4, 13, 16], "texture": "#6"},
				"west": {"uv": [4, 2, 4, 7], "texture": "#6"},
				"up": {"uv": [0, 0, 0, 5], "rotation": 270, "texture": "#6"},
				"down": {"uv": [0, 0, 0, 5], "rotation": 90, "texture": "#6"}
			}
		},
		{
			"from": [-3.16179, 0.91, 25.78771],
			"to": [2.91821, 6.99, 25.78771],
			"rotation": {"angle": -22.5, "axis": "y", "origin": [-1.6, -0.8, 26.4]},
			"faces": {
				"north": {"uv": [4, 4, 13, 16], "texture": "#5"},
				"east": {"uv": [0, 0, 0, 5], "texture": "#5"},
				"south": {"uv": [4, 4, 13, 16], "texture": "#5"},
				"west": {"uv": [4, 2, 4, 7], "texture": "#5"},
				"up": {"uv": [0, 0, 0, 5], "rotation": 270, "texture": "#5"},
				"down": {"uv": [0, 0, 0, 5], "rotation": 90, "texture": "#5"}
			}
		},
		{
			"from": [-3.50863, 0.91, 27.53137],
			"to": [2.57137, 6.99, 27.53137],
			"rotation": {"angle": 45, "axis": "y", "origin": [-1.6, -0.8, 26.4]},
			"faces": {
				"north": {"uv": [4, 4, 13, 16], "texture": "#5"},
				"east": {"uv": [0, 0, 0, 5], "texture": "#5"},
				"south": {"uv": [4, 4, 13, 16], "texture": "#5"},
				"west": {"uv": [4, 2, 4, 7], "texture": "#5"},
				"up": {"uv": [0, 0, 0, 5], "rotation": 270, "texture": "#5"},
				"down": {"uv": [0, 0, 0, 5], "rotation": 90, "texture": "#5"}
			}
		},
		{
			"name": "Top Moss",
			"from": [-1.6, 19.25, -1.6],
			"to": [17.6, 19.25, 17.6],
			"faces": {
				"north": {"uv": [0, 0, 12, 0], "texture": "#3"},
				"east": {"uv": [0, 0, 12, 0], "texture": "#3"},
				"south": {"uv": [0, 0, 12, 0], "texture": "#3"},
				"west": {"uv": [0, 0, 12, 0], "texture": "#3"},
				"up": {"uv": [0, 0, 12, 12], "texture": "#3"}
			}
		},
		{
			"name": "Top Moss",
			"from": [-1.6, 19.45, -1.6],
			"to": [17.6, 19.45, 17.6],
			"faces": {
				"north": {"uv": [0, 0, 12, 0], "texture": "#3"},
				"east": {"uv": [0, 0, 12, 0], "texture": "#3"},
				"south": {"uv": [0, 0, 12, 0], "texture": "#3"},
				"west": {"uv": [0, 0, 12, 0], "texture": "#3"},
				"up": {"uv": [0, 0, 12, 12], "texture": "#3"}
			}
		},
		{
			"name": "North Moss",
			"from": [0, 12.75, -1.7],
			"to": [16, 19.15, -1.7],
			"faces": {
				"north": {"uv": [4.5, 3, 9.5, 15], "rotation": 90, "texture": "#3"},
				"east": {"uv": [0, 0, 12, 0], "rotation": 90, "texture": "#missing"},
				"west": {"uv": [0, 0, 12, 0], "rotation": 270, "texture": "#missing"},
				"up": {"uv": [0, 0, 10, 0], "texture": "#missing"},
				"down": {"uv": [0, 0, 10, 0], "rotation": 180, "texture": "#missing"}
			}
		},
		{
			"name": "North Moss",
			"from": [0, 12.75, -1.9],
			"to": [16, 19.15, -1.9],
			"faces": {
				"north": {"uv": [4.5, 3, 9.5, 15], "rotation": 90, "texture": "#3"},
				"east": {"uv": [0, 0, 12, 0], "rotation": 90, "texture": "#missing"},
				"west": {"uv": [0, 0, 12, 0], "rotation": 270, "texture": "#missing"},
				"up": {"uv": [0, 0, 10, 0], "texture": "#missing"},
				"down": {"uv": [0, 0, 10, 0], "rotation": 180, "texture": "#missing"}
			}
		},
		{
			"name": "South Moss",
			"from": [0, -0.05, 17.7],
			"to": [16, 19.15, 17.7],
			"faces": {
				"east": {"uv": [0, 0, 12, 0], "rotation": 270, "texture": "#missing"},
				"south": {"uv": [0, 1, 10, 12], "texture": "#3"},
				"west": {"uv": [0, 0, 12, 0], "rotation": 90, "texture": "#missing"},
				"up": {"uv": [0, 0, 12, 0], "rotation": 180, "texture": "#missing"},
				"down": {"uv": [0, 0, 12, 0], "texture": "#missing"}
			}
		},
		{
			"name": "South Moss",
			"from": [0, -0.05, 17.9],
			"to": [16, 19.15, 17.9],
			"faces": {
				"east": {"uv": [0, 0, 12, 0], "rotation": 270, "texture": "#missing"},
				"south": {"uv": [0, 1, 10, 12], "texture": "#3"},
				"west": {"uv": [0, 0, 12, 0], "rotation": 90, "texture": "#missing"},
				"up": {"uv": [0, 0, 12, 0], "rotation": 180, "texture": "#missing"},
				"down": {"uv": [0, 0, 12, 0], "texture": "#missing"}
			}
		},
		{
			"name": "South Moss",
			"from": [-0.1, -0.05, -1.6],
			"to": [-0.1, 19.15, 17.6],
			"faces": {
				"north": {"uv": [0, 0, 12, 0], "rotation": 90, "texture": "#missing"},
				"south": {"uv": [0, 0, 12, 0], "rotation": 270, "texture": "#missing"},
				"west": {"uv": [6, 0, 16, 11], "rotation": 90, "texture": "#3"},
				"up": {"uv": [0, 0, 12, 0], "rotation": 270, "texture": "#missing"},
				"down": {"uv": [0, 0, 12, 0], "rotation": 270, "texture": "#missing"}
			}
		},
		{
			"name": "South Moss",
			"from": [-1.6, -0.05, -0.1],
			"to": [16, 19.15, -0.1],
			"faces": {
				"north": {"uv": [3, 0.5, 13, 12], "rotation": 90, "texture": "#3"},
				"east": {"uv": [0, 0, 12, 0], "rotation": 90, "texture": "#missing"},
				"west": {"uv": [0, 0, 12, 0], "rotation": 270, "texture": "#missing"},
				"up": {"uv": [0, 0, 12, 0], "texture": "#missing"},
				"down": {"uv": [0, 0, 12, 0], "rotation": 180, "texture": "#missing"}
			}
		},
		{
			"name": "South Moss",
			"from": [-1.6, -0.05, 16.1],
			"to": [16, 19.15, 16.1],
			"faces": {
				"east": {"uv": [0, 0, 12, 0], "rotation": 270, "texture": "#missing"},
				"south": {"uv": [6, 0, 16, 11], "rotation": 90, "texture": "#3"},
				"west": {"uv": [0, 0, 12, 0], "rotation": 90, "texture": "#missing"},
				"up": {"uv": [0, 0, 12, 0], "rotation": 180, "texture": "#missing"},
				"down": {"uv": [0, 0, 12, 0], "texture": "#missing"}
			}
		},
		{
			"name": "West Moss",
			"from": [-1.7, -0.05, 0],
			"to": [-1.7, 19.15, 16],
			"faces": {
				"north": {"uv": [0, 0, 12, 0], "rotation": 270, "texture": "#missing"},
				"south": {"uv": [0, 0, 12, 0], "rotation": 90, "texture": "#missing"},
				"west": {"uv": [4, 1, 16, 11], "rotation": 90, "texture": "#3"},
				"up": {"uv": [0, 0, 10, 0], "rotation": 90, "texture": "#missing"},
				"down": {"uv": [0, 0, 10, 0], "rotation": 90, "texture": "#missing"}
			}
		},
		{
			"name": "West Moss",
			"from": [-1.9, -0.05, 0],
			"to": [-1.9, 19.15, 16],
			"faces": {
				"north": {"uv": [0, 0, 12, 0], "rotation": 270, "texture": "#missing"},
				"south": {"uv": [0, 0, 12, 0], "rotation": 90, "texture": "#missing"},
				"west": {"uv": [4, 1, 16, 11], "rotation": 90, "texture": "#3"},
				"up": {"uv": [0, 0, 10, 0], "rotation": 90, "texture": "#missing"},
				"down": {"uv": [0, 0, 10, 0], "rotation": 90, "texture": "#missing"}
			}
		},
		{
			"from": [0, 0, 0],
			"to": [16, 16, 16],
			"color": 3,
			"faces": {
				"north": {"uv": [0, 0, 16, 16], "texture": "#missing"},
				"east": {"uv": [0, 0, 16, 16], "texture": "#missing"},
				"south": {"uv": [0, 0, 16, 16], "texture": "#missing"},
				"west": {"uv": [0, 0, 16, 16], "texture": "#missing"},
				"up": {"uv": [0, 0, 16, 16], "texture": "#missing"},
				"down": {"uv": [0, 0, 16, 16], "texture": "#missing"}
			}
		}
	],
	"display": {
		"thirdperson_righthand": {
			"rotation": [75, 45, 0],
			"translation": [0, 2.5, 0],
			"scale": [0.375, 0.375, 0.375]
		},
		"thirdperson_lefthand": {
			"rotation": [75, 45, 0],
			"translation": [0, 2.5, 0],
			"scale": [0.375, 0.375, 0.375]
		},
		"firstperson_righthand": {
			"rotation": [0, 143.5, 0],
			"translation": [1.25, 1.75, -1.5],
			"scale": [0.23789, 0.23789, 0.23789]
		},
		"firstperson_lefthand": {
			"rotation": [0, -327, 0],
			"translation": [1.25, 1.75, -1.5],
			"scale": [0.23789, 0.23789, 0.23789]
		},
		"ground": {
			"translation": [0, -0.25, 0],
			"scale": [0.43555, 0.43555, 0.43555]
		},
		"gui": {
			"rotation": [30, 225, 0],
			"scale": [0.38281, 0.38281, 0.38281]
		},
		"head": {
			"translation": [0, 11.5, 0],
			"scale": [0.55664, 0.55664, 0.55664]
		},
		"fixed": {
			"translation": [0, 0, 17],
			"scale": [2, 2, 2]
		}
	},
	"groups": [
		{
			"name": "Stump",
			"origin": [8, 8, 8],
			"children": [0, 1, 2, 3, 4]
		},
		{
			"name": "oak_log_2",
			"origin": [8, 8, 8],
			"children": [5]
		},
		{
			"name": "Roots",
			"origin": [8, 8, 8],
			"children": [
				{
					"name": "group",
					"origin": [8, 8, 8],
					"children": [6, 7, 8, 9, 10]
				},
				{
					"name": "group",
					"origin": [8, 8, 8],
					"children": [11, 12, 13, 14]
				},
				{
					"name": "group",
					"origin": [8, 8, 8],
					"children": [15, 16, 17, 18, 19]
				}
			]
		},
		{
			"name": "Mushroom",
			"origin": [15, 2.5, 0.5],
			"children": [20, 21]
		},
		{
			"name": "Mushroom",
			"origin": [15, 2.5, 0.5],
			"children": [22, 23]
		},
		{
			"name": "Mushroom",
			"origin": [15, 2.5, 0.5],
			"children": [24, 25]
		},
		{
			"name": "Mushroom",
			"origin": [15, 2.5, 0.5],
			"children": [26, 27]
		},
		{
			"name": "Moss",
			"origin": [8, 8, 8],
			"children": [28, 29, 30, 31, 32, 33, 34, 35, 36, 37, 38]
		}, 39]
}