{
	"credit": "Made with Blockbench",
	"parent": "./cit_item",
	"textures": {
		"0": "block/MizunoArchive/coarse_dirt",
		"1": "block/MizunoArchive/stone_slab_top",
		"2": "block/succulent1",
		"3": "block/succulent2",
		"particle": "block/MizunoArchive/coarse_dirt",
		"2_1": "block/MizunoArchive/cactus_1",
		"3_0": "block/grass_5",
		"top": "block/MizunoArchive/grass_5c",
		"middle": "block/MizunoArchive/grass_5b",
		"lower": "block/MizunoArchive/grass_5a",
		"2_0": "block/MizunoArchive/cactus_0"
	},
	"elements": [
		{
			"from": [3, 0, 2],
			"to": [13, 2, 14],
			"faces": {
				"north": {"uv": [1, 1, 11, 3.5], "texture": "#1"},
				"east": {"uv": [1, 1, 13, 3.5], "texture": "#1"},
				"south": {"uv": [1, 1, 11, 3.5], "texture": "#1"},
				"west": {"uv": [1, 1, 13, 3.5], "texture": "#1"},
				"up": {"uv": [0, 0, 16, 16], "texture": "#0"},
				"down": {"uv": [1, 1, 11, 13], "texture": "#1"}
			}
		},
		{
			"from": [2.00174, 1.49826, 1.99999],
			"to": [3.00174, 2.49826, 13.99999],
			"faces": {
				"north": {"uv": [1, 1, 11, 3.5], "texture": "#1"},
				"east": {"uv": [1, 1, 13, 3.5], "texture": "#1"},
				"south": {"uv": [1, 1, 11, 3.5], "texture": "#1"},
				"west": {"uv": [1, 2, 13, 3], "texture": "#1"},
				"up": {"uv": [1, 3, 11, 4], "rotation": 90, "texture": "#1"},
				"down": {"uv": [1, 1, 11, 13], "texture": "#1"}
			}
		},
		{
			"from": [-3.14593, 1.91797, 2.00613],
			"to": [-2.14593, 3.91797, 14.00613],
			"rotation": {"angle": 45, "axis": "z", "origin": [2.35407, 8.91797, 8.50613]},
			"faces": {
				"north": {"uv": [1, 1, 2, 2.5], "texture": "#1"},
				"east": {"uv": [1, 1, 13, 3.5], "texture": "#1"},
				"south": {"uv": [1, 1, 2, 2.5], "texture": "#1"},
				"west": {"uv": [1, 1, 13, 3.5], "texture": "#1"},
				"up": {"uv": [1, 1, 11, 13], "texture": "#1"},
				"down": {"uv": [1, 1, 11, 13], "texture": "#1"}
			}
		},
		{
			"from": [2.98136, 1.94293, -4.15835],
			"to": [12.98136, 3.94293, -3.15835],
			"rotation": {"angle": -45, "axis": "x", "origin": [8.48136, 8.94293, 1.34165]},
			"faces": {
				"north": {"uv": [1, 1, 11, 3.5], "texture": "#1"},
				"east": {"uv": [1, 1, 2, 3.5], "texture": "#1"},
				"south": {"uv": [1, 1, 11, 3.5], "texture": "#1"},
				"west": {"uv": [1, 1, 2, 2.5], "texture": "#1"},
				"up": {"uv": [1, 1, 11, 13], "rotation": 90, "texture": "#1"},
				"down": {"uv": [1, 1, 11, 13], "rotation": 270, "texture": "#1"}
			}
		},
		{
			"from": [2.98749, 1.52322, 0.98933],
			"to": [12.98749, 2.52322, 1.98933],
			"faces": {
				"north": {"uv": [1, 1, 11, 2], "texture": "#1"},
				"east": {"uv": [1, 1, 13, 3.5], "texture": "#1"},
				"south": {"uv": [1, 1, 11, 3.5], "texture": "#1"},
				"west": {"uv": [1, 1, 13, 3.5], "texture": "#1"},
				"up": {"uv": [1, 2, 11, 3], "texture": "#1"},
				"down": {"uv": [1, 1, 11, 13], "rotation": 270, "texture": "#1"}
			}
		},
		{
			"from": [2.98749, 1.52322, 14.01067],
			"to": [12.98749, 2.52322, 15.01067],
			"faces": {
				"north": {"uv": [1, 1, 11, 3.5], "texture": "#1"},
				"east": {"uv": [1, 1, 13, 3.5], "texture": "#1"},
				"south": {"uv": [1, 1, 11, 3.5], "texture": "#1"},
				"west": {"uv": [1, 1, 13, 3.5], "texture": "#1"},
				"up": {"uv": [1, 4, 11, 5], "texture": "#1"},
				"down": {"uv": [1, 1, 11, 13], "rotation": 270, "texture": "#1"}
			}
		},
		{
			"from": [2.98136, 1.94293, 19.15835],
			"to": [12.98136, 3.94293, 20.15835],
			"rotation": {"angle": 45, "axis": "x", "origin": [8.48136, 8.94293, 14.65835]},
			"faces": {
				"north": {"uv": [1, 1, 11, 3.5], "texture": "#1"},
				"east": {"uv": [1, 1, 2, 2.5], "texture": "#1"},
				"south": {"uv": [1, 1, 11, 3.5], "texture": "#1"},
				"west": {"uv": [1, 1, 2, 2.5], "texture": "#1"},
				"up": {"uv": [1, 1, 11, 13], "rotation": 90, "texture": "#1"},
				"down": {"uv": [1, 1, 11, 13], "rotation": 270, "texture": "#1"}
			}
		},
		{
			"from": [18.14593, 1.91797, 2.00613],
			"to": [19.14593, 3.91797, 14.00613],
			"rotation": {"angle": -45, "axis": "z", "origin": [13.64593, 8.91797, 8.50613]},
			"faces": {
				"north": {"uv": [1, 1, 2, 3.5], "texture": "#1"},
				"east": {"uv": [1, 1, 13, 3.5], "texture": "#1"},
				"south": {"uv": [1, 1, 2, 2.5], "texture": "#1"},
				"west": {"uv": [1, 1, 13, 3.5], "texture": "#1"},
				"up": {"uv": [1, 1, 11, 13], "texture": "#1"},
				"down": {"uv": [1, 1, 11, 13], "texture": "#1"}
			}
		},
		{
			"from": [12.99826, 1.49826, 1.99999],
			"to": [13.99826, 2.49826, 13.99999],
			"faces": {
				"north": {"uv": [1, 1, 11, 3.5], "texture": "#1"},
				"east": {"uv": [1, 1, 13, 2], "texture": "#1"},
				"south": {"uv": [1, 1, 11, 3.5], "texture": "#1"},
				"west": {"uv": [1, 1, 13, 3.5], "texture": "#1"},
				"up": {"uv": [1, 1, 2, 13], "texture": "#1"},
				"down": {"uv": [1, 1, 11, 2], "texture": "#1"}
			}
		},
		{
			"from": [2.2071, 1.4995, 1.50051],
			"to": [3.6071, 2.4995, 2.50051],
			"rotation": {"angle": 45, "axis": "y", "origin": [2.7071, 1.9995, 2.00051]},
			"faces": {
				"north": {"uv": [1, 1, 3, 2.5], "texture": "#1"},
				"east": {"uv": [1, 1, 13, 3.5], "texture": "#1"},
				"south": {"uv": [1, 1, 11, 3.5], "texture": "#1"},
				"west": {"uv": [1, 1, 13, 3.5], "texture": "#1"},
				"up": {"uv": [1, 1, 3, 2], "rotation": 90, "texture": "#1"},
				"down": {"uv": [1, 1, 11, 13], "rotation": 270, "texture": "#1"}
			}
		},
		{
			"from": [12.48752, 1.52315, 13.80361],
			"to": [13.88752, 2.52315, 14.80361],
			"rotation": {"angle": 45, "axis": "y", "origin": [12.98752, 2.02315, 14.30361]},
			"faces": {
				"north": {"uv": [1, 1, 11, 3.5], "texture": "#1"},
				"east": {"uv": [1, 1, 13, 3.5], "texture": "#1"},
				"south": {"uv": [1, 1, 2, 2.5], "texture": "#1"},
				"west": {"uv": [1, 1, 13, 3.5], "texture": "#1"},
				"up": {"uv": [1, 1, 2, 2], "rotation": 90, "texture": "#1"},
				"down": {"uv": [1, 1, 11, 13], "rotation": 270, "texture": "#1"}
			}
		},
		{
			"from": [2.20458, 1.52321, 13.5208],
			"to": [3.60458, 2.52321, 14.5208],
			"rotation": {"angle": -45, "axis": "y", "origin": [2.70458, 2.02321, 14.0208]},
			"faces": {
				"north": {"uv": [1, 1, 11, 3.5], "texture": "#1"},
				"east": {"uv": [1, 1, 13, 3.5], "texture": "#1"},
				"south": {"uv": [1, 1, 2, 2.5], "texture": "#1"},
				"west": {"uv": [1, 1, 13, 3.5], "texture": "#1"},
				"up": {"uv": [1, 1, 2, 2], "rotation": 90, "texture": "#1"},
				"down": {"uv": [1, 1, 11, 13], "rotation": 270, "texture": "#1"}
			}
		},
		{
			"from": [12.48759, 1.52323, 1.19633],
			"to": [13.88759, 2.52323, 2.19633],
			"rotation": {"angle": -45, "axis": "y", "origin": [12.98759, 2.02323, 1.69633]},
			"faces": {
				"north": {"uv": [1, 1, 2, 2.5], "texture": "#1"},
				"east": {"uv": [1, 1, 13, 3.5], "texture": "#1"},
				"south": {"uv": [1, 1, 11, 3.5], "texture": "#1"},
				"west": {"uv": [1, 1, 13, 3.5], "texture": "#1"},
				"up": {"uv": [1, 1, 3, 2], "rotation": 90, "texture": "#1"},
				"down": {"uv": [1, 1, 11, 13], "rotation": 270, "texture": "#1"}
			}
		},
		{
			"from": [1.75, 1.6, 4.45],
			"to": [1.75, 4.6, 7.45],
			"rotation": {"angle": 45, "axis": "y", "origin": [0.4, 0.8, 1.2]},
			"faces": {
				"north": {"uv": [8, 0, 16, 8], "texture": "#2"},
				"east": {"uv": [8, 0, 16, 8], "texture": "#2"},
				"south": {"uv": [8, 0, 16, 8], "texture": "#2"},
				"west": {"uv": [8, 0, 16, 8], "texture": "#2"},
				"up": {"uv": [8, 0, 16, 8], "texture": "#2"},
				"down": {"uv": [8, 0, 16, 8], "texture": "#2"}
			}
		},
		{
			"from": [0.25, 1.6, 5.95],
			"to": [3.25, 4.6, 5.95],
			"rotation": {"angle": 45, "axis": "y", "origin": [0.4, 0.8, 1.2]},
			"faces": {
				"north": {"uv": [8, 0, 16, 8], "texture": "#2"},
				"east": {"uv": [8, 0, 16, 8], "texture": "#2"},
				"south": {"uv": [8, 0, 16, 8], "texture": "#2"},
				"west": {"uv": [8, 0, 16, 8], "texture": "#2"},
				"up": {"uv": [8, 0, 16, 8], "texture": "#2"},
				"down": {"uv": [8, 0, 16, 8], "texture": "#2"}
			}
		},
		{
			"from": [2.15, 1.3, 13.25],
			"to": [2.15, 4.3, 16.25],
			"rotation": {"angle": 45, "axis": "y", "origin": [0.8, 0.8, 10]},
			"faces": {
				"north": {"uv": [8, 0, 16, 8], "texture": "#2"},
				"east": {"uv": [8, 0, 16, 8], "texture": "#2"},
				"south": {"uv": [8, 0, 16, 8], "texture": "#2"},
				"west": {"uv": [8, 0, 16, 8], "texture": "#2"},
				"up": {"uv": [8, 0, 16, 8], "texture": "#2"},
				"down": {"uv": [8, 0, 16, 8], "texture": "#2"}
			}
		},
		{
			"from": [0.65, 1.3, 14.75],
			"to": [3.65, 4.3, 14.75],
			"rotation": {"angle": 45, "axis": "y", "origin": [0.8, 0.8, 10]},
			"faces": {
				"north": {"uv": [8, 0, 16, 8], "texture": "#2"},
				"east": {"uv": [8, 0, 16, 8], "texture": "#2"},
				"south": {"uv": [8, 0, 16, 8], "texture": "#2"},
				"west": {"uv": [8, 0, 16, 8], "texture": "#2"},
				"up": {"uv": [8, 0, 16, 8], "texture": "#2"},
				"down": {"uv": [8, 0, 16, 8], "texture": "#2"}
			}
		},
		{
			"from": [3.85, 1.9, 5.55],
			"to": [3.85, 4.9, 8.55],
			"rotation": {"angle": 45, "axis": "y", "origin": [2.5, 1.1, 2.3]},
			"faces": {
				"north": {"uv": [8, 0, 16, 8], "texture": "#3"},
				"east": {"uv": [8, 0, 16, 8], "texture": "#3"},
				"south": {"uv": [8, 0, 16, 8], "texture": "#3"},
				"west": {"uv": [8, 0, 16, 8], "texture": "#3"},
				"up": {"uv": [8, 0, 16, 8], "texture": "#3"},
				"down": {"uv": [8, 0, 16, 8], "texture": "#3"}
			}
		},
		{
			"from": [2.35, 1.9, 7.05],
			"to": [5.35, 4.9, 7.05],
			"rotation": {"angle": 45, "axis": "y", "origin": [2.5, 1.1, 2.3]},
			"faces": {
				"north": {"uv": [8, 0, 16, 8], "texture": "#3"},
				"east": {"uv": [8, 0, 16, 8], "texture": "#3"},
				"south": {"uv": [8, 0, 16, 8], "texture": "#3"},
				"west": {"uv": [8, 0, 16, 8], "texture": "#3"},
				"up": {"uv": [8, 0, 16, 8], "texture": "#3"},
				"down": {"uv": [8, 0, 16, 8], "texture": "#3"}
			}
		},
		{
			"from": [1.75, 1.6, 10.85],
			"to": [1.75, 4.6, 13.85],
			"rotation": {"angle": 45, "axis": "y", "origin": [0.4, 1.1, 7.6]},
			"faces": {
				"north": {"uv": [8, 0, 16, 8], "texture": "#3"},
				"east": {"uv": [8, 0, 16, 8], "texture": "#3"},
				"south": {"uv": [8, 0, 16, 8], "texture": "#3"},
				"west": {"uv": [8, 0, 16, 8], "texture": "#3"},
				"up": {"uv": [8, 0, 16, 8], "texture": "#3"},
				"down": {"uv": [8, 0, 16, 8], "texture": "#3"}
			}
		},
		{
			"from": [0.25, 1.6, 12.35],
			"to": [3.25, 4.6, 12.35],
			"rotation": {"angle": 45, "axis": "y", "origin": [0.4, 1.1, 7.6]},
			"faces": {
				"north": {"uv": [8, 0, 16, 8], "texture": "#3"},
				"east": {"uv": [8, 0, 16, 8], "texture": "#3"},
				"south": {"uv": [8, 0, 16, 8], "texture": "#3"},
				"west": {"uv": [8, 0, 16, 8], "texture": "#3"},
				"up": {"uv": [8, 0, 16, 8], "texture": "#3"},
				"down": {"uv": [8, 0, 16, 8], "texture": "#3"}
			}
		},
		{
			"from": [9.42, 1.96, 6.86],
			"to": [11.7, 4.62, 9.14],
			"faces": {
				"north": {"uv": [2, 9, 8, 16], "texture": "#2_1"},
				"east": {"uv": [2, 9, 8, 16], "texture": "#2_1"},
				"south": {"uv": [2, 9, 8, 16], "texture": "#2_1"},
				"west": {"uv": [2, 9, 8, 16], "texture": "#2_1"},
				"up": {"uv": [8, 8, 14, 14], "texture": "#2_0"}
			}
		},
		{
			"from": [9.04, 2.34, 6.1],
			"to": [12.08, 4.24, 9.9],
			"faces": {
				"east": {"uv": [0, 10, 10, 15], "texture": "#2_1"},
				"west": {"uv": [0, 10, 10, 15], "texture": "#2_1"},
				"up": {"uv": [7, 6, 15, 16], "texture": "#2_0"},
				"down": {"uv": [7, 6, 15, 16], "texture": "#2_0"}
			}
		},
		{
			"from": [8.66, 2.34, 6.48],
			"to": [12.46, 4.24, 9.52],
			"faces": {
				"north": {"uv": [0, 10, 10, 15], "texture": "#2_1"},
				"south": {"uv": [0, 10, 10, 15], "texture": "#2_1"},
				"up": {"uv": [6, 7, 16, 15], "texture": "#2_0"},
				"down": {"uv": [6, 7, 16, 15], "texture": "#2_0"}
			}
		},
		{
			"from": [10.56, 4.62, 7.24],
			"to": [10.56, 5.76, 8.76],
			"rotation": {"angle": 45, "axis": "y", "origin": [10.56, 3.1, 8], "rescale": true},
			"faces": {
				"east": {"uv": [12, 5, 16, 8], "texture": "#2_1"},
				"west": {"uv": [12, 5, 16, 8], "texture": "#2_1"}
			}
		},
		{
			"from": [9.8, 4.62, 8],
			"to": [11.32, 5.76, 8],
			"rotation": {"angle": 45, "axis": "y", "origin": [10.56, 3.1, 8], "rescale": true},
			"faces": {
				"north": {"uv": [12, 5, 16, 8], "texture": "#2_1"},
				"south": {"uv": [12, 5, 16, 8], "texture": "#2_1"}
			}
		},
		{
			"from": [7.3852, 1.9976, 10.5666],
			"to": [9.802, 4.8172, 12.9834],
			"faces": {
				"north": {"uv": [2, 9, 8, 16], "texture": "#2_1"},
				"east": {"uv": [2, 9, 8, 16], "texture": "#2_1"},
				"south": {"uv": [2, 9, 8, 16], "texture": "#2_1"},
				"west": {"uv": [2, 9, 8, 16], "texture": "#2_1"},
				"up": {"uv": [8, 8, 14, 14], "rotation": 180, "texture": "#2_0"}
			}
		},
		{
			"from": [6.9824, 2.4004, 9.761],
			"to": [10.2048, 4.4144, 13.789],
			"faces": {
				"east": {"uv": [0, 10, 10, 15], "texture": "#2_1"},
				"west": {"uv": [0, 10, 10, 15], "texture": "#2_1"},
				"up": {"uv": [7, 6, 15, 16], "rotation": 180, "texture": "#2_0"},
				"down": {"uv": [7, 6, 15, 16], "rotation": 180, "texture": "#2_0"}
			}
		},
		{
			"from": [6.5796, 2.4004, 10.1638],
			"to": [10.6076, 4.4144, 13.3862],
			"faces": {
				"north": {"uv": [0, 10, 10, 15], "texture": "#2_1"},
				"south": {"uv": [0, 10, 10, 15], "texture": "#2_1"},
				"up": {"uv": [6, 7, 16, 15], "rotation": 180, "texture": "#2_0"},
				"down": {"uv": [6, 7, 16, 15], "rotation": 180, "texture": "#2_0"}
			}
		},
		{
			"from": [8.5936, 4.8172, 10.9694],
			"to": [8.5936, 6.0256, 12.5806],
			"rotation": {"angle": 45, "axis": "y", "origin": [8.5936, 3.206, 11.775], "rescale": true},
			"faces": {
				"east": {"uv": [12, 5, 16, 8], "texture": "#2_1"},
				"west": {"uv": [12, 5, 16, 8], "texture": "#2_1"}
			}
		},
		{
			"from": [7.788, 4.8172, 11.775],
			"to": [9.3992, 6.0256, 11.775],
			"rotation": {"angle": 45, "axis": "y", "origin": [8.5936, 3.206, 11.775], "rescale": true},
			"faces": {
				"north": {"uv": [12, 5, 16, 8], "texture": "#2_1"},
				"south": {"uv": [12, 5, 16, 8], "texture": "#2_1"}
			}
		},
		{
			"from": [8.7, 3.28, 4.1],
			"to": [9.9, 3.286, 5.9],
			"rotation": {"angle": 22.5, "axis": "z", "origin": [9.3, 3.28, 5]},
			"faces": {
				"up": {"uv": [0, 0, 3, 2], "rotation": 90, "texture": "#3_0"},
				"down": {"uv": [0, 2, 3, 0], "rotation": 270, "texture": "#3_0"}
			}
		},
		{
			"from": [7.8, 3.28, 4.4],
			"to": [9.6, 3.286, 5.6],
			"rotation": {"angle": -22.5, "axis": "x", "origin": [6.9, 3.28, 5]},
			"faces": {
				"up": {"uv": [0, 3, 3, 5], "rotation": 180, "texture": "#3_0"},
				"down": {"uv": [3, 3, 0, 5], "texture": "#3_0"}
			}
		},
		{
			"from": [8.1, 3.28, 3.5],
			"to": [9.3, 3.286, 5.3],
			"rotation": {"angle": -22.5, "axis": "z", "origin": [8.7, 3.28, 5]},
			"faces": {
				"west": {"uv": [0, 0, 0, 0], "texture": "#3_0"},
				"up": {"uv": [0, 0, 3, 2], "rotation": 270, "texture": "#3_0"},
				"down": {"uv": [0, 2, 3, 0], "rotation": 90, "texture": "#3_0"}
			}
		},
		{
			"from": [8.4, 3.28, 3.8],
			"to": [10.2, 3.286, 5],
			"rotation": {"angle": 22.5, "axis": "x", "origin": [8.7, 3.28, 4.4]},
			"faces": {
				"up": {"uv": [0, 3, 3, 5], "texture": "#3_0"},
				"down": {"uv": [3, 3, 0, 5], "rotation": 180, "texture": "#3_0"}
			}
		},
		{
			"from": [5.1, 2.68, 6.5],
			"to": [6.3, 2.686, 8.3],
			"rotation": {"angle": 22.5, "axis": "z", "origin": [5.7, 2.68, 7.4]},
			"faces": {
				"up": {"uv": [0, 0, 3, 2], "rotation": 90, "texture": "#3_0"},
				"down": {"uv": [0, 2, 3, 0], "rotation": 270, "texture": "#3_0"}
			}
		},
		{
			"from": [4.2, 2.68, 6.8],
			"to": [6, 2.686, 8],
			"rotation": {"angle": -22.5, "axis": "x", "origin": [3.3, 2.68, 7.4]},
			"faces": {
				"up": {"uv": [0, 3, 3, 5], "rotation": 180, "texture": "#3_0"},
				"down": {"uv": [3, 3, 0, 5], "texture": "#3_0"}
			}
		},
		{
			"from": [4.5, 2.68, 5.9],
			"to": [5.7, 2.686, 7.7],
			"rotation": {"angle": -22.5, "axis": "z", "origin": [5.1, 2.68, 7.4]},
			"faces": {
				"west": {"uv": [0, 0, 0, 0], "texture": "#3_0"},
				"up": {"uv": [0, 0, 3, 2], "rotation": 270, "texture": "#3_0"},
				"down": {"uv": [0, 2, 3, 0], "rotation": 90, "texture": "#3_0"}
			}
		},
		{
			"from": [4.8, 2.68, 6.2],
			"to": [6.6, 2.686, 7.4],
			"rotation": {"angle": 22.5, "axis": "x", "origin": [5.1, 2.68, 6.8]},
			"faces": {
				"up": {"uv": [0, 3, 3, 5], "texture": "#3_0"},
				"down": {"uv": [3, 3, 0, 5], "rotation": 180, "texture": "#3_0"}
			}
		},
		{
			"from": [3.3, 1.78, 0.8],
			"to": [12.9, 1.786, 10.4],
			"faces": {
				"up": {"uv": [0, 0, 16, 16], "rotation": 90, "texture": "#lower"},
				"down": {"uv": [0, 0, 16, 16], "rotation": 270, "texture": "#lower"}
			}
		},
		{
			"from": [3.3, 2.08, 0.8],
			"to": [12.9, 2.086, 10.4],
			"faces": {
				"up": {"uv": [0, 0, 16, 16], "rotation": 90, "texture": "#middle"},
				"down": {"uv": [0, 0, 16, 16], "rotation": 270, "texture": "#middle"}
			}
		},
		{
			"from": [3.3, 2.38, 0.8],
			"to": [12.9, 2.386, 10.4],
			"faces": {
				"up": {"uv": [0, 0, 16, 16], "rotation": 90, "texture": "#top"},
				"down": {"uv": [0, 0, 16, 16], "rotation": 270, "texture": "#top"}
			}
		},
		{
			"from": [10.5, 2.58, 11.1],
			"to": [12.3, 2.586, 12.3],
			"rotation": {"angle": -22.5, "axis": "x", "origin": [11.4, 2.58, 11.7]},
			"faces": {
				"up": {"uv": [0, 0, 3, 2], "rotation": 180, "texture": "#3_0"},
				"down": {"uv": [0, 2, 3, 0], "rotation": 180, "texture": "#3_0"}
			}
		},
		{
			"from": [10.8, 2.58, 10.2],
			"to": [12, 2.586, 12],
			"rotation": {"angle": -22.5, "axis": "z", "origin": [11.4, 2.58, 9.3]},
			"faces": {
				"up": {"uv": [0, 3, 3, 5], "rotation": 270, "texture": "#3_0"},
				"down": {"uv": [3, 3, 0, 5], "rotation": 270, "texture": "#3_0"}
			}
		},
		{
			"from": [11.1, 2.58, 10.5],
			"to": [12.9, 2.586, 11.7],
			"rotation": {"angle": 22.5, "axis": "x", "origin": [11.4, 2.58, 11.1]},
			"faces": {
				"north": {"uv": [0, 0, 0, 0], "texture": "#3_0"},
				"up": {"uv": [0, 0, 3, 2], "texture": "#3_0"},
				"down": {"uv": [0, 2, 3, 0], "texture": "#3_0"}
			}
		},
		{
			"from": [11.4, 2.58, 10.8],
			"to": [12.6, 2.586, 12.6],
			"rotation": {"angle": 22.5, "axis": "z", "origin": [12, 2.58, 11.1]},
			"faces": {
				"up": {"uv": [0, 3, 3, 5], "rotation": 90, "texture": "#3_0"},
				"down": {"uv": [3, 3, 0, 5], "rotation": 90, "texture": "#3_0"}
			}
		},
		{
			"from": [6.56, 2.564, 8.08],
			"to": [8, 2.5688, 9.04],
			"rotation": {"angle": -22.5, "axis": "x", "origin": [7.28, 2.564, 8.56]},
			"faces": {
				"up": {"uv": [0, 0, 3, 2], "rotation": 180, "texture": "#3_0"},
				"down": {"uv": [0, 2, 3, 0], "rotation": 180, "texture": "#3_0"}
			}
		},
		{
			"from": [6.8, 2.564, 7.36],
			"to": [7.76, 2.5688, 8.8],
			"rotation": {"angle": -22.5, "axis": "z", "origin": [7.28, 2.564, 6.64]},
			"faces": {
				"up": {"uv": [0, 3, 3, 5], "rotation": 270, "texture": "#3_0"},
				"down": {"uv": [3, 3, 0, 5], "rotation": 270, "texture": "#3_0"}
			}
		},
		{
			"from": [7.04, 2.564, 7.6],
			"to": [8.48, 2.5688, 8.56],
			"rotation": {"angle": 22.5, "axis": "x", "origin": [7.28, 2.564, 8.08]},
			"faces": {
				"north": {"uv": [0, 0, 0, 0], "texture": "#3_0"},
				"up": {"uv": [0, 0, 3, 2], "texture": "#3_0"},
				"down": {"uv": [0, 2, 3, 0], "texture": "#3_0"}
			}
		},
		{
			"from": [7.28, 2.564, 7.84],
			"to": [8.24, 2.5688, 9.28],
			"rotation": {"angle": 22.5, "axis": "z", "origin": [7.76, 2.564, 8.08]},
			"faces": {
				"up": {"uv": [0, 3, 3, 5], "rotation": 90, "texture": "#3_0"},
				"down": {"uv": [3, 3, 0, 5], "rotation": 90, "texture": "#3_0"}
			}
		},
		{
			"from": [3.2, 1.78, 5.7],
			"to": [12.8, 1.786, 15.3],
			"faces": {
				"up": {"uv": [0, 0, 16, 16], "rotation": 180, "texture": "#lower"},
				"down": {"uv": [0, 0, 16, 16], "rotation": 180, "texture": "#lower"}
			}
		},
		{
			"from": [3.2, 2.08, 5.7],
			"to": [12.8, 2.086, 15.3],
			"faces": {
				"up": {"uv": [0, 0, 16, 16], "rotation": 180, "texture": "#middle"},
				"down": {"uv": [0, 0, 16, 16], "rotation": 180, "texture": "#middle"}
			}
		},
		{
			"from": [3.2, 2.38, 5.7],
			"to": [12.8, 2.386, 15.3],
			"faces": {
				"up": {"uv": [0, 0, 16, 16], "rotation": 180, "texture": "#top"},
				"down": {"uv": [0, 0, 16, 16], "rotation": 180, "texture": "#top"}
			}
		}
	],
	"display": {
		"thirdperson_righthand": {
			"rotation": [75, 45, 0],
			"translation": [0, 2.5, 2],
			"scale": [0.5, 0.5, 0.5]
		},
		"thirdperson_lefthand": {
			"rotation": [75, 45, 0],
			"translation": [0, 2.5, 2],
			"scale": [0.5, 0.5, 0.5]
		},
		"firstperson_righthand": {
			"rotation": [0, 45, 0],
			"translation": [0, 3.5, 0],
			"scale": [0.4, 0.4, 0.4]
		},
		"firstperson_lefthand": {
			"rotation": [0, 45, 0],
			"translation": [0, 3.5, 0],
			"scale": [0.4, 0.4, 0.4]
		},
		"ground": {
			"translation": [0, 4.25, 0]
		},
		"gui": {
			"rotation": [30, 145, 0],
			"translation": [0, 5.25, 0]
		},
		"head": {
			"rotation": [0, -90, 0],
			"translation": [0, 13.75, 0]
		},
		"fixed": {
			"rotation": [-90, 0, 0],
			"translation": [0, 0, -15],
			"scale": [2, 2, 2]
		}
	},
	"groups": [
		{
			"name": "Pot",
			"children": [0, 1, 2, 3, 4, 5, 6, 7, 8, 9, 10, 11, 12]
		},
		{
			"name": "Succulent",
			"children": [13, 14]
		},
		{
			"name": "Succulent4",
			"children": [15, 16]
		},
		{
			"name": "Succulent2",
			"children": [17, 18]
		},
		{
			"name": "Succulent3",
			"children": [19, 20]
		},
		{
			"name": "cactus",
			"children": [21, 22, 23, 24, 25]
		},
		{
			"name": "cactus2",
			"children": [26, 27, 28, 29, 30]
		},
		{
			"name": "grass_5",
			"children": [
				{
					"name": "flower_0",
					"children": [31, 32, 33, 34]
				},
				{
					"name": "flower_1",
					"children": [35, 36, 37, 38]
				}, 39, 40, 41]
		},
		{
			"name": "grass_2",
			"children": [
				{
					"name": "flower_0",
					"children": [42, 43, 44, 45]
				},
				{
					"name": "flower_2",
					"children": [46, 47, 48, 49]
				}, 50, 51, 52]
		}
	]
}