{
	"credit": "Made with Blockbench",
	"textures": {
		"0": "block/MizunoArchive/gray_stained_glass",
		"1": "block/MizunoArchive/coarse_dirt",
		"2": "block/succulent1",
		"particle": "block/MizunoArchive/gray_stained_glass"
	},
	"elements": [
		{
			"from": [6.05557, 0.15625, 3.02227],
			"to": [10.05557, 1.15625, 7.02227],
			"faces": {
				"north": {"uv": [2, 2, 2.5, 5], "texture": "#0"},
				"east": {"uv": [2, 2, 2.5, 5], "texture": "#0"},
				"south": {"uv": [2, 2, 2.5, 5], "texture": "#0"},
				"west": {"uv": [2, 2, 2.5, 5], "texture": "#0"},
				"down": {"uv": [2, 2, 2.5, 5], "texture": "#0"}
			}
		},
		{
			"from": [6.55557, 1.15625, 3.52227],
			"to": [9.55557, 3.65625, 6.52227],
			"faces": {
				"north": {"uv": [0, 0, 9, 9], "texture": "#1"},
				"east": {"uv": [0, 0, 9, 9], "texture": "#1"},
				"south": {"uv": [0, 0, 9, 9], "texture": "#1"},
				"west": {"uv": [0, 0, 9, 9], "texture": "#1"},
				"up": {"uv": [0, 0, 9, 9], "texture": "#1"},
				"down": {"uv": [0, 0, 9, 9], "texture": "#1"}
			}
		},
		{
			"from": [6.05557, 1.15625, 6.52227],
			"to": [9.55557, 4.15625, 7.02227],
			"faces": {
				"north": {"uv": [2, 2, 11, 11], "texture": "#0"},
				"south": {"uv": [2, 2, 11, 11], "texture": "#0"},
				"west": {"uv": [2, 2, 11, 11], "texture": "#0"},
				"up": {"uv": [2, 2, 11, 11], "texture": "#0"},
				"down": {"uv": [2, 2, 11, 11], "texture": "#0"}
			}
		},
		{
			"from": [6.05557, 1.15625, 3.02227],
			"to": [6.55557, 4.15625, 6.52227],
			"faces": {
				"north": {"uv": [2, 2, 11, 11], "texture": "#0"},
				"east": {"uv": [2, 2, 11, 11], "texture": "#0"},
				"west": {"uv": [2, 2, 11, 11], "texture": "#0"},
				"up": {"uv": [2, 2, 11, 11], "rotation": 90, "texture": "#0"},
				"down": {"uv": [2, 2, 11, 11], "rotation": 270, "texture": "#0"}
			}
		},
		{
			"from": [6.55557, 1.15625, 3.02227],
			"to": [10.05557, 4.15625, 3.52227],
			"faces": {
				"north": {"uv": [2, 2, 11, 11], "texture": "#0"},
				"east": {"uv": [2, 2, 11, 11], "texture": "#0"},
				"south": {"uv": [2, 2, 11, 11], "texture": "#0"},
				"up": {"uv": [2, 2, 11, 11], "rotation": 180, "texture": "#0"},
				"down": {"uv": [2, 2, 11, 11], "rotation": 180, "texture": "#0"}
			}
		},
		{
			"from": [9.55557, 1.15625, 3.52227],
			"to": [10.05557, 4.15625, 7.02227],
			"faces": {
				"north": {"uv": [2, 2, 11, 11], "texture": "#0"},
				"east": {"uv": [2, 2, 11, 11], "texture": "#0"},
				"south": {"uv": [2, 2, 11, 11], "texture": "#0"},
				"west": {"uv": [2, 2, 11, 11], "texture": "#0"},
				"up": {"uv": [2, 2, 11, 11], "rotation": 90, "texture": "#0"},
				"down": {"uv": [2, 2, 11, 11], "rotation": 270, "texture": "#0"}
			}
		},
		{
			"from": [5.99561, 3.65625, 5.46091],
			"to": [9.74561, 7.15625, 5.46091],
			"rotation": {"angle": -45, "axis": "y", "origin": [8.49561, 4.65625, 5.46091]},
			"faces": {
				"north": {"uv": [8, 0, 15.75, 7], "texture": "#2"},
				"east": {"uv": [8, 0, 15.75, 7], "texture": "#2"},
				"south": {"uv": [8, 0, 15.75, 7], "texture": "#2"},
				"west": {"uv": [8, 0, 15.75, 7], "texture": "#2"},
				"up": {"uv": [8, 0, 15.75, 7], "texture": "#2"},
				"down": {"uv": [8, 0, 15.75, 7], "texture": "#2"}
			}
		},
		{
			"from": [5.92098, 3.65625, 4.40545],
			"to": [9.67098, 7.15625, 4.40545],
			"rotation": {"angle": 45, "axis": "y", "origin": [8.67098, 5.15625, 4.40545]},
			"faces": {
				"north": {"uv": [8, 0, 15.75, 7], "texture": "#2"},
				"east": {"uv": [8, 0, 15.75, 7], "texture": "#2"},
				"south": {"uv": [8, 0, 15.75, 7], "texture": "#2"},
				"west": {"uv": [8, 0, 15.75, 7], "texture": "#2"},
				"up": {"uv": [8, 0, 15.75, 7], "texture": "#2"},
				"down": {"uv": [8, 0, 15.75, 7], "texture": "#2"}
			}
		},
		{
			"from": [6.05557, 0.15625, 9.02227],
			"to": [10.05557, 1.15625, 13.02227],
			"faces": {
				"north": {"uv": [2, 2, 2.5, 5], "texture": "#0"},
				"east": {"uv": [2, 2, 2.5, 5], "texture": "#0"},
				"south": {"uv": [2, 2, 2.5, 5], "texture": "#0"},
				"west": {"uv": [2, 2, 2.5, 5], "texture": "#0"},
				"down": {"uv": [2, 2, 2.5, 5], "texture": "#0"}
			}
		},
		{
			"from": [6.55557, 1.15625, 9.52227],
			"to": [9.55557, 3.65625, 12.52227],
			"faces": {
				"north": {"uv": [0, 0, 9, 9], "texture": "#1"},
				"east": {"uv": [0, 0, 9, 9], "texture": "#1"},
				"south": {"uv": [0, 0, 9, 9], "texture": "#1"},
				"west": {"uv": [0, 0, 9, 9], "texture": "#1"},
				"up": {"uv": [0, 0, 9, 9], "texture": "#1"},
				"down": {"uv": [0, 0, 9, 9], "texture": "#1"}
			}
		},
		{
			"from": [6.05557, 1.15625, 12.52227],
			"to": [9.55557, 4.15625, 13.02227],
			"faces": {
				"north": {"uv": [2, 2, 11, 11], "texture": "#0"},
				"south": {"uv": [2, 2, 11, 11], "texture": "#0"},
				"west": {"uv": [2, 2, 11, 11], "texture": "#0"},
				"up": {"uv": [2, 2, 11, 11], "texture": "#0"},
				"down": {"uv": [2, 2, 11, 11], "texture": "#0"}
			}
		},
		{
			"from": [6.05557, 1.15625, 9.02227],
			"to": [6.55557, 4.15625, 12.52227],
			"faces": {
				"north": {"uv": [2, 2, 11, 11], "texture": "#0"},
				"east": {"uv": [2, 2, 11, 11], "texture": "#0"},
				"west": {"uv": [2, 2, 11, 11], "texture": "#0"},
				"up": {"uv": [2, 2, 11, 11], "rotation": 90, "texture": "#0"},
				"down": {"uv": [2, 2, 11, 11], "rotation": 270, "texture": "#0"}
			}
		},
		{
			"from": [6.55557, 1.15625, 9.02227],
			"to": [10.05557, 4.15625, 9.52227],
			"faces": {
				"north": {"uv": [2, 2, 11, 11], "texture": "#0"},
				"east": {"uv": [2, 2, 11, 11], "texture": "#0"},
				"south": {"uv": [2, 2, 11, 11], "texture": "#0"},
				"up": {"uv": [2, 2, 11, 11], "rotation": 180, "texture": "#0"},
				"down": {"uv": [2, 2, 11, 11], "rotation": 180, "texture": "#0"}
			}
		},
		{
			"from": [9.55557, 1.15625, 9.52227],
			"to": [10.05557, 4.15625, 13.02227],
			"faces": {
				"north": {"uv": [2, 2, 11, 11], "texture": "#0"},
				"east": {"uv": [2, 2, 11, 11], "texture": "#0"},
				"south": {"uv": [2, 2, 11, 11], "texture": "#0"},
				"west": {"uv": [2, 2, 11, 11], "texture": "#0"},
				"up": {"uv": [2, 2, 11, 11], "rotation": 90, "texture": "#0"},
				"down": {"uv": [2, 2, 11, 11], "rotation": 270, "texture": "#0"}
			}
		},
		{
			"from": [5.99561, 3.65625, 11.46091],
			"to": [9.74561, 7.15625, 11.46091],
			"rotation": {"angle": -45, "axis": "y", "origin": [8.49561, 4.65625, 11.46091]},
			"faces": {
				"north": {"uv": [8, 0, 15.75, 7], "texture": "#2"},
				"east": {"uv": [8, 0, 15.75, 7], "texture": "#2"},
				"south": {"uv": [8, 0, 15.75, 7], "texture": "#2"},
				"west": {"uv": [8, 0, 15.75, 7], "texture": "#2"},
				"up": {"uv": [8, 0, 15.75, 7], "texture": "#2"},
				"down": {"uv": [8, 0, 15.75, 7], "texture": "#2"}
			}
		},
		{
			"from": [5.92098, 3.65625, 10.40545],
			"to": [9.67098, 7.15625, 10.40545],
			"rotation": {"angle": 45, "axis": "y", "origin": [8.67098, 5.15625, 10.40545]},
			"faces": {
				"north": {"uv": [8, 0, 15.75, 7], "texture": "#2"},
				"east": {"uv": [8, 0, 15.75, 7], "texture": "#2"},
				"south": {"uv": [8, 0, 15.75, 7], "texture": "#2"},
				"west": {"uv": [8, 0, 15.75, 7], "texture": "#2"},
				"up": {"uv": [8, 0, 15.75, 7], "texture": "#2"},
				"down": {"uv": [8, 0, 15.75, 7], "texture": "#2"}
			}
		}
	],
	"display": {
		"thirdperson_righthand": {
			"rotation": [75, 45, 0],
			"translation": [0, 2.5, 3.25],
			"scale": [0.5, 0.5, 0.5]
		},
		"thirdperson_lefthand": {
			"rotation": [75, 45, 0],
			"translation": [0, 2.5, 3.25],
			"scale": [0.5, 0.5, 0.5]
		},
		"firstperson_righthand": {
			"rotation": [0, 45, 0],
			"translation": [0, 3.25, 0],
			"scale": [0.4, 0.4, 0.4]
		},
		"firstperson_lefthand": {
			"rotation": [0, 45, 0],
			"translation": [0, 3.25, 0],
			"scale": [0.4, 0.4, 0.4]
		},
		"ground": {
			"translation": [0, 4.25, 0]
		},
		"gui": {
			"rotation": [30, 225, 0],
			"translation": [0, 4.25, 0]
		},
		"head": {
			"rotation": [0, -90, 0],
			"translation": [0, 14.25, 0]
		},
		"fixed": {
			"rotation": [-90, 0, 0],
			"translation": [0, 0, -15],
			"scale": [2, 2, 2]
		}
	},
	"groups": [
		{
			"name": "Succulent",
			"children": [
				{
					"name": "Pot",
					"children": [0, 1, 2, 3, 4, 5]
				},
				{
					"name": "Plants",
					"children": [6, 7]
				}
			]
		},
		{
			"name": "Succulent2",
			"children": [
				{
					"name": "Pot",
					"children": [8, 9, 10, 11, 12, 13]
				},
				{
					"name": "Plants",
					"children": [14, 15]
				}
			]
		}
	]
}