{
	"credit": "Made with Blockbench",
	"parent": "./cit_item_l",
	"textures": {
		"0": "block/Veggies",
		"2": "block/MizunoArchive/jungle_log",
		"3": "block/MizunoArchive/light_gray_concrete",
		"particle": "block/Veggies",
		"1_0": "block/MizunoArchive/grass_8"
	},
	"elements": [
		{
			"from": [2.528, 3.96, 8],
			"to": [13.472, 15.36, 8.0076],
			"rotation": {"angle": 45, "axis": "y", "origin": [8, 7.76, 8], "rescale": true},
			"faces": {
				"north": {"uv": [2, 9.5, 14.5, 16], "texture": "#1_0"},
				"east": {"uv": [2, 9.5, 14.5, 16], "texture": "#1_0"},
				"south": {"uv": [2, 9.5, 14.5, 16], "texture": "#1_0"},
				"west": {"uv": [2, 9.5, 14.5, 16], "texture": "#1_0"},
				"up": {"uv": [2, 9.5, 14.5, 16], "texture": "#1_0"},
				"down": {"uv": [2, 9.5, 14.5, 16], "texture": "#1_0"}
			}
		},
		{
			"from": [8, 3.96, 2.528],
			"to": [8.0076, 15.36, 13.472],
			"rotation": {"angle": 45, "axis": "y", "origin": [8, 7.76, 8], "rescale": true},
			"faces": {
				"north": {"uv": [2, 9.5, 14.5, 16], "texture": "#1_0"},
				"east": {"uv": [2, 9.5, 14.5, 16], "texture": "#1_0"},
				"south": {"uv": [2, 9.5, 14.5, 16], "texture": "#1_0"},
				"west": {"uv": [2, 9.5, 14.5, 16], "texture": "#1_0"},
				"up": {"uv": [2, 9.5, 14.5, 16], "texture": "#1_0"},
				"down": {"uv": [2, 9.5, 14.5, 16], "texture": "#1_0"}
			}
		},
		{
			"from": [2.528, 3.96, 7.9924],
			"to": [13.472, 15.36, 8],
			"rotation": {"angle": 0, "axis": "y", "origin": [8, 7.76, 8], "rescale": true},
			"faces": {
				"north": {"uv": [2, 9.5, 14.5, 16], "texture": "#1_0"},
				"east": {"uv": [2, 9.5, 14.5, 16], "texture": "#1_0"},
				"south": {"uv": [2, 9.5, 14.5, 16], "texture": "#1_0"},
				"west": {"uv": [2, 9.5, 14.5, 16], "texture": "#1_0"},
				"up": {"uv": [2, 9.5, 14.5, 16], "texture": "#1_0"},
				"down": {"uv": [2, 9.5, 14.5, 16], "texture": "#1_0"}
			}
		},
		{
			"from": [7.9924, 3.96, 2.528],
			"to": [8, 15.36, 13.472],
			"rotation": {"angle": 0, "axis": "y", "origin": [8, 7.76, 8], "rescale": true},
			"faces": {
				"north": {"uv": [2, 9.5, 14.5, 16], "texture": "#1_0"},
				"east": {"uv": [2, 9.5, 14.5, 16], "texture": "#1_0"},
				"south": {"uv": [2, 9.5, 14.5, 16], "texture": "#1_0"},
				"west": {"uv": [2, 9.5, 14.5, 16], "texture": "#1_0"},
				"up": {"uv": [2, 9.5, 14.5, 16], "texture": "#1_0"},
				"down": {"uv": [2, 9.5, 14.5, 16], "texture": "#1_0"}
			}
		},
		{
			"from": [3.51296, 12.0672, 8],
			"to": [12.48704, 21.4152, 8.00623],
			"rotation": {"angle": 45, "axis": "y", "origin": [8, 15.1832, 8], "rescale": true},
			"faces": {
				"north": {"uv": [2, 9.5, 14.5, 16], "texture": "#1_0"},
				"east": {"uv": [2, 9.5, 14.5, 16], "texture": "#1_0"},
				"south": {"uv": [2, 9.5, 14.5, 16], "texture": "#1_0"},
				"west": {"uv": [2, 9.5, 14.5, 16], "texture": "#1_0"},
				"up": {"uv": [2, 9.5, 14.5, 16], "texture": "#1_0"},
				"down": {"uv": [2, 9.5, 14.5, 16], "texture": "#1_0"}
			}
		},
		{
			"from": [8, 12.0672, 3.51296],
			"to": [8.00623, 21.4152, 12.48704],
			"rotation": {"angle": 45, "axis": "y", "origin": [8, 15.1832, 8], "rescale": true},
			"faces": {
				"north": {"uv": [2, 9.5, 14.5, 16], "texture": "#1_0"},
				"east": {"uv": [2, 9.5, 14.5, 16], "texture": "#1_0"},
				"south": {"uv": [2, 9.5, 14.5, 16], "texture": "#1_0"},
				"west": {"uv": [2, 9.5, 14.5, 16], "texture": "#1_0"},
				"up": {"uv": [2, 9.5, 14.5, 16], "texture": "#1_0"},
				"down": {"uv": [2, 9.5, 14.5, 16], "texture": "#1_0"}
			}
		},
		{
			"from": [3.51296, 12.0672, 7.99377],
			"to": [12.48704, 21.4152, 8],
			"rotation": {"angle": 0, "axis": "y", "origin": [8, 15.1832, 8], "rescale": true},
			"faces": {
				"north": {"uv": [2, 9.5, 14.5, 16], "texture": "#1_0"},
				"east": {"uv": [2, 9.5, 14.5, 16], "texture": "#1_0"},
				"south": {"uv": [2, 9.5, 14.5, 16], "texture": "#1_0"},
				"west": {"uv": [2, 9.5, 14.5, 16], "texture": "#1_0"},
				"up": {"uv": [2, 9.5, 14.5, 16], "texture": "#1_0"},
				"down": {"uv": [2, 9.5, 14.5, 16], "texture": "#1_0"}
			}
		},
		{
			"from": [7.99377, 12.0672, 3.51296],
			"to": [8, 21.4152, 12.48704],
			"rotation": {"angle": 0, "axis": "y", "origin": [8, 15.1832, 8], "rescale": true},
			"faces": {
				"north": {"uv": [2, 9.5, 14.5, 16], "texture": "#1_0"},
				"east": {"uv": [2, 9.5, 14.5, 16], "texture": "#1_0"},
				"south": {"uv": [2, 9.5, 14.5, 16], "texture": "#1_0"},
				"west": {"uv": [2, 9.5, 14.5, 16], "texture": "#1_0"},
				"up": {"uv": [2, 9.5, 14.5, 16], "texture": "#1_0"},
				"down": {"uv": [2, 9.5, 14.5, 16], "texture": "#1_0"}
			}
		},
		{
			"from": [7, 4.5, 7],
			"to": [8, 7.5, 8],
			"faces": {
				"north": {"uv": [0, 0, 1, 3], "texture": "#2"},
				"east": {"uv": [0, 0, 1, 3], "texture": "#2"},
				"south": {"uv": [0, 0, 1, 3], "texture": "#2"},
				"west": {"uv": [0, 0, 1, 3], "texture": "#2"},
				"up": {"uv": [0, 0, 1, 1], "texture": "#2"},
				"down": {"uv": [0, 0, 1, 1], "texture": "#2"}
			}
		},
		{
			"from": [6, 0, 6],
			"to": [7, 1, 7],
			"faces": {
				"north": {"uv": [1, 1, 2, 2], "texture": "#2"},
				"east": {"uv": [1, 1, 2, 2], "texture": "#2"},
				"south": {"uv": [1, 1, 2, 2], "texture": "#2"},
				"west": {"uv": [1, 1, 2, 2], "texture": "#2"},
				"up": {"uv": [1, 1, 2, 2], "texture": "#2"},
				"down": {"uv": [1, 1, 2, 2], "texture": "#2"}
			}
		},
		{
			"from": [7, 0, 7],
			"to": [8, 3, 8],
			"faces": {
				"north": {"uv": [4, 5, 5, 8], "texture": "#2"},
				"east": {"uv": [4, 5, 5, 8], "texture": "#2"},
				"south": {"uv": [4, 5, 5, 8], "texture": "#2"},
				"west": {"uv": [4, 5, 5, 8], "texture": "#2"},
				"up": {"uv": [4, 5, 5, 6], "texture": "#2"},
				"down": {"uv": [4, 5, 5, 8], "texture": "#2"}
			}
		},
		{
			"from": [8, 2, 8],
			"to": [9, 5, 9],
			"faces": {
				"north": {"uv": [3, 4, 4, 7], "texture": "#2"},
				"east": {"uv": [3, 4, 4, 7], "texture": "#2"},
				"south": {"uv": [3, 4, 4, 7], "texture": "#2"},
				"west": {"uv": [3, 4, 4, 7], "texture": "#2"},
				"up": {"uv": [3, 4, 4, 7], "texture": "#2"},
				"down": {"uv": [3, 4, 4, 7], "texture": "#2"}
			}
		},
		{
			"from": [8, 0, 6],
			"to": [9, 1, 8],
			"faces": {
				"north": {"uv": [7, 4, 8, 5], "texture": "#2"},
				"east": {"uv": [6, 4, 8, 5], "texture": "#2"},
				"south": {"uv": [6, 4, 7, 5], "texture": "#2"},
				"west": {"uv": [6, 4, 8, 5], "texture": "#2"},
				"up": {"uv": [6, 4, 8, 5], "rotation": 90, "texture": "#2"},
				"down": {"uv": [6, 4, 8, 5], "texture": "#2"}
			}
		},
		{
			"from": [9, 0, 8],
			"to": [10, 0.5, 9],
			"faces": {
				"north": {"uv": [4, 7, 5, 7.5], "texture": "#2"},
				"east": {"uv": [4, 7, 5, 7.5], "texture": "#2"},
				"south": {"uv": [4, 7, 5, 7.5], "texture": "#2"},
				"west": {"uv": [4, 7, 5, 7.5], "texture": "#2"},
				"up": {"uv": [4, 7, 5, 7.5], "texture": "#2"},
				"down": {"uv": [4, 7, 5, 7.5], "texture": "#2"}
			}
		},
		{
			"from": [9, 0, 5],
			"to": [11, 0.5, 6],
			"faces": {
				"north": {"uv": [7, 4, 8, 4.5], "texture": "#2"},
				"east": {"uv": [7, 4, 8, 4.5], "texture": "#2"},
				"south": {"uv": [7, 4, 8, 4.5], "texture": "#2"},
				"west": {"uv": [7, 4, 8, 4.5], "texture": "#2"},
				"up": {"uv": [7, 4, 8, 4.5], "texture": "#2"},
				"down": {"uv": [7, 4, 8, 4.5], "texture": "#2"}
			}
		},
		{
			"from": [5, 0, 7],
			"to": [6, 0.5, 8],
			"faces": {
				"north": {"uv": [3, 0, 4, 0.5], "texture": "#2"},
				"east": {"uv": [3, 0, 4, 0.5], "texture": "#2"},
				"south": {"uv": [3, 0, 4, 0.5], "texture": "#2"},
				"west": {"uv": [3, 0, 4, 0.5], "texture": "#2"},
				"up": {"uv": [3, 0, 4, 0.5], "texture": "#2"},
				"down": {"uv": [3, 0, 4, 0.5], "texture": "#2"}
			}
		},
		{
			"from": [6, 0, 8],
			"to": [7, 0.5, 10],
			"faces": {
				"north": {"uv": [0, 1, 2, 1.5], "texture": "#2"},
				"east": {"uv": [1, 1, 3, 1.5], "texture": "#2"},
				"south": {"uv": [1, 1, 2, 2], "texture": "#2"},
				"west": {"uv": [0, 1, 2, 1.5], "texture": "#2"},
				"up": {"uv": [0, 1, 2, 1.5], "rotation": 90, "texture": "#2"},
				"down": {"uv": [0, 1, 2, 1.5], "texture": "#2"}
			}
		},
		{
			"from": [11.1, 7.5, 6.75],
			"to": [13.1, 10, 6.75],
			"faces": {
				"north": {"uv": [0.479, 6.08, 3.156, 8.84], "texture": "#0"},
				"east": {"uv": [0.479, 6.08, 3.156, 8.84], "texture": "#0"},
				"south": {"uv": [0.479, 6.08, 3.156, 8.84], "texture": "#0"},
				"west": {"uv": [0.479, 6.08, 3.156, 8.84], "texture": "#0"},
				"up": {"uv": [0.479, 6.08, 3.156, 8.84], "texture": "#0"},
				"down": {"uv": [0.479, 6.08, 3.156, 8.84], "texture": "#0"}
			}
		},
		{
			"from": [12.1, 7.5, 5.75],
			"to": [12.1, 10, 7.75],
			"faces": {
				"north": {"uv": [0.479, 6.08, 3.156, 8.84], "texture": "#0"},
				"east": {"uv": [0.479, 6.08, 3.156, 8.84], "texture": "#0"},
				"south": {"uv": [0.479, 6.08, 3.156, 8.84], "texture": "#0"},
				"west": {"uv": [0.479, 6.08, 3.156, 8.84], "texture": "#0"},
				"up": {"uv": [0.479, 6.08, 3.156, 8.84], "texture": "#0"},
				"down": {"uv": [0.479, 6.08, 3.156, 8.84], "texture": "#0"}
			}
		},
		{
			"from": [10.85, 16, 9.75],
			"to": [12.85, 18.5, 9.75],
			"faces": {
				"north": {"uv": [0.479, 6.08, 3.156, 8.84], "texture": "#0"},
				"east": {"uv": [0.479, 6.08, 3.156, 8.84], "texture": "#0"},
				"south": {"uv": [0.479, 6.08, 3.156, 8.84], "texture": "#0"},
				"west": {"uv": [0.479, 6.08, 3.156, 8.84], "texture": "#0"},
				"up": {"uv": [0.479, 6.08, 3.156, 8.84], "texture": "#0"},
				"down": {"uv": [0.479, 6.08, 3.156, 8.84], "texture": "#0"}
			}
		},
		{
			"from": [11.85, 16, 8.75],
			"to": [11.85, 18.5, 10.75],
			"faces": {
				"north": {"uv": [0.479, 6.08, 3.156, 8.84], "texture": "#0"},
				"east": {"uv": [0.479, 6.08, 3.156, 8.84], "texture": "#0"},
				"south": {"uv": [0.479, 6.08, 3.156, 8.84], "texture": "#0"},
				"west": {"uv": [0.479, 6.08, 3.156, 8.84], "texture": "#0"},
				"up": {"uv": [0.479, 6.08, 3.156, 8.84], "texture": "#0"},
				"down": {"uv": [0.479, 6.08, 3.156, 8.84], "texture": "#0"}
			}
		},
		{
			"from": [9.6, 5, 12],
			"to": [11.6, 7.5, 12],
			"faces": {
				"north": {"uv": [0.479, 6.08, 3.156, 8.84], "texture": "#0"},
				"east": {"uv": [0.479, 6.08, 3.156, 8.84], "texture": "#0"},
				"south": {"uv": [0.479, 6.08, 3.156, 8.84], "texture": "#0"},
				"west": {"uv": [0.479, 6.08, 3.156, 8.84], "texture": "#0"},
				"up": {"uv": [0.479, 6.08, 3.156, 8.84], "texture": "#0"},
				"down": {"uv": [0.479, 6.08, 3.156, 8.84], "texture": "#0"}
			}
		},
		{
			"from": [10.6, 5, 11],
			"to": [10.6, 7.5, 13],
			"faces": {
				"north": {"uv": [0.479, 6.08, 3.156, 8.84], "texture": "#0"},
				"east": {"uv": [0.479, 6.08, 3.156, 8.84], "texture": "#0"},
				"south": {"uv": [0.479, 6.08, 3.156, 8.84], "texture": "#0"},
				"west": {"uv": [0.479, 6.08, 3.156, 8.84], "texture": "#0"},
				"up": {"uv": [0.479, 6.08, 3.156, 8.84], "texture": "#0"},
				"down": {"uv": [0.479, 6.08, 3.156, 8.84], "texture": "#0"}
			}
		},
		{
			"from": [7.6, 9.75, 12.25],
			"to": [9.6, 12.25, 12.25],
			"faces": {
				"north": {"uv": [0.479, 6.08, 3.156, 8.84], "texture": "#0"},
				"east": {"uv": [0.479, 6.08, 3.156, 8.84], "texture": "#0"},
				"south": {"uv": [0.479, 6.08, 3.156, 8.84], "texture": "#0"},
				"west": {"uv": [0.479, 6.08, 3.156, 8.84], "texture": "#0"},
				"up": {"uv": [0.479, 6.08, 3.156, 8.84], "texture": "#0"},
				"down": {"uv": [0.479, 6.08, 3.156, 8.84], "texture": "#0"}
			}
		},
		{
			"from": [8.6, 9.75, 11.25],
			"to": [8.6, 12.25, 13.25],
			"faces": {
				"north": {"uv": [0.479, 6.08, 3.156, 8.84], "texture": "#0"},
				"east": {"uv": [0.479, 6.08, 3.156, 8.84], "texture": "#0"},
				"south": {"uv": [0.479, 6.08, 3.156, 8.84], "texture": "#0"},
				"west": {"uv": [0.479, 6.08, 3.156, 8.84], "texture": "#0"},
				"up": {"uv": [0.479, 6.08, 3.156, 8.84], "texture": "#0"},
				"down": {"uv": [0.479, 6.08, 3.156, 8.84], "texture": "#0"}
			}
		},
		{
			"from": [3.1, 9.3, 10.5],
			"to": [5.1, 11.8, 10.5],
			"faces": {
				"north": {"uv": [0.479, 6.08, 3.156, 8.84], "texture": "#0"},
				"east": {"uv": [0.479, 6.08, 3.156, 8.84], "texture": "#0"},
				"south": {"uv": [0.479, 6.08, 3.156, 8.84], "texture": "#0"},
				"west": {"uv": [0.479, 6.08, 3.156, 8.84], "texture": "#0"},
				"up": {"uv": [0.479, 6.08, 3.156, 8.84], "texture": "#0"},
				"down": {"uv": [0.479, 6.08, 3.156, 8.84], "texture": "#0"}
			}
		},
		{
			"from": [4.1, 9.3, 9.5],
			"to": [4.1, 11.8, 11.5],
			"faces": {
				"north": {"uv": [0.479, 6.08, 3.156, 8.84], "texture": "#0"},
				"east": {"uv": [0.479, 6.08, 3.156, 8.84], "texture": "#0"},
				"south": {"uv": [0.479, 6.08, 3.156, 8.84], "texture": "#0"},
				"west": {"uv": [0.479, 6.08, 3.156, 8.84], "texture": "#0"},
				"up": {"uv": [0.479, 6.08, 3.156, 8.84], "texture": "#0"},
				"down": {"uv": [0.479, 6.08, 3.156, 8.84], "texture": "#0"}
			}
		},
		{
			"from": [3.1, 4.75, 5],
			"to": [5.1, 7.25, 5],
			"faces": {
				"north": {"uv": [0.479, 6.08, 3.156, 8.84], "texture": "#0"},
				"east": {"uv": [0.479, 6.08, 3.156, 8.84], "texture": "#0"},
				"south": {"uv": [0.479, 6.08, 3.156, 8.84], "texture": "#0"},
				"west": {"uv": [0.479, 6.08, 3.156, 8.84], "texture": "#0"},
				"up": {"uv": [0.479, 6.08, 3.156, 8.84], "texture": "#0"},
				"down": {"uv": [0.479, 6.08, 3.156, 8.84], "texture": "#0"}
			}
		},
		{
			"from": [4.1, 4.75, 4],
			"to": [4.1, 7.25, 6],
			"faces": {
				"north": {"uv": [0.479, 6.08, 3.156, 8.84], "texture": "#0"},
				"east": {"uv": [0.479, 6.08, 3.156, 8.84], "texture": "#0"},
				"south": {"uv": [0.479, 6.08, 3.156, 8.84], "texture": "#0"},
				"west": {"uv": [0.479, 6.08, 3.156, 8.84], "texture": "#0"},
				"up": {"uv": [0.479, 6.08, 3.156, 8.84], "texture": "#0"},
				"down": {"uv": [0.479, 6.08, 3.156, 8.84], "texture": "#0"}
			}
		},
		{
			"from": [5.1, 16, 11.5],
			"to": [7.1, 18.5, 11.5],
			"faces": {
				"north": {"uv": [0.479, 6.08, 3.156, 8.84], "texture": "#0"},
				"east": {"uv": [0.479, 6.08, 3.156, 8.84], "texture": "#0"},
				"south": {"uv": [0.479, 6.08, 3.156, 8.84], "texture": "#0"},
				"west": {"uv": [0.479, 6.08, 3.156, 8.84], "texture": "#0"},
				"up": {"uv": [0.479, 6.08, 3.156, 8.84], "rotation": 180, "texture": "#0"},
				"down": {"uv": [0.479, 6.08, 3.156, 8.84], "rotation": 180, "texture": "#0"}
			}
		},
		{
			"from": [6.1, 16, 10.5],
			"to": [6.1, 18.5, 12.5],
			"faces": {
				"north": {"uv": [0.479, 6.08, 3.156, 8.84], "texture": "#0"},
				"east": {"uv": [0.479, 6.08, 3.156, 8.84], "texture": "#0"},
				"south": {"uv": [0.479, 6.08, 3.156, 8.84], "texture": "#0"},
				"west": {"uv": [0.479, 6.08, 3.156, 8.84], "texture": "#0"},
				"up": {"uv": [0.479, 6.08, 3.156, 8.84], "rotation": 180, "texture": "#0"},
				"down": {"uv": [0.479, 6.08, 3.156, 8.84], "rotation": 180, "texture": "#0"}
			}
		},
		{
			"from": [4.1, 16.75, 7.5],
			"to": [6.1, 19.25, 7.5],
			"faces": {
				"north": {"uv": [0.479, 6.08, 3.156, 8.84], "texture": "#0"},
				"east": {"uv": [0.479, 6.08, 3.156, 8.84], "texture": "#0"},
				"south": {"uv": [0.479, 6.08, 3.156, 8.84], "texture": "#0"},
				"west": {"uv": [0.479, 6.08, 3.156, 8.84], "texture": "#0"},
				"up": {"uv": [0.479, 6.08, 3.156, 8.84], "rotation": 180, "texture": "#0"},
				"down": {"uv": [0.479, 6.08, 3.156, 8.84], "rotation": 180, "texture": "#0"}
			}
		},
		{
			"from": [5.1, 16.75, 6.5],
			"to": [5.1, 19.25, 8.5],
			"faces": {
				"north": {"uv": [0.479, 6.08, 3.156, 8.84], "texture": "#0"},
				"east": {"uv": [0.479, 6.08, 3.156, 8.84], "texture": "#0"},
				"south": {"uv": [0.479, 6.08, 3.156, 8.84], "texture": "#0"},
				"west": {"uv": [0.479, 6.08, 3.156, 8.84], "texture": "#0"},
				"up": {"uv": [0.479, 6.08, 3.156, 8.84], "rotation": 180, "texture": "#0"},
				"down": {"uv": [0.479, 6.08, 3.156, 8.84], "rotation": 180, "texture": "#0"}
			}
		},
		{
			"from": [4.6, 11, 4.75],
			"to": [6.6, 13.5, 4.75],
			"faces": {
				"north": {"uv": [0.479, 6.08, 3.156, 8.84], "texture": "#0"},
				"east": {"uv": [0.479, 6.08, 3.156, 8.84], "texture": "#0"},
				"south": {"uv": [0.479, 6.08, 3.156, 8.84], "texture": "#0"},
				"west": {"uv": [0.479, 6.08, 3.156, 8.84], "texture": "#0"},
				"up": {"uv": [0.479, 6.08, 3.156, 8.84], "rotation": 180, "texture": "#0"},
				"down": {"uv": [0.479, 6.08, 3.156, 8.84], "rotation": 180, "texture": "#0"}
			}
		},
		{
			"from": [5.6, 11, 3.75],
			"to": [5.6, 13.5, 5.75],
			"faces": {
				"north": {"uv": [0.479, 6.08, 3.156, 8.84], "texture": "#0"},
				"east": {"uv": [0.479, 6.08, 3.156, 8.84], "texture": "#0"},
				"south": {"uv": [0.479, 6.08, 3.156, 8.84], "texture": "#0"},
				"west": {"uv": [0.479, 6.08, 3.156, 8.84], "texture": "#0"},
				"up": {"uv": [0.479, 6.08, 3.156, 8.84], "rotation": 180, "texture": "#0"},
				"down": {"uv": [0.479, 6.08, 3.156, 8.84], "rotation": 180, "texture": "#0"}
			}
		},
		{
			"from": [9.1, 4.75, 4],
			"to": [11.1, 7.25, 4],
			"faces": {
				"north": {"uv": [0.479, 6.08, 3.156, 8.84], "texture": "#0"},
				"east": {"uv": [0.479, 6.08, 3.156, 8.84], "texture": "#0"},
				"south": {"uv": [0.479, 6.08, 3.156, 8.84], "texture": "#0"},
				"west": {"uv": [0.479, 6.08, 3.156, 8.84], "texture": "#0"},
				"up": {"uv": [0.479, 6.08, 3.156, 8.84], "rotation": 180, "texture": "#0"},
				"down": {"uv": [0.479, 6.08, 3.156, 8.84], "rotation": 180, "texture": "#0"}
			}
		},
		{
			"from": [10.1, 4.75, 3],
			"to": [10.1, 7.25, 5],
			"faces": {
				"north": {"uv": [0.479, 6.08, 3.156, 8.84], "texture": "#0"},
				"east": {"uv": [0.479, 6.08, 3.156, 8.84], "texture": "#0"},
				"south": {"uv": [0.479, 6.08, 3.156, 8.84], "texture": "#0"},
				"west": {"uv": [0.479, 6.08, 3.156, 8.84], "texture": "#0"},
				"up": {"uv": [0.479, 6.08, 3.156, 8.84], "rotation": 180, "texture": "#0"},
				"down": {"uv": [0.479, 6.08, 3.156, 8.84], "rotation": 180, "texture": "#0"}
			}
		},
		{
			"from": [9.1, 17.3, 5.5],
			"to": [11.1, 19.8, 5.5],
			"faces": {
				"north": {"uv": [0.479, 6.08, 3.156, 8.84], "texture": "#0"},
				"east": {"uv": [0.479, 6.08, 3.156, 8.84], "texture": "#0"},
				"south": {"uv": [0.479, 6.08, 3.156, 8.84], "texture": "#0"},
				"west": {"uv": [0.479, 6.08, 3.156, 8.84], "texture": "#0"},
				"up": {"uv": [0.479, 6.08, 3.156, 8.84], "rotation": 180, "texture": "#0"},
				"down": {"uv": [0.479, 6.08, 3.156, 8.84], "rotation": 180, "texture": "#0"}
			}
		},
		{
			"from": [10.1, 17.3, 4.5],
			"to": [10.1, 19.8, 6.5],
			"faces": {
				"north": {"uv": [0.479, 6.08, 3.156, 8.84], "texture": "#0"},
				"east": {"uv": [0.479, 6.08, 3.156, 8.84], "texture": "#0"},
				"south": {"uv": [0.479, 6.08, 3.156, 8.84], "texture": "#0"},
				"west": {"uv": [0.479, 6.08, 3.156, 8.84], "texture": "#0"},
				"up": {"uv": [0.479, 6.08, 3.156, 8.84], "rotation": 180, "texture": "#0"},
				"down": {"uv": [0.479, 6.08, 3.156, 8.84], "rotation": 180, "texture": "#0"}
			}
		},
		{
			"from": [10.1, 10.5, 9.25],
			"to": [12.1, 13, 9.25],
			"faces": {
				"north": {"uv": [0.479, 6.08, 3.156, 8.84], "texture": "#0"},
				"east": {"uv": [0.479, 6.08, 3.156, 8.84], "texture": "#0"},
				"south": {"uv": [0.479, 6.08, 3.156, 8.84], "texture": "#0"},
				"west": {"uv": [0.479, 6.08, 3.156, 8.84], "texture": "#0"},
				"up": {"uv": [0.479, 6.08, 3.156, 8.84], "rotation": 180, "texture": "#0"},
				"down": {"uv": [0.479, 6.08, 3.156, 8.84], "rotation": 180, "texture": "#0"}
			}
		},
		{
			"from": [11.1, 10.5, 8.25],
			"to": [11.1, 13, 10.25],
			"faces": {
				"north": {"uv": [0.479, 6.08, 3.156, 8.84], "texture": "#0"},
				"east": {"uv": [0.479, 6.08, 3.156, 8.84], "texture": "#0"},
				"south": {"uv": [0.479, 6.08, 3.156, 8.84], "texture": "#0"},
				"west": {"uv": [0.479, 6.08, 3.156, 8.84], "texture": "#0"},
				"up": {"uv": [0.479, 6.08, 3.156, 8.84], "rotation": 180, "texture": "#0"},
				"down": {"uv": [0.479, 6.08, 3.156, 8.84], "rotation": 180, "texture": "#0"}
			}
		},
		{
			"from": [2.6, 0, 7.75],
			"to": [3.4, 7.25, 8.55],
			"faces": {
				"north": {"uv": [0, 0, 0.8, 7.25], "texture": "#3"},
				"east": {"uv": [0, 0, 0.8, 7.25], "texture": "#3"},
				"south": {"uv": [0, 0, 0.8, 7.25], "texture": "#3"},
				"west": {"uv": [0, 0, 0.8, 7.25], "texture": "#3"},
				"up": {"uv": [0, 0, 0.8, 0.8], "texture": "#3"},
				"down": {"uv": [0, 0, 0.8, 0.8], "texture": "#3"}
			}
		},
		{
			"from": [7.6, 0, 2.75],
			"to": [8.4, 7.25, 3.55],
			"faces": {
				"north": {"uv": [0, 0, 0.8, 7.25], "texture": "#3"},
				"east": {"uv": [0, 0, 0.8, 7.25], "texture": "#3"},
				"south": {"uv": [0, 0, 0.8, 7.25], "texture": "#3"},
				"west": {"uv": [0, 0, 0.8, 7.25], "texture": "#3"},
				"up": {"uv": [0, 0, 0.8, 0.8], "texture": "#3"},
				"down": {"uv": [0, 0, 0.8, 0.8], "texture": "#3"}
			}
		},
		{
			"from": [12.6, 0, 7.75],
			"to": [13.4, 7.25, 8.55],
			"faces": {
				"north": {"uv": [0, 0, 0.8, 7.25], "texture": "#3"},
				"east": {"uv": [0, 0, 0.8, 7.25], "texture": "#3"},
				"south": {"uv": [0, 0, 0.8, 7.25], "texture": "#3"},
				"west": {"uv": [0, 0, 0.8, 7.25], "texture": "#3"},
				"up": {"uv": [0, 0, 0.8, 0.8], "texture": "#3"},
				"down": {"uv": [0, 0, 0.8, 0.8], "texture": "#3"}
			}
		},
		{
			"from": [7.6, 0, 12.75],
			"to": [8.4, 7.25, 13.55],
			"faces": {
				"north": {"uv": [0, 0, 0.8, 7.25], "texture": "#3"},
				"east": {"uv": [0, 0, 0.8, 7.25], "texture": "#3"},
				"south": {"uv": [0, 0, 0.8, 7.25], "texture": "#3"},
				"west": {"uv": [0, 0, 0.8, 7.25], "texture": "#3"},
				"up": {"uv": [0, 0, 0.8, 0.8], "texture": "#3"},
				"down": {"uv": [0, 0, 0.8, 0.8], "texture": "#3"}
			}
		},
		{
			"from": [5.39994, 7.2001, 12.74996],
			"to": [10.69994, 8.0001, 13.54996],
			"faces": {
				"north": {"uv": [0, 0, 0.8, 5.3], "rotation": 270, "texture": "#3"},
				"east": {"uv": [0, 0, 0.8, 0.8], "rotation": 270, "texture": "#3"},
				"south": {"uv": [0, 0, 0.8, 5.3], "rotation": 90, "texture": "#3"},
				"west": {"uv": [0, 0, 0.8, 0.8], "rotation": 270, "texture": "#3"},
				"up": {"uv": [0, 0, 0.8, 5.3], "rotation": 90, "texture": "#3"},
				"down": {"uv": [0, 0, 0.8, 5.3], "rotation": 270, "texture": "#3"}
			}
		},
		{
			"from": [2.63504, 7.19062, 5.52433],
			"to": [3.43504, 7.99062, 10.82433],
			"faces": {
				"north": {"uv": [0, 0, 0.8, 0.8], "rotation": 270, "texture": "#3"},
				"east": {"uv": [0, 0, 0.8, 5.3], "rotation": 270, "texture": "#3"},
				"south": {"uv": [0, 0, 0.8, 0.8], "rotation": 270, "texture": "#3"},
				"west": {"uv": [0, 0, 0.8, 5.3], "rotation": 90, "texture": "#3"},
				"up": {"uv": [0, 0, 0.8, 5.3], "rotation": 180, "texture": "#3"},
				"down": {"uv": [0, 0, 0.8, 5.3], "rotation": 180, "texture": "#3"}
			}
		},
		{
			"from": [12.59641, 7.20338, 5.55022],
			"to": [13.39641, 8.00338, 10.85022],
			"faces": {
				"north": {"uv": [0, 0, 0.8, 0.8], "rotation": 270, "texture": "#3"},
				"east": {"uv": [0, 0, 0.8, 5.3], "rotation": 90, "texture": "#3"},
				"south": {"uv": [0, 0, 0.8, 0.8], "rotation": 270, "texture": "#3"},
				"west": {"uv": [0, 0, 0.8, 5.3], "rotation": 270, "texture": "#3"},
				"up": {"uv": [0, 0, 0.8, 5.3], "texture": "#3"},
				"down": {"uv": [0, 0, 0.8, 5.3], "texture": "#3"}
			}
		},
		{
			"from": [5.39978, 7.20013, 2.75009],
			"to": [10.69978, 8.00013, 3.55009],
			"faces": {
				"north": {"uv": [0, 0, 0.8, 5.3], "rotation": 90, "texture": "#3"},
				"east": {"uv": [0, 0, 0.8, 0.8], "rotation": 270, "texture": "#3"},
				"south": {"uv": [0, 0, 0.8, 5.3], "rotation": 270, "texture": "#3"},
				"west": {"uv": [0, 0, 0.8, 0.8], "rotation": 270, "texture": "#3"},
				"up": {"uv": [0, 0, 0.8, 5.3], "rotation": 270, "texture": "#3"},
				"down": {"uv": [0, 0, 0.8, 5.3], "rotation": 90, "texture": "#3"}
			}
		},
		{
			"from": [-8.23265, 7.20339, 16.60677],
			"to": [-4.43265, 8.00339, 17.40677],
			"rotation": {"angle": 45, "axis": "y", "origin": [-3.43265, -0.99661, -7.39323]},
			"faces": {
				"north": {"uv": [0, 0, 0.8, 3.8], "rotation": 270, "texture": "#3"},
				"east": {"uv": [0, 0, 0.8, 0.8], "rotation": 270, "texture": "#3"},
				"south": {"uv": [0, 0, 0.8, 3.8], "rotation": 90, "texture": "#3"},
				"west": {"uv": [0, 0, 0.8, 0.8], "rotation": 270, "texture": "#3"},
				"up": {"uv": [0, 0, 0.8, 3.8], "rotation": 90, "texture": "#3"},
				"down": {"uv": [0, 0, 0.8, 3.8], "rotation": 270, "texture": "#3"}
			}
		},
		{
			"from": [18.84344, 7.20001, 20.72076],
			"to": [22.64344, 8.00001, 21.52076],
			"rotation": {"angle": -45, "axis": "y", "origin": [23.64344, -0.99999, -3.27924]},
			"faces": {
				"north": {"uv": [0, 0, 0.8, 3.8], "rotation": 270, "texture": "#3"},
				"east": {"uv": [0, 0, 0.8, 0.8], "rotation": 270, "texture": "#3"},
				"south": {"uv": [0, 0, 0.8, 3.8], "rotation": 90, "texture": "#3"},
				"west": {"uv": [0, 0, 0.8, 0.8], "rotation": 270, "texture": "#3"},
				"up": {"uv": [0, 0, 0.8, 3.8], "rotation": 90, "texture": "#3"},
				"down": {"uv": [0, 0, 0.8, 3.8], "rotation": 270, "texture": "#3"}
			}
		},
		{
			"from": [18.84326, 7.1999, -5.12022],
			"to": [22.64326, 7.9999, -4.32022],
			"rotation": {"angle": 45, "axis": "y", "origin": [23.64326, -1.0001, 19.67978]},
			"faces": {
				"north": {"uv": [0, 3.8, 0.8, 7.6], "rotation": 90, "texture": "#3"},
				"east": {"uv": [0, 0.8, 0.8, 1.6], "rotation": 270, "texture": "#3"},
				"south": {"uv": [0, 3.8, 0.8, 7.6], "rotation": 270, "texture": "#3"},
				"west": {"uv": [0, 0.8, 0.8, 1.6], "rotation": 270, "texture": "#3"},
				"up": {"uv": [0.8, 0, 1.6, 3.8], "rotation": 90, "texture": "#3"},
				"down": {"uv": [0.8, 0, 1.6, 3.8], "rotation": 270, "texture": "#3"}
			}
		},
		{
			"from": [-8.23283, 7.20328, -1.00623],
			"to": [-4.43283, 8.00328, -0.20623],
			"rotation": {"angle": -45, "axis": "y", "origin": [-3.43283, -0.99672, 23.79377]},
			"faces": {
				"north": {"uv": [0, 3.8, 0.8, 7.6], "rotation": 90, "texture": "#3"},
				"east": {"uv": [0, 0.8, 0.8, 1.6], "rotation": 270, "texture": "#3"},
				"south": {"uv": [0, 3.8, 0.8, 7.6], "rotation": 270, "texture": "#3"},
				"west": {"uv": [0, 0.8, 0.8, 1.6], "rotation": 270, "texture": "#3"},
				"up": {"uv": [0.8, 0, 1.6, 3.8], "rotation": 90, "texture": "#3"},
				"down": {"uv": [0.8, 0, 1.6, 3.8], "rotation": 270, "texture": "#3"}
			}
		},
		{
			"from": [-8.68274, 15.20469, -1.00773],
			"to": [-3.68274, 16.00469, -0.20773],
			"rotation": {"angle": -45, "axis": "y", "origin": [-2.68274, 7.00469, 23.79227]},
			"faces": {
				"north": {"uv": [0, 3.8, 0.8, 8.8], "rotation": 90, "texture": "#3"},
				"east": {"uv": [0, 0.8, 0.8, 1.6], "rotation": 270, "texture": "#3"},
				"south": {"uv": [0, 3.8, 0.8, 8.8], "rotation": 270, "texture": "#3"},
				"west": {"uv": [0, 0.8, 0.8, 1.6], "rotation": 270, "texture": "#3"},
				"up": {"uv": [0.8, 0, 1.6, 5], "rotation": 90, "texture": "#3"},
				"down": {"uv": [0.8, 0, 1.6, 5], "rotation": 270, "texture": "#3"}
			}
		},
		{
			"from": [18.01539, 15.1892, -5.13211],
			"to": [22.91539, 15.9892, -4.33211],
			"rotation": {"angle": 45, "axis": "y", "origin": [22.81539, 6.9892, 19.66789]},
			"faces": {
				"north": {"uv": [0, 3.8, 0.8, 8.7], "rotation": 90, "texture": "#3"},
				"east": {"uv": [0, 0.8, 0.8, 1.6], "rotation": 270, "texture": "#3"},
				"south": {"uv": [0, 3.8, 0.8, 8.7], "rotation": 270, "texture": "#3"},
				"west": {"uv": [0, 0.8, 0.8, 1.6], "rotation": 270, "texture": "#3"},
				"up": {"uv": [0.8, 0, 1.6, 4.9], "rotation": 90, "texture": "#3"},
				"down": {"uv": [0.8, 0, 1.6, 4.9], "rotation": 270, "texture": "#3"}
			}
		},
		{
			"from": [18.01535, 15.18924, 20.68362],
			"to": [23.01535, 15.98924, 21.48362],
			"rotation": {"angle": -45, "axis": "y", "origin": [22.81535, 6.98924, -3.31638]},
			"faces": {
				"north": {"uv": [0, 0, 0.8, 5], "rotation": 270, "texture": "#3"},
				"east": {"uv": [0, 0, 0.8, 0.8], "rotation": 270, "texture": "#3"},
				"south": {"uv": [0, 0, 0.8, 5], "rotation": 90, "texture": "#3"},
				"west": {"uv": [0, 0, 0.8, 0.8], "rotation": 270, "texture": "#3"},
				"up": {"uv": [0, 0, 0.8, 5], "rotation": 90, "texture": "#3"},
				"down": {"uv": [0, 0, 0.8, 5], "rotation": 270, "texture": "#3"}
			}
		},
		{
			"from": [-8.24086, 15.19875, 17.36961],
			"to": [-3.34086, 15.99875, 18.16961],
			"rotation": {"angle": 45, "axis": "y", "origin": [-3.44086, 6.99875, -6.63039]},
			"faces": {
				"north": {"uv": [0, 0, 0.8, 4.9], "rotation": 270, "texture": "#3"},
				"east": {"uv": [0, 0, 0.8, 0.8], "rotation": 270, "texture": "#3"},
				"south": {"uv": [0, 0, 0.8, 4.9], "rotation": 90, "texture": "#3"},
				"west": {"uv": [0, 0, 0.8, 0.8], "rotation": 270, "texture": "#3"},
				"up": {"uv": [0, 0, 0.8, 4.9], "rotation": 90, "texture": "#3"},
				"down": {"uv": [0, 0, 0.8, 4.9], "rotation": 270, "texture": "#3"}
			}
		},
		{
			"from": [5.34996, 15.18918, 2.06084],
			"to": [10.64996, 15.98918, 2.86084],
			"faces": {
				"north": {"uv": [0, 0, 0.8, 5.3], "rotation": 90, "texture": "#3"},
				"east": {"uv": [0, 0, 0.8, 0.8], "rotation": 270, "texture": "#3"},
				"south": {"uv": [0, 0, 0.8, 5.3], "rotation": 270, "texture": "#3"},
				"west": {"uv": [0, 0, 0.8, 0.8], "rotation": 270, "texture": "#3"},
				"up": {"uv": [0, 0, 0.8, 5.3], "rotation": 270, "texture": "#3"},
				"down": {"uv": [0, 0, 0.8, 5.3], "rotation": 90, "texture": "#3"}
			}
		},
		{
			"from": [13.34641, 15.20338, 5.55022],
			"to": [14.14641, 16.00338, 10.85022],
			"faces": {
				"north": {"uv": [0, 0, 0.8, 0.8], "rotation": 270, "texture": "#3"},
				"east": {"uv": [0, 0, 0.8, 5.3], "rotation": 90, "texture": "#3"},
				"south": {"uv": [0, 0, 0.8, 0.8], "rotation": 270, "texture": "#3"},
				"west": {"uv": [0, 0, 0.8, 5.3], "rotation": 270, "texture": "#3"},
				"up": {"uv": [0, 0, 0.8, 5.3], "texture": "#3"},
				"down": {"uv": [0, 0, 0.8, 5.3], "texture": "#3"}
			}
		},
		{
			"from": [1.88504, 15.19062, 5.52433],
			"to": [2.68504, 15.99062, 10.82433],
			"faces": {
				"north": {"uv": [0, 0, 0.8, 0.8], "rotation": 270, "texture": "#3"},
				"east": {"uv": [0, 0, 0.8, 5.3], "rotation": 270, "texture": "#3"},
				"south": {"uv": [0, 0, 0.8, 0.8], "rotation": 270, "texture": "#3"},
				"west": {"uv": [0, 0, 0.8, 5.3], "rotation": 90, "texture": "#3"},
				"up": {"uv": [0, 0, 0.8, 5.3], "rotation": 180, "texture": "#3"},
				"down": {"uv": [0, 0, 0.8, 5.3], "rotation": 180, "texture": "#3"}
			}
		},
		{
			"from": [5.39994, 15.2001, 13.49996],
			"to": [10.69994, 16.0001, 14.29996],
			"faces": {
				"north": {"uv": [0, 0, 0.8, 5.3], "rotation": 270, "texture": "#3"},
				"east": {"uv": [0, 0, 0.8, 0.8], "rotation": 270, "texture": "#3"},
				"south": {"uv": [0, 0, 0.8, 5.3], "rotation": 90, "texture": "#3"},
				"west": {"uv": [0, 0, 0.8, 0.8], "rotation": 270, "texture": "#3"},
				"up": {"uv": [0, 0, 0.8, 5.3], "rotation": 90, "texture": "#3"},
				"down": {"uv": [0, 0, 0.8, 5.3], "rotation": 270, "texture": "#3"}
			}
		},
		{
			"from": [7.6, 8, 13.5],
			"to": [8.4, 15.25, 14.3],
			"faces": {
				"north": {"uv": [0, 0, 0.8, 7.25], "texture": "#3"},
				"east": {"uv": [0, 0, 0.8, 7.25], "texture": "#3"},
				"south": {"uv": [0, 0, 0.8, 7.25], "texture": "#3"},
				"west": {"uv": [0, 0, 0.8, 7.25], "texture": "#3"},
				"up": {"uv": [0, 0, 0.8, 0.8], "texture": "#3"},
				"down": {"uv": [0, 0, 0.8, 0.8], "texture": "#3"}
			}
		},
		{
			"from": [13.35, 8, 7.75],
			"to": [14.15, 15.25, 8.55],
			"faces": {
				"north": {"uv": [0, 0, 0.8, 7.25], "texture": "#3"},
				"east": {"uv": [0, 0, 0.8, 7.25], "texture": "#3"},
				"south": {"uv": [0, 0, 0.8, 7.25], "texture": "#3"},
				"west": {"uv": [0, 0, 0.8, 7.25], "texture": "#3"},
				"up": {"uv": [0, 0, 0.8, 0.8], "texture": "#3"},
				"down": {"uv": [0, 0, 0.8, 0.8], "texture": "#3"}
			}
		},
		{
			"from": [7.6, 8, 2.1],
			"to": [8.4, 15.25, 2.9],
			"faces": {
				"north": {"uv": [0, 0, 0.8, 7.25], "texture": "#3"},
				"east": {"uv": [0, 0, 0.8, 7.25], "texture": "#3"},
				"south": {"uv": [0, 0, 0.8, 7.25], "texture": "#3"},
				"west": {"uv": [0, 0, 0.8, 7.25], "texture": "#3"},
				"up": {"uv": [0, 0, 0.8, 0.8], "texture": "#3"},
				"down": {"uv": [0, 0, 0.8, 0.8], "texture": "#3"}
			}
		},
		{
			"from": [1.85, 8, 7.75],
			"to": [2.65, 15.25, 8.55],
			"faces": {
				"north": {"uv": [0, 0, 0.8, 7.25], "texture": "#3"},
				"east": {"uv": [0, 0, 0.8, 7.25], "texture": "#3"},
				"south": {"uv": [0, 0, 0.8, 7.25], "texture": "#3"},
				"west": {"uv": [0, 0, 0.8, 7.25], "texture": "#3"},
				"up": {"uv": [0, 0, 0.8, 0.8], "texture": "#3"},
				"down": {"uv": [0, 0, 0.8, 0.8], "texture": "#3"}
			}
		},
		{
			"from": [14.1, 16, 7.75],
			"to": [14.9, 23.25, 8.55],
			"faces": {
				"north": {"uv": [0, 0, 0.8, 7.25], "texture": "#3"},
				"east": {"uv": [0, 0, 0.8, 7.25], "texture": "#3"},
				"south": {"uv": [0, 0, 0.8, 7.25], "texture": "#3"},
				"west": {"uv": [0, 0, 0.8, 7.25], "texture": "#3"},
				"up": {"uv": [0, 0, 0.8, 0.8], "texture": "#3"},
				"down": {"uv": [0, 0, 0.8, 0.8], "texture": "#3"}
			}
		},
		{
			"from": [7.6, 16, 14.25],
			"to": [8.4, 23.25, 15.05],
			"faces": {
				"north": {"uv": [0, 0, 0.8, 7.25], "texture": "#3"},
				"east": {"uv": [0, 0, 0.8, 7.25], "texture": "#3"},
				"south": {"uv": [0, 0, 0.8, 7.25], "texture": "#3"},
				"west": {"uv": [0, 0, 0.8, 7.25], "texture": "#3"},
				"up": {"uv": [0, 0, 0.8, 0.8], "texture": "#3"},
				"down": {"uv": [0, 0, 0.8, 0.8], "texture": "#3"}
			}
		},
		{
			"from": [1.1, 16, 7.75],
			"to": [1.9, 23.25, 8.55],
			"faces": {
				"north": {"uv": [0, 0, 0.8, 7.25], "texture": "#3"},
				"east": {"uv": [0, 0, 0.8, 7.25], "texture": "#3"},
				"south": {"uv": [0, 0, 0.8, 7.25], "texture": "#3"},
				"west": {"uv": [0, 0, 0.8, 7.25], "texture": "#3"},
				"up": {"uv": [0, 0, 0.8, 0.8], "texture": "#3"},
				"down": {"uv": [0, 0, 0.8, 0.8], "texture": "#3"}
			}
		},
		{
			"from": [7.6, 16, 1.35],
			"to": [8.4, 23.25, 2.15],
			"faces": {
				"north": {"uv": [0, 0, 0.8, 7.25], "texture": "#3"},
				"east": {"uv": [0, 0, 0.8, 7.25], "texture": "#3"},
				"south": {"uv": [0, 0, 0.8, 7.25], "texture": "#3"},
				"west": {"uv": [0, 0, 0.8, 7.25], "texture": "#3"},
				"up": {"uv": [0, 0, 0.8, 0.8], "texture": "#3"},
				"down": {"uv": [0, 0, 0.8, 0.8], "texture": "#3"}
			}
		},
		{
			"from": [1.13504, 23.19062, 5.52433],
			"to": [1.93504, 23.99062, 10.82433],
			"faces": {
				"north": {"uv": [0, 0, 0.8, 0.8], "rotation": 270, "texture": "#3"},
				"east": {"uv": [0, 0, 0.8, 5.3], "rotation": 270, "texture": "#3"},
				"south": {"uv": [0, 0, 0.8, 0.8], "rotation": 270, "texture": "#3"},
				"west": {"uv": [0, 0, 0.8, 5.3], "rotation": 90, "texture": "#3"},
				"up": {"uv": [0, 0, 0.8, 5.3], "rotation": 180, "texture": "#3"},
				"down": {"uv": [0, 0, 0.8, 5.3], "rotation": 180, "texture": "#3"}
			}
		},
		{
			"from": [16.99595, 23.19886, 21.37235],
			"to": [22.99595, 23.99886, 22.17235],
			"rotation": {"angle": -45, "axis": "y", "origin": [22.79595, 14.99886, -2.62765]},
			"faces": {
				"north": {"uv": [0, 0, 0.8, 6], "rotation": 270, "texture": "#3"},
				"east": {"uv": [0, 0, 0.8, 0.8], "rotation": 270, "texture": "#3"},
				"south": {"uv": [0, 0, 0.8, 6], "rotation": 90, "texture": "#3"},
				"west": {"uv": [0, 0, 0.8, 0.8], "rotation": 270, "texture": "#3"},
				"up": {"uv": [0, 0, 0.8, 6], "rotation": 90, "texture": "#3"},
				"down": {"uv": [0, 0, 0.8, 6], "rotation": 270, "texture": "#3"}
			}
		},
		{
			"from": [5.39994, 23.2001, 14.24996],
			"to": [10.69994, 24.0001, 15.04996],
			"faces": {
				"north": {"uv": [0, 0, 0.8, 5.3], "rotation": 270, "texture": "#3"},
				"east": {"uv": [0, 0, 0.8, 0.8], "rotation": 270, "texture": "#3"},
				"south": {"uv": [0, 0, 0.8, 5.3], "rotation": 90, "texture": "#3"},
				"west": {"uv": [0, 0, 0.8, 0.8], "rotation": 270, "texture": "#3"},
				"up": {"uv": [0, 0, 0.8, 5.3], "rotation": 90, "texture": "#3"},
				"down": {"uv": [0, 0, 0.8, 5.3], "rotation": 270, "texture": "#3"}
			}
		},
		{
			"from": [-8.61054, 23.20463, 17.38342],
			"to": [-2.61054, 24.00463, 18.18342],
			"rotation": {"angle": 45, "axis": "y", "origin": [-2.71054, 15.00463, -6.61658]},
			"faces": {
				"north": {"uv": [0, 0, 0.8, 6], "rotation": 270, "texture": "#3"},
				"east": {"uv": [0, 0, 0.8, 0.8], "rotation": 270, "texture": "#3"},
				"south": {"uv": [0, 0, 0.8, 6], "rotation": 90, "texture": "#3"},
				"west": {"uv": [0, 0, 0.8, 0.8], "rotation": 270, "texture": "#3"},
				"up": {"uv": [0, 0, 0.8, 6], "rotation": 90, "texture": "#3"},
				"down": {"uv": [0, 0, 0.8, 6], "rotation": 270, "texture": "#3"}
			}
		},
		{
			"from": [14.09641, 23.20338, 5.55022],
			"to": [14.89641, 24.00338, 10.85022],
			"faces": {
				"north": {"uv": [0, 0, 0.8, 0.8], "rotation": 270, "texture": "#3"},
				"east": {"uv": [0, 0, 0.8, 5.3], "rotation": 90, "texture": "#3"},
				"south": {"uv": [0, 0, 0.8, 0.8], "rotation": 270, "texture": "#3"},
				"west": {"uv": [0, 0, 0.8, 5.3], "rotation": 270, "texture": "#3"},
				"up": {"uv": [0, 0, 0.8, 5.3], "texture": "#3"},
				"down": {"uv": [0, 0, 0.8, 5.3], "texture": "#3"}
			}
		},
		{
			"from": [5.34996, 23.18918, 1.31084],
			"to": [10.64996, 23.98918, 2.11084],
			"faces": {
				"north": {"uv": [0, 0, 0.8, 5.3], "rotation": 90, "texture": "#3"},
				"east": {"uv": [0, 0, 0.8, 0.8], "rotation": 270, "texture": "#3"},
				"south": {"uv": [0, 0, 0.8, 5.3], "rotation": 270, "texture": "#3"},
				"west": {"uv": [0, 0, 0.8, 0.8], "rotation": 270, "texture": "#3"},
				"up": {"uv": [0, 0, 0.8, 5.3], "rotation": 270, "texture": "#3"},
				"down": {"uv": [0, 0, 0.8, 5.3], "rotation": 90, "texture": "#3"}
			}
		},
		{
			"from": [-8.64484, 23.19048, -1.71037],
			"to": [-2.64484, 23.99048, -0.91037],
			"rotation": {"angle": -45, "axis": "y", "origin": [-2.64484, 14.99048, 23.08963]},
			"faces": {
				"north": {"uv": [0, 3.8, 0.8, 9.8], "rotation": 90, "texture": "#3"},
				"east": {"uv": [0, 0.8, 0.8, 1.6], "rotation": 270, "texture": "#3"},
				"south": {"uv": [0, 3.8, 0.8, 9.8], "rotation": 270, "texture": "#3"},
				"west": {"uv": [0, 0.8, 0.8, 1.6], "rotation": 270, "texture": "#3"},
				"up": {"uv": [0.8, 0, 1.6, 6], "rotation": 90, "texture": "#3"},
				"down": {"uv": [0.8, 0, 1.6, 6], "rotation": 270, "texture": "#3"}
			}
		},
		{
			"from": [17.26539, 23.18931, -5.13223],
			"to": [23.26539, 23.98931, -4.33223],
			"rotation": {"angle": 45, "axis": "y", "origin": [22.06539, 14.98931, 19.66777]},
			"faces": {
				"north": {"uv": [0, 3.8, 0.8, 9.8], "rotation": 90, "texture": "#3"},
				"east": {"uv": [0, 0.8, 0.8, 1.6], "rotation": 270, "texture": "#3"},
				"south": {"uv": [0, 3.8, 0.8, 9.8], "rotation": 270, "texture": "#3"},
				"west": {"uv": [0, 0.8, 0.8, 1.6], "rotation": 270, "texture": "#3"},
				"up": {"uv": [0.8, 0, 1.6, 6], "rotation": 90, "texture": "#3"},
				"down": {"uv": [0.8, 0, 1.6, 6], "rotation": 270, "texture": "#3"}
			}
		}
	],
	"display": {
		"thirdperson_righthand": {
			"rotation": [75, 45, 0],
			"translation": [0, 2.5, 0],
			"scale": [0.375, 0.375, 0.375]
		},
		"thirdperson_lefthand": {
			"rotation": [75, 45, 0],
			"translation": [0, 2.5, 0],
			"scale": [0.375, 0.375, 0.375]
		},
		"firstperson_righthand": {
			"rotation": [0, 45, 0],
			"translation": [0, 2.25, 0],
			"scale": [0.4, 0.4, 0.4]
		},
		"firstperson_lefthand": {
			"rotation": [0, 225, 0],
			"translation": [0, 2.75, 0],
			"scale": [0.4, 0.4, 0.4]
		},
		"ground": {
			"scale": [0.5, 0.5, 0.5]
		},
		"gui": {
			"rotation": [30, 225, 0],
			"scale": [0.625, 0.625, 0.625]
		},
		"head": {
			"translation": [0, 14.25, 0]
		},
		"fixed": {
			"rotation": [-90, 0, 0],
			"translation": [0, 0, -15],
			"scale": [2, 2, 2]
		}
	},
	"groups": [
		{
			"name": "plant",
			"children": [0, 1, 2, 3]
		},
		{
			"name": "plant2",
			"children": [4, 5, 6, 7]
		},
		{
			"name": "Stem",
			"children": [8, 9, 10, 11, 12, 13, 14, 15, 16]
		},
		{
			"name": "Fruits",
			"children": [
				{
					"name": "Chili6",
					"children": [17, 18]
				},
				{
					"name": "Chili5",
					"children": [19, 20]
				},
				{
					"name": "Chili4",
					"children": [21, 22]
				},
				{
					"name": "Chili3",
					"children": [23, 24]
				},
				{
					"name": "Chili2",
					"children": [25, 26]
				},
				{
					"name": "Chili",
					"children": [27, 28]
				},
				{
					"name": "Fruits2",
					"children": [
						{
							"name": "Chili6",
							"children": [29, 30]
						},
						{
							"name": "Chili5",
							"children": [31, 32]
						},
						{
							"name": "Chili4",
							"children": [33, 34]
						},
						{
							"name": "Chili3",
							"children": [35, 36]
						},
						{
							"name": "Chili2",
							"children": [37, 38]
						},
						{
							"name": "Chili",
							"children": [39, 40]
						}
					]
				}
			]
		},
		{
			"name": "Cage",
			"children": [41, 42, 43, 44, 45, 46, 47, 48, 49, 50, 51, 52, 53, 54, 55, 56, 57, 58, 59, 60, 61, 62, 63, 64, 65, 66, 67, 68, 69, 70, 71, 72, 73, 74, 75, 76]
		}
	]
}