{
	"credit": "Made with Blockbench",
	"textures": {
		"0": "block/trowel",
		"1_0": "block/MizunoArchive/dirt",
		"particle": "block/MizunoArchive/dirt"
	},
	"elements": [
		{
			"from": [7.51599, 1.4294, 7.3715],
			"to": [7.81599, 3.4294, 8.3715],
			"rotation": {"angle": -22.5, "axis": "x", "origin": [7.81599, 0.9294, 7.8715]},
			"faces": {
				"north": {"uv": [0, 9, 2, 10], "rotation": 270, "texture": "#0"},
				"east": {"uv": [0, 9, 2, 10], "rotation": 270, "texture": "#0"},
				"south": {"uv": [0, 9, 2, 10], "rotation": 270, "texture": "#0"},
				"west": {"uv": [0, 9, 2, 10], "rotation": 270, "texture": "#0"},
				"up": {"uv": [0, 9, 2, 10], "texture": "#0"},
				"down": {"uv": [0, 9, 2, 10], "rotation": 180, "texture": "#0"}
			}
		},
		{
			"from": [7.51599, 2.27089, 7.2487],
			"to": [7.81599, 4.27089, 8.2487],
			"rotation": {"angle": 22.5, "axis": "x", "origin": [7.81599, 0.77089, 5.7487]},
			"faces": {
				"north": {"uv": [0, 9, 2, 10], "rotation": 270, "texture": "#0"},
				"east": {"uv": [0, 9, 2, 10], "rotation": 270, "texture": "#0"},
				"south": {"uv": [0, 9, 2, 10], "rotation": 270, "texture": "#0"},
				"west": {"uv": [0, 9, 2, 10], "rotation": 270, "texture": "#0"},
				"up": {"uv": [0, 9, 2, 10], "texture": "#0"},
				"down": {"uv": [0, 9, 2, 10], "rotation": 180, "texture": "#0"}
			}
		},
		{
			"from": [7.51599, 0.7, 7.42532],
			"to": [7.81599, 1.7, 8.42532],
			"rotation": {"angle": -45, "axis": "x", "origin": [7.81599, 1.2, 7.92532]},
			"faces": {
				"north": {"uv": [0, 9, 2, 10], "rotation": 270, "texture": "#0"},
				"east": {"uv": [0, 9, 2, 10], "rotation": 270, "texture": "#0"},
				"south": {"uv": [0, 9, 2, 10], "rotation": 270, "texture": "#0"},
				"west": {"uv": [0, 9, 2, 10], "rotation": 270, "texture": "#0"},
				"up": {"uv": [0, 9, 2, 10], "texture": "#0"},
				"down": {"uv": [0, 9, 2, 10], "rotation": 180, "texture": "#0"}
			}
		},
		{
			"from": [7.51599, 3.04776, 6.45285],
			"to": [7.81599, 4.54776, 7.45285],
			"faces": {
				"north": {"uv": [0, 9, 2, 10], "rotation": 270, "texture": "#0"},
				"east": {"uv": [0, 9, 2, 10], "rotation": 270, "texture": "#0"},
				"south": {"uv": [0, 9, 2, 10], "rotation": 270, "texture": "#0"},
				"west": {"uv": [0, 9, 2, 10], "rotation": 270, "texture": "#0"},
				"up": {"uv": [0, 9, 2, 10], "texture": "#0"},
				"down": {"uv": [0, 9, 2, 10], "rotation": 180, "texture": "#0"}
			}
		},
		{
			"from": [7.51599, 3.04776, 8.39779],
			"to": [7.81599, 4.54776, 9.39779],
			"faces": {
				"north": {"uv": [0, 9, 2, 10], "rotation": 270, "texture": "#0"},
				"east": {"uv": [0, 9, 2, 10], "rotation": 270, "texture": "#0"},
				"south": {"uv": [0, 9, 2, 10], "rotation": 270, "texture": "#0"},
				"west": {"uv": [0, 9, 2, 10], "rotation": 270, "texture": "#0"},
				"up": {"uv": [0, 9, 2, 10], "texture": "#0"},
				"down": {"uv": [0, 9, 2, 10], "rotation": 180, "texture": "#0"}
			}
		},
		{
			"from": [7.51599, 4.4871, 5.59929],
			"to": [7.81599, 5.4871, 6.59929],
			"rotation": {"angle": 45, "axis": "x", "origin": [7.81599, 3.4871, 6.09929]},
			"faces": {
				"north": {"uv": [0, 9, 2, 10], "rotation": 270, "texture": "#0"},
				"east": {"uv": [0, 9, 2, 10], "rotation": 270, "texture": "#0"},
				"south": {"uv": [0, 9, 2, 10], "rotation": 270, "texture": "#0"},
				"west": {"uv": [0, 9, 2, 10], "rotation": 270, "texture": "#0"},
				"up": {"uv": [0, 9, 2, 10], "texture": "#0"},
				"down": {"uv": [0, 9, 2, 10], "rotation": 180, "texture": "#0"}
			}
		},
		{
			"from": [7.51599, 4.4871, 7.13003],
			"to": [7.81599, 5.4871, 8.13003],
			"rotation": {"angle": 45, "axis": "x", "origin": [7.81599, 3.4871, 7.63003]},
			"faces": {
				"north": {"uv": [0, 9, 2, 10], "rotation": 270, "texture": "#0"},
				"east": {"uv": [0, 9, 2, 10], "rotation": 270, "texture": "#0"},
				"south": {"uv": [0, 9, 2, 10], "rotation": 270, "texture": "#0"},
				"west": {"uv": [0, 9, 2, 10], "rotation": 270, "texture": "#0"},
				"up": {"uv": [0, 9, 2, 10], "texture": "#0"},
				"down": {"uv": [0, 9, 2, 10], "rotation": 180, "texture": "#0"}
			}
		},
		{
			"from": [7.51599, 2.15487, 7.19069],
			"to": [7.81599, 5.25487, 8.69069],
			"faces": {
				"north": {"uv": [0, 9, 2, 10], "rotation": 270, "texture": "#0"},
				"east": {"uv": [0, 9, 2, 10], "rotation": 270, "texture": "#0"},
				"south": {"uv": [0, 9, 2, 10], "rotation": 270, "texture": "#0"},
				"west": {"uv": [0, 9, 2, 10], "rotation": 270, "texture": "#0"},
				"up": {"uv": [0, 9, 2, 10], "texture": "#0"},
				"down": {"uv": [0, 9, 2, 10], "rotation": 180, "texture": "#0"}
			}
		},
		{
			"from": [7.66599, 3.05487, 7.79069],
			"to": [7.96599, 4.65487, 8.09069],
			"faces": {
				"north": {"uv": [0, 8.5, 1.6, 8.798], "rotation": 270, "texture": "#0"},
				"east": {"uv": [0, 8.5, 1.6, 8.798], "rotation": 270, "texture": "#0"},
				"south": {"uv": [0, 8.5, 1.6, 8.798], "rotation": 270, "texture": "#0"},
				"west": {"uv": [0, 8.5, 1.6, 8.798], "rotation": 270, "texture": "#0"},
				"up": {"uv": [0, 8.5, 1.6, 8.798], "texture": "#0"},
				"down": {"uv": [0, 8.5, 1.6, 8.798], "rotation": 180, "texture": "#0"}
			}
		},
		{
			"from": [7.56599, 4.65487, 7.69069],
			"to": [8.06599, 6.25487, 8.19069],
			"faces": {
				"north": {"uv": [0, 8.5, 1.6, 8.798], "rotation": 270, "texture": "#0"},
				"east": {"uv": [0, 8.5, 1.6, 8.798], "rotation": 270, "texture": "#0"},
				"south": {"uv": [0, 8.5, 1.6, 8.798], "rotation": 270, "texture": "#0"},
				"west": {"uv": [0, 8.5, 1.6, 8.798], "rotation": 270, "texture": "#0"},
				"up": {"uv": [0, 8.5, 1.6, 8.798], "texture": "#0"},
				"down": {"uv": [0, 8.5, 1.6, 8.798], "rotation": 180, "texture": "#0"}
			}
		},
		{
			"from": [7.46599, 5.90487, 7.59069],
			"to": [8.16599, 7.25487, 8.29069],
			"faces": {
				"north": {"uv": [8.5, 0.5, 9.85, 1.2], "rotation": 270, "texture": "#0"},
				"east": {"uv": [8.5, 0.5, 9.85, 1.2], "rotation": 270, "texture": "#0"},
				"south": {"uv": [8.5, 0.5, 9.85, 1.2], "rotation": 270, "texture": "#0"},
				"west": {"uv": [8.5, 0.5, 9.85, 1.2], "rotation": 270, "texture": "#0"},
				"up": {"uv": [8.5, 0.5, 9.85, 1.2], "texture": "#0"},
				"down": {"uv": [8.5, 0.5, 9.85, 1.2], "rotation": 180, "texture": "#0"}
			}
		},
		{
			"from": [7.36599, 6.95487, 7.49069],
			"to": [8.26599, 10.25487, 8.39069],
			"faces": {
				"north": {"uv": [0, 0, 3.3, 0.9], "rotation": 270, "texture": "#0"},
				"east": {"uv": [0, 0, 3.3, 0.9], "rotation": 270, "texture": "#0"},
				"south": {"uv": [0, 0, 3.3, 0.9], "rotation": 270, "texture": "#0"},
				"west": {"uv": [0, 0, 3.3, 0.9], "rotation": 90, "texture": "#0"},
				"up": {"uv": [0, 0, 0.9, 0.9], "rotation": 180, "texture": "#0"},
				"down": {"uv": [0, 0, 0.9, 0.9], "rotation": 180, "texture": "#0"}
			}
		},
		{
			"from": [7.46599, 10.10487, 7.59069],
			"to": [8.16599, 10.55487, 8.29069],
			"faces": {
				"north": {"uv": [0, 0, 0.45, 0.7], "rotation": 270, "texture": "#0"},
				"east": {"uv": [0, 0, 0.45, 0.7], "rotation": 270, "texture": "#0"},
				"south": {"uv": [0, 0, 0.45, 0.7], "rotation": 270, "texture": "#0"},
				"west": {"uv": [0, 0, 0.45, 0.7], "rotation": 90, "texture": "#0"},
				"up": {"uv": [0, 0, 0.7, 0.7], "rotation": 180, "texture": "#0"},
				"down": {"uv": [0, 0, 0.7, 0.7], "rotation": 180, "texture": "#0"}
			}
		},
		{
			"from": [6.196, 0, 5.9715],
			"to": [8.296, 3, 9.9715],
			"faces": {
				"north": {"uv": [0, 0, 2.1, 3], "texture": "#1_0"},
				"east": {"uv": [0, 0, 4, 3], "texture": "#1_0"},
				"south": {"uv": [0, 0, 2.1, 3], "texture": "#1_0"},
				"west": {"uv": [0, 0, 4, 3], "texture": "#1_0"},
				"up": {"uv": [0, 0, 2.1, 4], "texture": "#1_0"},
				"down": {"uv": [0, 0, 2.1, 4], "texture": "#1_0"}
			}
		},
		{
			"from": [5.296, 0, 5.9715],
			"to": [6.296, 2, 8.9715],
			"faces": {
				"north": {"uv": [0, 0, 1, 2], "texture": "#1_0"},
				"east": {"uv": [0, 0, 3, 2], "texture": "#1_0"},
				"south": {"uv": [0, 0, 1, 2], "texture": "#1_0"},
				"west": {"uv": [0, 0, 3, 2], "texture": "#1_0"},
				"up": {"uv": [0, 0, 1, 3], "texture": "#1_0"},
				"down": {"uv": [0, 0, 1, 3], "texture": "#1_0"}
			}
		},
		{
			"from": [8.296, 0, 5.9715],
			"to": [10.296, 2, 7.9715],
			"faces": {
				"north": {"uv": [0, 0, 2, 2], "texture": "#1_0"},
				"east": {"uv": [0, 0, 2, 2], "texture": "#1_0"},
				"south": {"uv": [0, 0, 2, 2], "texture": "#1_0"},
				"west": {"uv": [0, 0, 2, 2], "texture": "#1_0"},
				"up": {"uv": [0, 0, 2, 2], "texture": "#1_0"},
				"down": {"uv": [0, 0, 2, 2], "texture": "#1_0"}
			}
		},
		{
			"from": [6.296, 0, 3.9715],
			"to": [8.296, 2, 5.9715],
			"faces": {
				"north": {"uv": [0, 0, 2, 2], "texture": "#1_0"},
				"east": {"uv": [0, 0, 2, 2], "texture": "#1_0"},
				"south": {"uv": [0, 0, 2, 2], "texture": "#1_0"},
				"west": {"uv": [0, 0, 2, 2], "texture": "#1_0"},
				"up": {"uv": [0, 0, 2, 2], "texture": "#1_0"},
				"down": {"uv": [0, 0, 2, 2], "texture": "#1_0"}
			}
		},
		{
			"from": [6.296, 0, 8.9715],
			"to": [10.296, 2, 10.9715],
			"faces": {
				"north": {"uv": [0, 0, 4, 2], "texture": "#1_0"},
				"east": {"uv": [0, 0, 2, 2], "texture": "#1_0"},
				"south": {"uv": [0, 0, 4, 2], "texture": "#1_0"},
				"west": {"uv": [0, 0, 2, 2], "texture": "#1_0"},
				"up": {"uv": [0, 0, 4, 2], "texture": "#1_0"},
				"down": {"uv": [0, 0, 4, 2], "texture": "#1_0"}
			}
		},
		{
			"from": [8.296, 0, 4.9715],
			"to": [9.296, 1.5, 6.4715],
			"faces": {
				"north": {"uv": [0, 0, 1, 1.5], "texture": "#1_0"},
				"east": {"uv": [0, 0, 1.5, 1.5], "texture": "#1_0"},
				"south": {"uv": [0, 0, 1, 1.5], "texture": "#1_0"},
				"west": {"uv": [0, 0, 1.5, 1.5], "texture": "#1_0"},
				"up": {"uv": [0, 0, 1, 1.5], "texture": "#1_0"},
				"down": {"uv": [0, 0, 1, 1.5], "texture": "#1_0"}
			}
		},
		{
			"from": [9.296, 0, 7.9715],
			"to": [10.296, 1.5, 8.9715],
			"faces": {
				"north": {"uv": [0, 0, 1, 1.5], "texture": "#1_0"},
				"east": {"uv": [0, 0, 1, 1.5], "texture": "#1_0"},
				"south": {"uv": [0, 0, 1, 1.5], "texture": "#1_0"},
				"west": {"uv": [0, 0, 1, 1.5], "texture": "#1_0"},
				"up": {"uv": [0, 0, 1, 1], "texture": "#1_0"},
				"down": {"uv": [0, 0, 1, 1], "texture": "#1_0"}
			}
		},
		{
			"from": [7.296, 0, 10.9715],
			"to": [9.296, 1.5, 11.9715],
			"faces": {
				"north": {"uv": [0, 0, 2, 1.5], "texture": "#1_0"},
				"east": {"uv": [0, 0, 1, 1.5], "texture": "#1_0"},
				"south": {"uv": [0, 0, 2, 1.5], "texture": "#1_0"},
				"west": {"uv": [0, 0, 1, 1.5], "texture": "#1_0"},
				"up": {"uv": [0, 0, 2, 1], "texture": "#1_0"},
				"down": {"uv": [0, 0, 2, 1], "texture": "#1_0"}
			}
		},
		{
			"from": [10.296, 0, 8.9715],
			"to": [11.296, 1.5, 9.9715],
			"faces": {
				"north": {"uv": [0, 0, 1, 1.5], "texture": "#1_0"},
				"east": {"uv": [0, 0, 1, 1.5], "texture": "#1_0"},
				"south": {"uv": [0, 0, 1, 1.5], "texture": "#1_0"},
				"west": {"uv": [0, 0, 1, 1.5], "texture": "#1_0"},
				"up": {"uv": [0, 0, 1, 1], "texture": "#1_0"},
				"down": {"uv": [0, 0, 1, 1], "texture": "#1_0"}
			}
		},
		{
			"from": [4.296, 0, 8.9715],
			"to": [6.296, 1.5, 9.9715],
			"faces": {
				"north": {"uv": [0, 0, 2, 1.5], "texture": "#1_0"},
				"east": {"uv": [0, 0, 1, 1.5], "texture": "#1_0"},
				"south": {"uv": [0, 0, 2, 1.5], "texture": "#1_0"},
				"west": {"uv": [0, 0, 1, 1.5], "texture": "#1_0"},
				"up": {"uv": [0, 0, 2, 1], "texture": "#1_0"},
				"down": {"uv": [0, 0, 2, 1], "texture": "#1_0"}
			}
		},
		{
			"from": [4.296, 0, 4.9715],
			"to": [5.296, 1.5, 6.9715],
			"faces": {
				"north": {"uv": [0, 0, 1, 1.5], "texture": "#1_0"},
				"east": {"uv": [0, 0, 2, 1.5], "texture": "#1_0"},
				"south": {"uv": [0, 0, 1, 1.5], "texture": "#1_0"},
				"west": {"uv": [0, 0, 2, 1.5], "texture": "#1_0"},
				"up": {"uv": [0, 0, 1, 2], "texture": "#1_0"},
				"down": {"uv": [0, 0, 1, 2], "texture": "#1_0"}
			}
		},
		{
			"from": [3.296, 0, 4.9715],
			"to": [4.296, 1, 5.9715],
			"faces": {
				"north": {"uv": [0, 0, 1, 1], "texture": "#1_0"},
				"east": {"uv": [0, 0, 1, 1], "texture": "#1_0"},
				"south": {"uv": [0, 0, 1, 1], "texture": "#1_0"},
				"west": {"uv": [0, 0, 1, 1], "texture": "#1_0"},
				"up": {"uv": [0, 0, 1, 1], "texture": "#1_0"},
				"down": {"uv": [0, 0, 1, 1], "texture": "#1_0"}
			}
		},
		{
			"from": [3.296, 0, 2.9715],
			"to": [4.296, 1, 3.9715],
			"faces": {
				"north": {"uv": [0, 0, 1, 1], "texture": "#1_0"},
				"east": {"uv": [0, 0, 1, 1], "texture": "#1_0"},
				"south": {"uv": [0, 0, 1, 1], "texture": "#1_0"},
				"west": {"uv": [0, 0, 1, 1], "texture": "#1_0"},
				"up": {"uv": [0, 0, 1, 1], "texture": "#1_0"},
				"down": {"uv": [0, 0, 1, 1], "texture": "#1_0"}
			}
		},
		{
			"from": [3.296, 0, 9.9715],
			"to": [4.296, 1, 10.9715],
			"faces": {
				"north": {"uv": [0, 0, 1, 1], "texture": "#1_0"},
				"east": {"uv": [0, 0, 1, 1], "texture": "#1_0"},
				"south": {"uv": [0, 0, 1, 1], "texture": "#1_0"},
				"west": {"uv": [0, 0, 1, 1], "texture": "#1_0"},
				"up": {"uv": [0, 0, 1, 1], "texture": "#1_0"},
				"down": {"uv": [0, 0, 1, 1], "texture": "#1_0"}
			}
		},
		{
			"from": [2.296, 0, 8.9715],
			"to": [3.296, 1, 9.9715],
			"faces": {
				"north": {"uv": [0, 0, 1, 1], "texture": "#1_0"},
				"east": {"uv": [0, 0, 1, 1], "texture": "#1_0"},
				"south": {"uv": [0, 0, 1, 1], "texture": "#1_0"},
				"west": {"uv": [0, 0, 1, 1], "texture": "#1_0"},
				"up": {"uv": [0, 0, 1, 1], "texture": "#1_0"},
				"down": {"uv": [0, 0, 1, 1], "texture": "#1_0"}
			}
		},
		{
			"from": [5.296, 0, 11.9715],
			"to": [6.296, 1, 12.9715],
			"faces": {
				"north": {"uv": [0, 0, 1, 1], "texture": "#1_0"},
				"east": {"uv": [0, 0, 1, 1], "texture": "#1_0"},
				"south": {"uv": [0, 0, 1, 1], "texture": "#1_0"},
				"west": {"uv": [0, 0, 1, 1], "texture": "#1_0"},
				"up": {"uv": [0, 0, 1, 1], "texture": "#1_0"},
				"down": {"uv": [0, 0, 1, 1], "texture": "#1_0"}
			}
		},
		{
			"from": [8.296, 0, 11.9715],
			"to": [9.296, 1, 12.9715],
			"faces": {
				"north": {"uv": [0, 0, 1, 1], "texture": "#1_0"},
				"east": {"uv": [0, 0, 1, 1], "texture": "#1_0"},
				"south": {"uv": [0, 0, 1, 1], "texture": "#1_0"},
				"west": {"uv": [0, 0, 1, 1], "texture": "#1_0"},
				"up": {"uv": [0, 0, 1, 1], "texture": "#1_0"},
				"down": {"uv": [0, 0, 1, 1], "texture": "#1_0"}
			}
		},
		{
			"from": [9.296, 0, 12.9715],
			"to": [10.296, 1, 13.9715],
			"faces": {
				"north": {"uv": [0, 0, 1, 1], "texture": "#1_0"},
				"east": {"uv": [0, 0, 1, 1], "texture": "#1_0"},
				"south": {"uv": [0, 0, 1, 1], "texture": "#1_0"},
				"west": {"uv": [0, 0, 1, 1], "texture": "#1_0"},
				"up": {"uv": [0, 0, 1, 1], "texture": "#1_0"},
				"down": {"uv": [0, 0, 1, 1], "texture": "#1_0"}
			}
		},
		{
			"from": [10.296, 0, 9.9715],
			"to": [11.296, 1, 10.9715],
			"faces": {
				"north": {"uv": [0, 0, 1, 1], "texture": "#1_0"},
				"east": {"uv": [0, 0, 1, 1], "texture": "#1_0"},
				"south": {"uv": [0, 0, 1, 1], "texture": "#1_0"},
				"west": {"uv": [0, 0, 1, 1], "texture": "#1_0"},
				"up": {"uv": [0, 0, 1, 1], "texture": "#1_0"},
				"down": {"uv": [0, 0, 1, 1], "texture": "#1_0"}
			}
		},
		{
			"from": [11.296, 0, 10.9715],
			"to": [12.296, 1, 11.9715],
			"faces": {
				"north": {"uv": [0, 0, 1, 1], "texture": "#1_0"},
				"east": {"uv": [0, 0, 1, 1], "texture": "#1_0"},
				"south": {"uv": [0, 0, 1, 1], "texture": "#1_0"},
				"west": {"uv": [0, 0, 1, 1], "texture": "#1_0"},
				"up": {"uv": [0, 0, 1, 1], "texture": "#1_0"},
				"down": {"uv": [0, 0, 1, 1], "texture": "#1_0"}
			}
		},
		{
			"from": [9.296, 0, 10.9715],
			"to": [10.296, 1, 11.9715],
			"faces": {
				"north": {"uv": [0, 0, 1, 1], "texture": "#1_0"},
				"east": {"uv": [0, 0, 1, 1], "texture": "#1_0"},
				"south": {"uv": [0, 0, 1, 1], "texture": "#1_0"},
				"west": {"uv": [0, 0, 1, 1], "texture": "#1_0"},
				"up": {"uv": [0, 0, 1, 1], "texture": "#1_0"},
				"down": {"uv": [0, 0, 1, 1], "texture": "#1_0"}
			}
		},
		{
			"from": [10.296, 0, 6.9715],
			"to": [12.296, 1, 7.9715],
			"faces": {
				"north": {"uv": [0, 0, 2, 1], "texture": "#1_0"},
				"east": {"uv": [0, 0, 1, 1], "texture": "#1_0"},
				"south": {"uv": [0, 0, 2, 1], "texture": "#1_0"},
				"west": {"uv": [0, 0, 1, 1], "texture": "#1_0"},
				"up": {"uv": [0, 0, 2, 1], "texture": "#1_0"},
				"down": {"uv": [0, 0, 2, 1], "texture": "#1_0"}
			}
		},
		{
			"from": [10.296, 0, 5.9715],
			"to": [11.296, 1, 6.9715],
			"faces": {
				"north": {"uv": [0, 0, 1, 1], "texture": "#1_0"},
				"east": {"uv": [0, 0, 1, 1], "texture": "#1_0"},
				"south": {"uv": [0, 0, 1, 1], "texture": "#1_0"},
				"west": {"uv": [0, 0, 1, 1], "texture": "#1_0"},
				"up": {"uv": [0, 0, 1, 1], "texture": "#1_0"},
				"down": {"uv": [0, 0, 1, 1], "texture": "#1_0"}
			}
		},
		{
			"from": [12.296, 0, 5.9715],
			"to": [13.296, 1, 6.9715],
			"faces": {
				"north": {"uv": [0, 0, 1, 1], "texture": "#1_0"},
				"east": {"uv": [0, 0, 1, 1], "texture": "#1_0"},
				"south": {"uv": [0, 0, 1, 1], "texture": "#1_0"},
				"west": {"uv": [0, 0, 1, 1], "texture": "#1_0"},
				"up": {"uv": [0, 0, 1, 1], "texture": "#1_0"},
				"down": {"uv": [0, 0, 1, 1], "texture": "#1_0"}
			}
		},
		{
			"from": [9.296, 0, 3.9715],
			"to": [10.296, 1, 4.9715],
			"faces": {
				"north": {"uv": [0, 0, 1, 1], "texture": "#1_0"},
				"east": {"uv": [0, 0, 1, 1], "texture": "#1_0"},
				"south": {"uv": [0, 0, 1, 1], "texture": "#1_0"},
				"west": {"uv": [0, 0, 1, 1], "texture": "#1_0"},
				"up": {"uv": [0, 0, 1, 1], "texture": "#1_0"},
				"down": {"uv": [0, 0, 1, 1], "texture": "#1_0"}
			}
		},
		{
			"from": [8.296, 0, 1.9715],
			"to": [9.296, 1, 2.9715],
			"faces": {
				"north": {"uv": [0, 0, 1, 1], "texture": "#1_0"},
				"east": {"uv": [0, 0, 1, 1], "texture": "#1_0"},
				"south": {"uv": [0, 0, 1, 1], "texture": "#1_0"},
				"west": {"uv": [0, 0, 1, 1], "texture": "#1_0"},
				"up": {"uv": [0, 0, 1, 1], "texture": "#1_0"},
				"down": {"uv": [0, 0, 1, 1], "texture": "#1_0"}
			}
		},
		{
			"from": [5.296, 0, 2.9715],
			"to": [6.296, 1, 3.9715],
			"faces": {
				"north": {"uv": [0, 0, 1, 1], "texture": "#1_0"},
				"east": {"uv": [0, 0, 1, 1], "texture": "#1_0"},
				"south": {"uv": [0, 0, 1, 1], "texture": "#1_0"},
				"west": {"uv": [0, 0, 1, 1], "texture": "#1_0"},
				"up": {"uv": [0, 0, 1, 1], "texture": "#1_0"},
				"down": {"uv": [0, 0, 1, 1], "texture": "#1_0"}
			}
		},
		{
			"from": [8.296, 0, 6.4715],
			"to": [9.296, 3, 9.4715],
			"faces": {
				"north": {"uv": [0, 0, 1, 3], "texture": "#1_0"},
				"east": {"uv": [0, 0, 3, 3], "texture": "#1_0"},
				"south": {"uv": [0, 0, 1, 3], "texture": "#1_0"},
				"west": {"uv": [0, 0, 3, 3], "texture": "#1_0"},
				"up": {"uv": [0, 0, 1, 3], "texture": "#1_0"},
				"down": {"uv": [0, 0, 1, 3], "texture": "#1_0"}
			}
		}
	],
	"display": {
		"thirdperson_righthand": {
			"rotation": [75, 45, 0],
			"translation": [0, 2.5, 2.5],
			"scale": [0.5, 0.5, 0.5]
		},
		"thirdperson_lefthand": {
			"rotation": [75, 45, 0],
			"translation": [0, 2.5, 2.5],
			"scale": [0.5, 0.5, 0.5]
		},
		"firstperson_righthand": {
			"rotation": [0, 45, 0],
			"translation": [0, 3.25, 0],
			"scale": [0.5, 0.5, 0.5]
		},
		"firstperson_lefthand": {
			"rotation": [0, 45, 0],
			"translation": [0, 3.25, 0],
			"scale": [0.5, 0.5, 0.5]
		},
		"ground": {
			"translation": [0, 4.25, 0]
		},
		"gui": {
			"rotation": [30, -45, 0],
			"translation": [0, 3.5, 0]
		},
		"head": {
			"rotation": [0, 90, 0],
			"translation": [0, 18.5, 0],
			"scale": [1.5, 1.5, 1.5]
		},
		"fixed": {
			"rotation": [-90, 0, 0],
			"translation": [0, 0, -23],
			"scale": [3, 3, 3]
		}
	},
	"groups": [
		{
			"name": "Trowel",
			"origin": [8, 8, 8],
			"children": [
				{
					"name": "Blade",
					"origin": [8, 8, 8],
					"children": [0, 1, 2, 3, 4, 5, 6, 7]
				},
				{
					"name": "Handle",
					"origin": [8, 8, 8],
					"children": [8, 9, 10, 11, 12]
				}
			]
		},
		{
			"name": "Dirt",
			"origin": [8, 8, 8],
			"children": [13, 14, 15, 16, 17, 18, 19, 20, 21, 22, 23, 24, 25, 26, 27, 28, 29, 30, 31, 32, 33, 34, 35, 36, 37, 38, 39, 40]
		}
	]
}