{
	"credit": "Made with Blockbench",
	"textures": {
		"0": "block/trowel",
		"particle": "block/trowel"
	},
	"elements": [
		{
			"from": [7.61999, 0.1294, 4.2],
			"to": [8.61999, 0.4294, 6.2],
			"rotation": {"angle": -22.5, "axis": "y", "origin": [8.11999, 0.4294, 3.7]},
			"faces": {
				"north": {"uv": [0, 9, 2, 10], "rotation": 90, "texture": "#0"},
				"east": {"uv": [0, 9, 2, 10], "rotation": 180, "texture": "#0"},
				"south": {"uv": [0, 9, 2, 10], "rotation": 270, "texture": "#0"},
				"west": {"uv": [0, 9, 2, 10], "texture": "#0"},
				"up": {"uv": [0, 9, 2, 10], "rotation": 90, "texture": "#0"},
				"down": {"uv": [0, 9, 2, 10], "rotation": 270, "texture": "#0"}
			}
		},
		{
			"from": [7.4972, 0.1294, 5.04149],
			"to": [8.4972, 0.4294, 7.04149],
			"rotation": {"angle": 22.5, "axis": "y", "origin": [5.9972, 0.4294, 3.54149]},
			"faces": {
				"north": {"uv": [0, 9, 2, 10], "rotation": 90, "texture": "#0"},
				"east": {"uv": [0, 9, 2, 10], "rotation": 180, "texture": "#0"},
				"south": {"uv": [0, 9, 2, 10], "rotation": 270, "texture": "#0"},
				"west": {"uv": [0, 9, 2, 10], "texture": "#0"},
				"up": {"uv": [0, 9, 2, 10], "rotation": 90, "texture": "#0"},
				"down": {"uv": [0, 9, 2, 10], "rotation": 270, "texture": "#0"}
			}
		},
		{
			"from": [7.67381, 0.1294, 3.4706],
			"to": [8.67381, 0.4294, 4.4706],
			"rotation": {"angle": -45, "axis": "y", "origin": [8.17381, 0.4294, 3.9706]},
			"faces": {
				"north": {"uv": [0, 9, 2, 10], "rotation": 90, "texture": "#0"},
				"east": {"uv": [0, 9, 2, 10], "rotation": 180, "texture": "#0"},
				"south": {"uv": [0, 9, 2, 10], "rotation": 270, "texture": "#0"},
				"west": {"uv": [0, 9, 2, 10], "texture": "#0"},
				"up": {"uv": [0, 9, 2, 10], "rotation": 90, "texture": "#0"},
				"down": {"uv": [0, 9, 2, 10], "rotation": 270, "texture": "#0"}
			}
		},
		{
			"from": [6.70134, 0.1294, 5.81836],
			"to": [7.70134, 0.4294, 7.31836],
			"faces": {
				"north": {"uv": [0, 9, 2, 10], "rotation": 90, "texture": "#0"},
				"east": {"uv": [0, 9, 2, 10], "rotation": 180, "texture": "#0"},
				"south": {"uv": [0, 9, 2, 10], "rotation": 270, "texture": "#0"},
				"west": {"uv": [0, 9, 2, 10], "texture": "#0"},
				"up": {"uv": [0, 9, 2, 10], "rotation": 90, "texture": "#0"},
				"down": {"uv": [0, 9, 2, 10], "rotation": 270, "texture": "#0"}
			}
		},
		{
			"from": [8.64629, 0.1294, 5.81836],
			"to": [9.64629, 0.4294, 7.31836],
			"faces": {
				"north": {"uv": [0, 9, 2, 10], "rotation": 90, "texture": "#0"},
				"east": {"uv": [0, 9, 2, 10], "rotation": 180, "texture": "#0"},
				"south": {"uv": [0, 9, 2, 10], "rotation": 270, "texture": "#0"},
				"west": {"uv": [0, 9, 2, 10], "texture": "#0"},
				"up": {"uv": [0, 9, 2, 10], "rotation": 90, "texture": "#0"},
				"down": {"uv": [0, 9, 2, 10], "rotation": 270, "texture": "#0"}
			}
		},
		{
			"from": [5.84779, 0.1294, 7.2577],
			"to": [6.84779, 0.4294, 8.2577],
			"rotation": {"angle": 45, "axis": "y", "origin": [6.34779, 0.4294, 6.2577]},
			"faces": {
				"north": {"uv": [0, 9, 2, 10], "rotation": 90, "texture": "#0"},
				"east": {"uv": [0, 9, 2, 10], "rotation": 180, "texture": "#0"},
				"south": {"uv": [0, 9, 2, 10], "rotation": 270, "texture": "#0"},
				"west": {"uv": [0, 9, 2, 10], "texture": "#0"},
				"up": {"uv": [0, 9, 2, 10], "rotation": 90, "texture": "#0"},
				"down": {"uv": [0, 9, 2, 10], "rotation": 270, "texture": "#0"}
			}
		},
		{
			"from": [7.37852, 0.1294, 7.2577],
			"to": [8.37852, 0.4294, 8.2577],
			"rotation": {"angle": 45, "axis": "y", "origin": [7.87852, 0.4294, 6.2577]},
			"faces": {
				"north": {"uv": [0, 9, 2, 10], "rotation": 90, "texture": "#0"},
				"east": {"uv": [0, 9, 2, 10], "rotation": 180, "texture": "#0"},
				"south": {"uv": [0, 9, 2, 10], "rotation": 270, "texture": "#0"},
				"west": {"uv": [0, 9, 2, 10], "texture": "#0"},
				"up": {"uv": [0, 9, 2, 10], "rotation": 90, "texture": "#0"},
				"down": {"uv": [0, 9, 2, 10], "rotation": 270, "texture": "#0"}
			}
		},
		{
			"from": [7.43918, 0.1294, 4.92546],
			"to": [8.93918, 0.4294, 8.02546],
			"faces": {
				"north": {"uv": [0, 9, 2, 10], "rotation": 90, "texture": "#0"},
				"east": {"uv": [0, 9, 2, 10], "rotation": 180, "texture": "#0"},
				"south": {"uv": [0, 9, 2, 10], "rotation": 270, "texture": "#0"},
				"west": {"uv": [0, 9, 2, 10], "texture": "#0"},
				"up": {"uv": [0, 9, 2, 10], "rotation": 90, "texture": "#0"},
				"down": {"uv": [0, 9, 2, 10], "rotation": 270, "texture": "#0"}
			}
		},
		{
			"from": [8.03918, 0.2794, 5.82546],
			"to": [8.33918, 0.5794, 7.42546],
			"faces": {
				"north": {"uv": [0, 8.5, 1.6, 8.798], "rotation": 90, "texture": "#0"},
				"east": {"uv": [0, 8.5, 1.6, 8.798], "rotation": 180, "texture": "#0"},
				"south": {"uv": [0, 8.5, 1.6, 8.798], "rotation": 270, "texture": "#0"},
				"west": {"uv": [0, 8.5, 1.6, 8.798], "texture": "#0"},
				"up": {"uv": [0, 8.5, 1.6, 8.798], "rotation": 90, "texture": "#0"},
				"down": {"uv": [0, 8.5, 1.6, 8.798], "rotation": 270, "texture": "#0"}
			}
		},
		{
			"from": [7.93918, 0.1794, 7.42546],
			"to": [8.43918, 0.6794, 9.02546],
			"faces": {
				"north": {"uv": [0, 8.5, 1.6, 8.798], "rotation": 90, "texture": "#0"},
				"east": {"uv": [0, 8.5, 1.6, 8.798], "rotation": 180, "texture": "#0"},
				"south": {"uv": [0, 8.5, 1.6, 8.798], "rotation": 270, "texture": "#0"},
				"west": {"uv": [0, 8.5, 1.6, 8.798], "texture": "#0"},
				"up": {"uv": [0, 8.5, 1.6, 8.798], "rotation": 90, "texture": "#0"},
				"down": {"uv": [0, 8.5, 1.6, 8.798], "rotation": 270, "texture": "#0"}
			}
		},
		{
			"from": [7.83918, 0.0794, 8.67546],
			"to": [8.53918, 0.7794, 10.02546],
			"faces": {
				"north": {"uv": [8.5, 0.5, 9.85, 1.2], "rotation": 90, "texture": "#0"},
				"east": {"uv": [8.5, 0.5, 9.85, 1.2], "rotation": 180, "texture": "#0"},
				"south": {"uv": [8.5, 0.5, 9.85, 1.2], "rotation": 270, "texture": "#0"},
				"west": {"uv": [8.5, 0.5, 9.85, 1.2], "texture": "#0"},
				"up": {"uv": [8.5, 0.5, 9.85, 1.2], "rotation": 90, "texture": "#0"},
				"down": {"uv": [8.5, 0.5, 9.85, 1.2], "rotation": 270, "texture": "#0"}
			}
		},
		{
			"from": [7.73918, -0.0206, 9.72546],
			"to": [8.63918, 0.8794, 13.02546],
			"faces": {
				"north": {"uv": [0, 0, 0.9, 0.9], "rotation": 90, "texture": "#0"},
				"east": {"uv": [0, 0, 3.3, 0.9], "rotation": 180, "texture": "#0"},
				"south": {"uv": [0, 0, 0.9, 0.9], "rotation": 90, "texture": "#0"},
				"west": {"uv": [0, 0, 3.3, 0.9], "texture": "#0"},
				"up": {"uv": [0, 0, 3.3, 0.9], "rotation": 90, "texture": "#0"},
				"down": {"uv": [0, 0, 3.3, 0.9], "rotation": 90, "texture": "#0"}
			}
		},
		{
			"from": [7.83918, 0.0794, 12.87546],
			"to": [8.53918, 0.7794, 13.32546],
			"faces": {
				"north": {"uv": [0, 0, 0.7, 0.7], "rotation": 90, "texture": "#0"},
				"east": {"uv": [0, 0, 0.45, 0.7], "rotation": 180, "texture": "#0"},
				"south": {"uv": [0, 0, 0.7, 0.7], "rotation": 90, "texture": "#0"},
				"west": {"uv": [0, 0, 0.45, 0.7], "texture": "#0"},
				"up": {"uv": [0, 0, 0.45, 0.7], "rotation": 90, "texture": "#0"},
				"down": {"uv": [0, 0, 0.45, 0.7], "rotation": 90, "texture": "#0"}
			}
		}
	],
	"display": {
		"thirdperson_righthand": {
			"translation": [0, 8, -1.75]
		},
		"thirdperson_lefthand": {
			"translation": [0, 8, -1.75]
		},
		"firstperson_righthand": {
			"rotation": [18, 2, 18],
			"translation": [0, 7.75, 0]
		},
		"firstperson_lefthand": {
			"rotation": [18, 2, 18],
			"translation": [0, 7.75, 0]
		},
		"ground": {
			"translation": [0, 8.5, 0],
			"scale": [1.5, 1.5, 1.5]
		},
		"gui": {
			"rotation": [30, 225, 0],
			"translation": [0.5, 13.25, 0],
			"scale": [2, 2, 2]
		},
		"head": {
			"rotation": [90, 0, 180],
			"translation": [0.25, 14.75, -8],
			"scale": [2, 2, 2]
		},
		"fixed": {
			"rotation": [-90, 0, 0],
			"translation": [0, -0.75, -23.5],
			"scale": [3, 3, 3]
		}
	},
	"groups": [
		{
			"name": "Trowel",
			"children": [
				{
					"name": "Blade",
					"children": [0, 1, 2, 3, 4, 5, 6, 7]
				},
				{
					"name": "Handle",
					"children": [8, 9, 10, 11, 12]
				}
			]
		}
	]
}