{
	"credit": "Made with Blockbench",
	"textures": {
		"0": "block/MizunoArchive/red_concrete",
		"1": "block/MizunoArchive/light_gray_concrete",
		"2": "block/MizunoArchive/black_concrete_powder",
		"particle": "block/MizunoArchive/red_concrete"
	},
	"elements": [
		{
			"from": [7.25, 3.93869, 1.53161],
			"to": [8.75, 5.43869, 2.53161],
			"rotation": {"angle": 22.5, "axis": "x", "origin": [7.75, 4.73869, 0.83161]},
			"faces": {
				"north": {"uv": [1, 1, 2, 2.5], "texture": "#2"},
				"east": {"uv": [1, 1, 2, 2.5], "texture": "#2"},
				"south": {"uv": [1, 1, 2, 2.5], "texture": "#2"},
				"west": {"uv": [1, 1, 2, 2.5], "texture": "#2"},
				"up": {"uv": [1, 1, 2, 2.5], "texture": "#2"},
				"down": {"uv": [1, 1, 2, 2.5], "texture": "#2"}
			}
		},
		{
			"from": [7.25, 0.09788, 0.6462],
			"to": [8.75, 1.59788, 1.7462],
			"faces": {
				"north": {"uv": [0, 0, 1.1, 1.5], "texture": "#2"},
				"east": {"uv": [0, 0, 1.1, 1.5], "texture": "#2"},
				"south": {"uv": [0, 0, 1.1, 1.5], "texture": "#2"},
				"west": {"uv": [0, 0, 1.1, 1.5], "texture": "#2"},
				"up": {"uv": [0, 0, 1.1, 1.5], "texture": "#2"},
				"down": {"uv": [0, 0, 1.1, 1.5], "texture": "#2"}
			}
		},
		{
			"from": [7.25, -0.22328, -0.13921],
			"to": [8.75, 1.27672, 0.86079],
			"rotation": {"angle": 22.5, "axis": "x", "origin": [7.75, 0.47672, 1.56079]},
			"faces": {
				"north": {"uv": [0, 0, 1, 1.5], "texture": "#2"},
				"east": {"uv": [0, 0, 1, 1.5], "texture": "#2"},
				"south": {"uv": [0, 0, 1, 1.5], "texture": "#2"},
				"west": {"uv": [0, 0, 1, 1.5], "texture": "#2"},
				"up": {"uv": [0, 0, 1, 1.5], "texture": "#2"},
				"down": {"uv": [0, 0, 1, 1.5], "texture": "#2"}
			}
		},
		{
			"from": [7.25, -0.82328, -0.73921],
			"to": [8.75, 0.67672, 0.26079],
			"rotation": {"angle": 45, "axis": "x", "origin": [7.75, 0.47672, 1.56079]},
			"faces": {
				"north": {"uv": [0, 0, 1, 1.5], "texture": "#2"},
				"east": {"uv": [0, 0, 1, 1.5], "texture": "#2"},
				"south": {"uv": [0, 0, 1, 1.5], "texture": "#2"},
				"west": {"uv": [0, 0, 1, 1.5], "texture": "#2"},
				"up": {"uv": [0, 0, 1, 1.5], "texture": "#2"},
				"down": {"uv": [0, 0, 1, 1.5], "texture": "#2"}
			}
		},
		{
			"from": [7.25, 2.13949, -0.18032],
			"to": [8.75, 3.13949, 1.31968],
			"rotation": {"angle": -22.5, "axis": "x", "origin": [7.75, -0.36051, 1.81968]},
			"faces": {
				"north": {"uv": [0, 0, 1, 1.5], "rotation": 90, "texture": "#2"},
				"east": {"uv": [0, 0, 1, 1.5], "rotation": 90, "texture": "#2"},
				"south": {"uv": [0, 0, 1, 1.5], "rotation": 90, "texture": "#2"},
				"west": {"uv": [0, 0, 1, 1.5], "rotation": 90, "texture": "#2"},
				"up": {"uv": [0, 0, 1, 1.5], "rotation": 90, "texture": "#2"},
				"down": {"uv": [0, 0, 1, 1.5], "rotation": 90, "texture": "#2"}
			}
		},
		{
			"from": [7.25, 2.10771, -1.36747],
			"to": [8.75, 3.10771, 0.13253],
			"faces": {
				"north": {"uv": [0, 0, 1.5, 1], "texture": "#2"},
				"east": {"uv": [0, 0, 1.5, 1], "texture": "#2"},
				"south": {"uv": [0, 0, 1.5, 1], "texture": "#2"},
				"west": {"uv": [0, 0, 1.5, 1], "texture": "#2"},
				"up": {"uv": [0, 0, 1.5, 1], "texture": "#2"},
				"down": {"uv": [0, 0, 1.5, 1], "texture": "#2"}
			}
		},
		{
			"from": [7.25, 4.53869, -0.73921],
			"to": [8.75, 6.03869, 0.26079],
			"rotation": {"angle": -45, "axis": "x", "origin": [7.75, 4.73869, 1.56079]},
			"faces": {
				"north": {"uv": [0, 1, 1, 2.5], "texture": "#2"},
				"east": {"uv": [0, 1, 1, 2.5], "texture": "#2"},
				"south": {"uv": [0, 1, 1, 2.5], "texture": "#2"},
				"west": {"uv": [0, 1, 1, 2.5], "texture": "#2"},
				"up": {"uv": [0, 1, 1, 2.5], "texture": "#2"},
				"down": {"uv": [0, 1, 1, 2.5], "texture": "#2"}
			}
		},
		{
			"from": [7.25, 2.07592, -0.18032],
			"to": [8.75, 3.07592, 1.31968],
			"rotation": {"angle": 22.5, "axis": "x", "origin": [7.75, 5.57592, 1.81968]},
			"faces": {
				"north": {"uv": [1, 0, 2, 1.5], "rotation": 90, "texture": "#2"},
				"east": {"uv": [1, 0, 2, 1.5], "rotation": 90, "texture": "#2"},
				"south": {"uv": [1, 0, 2, 1.5], "rotation": 90, "texture": "#2"},
				"west": {"uv": [1, 0, 2, 1.5], "rotation": 90, "texture": "#2"},
				"up": {"uv": [1, 0, 2, 1.5], "rotation": 90, "texture": "#2"},
				"down": {"uv": [1, 0, 2, 1.5], "rotation": 90, "texture": "#2"}
			}
		},
		{
			"from": [7.25, 3.93869, -0.13921],
			"to": [8.75, 5.43869, 0.86079],
			"rotation": {"angle": -22.5, "axis": "x", "origin": [7.75, 4.73869, 1.56079]},
			"faces": {
				"north": {"uv": [0, 1, 1, 2.5], "texture": "#2"},
				"east": {"uv": [0, 1, 1, 2.5], "texture": "#2"},
				"south": {"uv": [0, 1, 1, 2.5], "texture": "#2"},
				"west": {"uv": [0, 1, 1, 2.5], "texture": "#2"},
				"up": {"uv": [0, 1, 1, 2.5], "texture": "#2"},
				"down": {"uv": [0, 1, 1, 2.5], "texture": "#2"}
			}
		},
		{
			"from": [7.25, 3.61753, 0.6462],
			"to": [8.75, 5.11753, 1.7462],
			"faces": {
				"north": {"uv": [0, 1, 1.1, 2.5], "texture": "#2"},
				"east": {"uv": [0, 1, 1.1, 2.5], "texture": "#2"},
				"south": {"uv": [0, 1, 1.1, 2.5], "texture": "#2"},
				"west": {"uv": [0, 1, 1.1, 2.5], "texture": "#2"},
				"up": {"uv": [0, 1, 1.1, 2.5], "texture": "#2"},
				"down": {"uv": [0, 1, 1.1, 2.5], "texture": "#2"}
			}
		},
		{
			"from": [7.25, -0.22328, 1.53161],
			"to": [8.75, 1.27672, 2.53161],
			"rotation": {"angle": -22.5, "axis": "x", "origin": [7.75, 0.47672, 0.83161]},
			"faces": {
				"north": {"uv": [1, 0, 2, 1.5], "texture": "#2"},
				"east": {"uv": [1, 0, 2, 1.5], "texture": "#2"},
				"south": {"uv": [1, 0, 2, 1.5], "texture": "#2"},
				"west": {"uv": [1, 0, 2, 1.5], "texture": "#2"},
				"up": {"uv": [1, 0, 2, 1.5], "texture": "#2"},
				"down": {"uv": [1, 0, 2, 1.5], "texture": "#2"}
			}
		},
		{
			"from": [7.25, -0.82328, 2.13161],
			"to": [8.75, 0.67672, 3.13161],
			"rotation": {"angle": -45, "axis": "x", "origin": [7.75, 0.47672, 0.83161]},
			"faces": {
				"north": {"uv": [1, 0, 2, 1.5], "texture": "#2"},
				"east": {"uv": [1, 0, 2, 1.5], "texture": "#2"},
				"south": {"uv": [1, 0, 2, 1.5], "texture": "#2"},
				"west": {"uv": [1, 0, 2, 1.5], "texture": "#2"},
				"up": {"uv": [1, 0, 2, 1.5], "texture": "#2"},
				"down": {"uv": [1, 0, 2, 1.5], "texture": "#2"}
			}
		},
		{
			"from": [7.25, 2.13949, 1.07272],
			"to": [8.75, 3.13949, 2.57272],
			"rotation": {"angle": 22.5, "axis": "x", "origin": [7.75, -0.36051, 0.57272]},
			"faces": {
				"north": {"uv": [0, 1, 1, 2.5], "rotation": 90, "texture": "#2"},
				"east": {"uv": [0, 1, 1, 2.5], "rotation": 90, "texture": "#2"},
				"south": {"uv": [0, 1, 1, 2.5], "rotation": 90, "texture": "#2"},
				"west": {"uv": [0, 1, 1, 2.5], "rotation": 90, "texture": "#2"},
				"up": {"uv": [0, 1, 1, 2.5], "rotation": 90, "texture": "#2"},
				"down": {"uv": [0, 1, 1, 2.5], "rotation": 90, "texture": "#2"}
			}
		},
		{
			"from": [7.25, 2.10771, 2.25987],
			"to": [8.75, 3.10771, 3.75987],
			"faces": {
				"north": {"uv": [1.1, 0, 2.6, 1], "texture": "#2"},
				"east": {"uv": [1.1, 0, 2.6, 1], "texture": "#2"},
				"south": {"uv": [1.1, 0, 2.6, 1], "texture": "#2"},
				"west": {"uv": [1.1, 0, 2.6, 1], "texture": "#2"},
				"up": {"uv": [1.1, 0, 2.6, 1], "texture": "#2"},
				"down": {"uv": [1.1, 0, 2.6, 1], "texture": "#2"}
			}
		},
		{
			"from": [7.25, 4.53869, 2.13161],
			"to": [8.75, 6.03869, 3.13161],
			"rotation": {"angle": 45, "axis": "x", "origin": [7.75, 4.73869, 0.83161]},
			"faces": {
				"north": {"uv": [1, 1, 2, 2.5], "texture": "#2"},
				"east": {"uv": [1, 1, 2, 2.5], "texture": "#2"},
				"south": {"uv": [1, 1, 2, 2.5], "texture": "#2"},
				"west": {"uv": [1, 1, 2, 2.5], "texture": "#2"},
				"up": {"uv": [1, 1, 2, 2.5], "texture": "#2"},
				"down": {"uv": [1, 1, 2, 2.5], "texture": "#2"}
			}
		},
		{
			"from": [7.25, 2.07592, 1.07272],
			"to": [8.75, 3.07592, 2.57272],
			"rotation": {"angle": -22.5, "axis": "x", "origin": [7.75, 5.57592, 0.57272]},
			"faces": {
				"north": {"uv": [1, 1, 2, 2.5], "rotation": 90, "texture": "#2"},
				"east": {"uv": [1, 1, 2, 2.5], "rotation": 90, "texture": "#2"},
				"south": {"uv": [1, 1, 2, 2.5], "rotation": 90, "texture": "#2"},
				"west": {"uv": [1, 1, 2, 2.5], "rotation": 90, "texture": "#2"},
				"up": {"uv": [1, 1, 2, 2.5], "rotation": 90, "texture": "#2"},
				"down": {"uv": [1, 1, 2, 2.5], "rotation": 90, "texture": "#2"}
			}
		},
		{
			"name": "hubcap",
			"from": [7.65, 0.97672, -0.23921],
			"to": [8.35, 3.97672, 2.76079],
			"faces": {
				"north": {"uv": [0, 0, 3, 3], "texture": "#1"},
				"east": {"uv": [0, 0, 3, 3], "texture": "#1"},
				"south": {"uv": [0, 0, 3, 3], "texture": "#1"},
				"west": {"uv": [0, 0, 3, 3], "texture": "#1"},
				"up": {"uv": [0, 0, 3, 3], "texture": "#1"},
				"down": {"uv": [0, 0, 3, 3], "texture": "#1"}
			}
		},
		{
			"name": "Axle",
			"from": [6.7, 2.2, 0.8],
			"to": [9.3, 3, 1.6],
			"faces": {
				"north": {"uv": [0, 0, 2.6, 0.8], "texture": "#1"},
				"east": {"uv": [0, 0, 2.6, 0.8], "texture": "#1"},
				"south": {"uv": [0, 0, 2.6, 0.8], "texture": "#1"},
				"west": {"uv": [0, 0, 2.6, 0.8], "texture": "#1"},
				"up": {"uv": [0, 0, 2.6, 0.8], "texture": "#1"},
				"down": {"uv": [0, 0, 2.6, 0.8], "texture": "#1"}
			}
		},
		{
			"from": [11.8, 2.2, 9.9],
			"to": [12.6, 3, 16.7],
			"rotation": {"angle": -22.5, "axis": "x", "origin": [9.5, 2.5, 1.2]},
			"faces": {
				"north": {"uv": [0.8, 0, 1.6, 0.8], "rotation": 180, "texture": "#1"},
				"east": {"uv": [0.8, 0, 1.6, 0.8], "rotation": 180, "texture": "#1"},
				"south": {"uv": [0.8, 0, 1.6, 0.8], "rotation": 180, "texture": "#1"},
				"west": {"uv": [0.8, 0, 1.6, 0.8], "rotation": 180, "texture": "#1"},
				"up": {"uv": [0.8, 0, 1.6, 0.8], "rotation": 180, "texture": "#1"},
				"down": {"uv": [0.8, 0, 1.6, 0.8], "rotation": 180, "texture": "#1"}
			}
		},
		{
			"from": [5.9, 2.2, 0.9],
			"to": [6.7, 3, 2.6],
			"rotation": {"angle": -22.5, "axis": "x", "origin": [6.5, 2.5, 1.2]},
			"faces": {
				"north": {"uv": [0, 0, 0.8, 0.8], "rotation": 180, "texture": "#1"},
				"east": {"uv": [0, 0, 0.8, 0.8], "rotation": 180, "texture": "#1"},
				"south": {"uv": [0, 0, 0.8, 0.8], "rotation": 180, "texture": "#1"},
				"west": {"uv": [0, 0, 0.8, 0.8], "rotation": 180, "texture": "#1"},
				"up": {"uv": [0, 0, 0.8, 0.8], "rotation": 180, "texture": "#1"},
				"down": {"uv": [0, 0, 0.8, 0.8], "rotation": 180, "texture": "#1"}
			}
		},
		{
			"from": [4.7, 2.2, 3.9],
			"to": [5.5, 3, 5.9],
			"rotation": {"angle": -22.5, "axis": "x", "origin": [6.5, 2.5, 1.2]},
			"faces": {
				"north": {"uv": [0, 0, 0.8, 0.8], "rotation": 180, "texture": "#1"},
				"east": {"uv": [0, 0, 0.8, 0.8], "rotation": 180, "texture": "#1"},
				"south": {"uv": [0, 0, 0.8, 0.8], "rotation": 180, "texture": "#1"},
				"west": {"uv": [0, 0, 0.8, 0.8], "rotation": 180, "texture": "#1"},
				"up": {"uv": [0, 0, 0.8, 0.8], "rotation": 180, "texture": "#1"},
				"down": {"uv": [0, 0, 0.8, 0.8], "rotation": 180, "texture": "#1"}
			}
		},
		{
			"from": [3.4, 2.2, 9.9],
			"to": [4.2, 3, 16.7],
			"rotation": {"angle": -22.5, "axis": "x", "origin": [6.5, 2.5, 1.2]},
			"faces": {
				"north": {"uv": [0, 0, 0.8, 0.8], "rotation": 180, "texture": "#1"},
				"east": {"uv": [0, 0, 0.8, 0.8], "rotation": 180, "texture": "#1"},
				"south": {"uv": [0, 0, 0.8, 0.8], "rotation": 180, "texture": "#1"},
				"west": {"uv": [0, 0, 0.8, 0.8], "rotation": 180, "texture": "#1"},
				"up": {"uv": [0, 0, 0.8, 0.8], "rotation": 180, "texture": "#1"},
				"down": {"uv": [0, 0, 0.8, 0.8], "rotation": 180, "texture": "#1"}
			}
		},
		{
			"from": [9.3, 2.2, 0.9],
			"to": [10.1, 3, 2.6],
			"rotation": {"angle": -22.5, "axis": "x", "origin": [9.5, 2.5, 1.2]},
			"faces": {
				"north": {"uv": [0.8, 0, 1.6, 0.8], "rotation": 180, "texture": "#1"},
				"east": {"uv": [0.8, 0, 1.6, 0.8], "rotation": 180, "texture": "#1"},
				"south": {"uv": [0.8, 0, 1.6, 0.8], "rotation": 180, "texture": "#1"},
				"west": {"uv": [0.8, 0, 1.6, 0.8], "rotation": 180, "texture": "#1"},
				"up": {"uv": [0.8, 0, 1.6, 0.8], "rotation": 180, "texture": "#1"},
				"down": {"uv": [0.8, 0, 1.6, 0.8], "rotation": 180, "texture": "#1"}
			}
		},
		{
			"from": [10.5, 2.2, 3.9],
			"to": [11.3, 3, 5.9],
			"rotation": {"angle": -22.5, "axis": "x", "origin": [9.5, 2.5, 1.2]},
			"faces": {
				"north": {"uv": [0.8, 0, 1.6, 0.8], "rotation": 180, "texture": "#1"},
				"east": {"uv": [0.8, 0, 1.6, 0.8], "rotation": 180, "texture": "#1"},
				"south": {"uv": [0.8, 0, 1.6, 0.8], "rotation": 180, "texture": "#1"},
				"west": {"uv": [0.8, 0, 1.6, 0.8], "rotation": 180, "texture": "#1"},
				"up": {"uv": [0.8, 0, 1.6, 0.8], "rotation": 180, "texture": "#1"},
				"down": {"uv": [0.8, 0, 1.6, 0.8], "rotation": 180, "texture": "#1"}
			}
		},
		{
			"from": [3.8, 2.2, 7.9],
			"to": [4.6, 3, 9.9],
			"rotation": {"angle": -22.5, "axis": "x", "origin": [6.5, 2.5, 1.2]},
			"faces": {
				"north": {"uv": [0, 0, 0.8, 0.8], "rotation": 180, "texture": "#1"},
				"east": {"uv": [0, 0, 0.8, 0.8], "rotation": 180, "texture": "#1"},
				"south": {"uv": [0, 0, 0.8, 0.8], "rotation": 180, "texture": "#1"},
				"west": {"uv": [0, 0, 0.8, 0.8], "rotation": 180, "texture": "#1"},
				"up": {"uv": [0, 0, 0.8, 0.8], "rotation": 180, "texture": "#1"},
				"down": {"uv": [0, 0, 0.8, 0.8], "rotation": 180, "texture": "#1"}
			}
		},
		{
			"from": [11.4, 2.2, 7.9],
			"to": [12.2, 3, 9.9],
			"rotation": {"angle": -22.5, "axis": "x", "origin": [9.5, 2.5, 1.2]},
			"faces": {
				"north": {"uv": [0.8, 0, 1.6, 0.8], "rotation": 180, "texture": "#1"},
				"east": {"uv": [0.8, 0, 1.6, 0.8], "rotation": 180, "texture": "#1"},
				"south": {"uv": [0.8, 0, 1.6, 0.8], "rotation": 180, "texture": "#1"},
				"west": {"uv": [0.8, 0, 1.6, 0.8], "rotation": 180, "texture": "#1"},
				"up": {"uv": [0.8, 0, 1.6, 0.8], "rotation": 180, "texture": "#1"},
				"down": {"uv": [0.8, 0, 1.6, 0.8], "rotation": 180, "texture": "#1"}
			}
		},
		{
			"from": [3.5, 2.3, 16.7],
			"to": [4.1, 2.9, 19.5],
			"rotation": {"angle": -22.5, "axis": "x", "origin": [6.5, 2.5, 1.2]},
			"faces": {
				"north": {"uv": [0, 0, 0.6, 0.6], "rotation": 180, "texture": "#2"},
				"east": {"uv": [0, 0, 0.6, 0.6], "rotation": 180, "texture": "#2"},
				"south": {"uv": [0, 0, 0.6, 0.6], "rotation": 180, "texture": "#2"},
				"west": {"uv": [0, 0, 0.6, 0.6], "rotation": 180, "texture": "#2"},
				"up": {"uv": [0, 0, 0.6, 0.6], "rotation": 180, "texture": "#2"},
				"down": {"uv": [0, 0, 0.6, 0.6], "rotation": 180, "texture": "#2"}
			}
		},
		{
			"from": [11.9, 2.3, 16.7],
			"to": [12.5, 2.9, 19.5],
			"rotation": {"angle": -22.5, "axis": "x", "origin": [9.5, 2.5, 1.2]},
			"faces": {
				"north": {"uv": [0.8, 0, 1.4, 0.6], "rotation": 180, "texture": "#2"},
				"east": {"uv": [0.8, 0, 1.4, 0.6], "rotation": 180, "texture": "#2"},
				"south": {"uv": [0.8, 0, 1.4, 0.6], "rotation": 180, "texture": "#2"},
				"west": {"uv": [0.8, 0, 1.4, 0.6], "rotation": 180, "texture": "#2"},
				"up": {"uv": [0.8, 0, 1.4, 0.6], "rotation": 180, "texture": "#2"},
				"down": {"uv": [0.8, 0, 1.4, 0.6], "rotation": 180, "texture": "#2"}
			}
		},
		{
			"from": [11, 2.2, 5.9],
			"to": [11.8, 3, 7.9],
			"rotation": {"angle": -22.5, "axis": "x", "origin": [9.5, 2.5, 1.2]},
			"faces": {
				"north": {"uv": [0.8, 0, 1.6, 0.8], "rotation": 180, "texture": "#1"},
				"east": {"uv": [0.8, 0, 1.6, 0.8], "rotation": 180, "texture": "#1"},
				"south": {"uv": [0.8, 0, 1.6, 0.8], "rotation": 180, "texture": "#1"},
				"west": {"uv": [0.8, 0, 1.6, 0.8], "rotation": 180, "texture": "#1"},
				"up": {"uv": [0.8, 0, 1.6, 0.8], "rotation": 180, "texture": "#1"},
				"down": {"uv": [0.8, 0, 1.6, 0.8], "rotation": 180, "texture": "#1"}
			}
		},
		{
			"from": [4.2, 2.2, 5.9],
			"to": [5, 3, 7.9],
			"rotation": {"angle": -22.5, "axis": "x", "origin": [6.5, 2.5, 1.2]},
			"faces": {
				"north": {"uv": [0, 0, 0.8, 0.8], "rotation": 180, "texture": "#1"},
				"east": {"uv": [0, 0, 0.8, 0.8], "rotation": 180, "texture": "#1"},
				"south": {"uv": [0, 0, 0.8, 0.8], "rotation": 180, "texture": "#1"},
				"west": {"uv": [0, 0, 0.8, 0.8], "rotation": 180, "texture": "#1"},
				"up": {"uv": [0, 0, 0.8, 0.8], "rotation": 180, "texture": "#1"},
				"down": {"uv": [0, 0, 0.8, 0.8], "rotation": 180, "texture": "#1"}
			}
		},
		{
			"from": [10.1, 2.2, 1.9],
			"to": [10.9, 3, 3.9],
			"rotation": {"angle": -22.5, "axis": "x", "origin": [9.5, 2.5, 1.2]},
			"faces": {
				"north": {"uv": [0.8, 0, 1.6, 0.8], "rotation": 180, "texture": "#1"},
				"east": {"uv": [0.8, 0, 1.6, 0.8], "rotation": 180, "texture": "#1"},
				"south": {"uv": [0.8, 0, 1.6, 0.8], "rotation": 180, "texture": "#1"},
				"west": {"uv": [0.8, 0, 1.6, 0.8], "rotation": 180, "texture": "#1"},
				"up": {"uv": [0.8, 0, 1.6, 0.8], "rotation": 180, "texture": "#1"},
				"down": {"uv": [0.8, 0, 1.6, 0.8], "rotation": 180, "texture": "#1"}
			}
		},
		{
			"from": [5.1, 2.2, 1.9],
			"to": [5.9, 3, 3.9],
			"rotation": {"angle": -22.5, "axis": "x", "origin": [6.5, 2.5, 1.2]},
			"faces": {
				"north": {"uv": [0, 0, 0.8, 0.8], "rotation": 180, "texture": "#1"},
				"east": {"uv": [0, 0, 0.8, 0.8], "rotation": 180, "texture": "#1"},
				"south": {"uv": [0, 0, 0.8, 0.8], "rotation": 180, "texture": "#1"},
				"west": {"uv": [0, 0, 0.8, 0.8], "rotation": 180, "texture": "#1"},
				"up": {"uv": [0, 0, 0.8, 0.8], "rotation": 180, "texture": "#1"},
				"down": {"uv": [0, 0, 0.8, 0.8], "rotation": 180, "texture": "#1"}
			}
		},
		{
			"from": [5.7, 1.2738, 12.38204],
			"to": [6.3, 5.2738, 12.98204],
			"faces": {
				"north": {"uv": [0, 0, 0.6, 3.8], "rotation": 180, "texture": "#1"},
				"east": {"uv": [0, 0, 0.6, 3.8], "rotation": 180, "texture": "#1"},
				"south": {"uv": [0, 0, 0.6, 3.8], "rotation": 180, "texture": "#1"},
				"west": {"uv": [0, 0, 0.6, 3.8], "rotation": 180, "texture": "#1"},
				"up": {"uv": [0, 0, 0.6, 3.8], "rotation": 180, "texture": "#1"},
				"down": {"uv": [0, 0, 0.6, 3.8], "rotation": 180, "texture": "#1"}
			}
		},
		{
			"from": [5.7, 4.92962, 13.58662],
			"to": [6.3, 5.52962, 14.18662],
			"rotation": {"angle": 22.5, "axis": "x", "origin": [6.7, 6.42962, 2.88662]},
			"faces": {
				"north": {"uv": [0, 0, 0.6, 0.6], "rotation": 180, "texture": "#1"},
				"east": {"uv": [0, 0, 0.6, 0.6], "rotation": 180, "texture": "#1"},
				"south": {"uv": [0, 0, 0.6, 0.6], "rotation": 180, "texture": "#1"},
				"west": {"uv": [0, 0, 0.6, 0.6], "rotation": 180, "texture": "#1"},
				"up": {"uv": [0, 0, 0.6, 0.6], "rotation": 180, "texture": "#1"},
				"down": {"uv": [0, 0, 0.6, 0.6], "rotation": 180, "texture": "#1"}
			}
		},
		{
			"from": [5.7, 7.84618, 16.09852],
			"to": [6.3, 8.44618, 16.69852],
			"rotation": {"angle": 45, "axis": "x", "origin": [6.7, 9.34618, 5.39852]},
			"faces": {
				"north": {"uv": [0, 0, 0.6, 0.6], "rotation": 180, "texture": "#1"},
				"east": {"uv": [0, 0, 0.6, 0.6], "rotation": 180, "texture": "#1"},
				"south": {"uv": [0, 0, 0.6, 0.6], "rotation": 180, "texture": "#1"},
				"west": {"uv": [0, 0, 0.6, 0.6], "rotation": 180, "texture": "#1"},
				"up": {"uv": [0, 0, 0.6, 0.6], "rotation": 180, "texture": "#1"},
				"down": {"uv": [0, 0, 0.6, 0.6], "rotation": 180, "texture": "#1"}
			}
		},
		{
			"from": [5.7, -0.3123, 7.07402],
			"to": [6.3, 0.2877, 7.87402],
			"rotation": {"angle": -22.5, "axis": "x", "origin": [6.7, 11.1877, 8.57402]},
			"faces": {
				"north": {"uv": [0, 0, 0.6, 0.8], "rotation": 270, "texture": "#1"},
				"east": {"uv": [0, 0, 0.6, 0.8], "rotation": 270, "texture": "#1"},
				"south": {"uv": [0, 0, 0.6, 0.8], "rotation": 270, "texture": "#1"},
				"west": {"uv": [0, 0, 0.6, 0.8], "rotation": 270, "texture": "#1"},
				"up": {"uv": [0, 0, 0.6, 0.8], "rotation": 270, "texture": "#1"},
				"down": {"uv": [0, 0, 0.6, 0.8], "rotation": 270, "texture": "#1"}
			}
		},
		{
			"from": [5.7, -0.01094, 10.98906],
			"to": [6.3, 0.58906, 11.58906],
			"faces": {
				"north": {"uv": [0, 0, 0.6, 0.6], "rotation": 270, "texture": "#1"},
				"east": {"uv": [0, 0, 0.6, 0.6], "rotation": 270, "texture": "#1"},
				"south": {"uv": [0, 0, 0.6, 0.6], "rotation": 270, "texture": "#1"},
				"west": {"uv": [0, 0, 0.6, 0.6], "rotation": 270, "texture": "#1"},
				"up": {"uv": [0, 0, 0.6, 0.6], "rotation": 270, "texture": "#1"},
				"down": {"uv": [0, 0, 0.6, 0.6], "rotation": 270, "texture": "#1"}
			}
		},
		{
			"from": [5.7, -1.23074, 14.72142],
			"to": [6.3, -0.63074, 15.32142],
			"rotation": {"angle": 22.5, "axis": "x", "origin": [6.7, 10.26926, 16.22142]},
			"faces": {
				"north": {"uv": [0, 0, 0.6, 0.6], "rotation": 270, "texture": "#1"},
				"east": {"uv": [0, 0, 0.6, 0.6], "rotation": 270, "texture": "#1"},
				"south": {"uv": [0, 0, 0.6, 0.6], "rotation": 270, "texture": "#1"},
				"west": {"uv": [0, 0, 0.6, 0.6], "rotation": 270, "texture": "#1"},
				"up": {"uv": [0, 0, 0.6, 0.6], "rotation": 270, "texture": "#1"},
				"down": {"uv": [0, 0, 0.6, 0.6], "rotation": 270, "texture": "#1"}
			}
		},
		{
			"from": [5.7, -3.78599, 17.70286],
			"to": [6.3, -3.18599, 18.30286],
			"rotation": {"angle": 45, "axis": "x", "origin": [6.7, 7.71401, 19.20286]},
			"faces": {
				"north": {"uv": [0, 0, 0.6, 0.6], "rotation": 270, "texture": "#1"},
				"east": {"uv": [0, 0, 0.6, 0.6], "rotation": 270, "texture": "#1"},
				"south": {"uv": [0, 0, 0.6, 0.6], "rotation": 270, "texture": "#1"},
				"west": {"uv": [0, 0, 0.6, 0.6], "rotation": 270, "texture": "#1"},
				"up": {"uv": [0, 0, 0.6, 0.6], "rotation": 270, "texture": "#1"},
				"down": {"uv": [0, 0, 0.6, 0.6], "rotation": 270, "texture": "#1"}
			}
		},
		{
			"from": [5.7, 5.11231, 9.4795],
			"to": [6.3, 10.11231, 10.0795],
			"rotation": {"angle": -22.5, "axis": "x", "origin": [6.7, 4.21231, 20.9795]},
			"faces": {
				"north": {"uv": [0, 0, 0.6, 4.6], "texture": "#1"},
				"east": {"uv": [0, 0, 0.6, 4.6], "texture": "#1"},
				"south": {"uv": [0, 0, 0.6, 4.6], "texture": "#1"},
				"west": {"uv": [0, 0, 0.6, 4.6], "texture": "#1"},
				"up": {"uv": [0, 0, 0.6, 4.6], "texture": "#1"},
				"down": {"uv": [0, 0, 0.6, 4.6], "texture": "#1"}
			}
		},
		{
			"from": [9.7, 1.2738, 12.38204],
			"to": [10.3, 5.2738, 12.98204],
			"faces": {
				"north": {"uv": [0, 0, 0.6, 3.8], "rotation": 180, "texture": "#1"},
				"east": {"uv": [0, 0, 0.6, 3.8], "rotation": 180, "texture": "#1"},
				"south": {"uv": [0, 0, 0.6, 3.8], "rotation": 180, "texture": "#1"},
				"west": {"uv": [0, 0, 0.6, 3.8], "rotation": 180, "texture": "#1"},
				"up": {"uv": [0, 0, 0.6, 3.8], "rotation": 180, "texture": "#1"},
				"down": {"uv": [0, 0, 0.6, 3.8], "rotation": 180, "texture": "#1"}
			}
		},
		{
			"from": [9.7, 4.92962, 13.58662],
			"to": [10.3, 5.52962, 14.18662],
			"rotation": {"angle": 22.5, "axis": "x", "origin": [10.7, 6.42962, 2.88662]},
			"faces": {
				"north": {"uv": [0, 0, 0.6, 0.6], "rotation": 180, "texture": "#1"},
				"east": {"uv": [0, 0, 0.6, 0.6], "rotation": 180, "texture": "#1"},
				"south": {"uv": [0, 0, 0.6, 0.6], "rotation": 180, "texture": "#1"},
				"west": {"uv": [0, 0, 0.6, 0.6], "rotation": 180, "texture": "#1"},
				"up": {"uv": [0, 0, 0.6, 0.6], "rotation": 180, "texture": "#1"},
				"down": {"uv": [0, 0, 0.6, 0.6], "rotation": 180, "texture": "#1"}
			}
		},
		{
			"from": [9.7, 7.84618, 16.09852],
			"to": [10.3, 8.44618, 16.69852],
			"rotation": {"angle": 45, "axis": "x", "origin": [10.7, 9.34618, 5.39852]},
			"faces": {
				"north": {"uv": [0, 0, 0.6, 0.6], "rotation": 180, "texture": "#1"},
				"east": {"uv": [0, 0, 0.6, 0.6], "rotation": 180, "texture": "#1"},
				"south": {"uv": [0, 0, 0.6, 0.6], "rotation": 180, "texture": "#1"},
				"west": {"uv": [0, 0, 0.6, 0.6], "rotation": 180, "texture": "#1"},
				"up": {"uv": [0, 0, 0.6, 0.6], "rotation": 180, "texture": "#1"},
				"down": {"uv": [0, 0, 0.6, 0.6], "rotation": 180, "texture": "#1"}
			}
		},
		{
			"from": [9.7, -0.3123, 7.07402],
			"to": [10.3, 0.2877, 7.87402],
			"rotation": {"angle": -22.5, "axis": "x", "origin": [10.7, 11.1877, 8.57402]},
			"faces": {
				"north": {"uv": [0, 0, 0.6, 0.8], "rotation": 270, "texture": "#1"},
				"east": {"uv": [0, 0, 0.6, 0.8], "rotation": 270, "texture": "#1"},
				"south": {"uv": [0, 0, 0.6, 0.8], "rotation": 270, "texture": "#1"},
				"west": {"uv": [0, 0, 0.6, 0.8], "rotation": 270, "texture": "#1"},
				"up": {"uv": [0, 0, 0.6, 0.8], "rotation": 270, "texture": "#1"},
				"down": {"uv": [0, 0, 0.6, 0.8], "rotation": 270, "texture": "#1"}
			}
		},
		{
			"from": [9.7, -0.01094, 10.98906],
			"to": [10.3, 0.58906, 11.58906],
			"faces": {
				"north": {"uv": [0, 0, 0.6, 0.6], "rotation": 270, "texture": "#1"},
				"east": {"uv": [0, 0, 0.6, 0.6], "rotation": 270, "texture": "#1"},
				"south": {"uv": [0, 0, 0.6, 0.6], "rotation": 270, "texture": "#1"},
				"west": {"uv": [0, 0, 0.6, 0.6], "rotation": 270, "texture": "#1"},
				"up": {"uv": [0, 0, 0.6, 0.6], "rotation": 270, "texture": "#1"},
				"down": {"uv": [0, 0, 0.6, 0.6], "rotation": 270, "texture": "#1"}
			}
		},
		{
			"from": [9.7, -1.23074, 14.72142],
			"to": [10.3, -0.63074, 15.32142],
			"rotation": {"angle": 22.5, "axis": "x", "origin": [10.7, 10.26926, 16.22142]},
			"faces": {
				"north": {"uv": [0, 0, 0.6, 0.6], "rotation": 270, "texture": "#1"},
				"east": {"uv": [0, 0, 0.6, 0.6], "rotation": 270, "texture": "#1"},
				"south": {"uv": [0, 0, 0.6, 0.6], "rotation": 270, "texture": "#1"},
				"west": {"uv": [0, 0, 0.6, 0.6], "rotation": 270, "texture": "#1"},
				"up": {"uv": [0, 0, 0.6, 0.6], "rotation": 270, "texture": "#1"},
				"down": {"uv": [0, 0, 0.6, 0.6], "rotation": 270, "texture": "#1"}
			}
		},
		{
			"from": [9.7, -3.78599, 17.70286],
			"to": [10.3, -3.18599, 18.30286],
			"rotation": {"angle": 45, "axis": "x", "origin": [10.7, 7.71401, 19.20286]},
			"faces": {
				"north": {"uv": [0, 0, 0.6, 0.6], "rotation": 270, "texture": "#1"},
				"east": {"uv": [0, 0, 0.6, 0.6], "rotation": 270, "texture": "#1"},
				"south": {"uv": [0, 0, 0.6, 0.6], "rotation": 270, "texture": "#1"},
				"west": {"uv": [0, 0, 0.6, 0.6], "rotation": 270, "texture": "#1"},
				"up": {"uv": [0, 0, 0.6, 0.6], "rotation": 270, "texture": "#1"},
				"down": {"uv": [0, 0, 0.6, 0.6], "rotation": 270, "texture": "#1"}
			}
		},
		{
			"from": [9.7, 5.11231, 9.4795],
			"to": [10.3, 10.11231, 10.0795],
			"rotation": {"angle": -22.5, "axis": "x", "origin": [10.7, 4.21231, 20.9795]},
			"faces": {
				"north": {"uv": [0, 0, 0.6, 4.6], "texture": "#1"},
				"east": {"uv": [0, 0, 0.6, 4.6], "texture": "#1"},
				"south": {"uv": [0, 0, 0.6, 4.6], "texture": "#1"},
				"west": {"uv": [0, 0, 0.6, 4.6], "texture": "#1"},
				"up": {"uv": [0, 0, 0.6, 4.6], "texture": "#1"},
				"down": {"uv": [0, 0, 0.6, 4.6], "texture": "#1"}
			}
		},
		{
			"from": [4.3, 5.90711, 12.90711],
			"to": [11.7, 8.20711, 13.70711],
			"faces": {
				"north": {"uv": [0, 0, 3, 0.8], "rotation": 270, "texture": "#0"},
				"east": {"uv": [0, 0, 3, 0.8], "rotation": 270, "texture": "#0"},
				"south": {"uv": [0, 0, 3, 0.8], "rotation": 270, "texture": "#0"},
				"west": {"uv": [0, 0, 3, 0.8], "rotation": 270, "texture": "#0"},
				"up": {"uv": [0, 0, 3, 0.8], "rotation": 270, "texture": "#0"},
				"down": {"uv": [0, 0, 3, 0.8], "rotation": 270, "texture": "#0"}
			}
		},
		{
			"from": [4.3, 5.2, 5],
			"to": [11.7, 6, 13],
			"faces": {
				"north": {"uv": [0, 0, 8, 0.8], "texture": "#0"},
				"east": {"uv": [0, 0, 8, 0.8], "texture": "#0"},
				"south": {"uv": [0, 0, 8, 0.8], "texture": "#0"},
				"west": {"uv": [0, 0, 8, 0.8], "texture": "#0"},
				"up": {"uv": [0, 0, 8, 0.8], "texture": "#0"},
				"down": {"uv": [0, 0, 8, 0.8], "texture": "#0"}
			}
		},
		{
			"from": [4.3, 6.4, 5.1],
			"to": [11.7, 9.4, 6.1],
			"rotation": {"angle": -45, "axis": "x", "origin": [8.7, 5.7, 6.5]},
			"faces": {
				"north": {"uv": [0, 0, 3, 1], "rotation": 270, "texture": "#0"},
				"east": {"uv": [0, 0, 3, 1], "rotation": 270, "texture": "#0"},
				"south": {"uv": [0, 0, 3, 1], "rotation": 270, "texture": "#0"},
				"west": {"uv": [0, 0, 3, 1], "rotation": 270, "texture": "#0"},
				"up": {"uv": [0, 0, 3, 1], "rotation": 270, "texture": "#0"},
				"down": {"uv": [0, 0, 3, 1], "rotation": 270, "texture": "#0"}
			}
		},
		{
			"from": [4.3, 6.2, 4],
			"to": [5.1, 7.2, 13],
			"faces": {
				"north": {"uv": [0, 0, 9, 1], "texture": "#0"},
				"east": {"uv": [0, 0, 9, 1], "texture": "#0"},
				"south": {"uv": [0, 0, 9, 1], "texture": "#0"},
				"west": {"uv": [0, 0, 9, 1], "texture": "#0"},
				"up": {"uv": [0, 0, 9, 1], "texture": "#0"},
				"down": {"uv": [0, 0, 9, 1], "texture": "#0"}
			}
		},
		{
			"from": [4.3, 7.2, 3],
			"to": [5.1, 8.2, 13],
			"faces": {
				"north": {"uv": [0, 0, 10, 1], "texture": "#0"},
				"east": {"uv": [0, 0, 10, 1], "texture": "#0"},
				"south": {"uv": [0, 0, 10, 1], "texture": "#0"},
				"west": {"uv": [0, 0, 10, 1], "texture": "#0"},
				"up": {"uv": [0, 0, 10, 1], "texture": "#0"},
				"down": {"uv": [0, 0, 10, 1], "texture": "#0"}
			}
		},
		{
			"from": [10.9, 7.2, 3],
			"to": [11.7, 8.2, 13],
			"faces": {
				"north": {"uv": [6, 0, 16, 1], "texture": "#0"},
				"east": {"uv": [6, 0, 16, 1], "texture": "#0"},
				"south": {"uv": [6, 0, 16, 1], "texture": "#0"},
				"west": {"uv": [6, 0, 16, 1], "texture": "#0"},
				"up": {"uv": [6, 0, 16, 1], "texture": "#0"},
				"down": {"uv": [6, 0, 16, 1], "texture": "#0"}
			}
		},
		{
			"from": [10.9, 6.2, 4],
			"to": [11.7, 7.2, 13],
			"faces": {
				"north": {"uv": [7, 0, 16, 1], "texture": "#0"},
				"east": {"uv": [7, 0, 16, 1], "texture": "#0"},
				"south": {"uv": [7, 0, 16, 1], "texture": "#0"},
				"west": {"uv": [7, 0, 16, 1], "texture": "#0"},
				"up": {"uv": [7, 0, 16, 1], "texture": "#0"},
				"down": {"uv": [7, 0, 16, 1], "texture": "#0"}
			}
		},
		{
			"from": [4.3, 7.3, 2.9],
			"to": [11.7, 8.2, 3.7],
			"faces": {
				"north": {"uv": [0, 0, 0.9, 0.8], "rotation": 270, "texture": "#0"},
				"east": {"uv": [0, 0, 0.9, 0.8], "rotation": 270, "texture": "#0"},
				"south": {"uv": [0, 0, 0.9, 0.8], "rotation": 270, "texture": "#0"},
				"west": {"uv": [0, 0, 0.9, 0.8], "rotation": 270, "texture": "#0"},
				"up": {"uv": [0, 0, 0.9, 0.8], "rotation": 270, "texture": "#0"},
				"down": {"uv": [0, 0, 0.9, 0.8], "rotation": 270, "texture": "#0"}
			}
		},
		{
			"from": [4.3, 6, 5],
			"to": [5.1, 6.2, 13],
			"faces": {
				"north": {"uv": [0, 0, 8, 0.2], "texture": "#0"},
				"east": {"uv": [0, 0, 8, 0.2], "texture": "#0"},
				"south": {"uv": [0, 0, 8, 0.2], "texture": "#0"},
				"west": {"uv": [0, 0, 8, 0.2], "texture": "#0"},
				"up": {"uv": [0, 0, 8, 0.2], "texture": "#0"},
				"down": {"uv": [0, 0, 8, 0.2], "texture": "#0"}
			}
		},
		{
			"from": [10.9, 6, 5],
			"to": [11.7, 6.2, 13],
			"faces": {
				"north": {"uv": [0, 0, 8, 0.2], "texture": "#0"},
				"east": {"uv": [0, 0, 8, 0.2], "texture": "#0"},
				"south": {"uv": [0, 0, 8, 0.2], "texture": "#0"},
				"west": {"uv": [0, 0, 8, 0.2], "texture": "#0"},
				"up": {"uv": [0, 0, 8, 0.2], "texture": "#0"},
				"down": {"uv": [0, 0, 8, 0.2], "texture": "#0"}
			}
		},
		{
			"from": [4.3, -2.09533, 16.18751],
			"to": [11.7, -1.29533, 17.18751],
			"rotation": {"angle": -45, "axis": "x", "origin": [8.7, -2.29533, 5.78751]},
			"faces": {
				"north": {"uv": [0, 0, 3, 0.8], "rotation": 270, "texture": "#0"},
				"east": {"uv": [0, 0, 3, 0.8], "rotation": 270, "texture": "#0"},
				"south": {"uv": [0, 0, 3, 0.8], "rotation": 270, "texture": "#0"},
				"west": {"uv": [0, 0, 3, 0.8], "rotation": 270, "texture": "#0"},
				"up": {"uv": [0, 0, 3, 0.8], "rotation": 270, "texture": "#0"},
				"down": {"uv": [0, 0, 3, 0.8], "rotation": 270, "texture": "#0"}
			}
		}
	],
	"display": {
		"thirdperson_righthand": {
			"rotation": [75, 45, 0],
			"translation": [0, 2.5, 0],
			"scale": [0.5, 0.5, 0.5]
		},
		"thirdperson_lefthand": {
			"rotation": [75, 45, 0],
			"translation": [0, 2.5, 0],
			"scale": [0.5, 0.5, 0.5]
		},
		"firstperson_righthand": {
			"rotation": [0, 45, 0],
			"translation": [0, 2.5, 0],
			"scale": [0.5, 0.5, 0.5]
		},
		"firstperson_lefthand": {
			"rotation": [0, 45, 0],
			"translation": [0, 2.5, 0],
			"scale": [0.5, 0.5, 0.5]
		},
		"ground": {
			"translation": [0, 4, 0]
		},
		"gui": {
			"rotation": [30, 225, 0],
			"translation": [0.25, 1, 0],
			"scale": [0.625, 0.625, 0.625]
		},
		"head": {
			"translation": [0, 14.5, 0]
		},
		"fixed": {
			"rotation": [-90, 0, 0],
			"translation": [0, 0, -31],
			"scale": [4, 4, 4]
		}
	},
	"groups": [
		{
			"name": "Tire (Rubber)",
			"origin": [8, 8, 8],
			"children": [0, 1, 2, 3, 4, 5, 6, 7, 8, 9, 10, 11, 12, 13, 14, 15, 16]
		},
		{
			"name": "Handles",
			"origin": [8, 8, 8],
			"children": [17, 18, 19, 20, 21, 22, 23, 24, 25, 26, 27, 28, 29, 30, 31]
		},
		{
			"name": "Stand Leg",
			"origin": [8, 8, 8],
			"children": [32, 33, 34, 35, 36, 37, 38, 39]
		},
		{
			"name": "Stand Leg2",
			"origin": [8, 8, 8],
			"children": [40, 41, 42, 43, 44, 45, 46, 47]
		},
		{
			"name": "Barrel",
			"origin": [8, 8, 8],
			"children": [48, 49, 50, 51, 52, 53, 54, 55, 56, 57, 58]
		}
	]
}