{
	"credit": "Made with Blockbench",
	"parent": "./cit_item",
	"textures": {
		"0": "block/MizunoArchive/orange_tulip",
		"2": "block/MizunoArchive/stripped_dark_oak_log",
		"3": "block/MizunoArchive/oak_planks",
		"particle": "block/MizunoArchive/stripped_dark_oak_log",
		"1_0": "block/MizunoArchive/tulip_planter_a"
	},
	"elements": [
		{
			"from": [1.99512, 10.88548, -0.01824],
			"to": [14.09512, 14.98548, 1.08176],
			"faces": {
				"north": {"uv": [0, 0, 12.1, 4.1], "texture": "#2"},
				"east": {"uv": [0, 0, 1.1, 4.1], "texture": "#2"},
				"south": {"uv": [0, 0, 12.1, 4.1], "texture": "#2"},
				"west": {"uv": [0, 0, 1.1, 4.1], "texture": "#2"},
				"up": {"uv": [0, 0, 12.1, 1.1], "texture": "#2"},
				"down": {"uv": [0, 0, 12.1, 1.1], "texture": "#2"}
			}
		},
		{
			"from": [0.99512, 13.88548, 5.98176],
			"to": [15.09512, 14.98548, 7.08176],
			"faces": {
				"north": {"uv": [0, 0, 14.1, 1.1], "texture": "#2"},
				"east": {"uv": [0, 0, 1.1, 1.1], "texture": "#2"},
				"south": {"uv": [0, 0, 14.1, 1.1], "texture": "#2"},
				"west": {"uv": [0, 0, 1.1, 1.1], "texture": "#2"},
				"up": {"uv": [0, 0, 14.1, 1.1], "texture": "#2"},
				"down": {"uv": [0, 0, 14.1, 1.1], "texture": "#2"}
			}
		},
		{
			"from": [1.99486, 10.13871, 6.41063],
			"to": [13.99486, 14.03871, 7.21063],
			"rotation": {"angle": 22.5, "axis": "x", "origin": [7.99486, 15.03871, 6.91063]},
			"faces": {
				"north": {"uv": [0, 8, 15, 10.9], "texture": "#1_0"},
				"east": {"uv": [0, 8, 15, 10.9], "texture": "#1_0"},
				"south": {"uv": [0, 8, 15, 10.9], "texture": "#1_0"},
				"west": {"uv": [0, 8, 15, 10.9], "texture": "#1_0"},
				"up": {"uv": [0, 8, 15, 10.9], "texture": "#1_0"},
				"down": {"uv": [0, 8, 15, 10.9], "texture": "#1_0"}
			}
		},
		{
			"from": [13.99496, 10.03875, 6.41049],
			"to": [15.09496, 14.03875, 7.51049],
			"rotation": {"angle": 22.5, "axis": "x", "origin": [7.99496, 15.03875, 6.91049]},
			"faces": {
				"north": {"uv": [0, 0, 1.1, 4], "texture": "#2"},
				"east": {"uv": [0, 0, 1.1, 4], "texture": "#2"},
				"south": {"uv": [0, 0, 1.1, 4], "texture": "#2"},
				"west": {"uv": [0, 0, 1.1, 4], "texture": "#2"},
				"up": {"uv": [0, 0, 1.1, 1.1], "texture": "#2"},
				"down": {"uv": [0, 0, 1.1, 1.1], "texture": "#2"}
			}
		},
		{
			"from": [0.99496, 10.03875, 6.41049],
			"to": [2.09496, 14.03875, 7.51049],
			"rotation": {"angle": 22.5, "axis": "x", "origin": [7.99496, 15.03875, 6.91049]},
			"faces": {
				"north": {"uv": [0, 0, 1.1, 4], "texture": "#2"},
				"east": {"uv": [0, 0, 1.1, 4], "texture": "#2"},
				"south": {"uv": [0, 0, 1.1, 4], "texture": "#2"},
				"west": {"uv": [0, 0, 1.1, 4], "texture": "#2"},
				"up": {"uv": [0, 0, 1.1, 1.1], "texture": "#2"},
				"down": {"uv": [0, 0, 1.1, 1.1], "texture": "#2"}
			}
		},
		{
			"from": [13.99512, 13.88548, -0.01824],
			"to": [15.09512, 14.98548, 6.08176],
			"faces": {
				"north": {"uv": [0, 0, 1.1, 1.1], "texture": "#2"},
				"east": {"uv": [0, 0, 6.1, 1.1], "texture": "#2"},
				"south": {"uv": [0, 0, 1.1, 1.1], "texture": "#2"},
				"west": {"uv": [0, 0, 6.1, 1.1], "texture": "#2"},
				"up": {"uv": [0, 0, 1.1, 6.1], "texture": "#2"},
				"down": {"uv": [0, 0, 1.1, 6.1], "texture": "#2"}
			}
		},
		{
			"from": [0.99512, 13.88548, -0.01824],
			"to": [2.09512, 14.98548, 6.08176],
			"faces": {
				"north": {"uv": [0, 0, 1.1, 1.1], "texture": "#2"},
				"east": {"uv": [0, 0, 6.1, 1.1], "texture": "#2"},
				"south": {"uv": [0, 0, 1.1, 1.1], "texture": "#2"},
				"west": {"uv": [0, 0, 6.1, 1.1], "texture": "#2"},
				"up": {"uv": [0, 0, 1.1, 6.1], "texture": "#2"},
				"down": {"uv": [0, 0, 1.1, 6.1], "texture": "#2"}
			}
		},
		{
			"from": [13.99525, 10.19067, -0.04981],
			"to": [15.09525, 11.29067, 5.55019],
			"faces": {
				"north": {"uv": [0, 0, 1.1, 1.1], "texture": "#2"},
				"east": {"uv": [0, 0, 5.6, 1.1], "texture": "#2"},
				"south": {"uv": [0, 0, 1.1, 1.1], "texture": "#2"},
				"west": {"uv": [0, 0, 5.6, 1.1], "texture": "#2"},
				"up": {"uv": [0, 0, 1.1, 5.6], "texture": "#2"},
				"down": {"uv": [0, 0, 1.1, 5.6], "texture": "#2"}
			}
		},
		{
			"from": [0.99525, 10.19067, -0.04981],
			"to": [2.09525, 11.29067, 5.55019],
			"faces": {
				"north": {"uv": [0, 0, 1.1, 1.1], "texture": "#2"},
				"east": {"uv": [0, 0, 5.6, 1.1], "texture": "#2"},
				"south": {"uv": [0, 0, 1.1, 1.1], "texture": "#2"},
				"west": {"uv": [0, 0, 5.6, 1.1], "texture": "#2"},
				"up": {"uv": [0, 0, 1.1, 5.6], "texture": "#2"},
				"down": {"uv": [0, 0, 1.1, 5.6], "texture": "#2"}
			}
		},
		{
			"from": [1.99698, 10.50272, -0.02595],
			"to": [13.99698, 11.20272, 5.27405],
			"faces": {
				"north": {"uv": [0, 0, 12, 5.3], "texture": "#1_0"},
				"east": {"uv": [0, 0, 12, 5.3], "texture": "#1_0"},
				"south": {"uv": [0, 0, 12, 5.3], "texture": "#1_0"},
				"west": {"uv": [0, 0, 12, 5.3], "texture": "#1_0"},
				"up": {"uv": [0, 0, 12, 5.3], "texture": "#1_0"},
				"down": {"uv": [0, 8, 15, 11], "texture": "#1_0"}
			}
		},
		{
			"from": [1.29505, 11.16497, 0.10231],
			"to": [2.09505, 13.96497, 5.80231],
			"faces": {
				"north": {"uv": [0, 8, 6.9, 10.799], "texture": "#1_0"},
				"east": {"uv": [0, 8, 6.9, 10.799], "texture": "#1_0"},
				"south": {"uv": [0, 8, 6.9, 10.799], "texture": "#1_0"},
				"west": {"uv": [0, 8, 6.9, 10.799], "texture": "#1_0"},
				"up": {"uv": [0, 8, 6.9, 10.799], "texture": "#1_0"},
				"down": {"uv": [0, 8, 6.9, 10.799], "texture": "#1_0"}
			}
		},
		{
			"from": [13.99525, 11.19067, -0.04981],
			"to": [14.79525, 13.99067, 5.85019],
			"faces": {
				"north": {"uv": [0, 8, 6.9, 10.799], "texture": "#1_0"},
				"east": {"uv": [0, 8, 6.9, 10.799], "texture": "#1_0"},
				"south": {"uv": [0, 8, 6.9, 10.799], "texture": "#1_0"},
				"west": {"uv": [0, 8, 6.9, 10.799], "texture": "#1_0"},
				"up": {"uv": [0, 8, 6.9, 10.799], "texture": "#1_0"},
				"down": {"uv": [0, 8, 6.9, 10.799], "texture": "#1_0"}
			}
		},
		{
			"from": [2.00002, 10.26838, 5.25612],
			"to": [14.10002, 11.36838, 6.35612],
			"rotation": {"angle": 22.5, "axis": "x", "origin": [8.10002, 12.26838, 5.75612]},
			"faces": {
				"north": {"uv": [0, 0, 12.1, 1.1], "texture": "#2"},
				"east": {"uv": [0, 0, 1.1, 1.1], "texture": "#2"},
				"south": {"uv": [0, 0, 12.1, 1.1], "texture": "#2"},
				"west": {"uv": [0, 0, 1.1, 1.1], "texture": "#2"},
				"up": {"uv": [0, 0, 12.1, 1.1], "texture": "#2"},
				"down": {"uv": [0, 0, 12.1, 1.1], "texture": "#2"}
			}
		},
		{
			"from": [14.09298, 11.29119, -0.04807],
			"to": [15.09298, 14.39119, 0.95193],
			"faces": {
				"north": {"uv": [0, 0, 1, 3.1], "texture": "#2"},
				"east": {"uv": [0, 0, 1, 3.1], "texture": "#2"},
				"south": {"uv": [0, 0, 1, 3.1], "texture": "#2"},
				"west": {"uv": [0, 0, 1, 3.1], "texture": "#2"},
				"up": {"uv": [0, 0, 1, 1], "texture": "#2"},
				"down": {"uv": [0, 0, 1, 1], "texture": "#2"}
			}
		},
		{
			"from": [0.99524, 11.29575, -0.05487],
			"to": [1.99524, 14.39575, 0.94513],
			"faces": {
				"north": {"uv": [0, 0, 1, 3.1], "texture": "#2"},
				"east": {"uv": [0, 0, 1, 3.1], "texture": "#2"},
				"south": {"uv": [0, 0, 1, 3.1], "texture": "#2"},
				"west": {"uv": [0, 0, 1, 3.1], "texture": "#2"},
				"up": {"uv": [0, 0, 1, 1], "texture": "#2"},
				"down": {"uv": [0, 0, 1, 1], "texture": "#2"}
			}
		},
		{
			"name": "Dirt",
			"from": [1.99512, 13.98548, 0.98176],
			"to": [14.09512, 14.48548, 6.08176],
			"faces": {
				"north": {"uv": [0, 0, 12.1, 8.099], "texture": "#1_0"},
				"east": {"uv": [0, 0, 12.1, 8.099], "texture": "#1_0"},
				"south": {"uv": [0, 0, 12.1, 8.099], "texture": "#1_0"},
				"west": {"uv": [0, 0, 12.1, 8.099], "texture": "#1_0"},
				"up": {"uv": [0, 0, 12.1, 8.099], "texture": "#1_0"},
				"down": {"uv": [0, 0, 12.1, 8.099], "texture": "#1_0"}
			}
		},
		{
			"from": [2.9, 7, 0],
			"to": [4.1, 7.7, 1.2],
			"faces": {
				"north": {"uv": [0, 8, 2, 10], "texture": "#3"},
				"east": {"uv": [0, 8, 2, 10], "texture": "#3"},
				"south": {"uv": [0, 8, 2, 10], "texture": "#3"},
				"west": {"uv": [0, 8, 2, 10], "texture": "#3"},
				"up": {"uv": [0, 8, 2, 10], "texture": "#3"},
				"down": {"uv": [0, 8, 2, 10], "texture": "#3"}
			}
		},
		{
			"from": [3, 7.6, 0],
			"to": [4, 9.5, 1],
			"faces": {
				"north": {"uv": [0, 8, 2, 10], "texture": "#3"},
				"east": {"uv": [0, 8, 2, 10], "texture": "#3"},
				"south": {"uv": [0, 8, 2, 10], "texture": "#3"},
				"west": {"uv": [0, 8, 2, 10], "texture": "#3"},
				"up": {"uv": [0, 8, 2, 10], "texture": "#3"},
				"down": {"uv": [0, 8, 2, 10], "texture": "#3"}
			}
		},
		{
			"from": [3.10051, 8.80623, 0.50036],
			"to": [3.90051, 10.10623, 1.50036],
			"rotation": {"angle": 45, "axis": "x", "origin": [3.50051, 9.30623, 1.00036]},
			"faces": {
				"north": {"uv": [0, 8, 2, 10], "texture": "#3"},
				"east": {"uv": [0, 8, 2, 10], "texture": "#3"},
				"south": {"uv": [0, 8, 2, 10], "texture": "#3"},
				"west": {"uv": [0, 8, 2, 10], "texture": "#3"},
				"up": {"uv": [0, 8, 2, 10], "texture": "#3"},
				"down": {"uv": [0, 8, 2, 10], "texture": "#3"}
			}
		},
		{
			"from": [3, 9.5, 0],
			"to": [4, 10.5, 4],
			"faces": {
				"north": {"uv": [0, 13, 3, 15], "texture": "#3"},
				"east": {"uv": [0, 13, 3, 15], "texture": "#3"},
				"south": {"uv": [0, 13, 3, 15], "texture": "#3"},
				"west": {"uv": [0, 13, 3, 15], "texture": "#3"},
				"up": {"uv": [0, 13, 3, 15], "texture": "#3"},
				"down": {"uv": [0, 13, 3, 15], "texture": "#3"}
			}
		},
		{
			"from": [3.00051, 9.70623, 3.50036],
			"to": [4.00051, 11.00623, 4.50036],
			"rotation": {"angle": 45, "axis": "x", "origin": [3.50051, 10.20623, 4.00036]},
			"faces": {
				"north": {"uv": [0, 8, 2, 10], "texture": "#3"},
				"east": {"uv": [0, 8, 2, 10], "texture": "#3"},
				"south": {"uv": [0, 8, 2, 10], "texture": "#3"},
				"west": {"uv": [0, 8, 2, 10], "texture": "#3"},
				"up": {"uv": [0, 8, 2, 10], "texture": "#3"},
				"down": {"uv": [0, 8, 2, 10], "texture": "#3"}
			}
		},
		{
			"from": [11.9, 7, 0],
			"to": [13.1, 7.7, 1.2],
			"faces": {
				"north": {"uv": [0, 8, 2, 10], "texture": "#3"},
				"east": {"uv": [0, 8, 2, 10], "texture": "#3"},
				"south": {"uv": [0, 8, 2, 10], "texture": "#3"},
				"west": {"uv": [0, 8, 2, 10], "texture": "#3"},
				"up": {"uv": [0, 8, 2, 10], "texture": "#3"},
				"down": {"uv": [0, 8, 2, 10], "texture": "#3"}
			}
		},
		{
			"from": [12, 7.6, 0],
			"to": [13, 9.5, 1],
			"faces": {
				"north": {"uv": [0, 8, 2, 10], "texture": "#3"},
				"east": {"uv": [0, 8, 2, 10], "texture": "#3"},
				"south": {"uv": [0, 8, 2, 10], "texture": "#3"},
				"west": {"uv": [0, 8, 2, 10], "texture": "#3"},
				"up": {"uv": [0, 8, 2, 10], "texture": "#3"},
				"down": {"uv": [0, 8, 2, 10], "texture": "#3"}
			}
		},
		{
			"from": [12.10051, 8.80623, 0.50036],
			"to": [12.90051, 10.10623, 1.50036],
			"rotation": {"angle": 45, "axis": "x", "origin": [12.50051, 9.30623, 1.00036]},
			"faces": {
				"north": {"uv": [0, 8, 2, 10], "texture": "#3"},
				"east": {"uv": [0, 8, 2, 10], "texture": "#3"},
				"south": {"uv": [0, 8, 2, 10], "texture": "#3"},
				"west": {"uv": [0, 8, 2, 10], "texture": "#3"},
				"up": {"uv": [0, 8, 2, 10], "texture": "#3"},
				"down": {"uv": [0, 8, 2, 10], "texture": "#3"}
			}
		},
		{
			"from": [12, 9.5, 0],
			"to": [13, 10.5, 4],
			"faces": {
				"north": {"uv": [0, 13, 7, 15], "texture": "#3"},
				"east": {"uv": [0, 13, 7, 15], "texture": "#3"},
				"south": {"uv": [0, 13, 7, 15], "texture": "#3"},
				"west": {"uv": [0, 13, 7, 15], "texture": "#3"},
				"up": {"uv": [0, 13, 7, 15], "texture": "#3"},
				"down": {"uv": [0, 13, 7, 15], "rotation": 90, "texture": "#3"}
			}
		},
		{
			"from": [12.00051, 9.70623, 3.50036],
			"to": [13.00051, 11.00623, 4.50036],
			"rotation": {"angle": 45, "axis": "x", "origin": [12.50051, 10.20623, 4.00036]},
			"faces": {
				"north": {"uv": [0, 8, 2, 10], "texture": "#3"},
				"east": {"uv": [0, 8, 2, 10], "texture": "#3"},
				"south": {"uv": [0, 8, 2, 10], "texture": "#3"},
				"west": {"uv": [0, 8, 2, 10], "texture": "#3"},
				"up": {"uv": [0, 8, 2, 10], "texture": "#3"},
				"down": {"uv": [0, 8, 2, 10], "texture": "#3"}
			}
		},
		{
			"from": [0.18186, 13.73804, 3.28716],
			"to": [7.76605, 22.16492, 3.29243],
			"rotation": {"angle": 45, "axis": "y", "origin": [3.67696, 17.19116, 2.99016], "rescale": true},
			"faces": {
				"north": {"uv": [0, 0, 16, 16], "texture": "#0"},
				"south": {"uv": [0, 0, 16, 16], "texture": "#0"}
			}
		},
		{
			"from": [3.97396, 13.73804, -0.50494],
			"to": [3.97922, 22.16492, 7.07926],
			"rotation": {"angle": 45, "axis": "y", "origin": [3.67696, 17.19116, 2.99016], "rescale": true},
			"faces": {
				"east": {"uv": [0, 0, 16, 16], "texture": "#0"},
				"west": {"uv": [0, 0, 16, 16], "texture": "#0"}
			}
		},
		{
			"from": [7.70586, 13.73804, 2.89116],
			"to": [15.29005, 22.16492, 2.89643],
			"rotation": {"angle": 45, "axis": "y", "origin": [11.69596, 17.19116, 2.99016], "rescale": true},
			"faces": {
				"north": {"uv": [0, 0, 16, 16], "texture": "#0"},
				"south": {"uv": [0, 0, 16, 16], "texture": "#0"}
			}
		},
		{
			"from": [11.49796, 13.73804, -0.90094],
			"to": [11.50322, 22.16492, 6.68326],
			"rotation": {"angle": 45, "axis": "y", "origin": [11.69596, 17.19116, 2.99016], "rescale": true},
			"faces": {
				"east": {"uv": [0, 0, 16, 16], "texture": "#0"},
				"west": {"uv": [0, 0, 16, 16], "texture": "#0"}
			}
		},
		{
			"from": [3.40926, 14.75772, 4.53852],
			"to": [10.99345, 23.1846, 4.54379],
			"rotation": {"angle": 45, "axis": "y", "origin": [6.31036, 17.19116, 4.04352], "rescale": true},
			"faces": {
				"north": {"uv": [0, 0, 16, 16], "texture": "#0"},
				"south": {"uv": [0, 0, 16, 16], "texture": "#0"}
			}
		},
		{
			"from": [7.20136, 14.75772, 0.74642],
			"to": [7.20662, 23.1846, 8.33062],
			"rotation": {"angle": 45, "axis": "y", "origin": [6.31036, 17.19116, 4.04352], "rescale": true},
			"faces": {
				"east": {"uv": [0, 0, 16, 16], "texture": "#0"},
				"west": {"uv": [0, 0, 16, 16], "texture": "#0"}
			}
		}
	],
	"display": {
		"thirdperson_righthand": {
			"rotation": [75, 180, 0],
			"translation": [0, 2.5, 0],
			"scale": [0.375, 0.375, 0.375]
		},
		"thirdperson_lefthand": {
			"rotation": [75, 180, 0],
			"translation": [0, 2.5, 0],
			"scale": [0.375, 0.375, 0.375]
		},
		"firstperson_righthand": {
			"rotation": [0, 180, 0],
			"scale": [0.4, 0.4, 0.4]
		},
		"firstperson_lefthand": {
			"rotation": [0, 180, 0],
			"scale": [0.4, 0.4, 0.4]
		},
		"ground": {
			"translation": [0, 3, 0]
		},
		"gui": {
			"rotation": [30, 29, 0],
			"translation": [2, -5.25, 0],
			"scale": [0.8, 0.8, 0.8]
		},
		"head": {
			"rotation": [0, -180, 0],
			"translation": [0, 0, -14.25]
		},
		"fixed": {
			"rotation": [0, 180, 0],
			"translation": [0, 2, -14.75],
			"scale": [2, 2, 2]
		}
	},
	"groups": [
		{
			"name": "Basket",
			"children": [0, 1, 2, 3, 4, 5, 6, 7, 8, 9, 10, 11, 12, 13, 14]
		}, 15,
		{
			"name": "Brace",
			"children": [16, 17, 18, 19, 20]
		},
		{
			"name": "Brace2",
			"children": [21, 22, 23, 24, 25]
		},
		{
			"name": "tulip_1",
			"children": [
				{
					"name": "Tulip1",
					"children": [26, 27]
				},
				{
					"name": "Tulip4",
					"children": [28, 29]
				},
				{
					"name": "Tulip2",
					"children": [30, 31]
				},
				{
					"name": "Tulip3",
					"children": []
				}
			]
		}
	]
}