{
	"credit": "Made with Blockbench",
	"parent": "./cit_item",
	"textures": {
		"0": "./kettle_0"
	},
	"elements": [
		{
			"from": [3, 0, 3],
			"to": [13, 5, 13],
			"faces": {
				"north": {"uv": [0, 11, 10, 16], "texture": "#0"},
				"east": {"uv": [0, 11, 10, 16], "texture": "#0"},
				"south": {"uv": [0, 11, 10, 16], "texture": "#0"},
				"west": {"uv": [0, 11, 10, 16], "texture": "#0"},
				"up": {"uv": [0, 1, 10, 11], "texture": "#0"},
				"down": {"uv": [0, 1, 10, 11], "texture": "#0"}
			}
		},
		{
			"from": [4, 4, 4],
			"to": [12, 7, 12],
			"faces": {
				"north": {"uv": [1, 0, 9, 3], "texture": "#0"},
				"east": {"uv": [1, 0, 9, 3], "texture": "#0"},
				"south": {"uv": [1, 0, 9, 3], "texture": "#0"},
				"west": {"uv": [1, 0, 9, 3], "texture": "#0"},
				"up": {"uv": [1, 2, 9, 10], "texture": "#0"}
			}
		},
		{
			"from": [7.5, 7, 7.5],
			"to": [8.5, 8, 8.5],
			"faces": {
				"north": {"uv": [0, 0, 1, 1], "texture": "#0"},
				"east": {"uv": [0, 0, 1, 1], "texture": "#0"},
				"south": {"uv": [0, 0, 1, 1], "texture": "#0"},
				"west": {"uv": [0, 0, 1, 1], "texture": "#0"},
				"up": {"uv": [0, 0, 1, 1], "texture": "#0"}
			}
		},
		{
			"from": [2, 1, 7],
			"to": [3, 3, 9],
			"faces": {
				"north": {"uv": [0, 11, 1, 13], "texture": "#0"},
				"south": {"uv": [0, 11, 1, 13], "texture": "#0"},
				"west": {"uv": [0, 11, 2, 13], "texture": "#0"},
				"up": {"uv": [0, 11, 1, 13], "texture": "#0"},
				"down": {"uv": [0, 11, 1, 13], "texture": "#0"}
			}
		},
		{
			"from": [1, 1, 7.5],
			"to": [2, 4, 8.5],
			"faces": {
				"north": {"uv": [0, 11, 1, 14], "texture": "#0"},
				"east": {"uv": [0, 11, 1, 14], "texture": "#0"},
				"south": {"uv": [0, 11, 1, 14], "texture": "#0"},
				"west": {"uv": [0, 11, 1, 14], "texture": "#0"},
				"down": {"uv": [0, 11, 1, 12], "texture": "#0"}
			}
		},
		{
			"from": [0, 4, 7.5],
			"to": [2, 5, 8.5],
			"faces": {
				"north": {"uv": [0, 11, 2, 12], "texture": "#0"},
				"east": {"uv": [1, 0, 2, 1], "texture": "#0"},
				"south": {"uv": [0, 11, 2, 12], "texture": "#0"},
				"west": {"uv": [0, 0, 1, 1], "texture": "#0"},
				"up": {"uv": [0, 11, 2, 12], "texture": "#0"},
				"down": {"uv": [0, 11, 2, 12], "texture": "#0"}
			}
		},
		{
			"from": [3.5, 6.5, 8],
			"to": [12.5, 11.5, 8.01],
			"faces": {
				"north": {"uv": [11, 2, 16, 11], "texture": "#0", "rotation": 270},
				"east": {"uv": [0, 0, 4, 1], "texture": "#0"},
				"south": {"uv": [11, 2, 16, 11], "texture": "#0", "rotation": 270},
				"west": {"uv": [0, 0, 4, 1], "texture": "#0"},
				"up": {"uv": [0, 0, 2, 4], "texture": "#0"},
				"down": {"uv": [0, 0, 2, 4], "texture": "#0"}
			}
		},
		{
			"from": [5.5, 10.5, 7.5],
			"to": [10.5, 11.5, 8.5],
			"faces": {
				"north": {"uv": [11, 13, 16, 14], "texture": "#0"},
				"east": {"uv": [11, 13, 12, 14], "texture": "#0"},
				"south": {"uv": [11, 13, 16, 14], "texture": "#0"},
				"west": {"uv": [15, 13, 16, 14], "texture": "#0"},
				"up": {"uv": [11, 13, 16, 14], "texture": "#0"},
				"down": {"uv": [11, 13, 16, 14], "texture": "#0"}
			}
		}
	]
}