{
	"credit": "Made with Blockbench",
	"parent": "./cit_item",
	"textures": {
		"0": "./cookie_0"
	},
	"elements": [
		{
			"from": [6, 1, 4],
			"to": [12, 2, 10],
			"faces": {
				"north": {"uv": [0, 10, 1, 16], "texture": "#0", "rotation": 90},
				"east": {"uv": [0, 10, 1, 16], "texture": "#0", "rotation": 90},
				"south": {"uv": [0, 10, 1, 16], "texture": "#0", "rotation": 90},
				"west": {"uv": [0, 10, 1, 16], "texture": "#0", "rotation": 90},
				"up": {"uv": [1, 10, 7, 16], "texture": "#0"},
				"down": {"uv": [1, 10, 7, 16], "texture": "#0"}
			}
		},
		{
			"from": [5, 2, 6],
			"to": [11, 3, 12],
			"faces": {
				"north": {"uv": [0, 10, 1, 16], "texture": "#0", "rotation": 90},
				"east": {"uv": [0, 10, 1, 16], "texture": "#0", "rotation": 90},
				"south": {"uv": [0, 10, 1, 16], "texture": "#0", "rotation": 90},
				"west": {"uv": [0, 10, 1, 16], "texture": "#0", "rotation": 90},
				"up": {"uv": [1, 10, 7, 16], "texture": "#0"},
				"down": {"uv": [1, 10, 7, 16], "texture": "#0"}
			}
		},
		{
			"from": [4, 3, 4],
			"to": [10, 4, 10],
			"faces": {
				"north": {"uv": [0, 10, 1, 16], "texture": "#0", "rotation": 90},
				"east": {"uv": [0, 10, 1, 16], "texture": "#0", "rotation": 90},
				"south": {"uv": [0, 10, 1, 16], "texture": "#0", "rotation": 90},
				"west": {"uv": [0, 10, 1, 16], "texture": "#0", "rotation": 90},
				"up": {"uv": [1, 10, 7, 16], "texture": "#0"},
				"down": {"uv": [1, 10, 7, 16], "texture": "#0"}
			}
		},
		{
			"from": [6, 4, 6],
			"to": [12, 5, 12],
			"faces": {
				"north": {"uv": [0, 10, 1, 16], "texture": "#0", "rotation": 90},
				"east": {"uv": [0, 10, 1, 16], "texture": "#0", "rotation": 90},
				"south": {"uv": [0, 10, 1, 16], "texture": "#0", "rotation": 90},
				"west": {"uv": [0, 10, 1, 16], "texture": "#0", "rotation": 90},
				"up": {"uv": [1, 10, 7, 16], "texture": "#0"},
				"down": {"uv": [1, 10, 7, 16], "texture": "#0"}
			}
		},
		{
			"from": [5, 10, 5],
			"to": [11, 12, 11],
			"faces": {
				"north": {"uv": [8, 10, 10, 16], "texture": "#0", "rotation": 270},
				"east": {"uv": [8, 10, 10, 16], "texture": "#0", "rotation": 270},
				"south": {"uv": [8, 10, 10, 16], "texture": "#0", "rotation": 270},
				"west": {"uv": [8, 10, 10, 16], "texture": "#0", "rotation": 270},
				"up": {"uv": [10, 10, 16, 16], "texture": "#0"},
				"down": {"uv": [10, 10, 16, 16], "texture": "#0"}
			}
		},
		{
			"from": [4, 0, 4],
			"to": [12, 1, 12],
			"faces": {
				"up": {"uv": [1, 1, 9, 9], "texture": "#0"},
				"down": {"uv": [1, 1, 9, 9], "texture": "#0"}
			}
		},
		{
			"from": [4, 0, 3],
			"to": [12, 10, 4],
			"faces": {
				"north": {"uv": [1, 0, 9, 10], "texture": "#0"},
				"up": {"uv": [10, 0, 11, 8], "texture": "#0", "rotation": 90},
				"down": {"uv": [10, 0, 11, 8], "texture": "#0", "rotation": 90}
			}
		},
		{
			"from": [4, 0, 12],
			"to": [12, 10, 13],
			"faces": {
				"south": {"uv": [1, 0, 9, 10], "texture": "#0"},
				"up": {"uv": [10, 0, 11, 8], "texture": "#0", "rotation": 90},
				"down": {"uv": [10, 0, 11, 8], "texture": "#0", "rotation": 90}
			}
		},
		{
			"from": [3, 0, 3],
			"to": [4, 10, 13],
			"faces": {
				"north": {"uv": [9, 0, 10, 10], "texture": "#0"},
				"south": {"uv": [0, 0, 1, 10], "texture": "#0"},
				"west": {"uv": [0, 0, 10, 10], "texture": "#0"},
				"up": {"uv": [0, 0, 1, 10], "texture": "#0"},
				"down": {"uv": [9, 0, 10, 10], "texture": "#0"}
			}
		},
		{
			"from": [12, 0, 3],
			"to": [13, 10, 13],
			"faces": {
				"north": {"uv": [0, 0, 1, 10], "texture": "#0"},
				"east": {"uv": [0, 0, 10, 10], "texture": "#0"},
				"south": {"uv": [9, 0, 10, 10], "texture": "#0"},
				"up": {"uv": [9, 0, 10, 10], "texture": "#0"},
				"down": {"uv": [0, 0, 1, 10], "texture": "#0"}
			}
		},
		{
			"from": [4, 9, 4],
			"to": [12, 10, 12],
			"faces": {
				"up": {"uv": [1, 1, 9, 9], "texture": "#0"},
				"down": {"uv": [1, 1, 9, 9], "texture": "#0"}
			}
		}
	]
}