{
	"credit": "Made with Blockbench",
	"parent": "./cit_item",
	"textures": {
		"0": "./crafting_table_toola",
		"1": "block/birch_log_top",
		"2": "block/birch_log"
	},
	"elements": [
		{
			"from": [8, 0, 2],
			"to": [14, 6, 8],
			"faces": {
				"north": {"uv": [0, 0, 16, 16], "texture": "#2"},
				"east": {"uv": [0, 0, 16, 16], "texture": "#2"},
				"south": {"uv": [0, 0, 16, 16], "texture": "#2"},
				"west": {"uv": [0, 0, 16, 16], "texture": "#2"},
				"up": {"uv": [0, 0, 16, 16], "texture": "#1"},
				"down": {"uv": [0, 0, 16, 16], "texture": "#1"}
			}
		},
		{
			"from": [10.5, 0, 9.5],
			"to": [12.5, 1, 11.5],
			"rotation": {"angle": -22.5, "axis": "y", "origin": [8, -6, 18]},
			"faces": {
				"north": {"uv": [14, 0, 15, 2], "rotation": 90, "texture": "#0"},
				"east": {"uv": [13, 0, 15, 1], "texture": "#0"},
				"south": {"uv": [13, 0, 14, 2], "rotation": 90, "texture": "#0"},
				"west": {"uv": [13, 1, 15, 2], "texture": "#0"},
				"up": {"uv": [13, 0, 15, 2], "texture": "#0"},
				"down": {"uv": [13, 0, 15, 2], "texture": "#0"}
			}
		},
		{
			"from": [11.5, 0, 11.5],
			"to": [12.5, 1, 13.5],
			"rotation": {"angle": -22.5, "axis": "y", "origin": [8, -6, 18]},
			"faces": {
				"east": {"uv": [11, 0, 13, 1], "texture": "#0"},
				"south": {"uv": [11, 0, 12, 1], "texture": "#0"},
				"west": {"uv": [11, 0, 13, 1], "rotation": 180, "texture": "#0"},
				"up": {"uv": [11, 0, 13, 1], "rotation": 90, "texture": "#0"},
				"down": {"uv": [11, 0, 13, 1], "rotation": 90, "texture": "#0"}
			}
		},
		{
			"from": [10.5, 0, 12.5],
			"to": [11.5, 1, 13.5],
			"rotation": {"angle": -22.5, "axis": "y", "origin": [8, -6, 18]},
			"faces": {
				"north": {"uv": [11, 1, 12, 2], "rotation": 180, "texture": "#0"},
				"south": {"uv": [11, 1, 12, 2], "texture": "#0"},
				"up": {"uv": [11, 1, 12, 2], "texture": "#0"},
				"down": {"uv": [11, 1, 12, 2], "texture": "#0"}
			}
		},
		{
			"from": [7.5, 0, 10.5],
			"to": [10.5, 1, 13.5],
			"rotation": {"angle": -22.5, "axis": "y", "origin": [8, -6, 18]},
			"faces": {
				"north": {"uv": [13, 2, 14, 5], "rotation": 270, "texture": "#0"},
				"east": {"uv": [11, 2, 14, 3], "texture": "#0"},
				"south": {"uv": [11, 2, 12, 5], "rotation": 90, "texture": "#0"},
				"west": {"uv": [11, 4, 14, 5], "rotation": 180, "texture": "#0"},
				"up": {"uv": [11, 2, 14, 5], "texture": "#0"},
				"down": {"uv": [11, 2, 14, 5], "texture": "#0"}
			}
		},
		{
			"from": [-2.5, 0.49, 9.5],
			"to": [8.5, 0.5, 13.5],
			"rotation": {"angle": -22.5, "axis": "y", "origin": [8, -6, 18]},
			"faces": {
				"up": {"uv": [11, 15, 15, 4], "rotation": 270, "texture": "#0"},
				"down": {"uv": [11, 4, 15, 15], "rotation": 90, "texture": "#0"}
			}
		}
	]
}