{
	"parent": "./cit_item_wall",
	"ambientocclusion": false,
	"textures": {
		"0": "./crafting_table_toola",
		"1_0": "block/oak_planks"
	},
	"elements": [
		{
			"from": [0, 13, 0],
			"to": [16, 16, 1],
			"faces": {
				"north": {"uv": [0, 0, 16, 3], "texture": "#1_0"},
				"east": {"uv": [15, 0, 16, 3], "texture": "#1_0"},
				"south": {"uv": [0, 0, 16, 3], "texture": "#1_0"},
				"west": {"uv": [0, 0, 1, 3], "texture": "#1_0"},
				"up": {"uv": [0, 0, 16, 1], "texture": "#1_0"},
				"down": {"uv": [0, 0, 16, 1], "texture": "#1_0"}
			}
		},
		{
			"from": [2, 9, 1],
			"to": [4, 12, 2],
			"faces": {
				"north": {"uv": [0, 1, 2, 4], "texture": "#0"},
				"east": {"uv": [1, 1, 2, 4], "texture": "#0"},
				"south": {"uv": [0, 1, 2, 4], "texture": "#0"},
				"west": {"uv": [0, 1, 1, 4], "texture": "#0"},
				"up": {"uv": [0, 0, 2, 1], "texture": "#0"},
				"down": {"uv": [0, 0, 2, 1], "texture": "#0"}
			}
		},
		{
			"from": [5, 9, 1],
			"to": [7, 12, 2],
			"faces": {
				"north": {"uv": [3, 1, 5, 4], "texture": "#0"},
				"east": {"uv": [4, 1, 5, 4], "texture": "#0"},
				"south": {"uv": [3, 1, 5, 4], "texture": "#0"},
				"west": {"uv": [3, 0, 4, 3], "texture": "#0"},
				"up": {"uv": [3, 0, 5, 1], "texture": "#0"},
				"down": {"uv": [3, 0, 5, 1], "texture": "#0"}
			}
		},
		{
			"from": [3, 4, 1],
			"to": [4, 9, 2],
			"faces": {
				"north": {"uv": [1, 5, 2, 10], "texture": "#0"},
				"east": {"uv": [1, 5, 2, 10], "texture": "#0"},
				"south": {"uv": [1, 5, 2, 10], "texture": "#0"},
				"west": {"uv": [1, 5, 2, 10], "texture": "#0"},
				"up": {"uv": [0, 0, 0, 0], "texture": "#missing"},
				"down": {"uv": [1, 9, 2, 10], "texture": "#0"}
			}
		},
		{
			"from": [5, 4, 1],
			"to": [6, 9, 2],
			"faces": {
				"north": {"uv": [3, 5, 4, 10], "texture": "#0"},
				"east": {"uv": [3, 5, 4, 10], "texture": "#0"},
				"south": {"uv": [3, 5, 4, 10], "texture": "#0"},
				"west": {"uv": [3, 5, 4, 10], "texture": "#0"},
				"up": {"uv": [0, 0, 0, 0], "texture": "#missing"},
				"down": {"uv": [3, 9, 4, 10], "texture": "#0"}
			}
		},
		{
			"from": [4, 6, 1],
			"to": [5, 8, 2],
			"faces": {
				"north": {"uv": [2, 6, 3, 8], "texture": "#0"},
				"east": {"uv": [0, 0, 0, 0], "texture": "#missing"},
				"south": {"uv": [2, 6, 3, 8], "texture": "#0"},
				"west": {"uv": [0, 0, 0, 0], "texture": "#missing"},
				"up": {"uv": [2, 6, 3, 7], "texture": "#0"},
				"down": {"uv": [2, 7, 3, 8], "texture": "#0"}
			}
		},
		{
			"from": [11, 14, 1],
			"to": [13, 16, 2],
			"faces": {
				"north": {"uv": [13, 0, 15, 2], "rotation": 180, "texture": "#0"},
				"east": {"uv": [14, 0, 15, 2], "texture": "#0"},
				"south": {"uv": [13, 0, 15, 2], "texture": "#0"},
				"west": {"uv": [13, 0, 14, 2], "texture": "#0"},
				"up": {"uv": [13, 0, 15, 1], "texture": "#0"},
				"down": {"uv": [13, 1, 15, 2], "texture": "#0"}
			}
		},
		{
			"from": [9, 15, 1],
			"to": [11, 16, 2],
			"faces": {
				"north": {"uv": [11, 0, 13, 1], "texture": "#0"},
				"east": {"uv": [0, 0, 0, 0], "texture": "#missing"},
				"south": {"uv": [11, 0, 13, 1], "texture": "#0"},
				"west": {"uv": [11, 0, 12, 1], "texture": "#0"},
				"up": {"uv": [11, 0, 13, 1], "texture": "#0"},
				"down": {"uv": [11, 0, 13, 1], "texture": "#0"}
			}
		},
		{
			"from": [9, 14, 1],
			"to": [10, 15, 2],
			"faces": {
				"north": {"uv": [11, 1, 12, 2], "rotation": 180, "texture": "#0"},
				"east": {"uv": [11, 1, 12, 2], "rotation": 270, "texture": "#0"},
				"south": {"uv": [11, 1, 12, 2], "texture": "#0"},
				"west": {"uv": [11, 1, 12, 2], "rotation": 90, "texture": "#0"},
				"up": {"uv": [0, 0, 0, 0], "texture": "#missing"},
				"down": {"uv": [0, 0, 0, 0], "texture": "#missing"}
			}
		},
		{
			"from": [9, 11, 1],
			"to": [12, 14, 2],
			"faces": {
				"north": {"uv": [11, 2, 14, 5], "texture": "#0"},
				"east": {"uv": [13, 2, 14, 5], "texture": "#0"},
				"south": {"uv": [11, 2, 14, 5], "texture": "#0"},
				"west": {"uv": [11, 2, 12, 5], "texture": "#0"},
				"up": {"uv": [11, 2, 14, 3], "texture": "#0"},
				"down": {"uv": [11, 4, 14, 5], "texture": "#0"}
			}
		},
		{
			"from": [9, 1, 1.5],
			"to": [13, 12, 1.51],
			"faces": {
				"north": {"uv": [11, 15, 15, 4], "rotation": 180, "texture": "#0"},
				"east": {"uv": [0, 0, 0, 0], "texture": "#missing"},
				"south": {"uv": [11, 4, 15, 15], "texture": "#0"},
				"west": {"uv": [0, 0, 0, 0], "texture": "#missing"},
				"up": {"uv": [0, 0, 0, 0], "texture": "#missing"},
				"down": {"uv": [0, 0, 0, 0], "texture": "#missing"}
			}
		}
	],
	"groups": [0,
		{
			"name": "group",
			"origin": [8, 8, 8],
			"children": [1, 2, 3, 4, 5]
		},
		{
			"name": "group",
			"origin": [8, 8, 8],
			"children": [6, 7, 8, 9, 10]
		}
	]
}