{
	"credit": "Made with Blockbench",
	"parent": "./cit_item",
	"textures": {
		"0": "./crafting_table_toola",
		"1": "block/birch_planks"
	},
	"elements": [
		{
			"from": [10.5, 0, 13],
			"to": [12.5, 2, 17],
			"rotation": {"angle": 22.5, "axis": "y", "origin": [8, 8, 8]},
			"faces": {
				"north": {"uv": [6, 0, 8, 2], "texture": "#0"},
				"east": {"uv": [8, 0, 10, 4], "texture": "#0"},
				"south": {"uv": [6, 0, 8, 2], "texture": "#0"},
				"west": {"uv": [8, 0, 10, 4], "texture": "#0"},
				"up": {"uv": [8, 0, 10, 4], "texture": "#0"},
				"down": {"uv": [8, 0, 10, 4], "texture": "#0"}
			}
		},
		{
			"from": [11, 0.5, 6],
			"to": [12, 1.5, 13],
			"rotation": {"angle": 22.5, "axis": "y", "origin": [8, 8, 8]},
			"faces": {
				"north": {"uv": [7, 10, 8, 11], "texture": "#0"},
				"east": {"uv": [7, 4, 8, 11], "rotation": 270, "texture": "#0"},
				"west": {"uv": [7, 4, 8, 11], "rotation": 90, "texture": "#0"},
				"up": {"uv": [7, 4, 8, 11], "rotation": 180, "texture": "#0"},
				"down": {"uv": [7, 4, 8, 11], "texture": "#0"}
			}
		},
		{
			"from": [10.5, 0, 6.5],
			"to": [12.5, 2, 8.5],
			"rotation": {"angle": 22.5, "axis": "y", "origin": [8, 8, 8]},
			"faces": {
				"north": {"uv": [4, 11, 6, 13], "texture": "#0"},
				"east": {"uv": [4, 9, 6, 11], "texture": "#0"},
				"south": {"uv": [4, 11, 6, 13], "rotation": 180, "texture": "#0"},
				"up": {"uv": [4, 11, 6, 13], "rotation": 180, "texture": "#0"},
				"down": {"uv": [4, 11, 6, 13], "rotation": 180, "texture": "#0"}
			}
		},
		{
			"from": [12.5, 0.5, 6.5],
			"to": [14.5, 1.5, 7.5],
			"rotation": {"angle": 22.5, "axis": "y", "origin": [8, 8, 8]},
			"faces": {
				"north": {"uv": [2, 12, 4, 13], "rotation": 180, "texture": "#0"},
				"east": {"uv": [2, 12, 3, 13], "texture": "#0"},
				"south": {"uv": [2, 12, 4, 13], "texture": "#0"},
				"up": {"uv": [2, 12, 4, 13], "texture": "#0"},
				"down": {"uv": [2, 12, 4, 13], "texture": "#0"}
			}
		},
		{
			"from": [9.5, 0, 6],
			"to": [10.5, 2, 9],
			"rotation": {"angle": 22.5, "axis": "y", "origin": [8, 8, 8]},
			"faces": {
				"north": {"uv": [7, 12, 9, 13], "rotation": 90, "texture": "#0"},
				"east": {"uv": [7, 12, 9, 15], "rotation": 90, "texture": "#0"},
				"south": {"uv": [7, 14, 9, 15], "rotation": 90, "texture": "#0"},
				"west": {"uv": [7, 12, 9, 15], "rotation": 90, "texture": "#0"},
				"up": {"uv": [6, 12, 7, 15], "texture": "#0"},
				"down": {"uv": [6, 12, 7, 15], "texture": "#0"}
			}
		},
		{
			"from": [2, 0, 2],
			"to": [8, 6, 8],
			"faces": {
				"north": {"uv": [0, 0, 16, 16], "texture": "#1"},
				"east": {"uv": [0, 0, 16, 16], "texture": "#1"},
				"south": {"uv": [0, 0, 16, 16], "texture": "#1"},
				"west": {"uv": [0, 0, 16, 16], "texture": "#1"},
				"up": {"uv": [0, 0, 16, 16], "texture": "#1"},
				"down": {"uv": [0, 0, 16, 16], "texture": "#1"}
			}
		}
	],
	"groups": [
		{
			"name": "group",
			"children": [0, 1, 2, 3, 4]
		}, 5]
}