{
	"credit": "Made with Blockbench",
	"parent": "./cit_item_wall",
	"textures": {
		"0": "./crafting_table_tool",
		"1": "./crafting_table_2"
	},
	"elements": [
		{
			"from": [0, 0, 0],
			"to": [16, 16, 1],
			"faces": {
				"north": {"uv": [1, 1, 16, 16], "texture": "#1"},
				"east": {"uv": [0, 0, 1, 15], "texture": "#1"},
				"south": {"uv": [1, 1, 16, 16], "texture": "#1"},
				"west": {"uv": [0, 0, 1, 15], "texture": "#1"},
				"up": {"uv": [0, 0, 15, 1], "texture": "#1"},
				"down": {"uv": [0, 0, 15, 1], "texture": "#1"}
			}
		},
		{
			"from": [4, 12, 1],
			"to": [6, 16, 3],
			"faces": {
				"north": {"uv": [8, 0, 10, 4], "texture": "#0"},
				"east": {"uv": [8, 0, 10, 4], "texture": "#0"},
				"south": {"uv": [8, 0, 10, 4], "texture": "#0"},
				"west": {"uv": [8, 0, 10, 4], "texture": "#0"},
				"up": {"uv": [6, 0, 8, 2], "texture": "#0"},
				"down": {"uv": [6, 0, 8, 2], "texture": "#0"}
			}
		},
		{
			"from": [4.5, 8, 1.5],
			"to": [5.5, 12, 2.5],
			"faces": {
				"north": {"uv": [7, 4, 8, 8], "texture": "#0"},
				"east": {"uv": [7, 4, 8, 8], "texture": "#0"},
				"south": {"uv": [7, 4, 8, 8], "texture": "#0"},
				"west": {"uv": [7, 4, 8, 8], "texture": "#0"}
			}
		},
		{
			"from": [4, 4, 1.5],
			"to": [6, 8, 2.5],
			"faces": {
				"north": {"uv": [8, 7, 10, 11], "texture": "#0"},
				"east": {"uv": [9, 7, 10, 11], "texture": "#0"},
				"south": {"uv": [8, 7, 10, 11], "texture": "#0"},
				"west": {"uv": [8, 7, 9, 11], "texture": "#0"},
				"up": {"uv": [8, 7, 10, 8], "texture": "#0"},
				"down": {"uv": [8, 10, 10, 11], "texture": "#0"}
			}
		},
		{
			"from": [10, 10, 1.5],
			"to": [12, 15, 3.5],
			"faces": {
				"north": {"uv": [0, 0, 2, 5], "texture": "#0"},
				"east": {"uv": [0, 0, 2, 5], "texture": "#0"},
				"south": {"uv": [0, 0, 2, 5], "texture": "#0"},
				"west": {"uv": [0, 0, 2, 5], "texture": "#0"},
				"up": {"uv": [6, 0, 8, 2], "texture": "#0"},
				"down": {"uv": [6, 0, 8, 2], "texture": "#0"}
			}
		},
		{
			"from": [10.5, 5, 2],
			"to": [11.5, 10, 3],
			"faces": {
				"north": {"uv": [7, 4, 8, 9], "texture": "#0"},
				"east": {"uv": [7, 4, 8, 9], "texture": "#0"},
				"south": {"uv": [7, 4, 8, 9], "texture": "#0"},
				"west": {"uv": [7, 4, 8, 9], "texture": "#0"}
			}
		},
		{
			"from": [8, 2, 1],
			"to": [14, 5, 4],
			"faces": {
				"north": {"uv": [0, 13, 6, 16], "texture": "#0"},
				"east": {"uv": [7, 12, 10, 15], "texture": "#0"},
				"south": {"uv": [0, 13, 6, 16], "texture": "#0"},
				"west": {"uv": [7, 12, 10, 15], "texture": "#0"},
				"up": {"uv": [0, 13, 6, 16], "texture": "#0"},
				"down": {"uv": [0, 13, 6, 16], "texture": "#0"}
			}
		}
	],
	"groups": [0,
		{
			"name": "group",
			"children": [1, 2, 3]
		},
		{
			"name": "group",
			"children": [4, 5, 6]
		}
	]
}