{
	"credit": "Made with Blockbench",
	"parent": "./cit_item_wall",
	"textures": {
		"0": "./crafting_table_tool",
		"1": "./crafting_table_2"
	},
	"elements": [
		{
			"from": [0, 0, 0],
			"to": [16, 16, 1],
			"faces": {
				"north": {"uv": [1, 1, 16, 16], "texture": "#1"},
				"east": {"uv": [0, 0, 1, 15], "texture": "#1"},
				"south": {"uv": [1, 1, 16, 16], "texture": "#1"},
				"west": {"uv": [0, 0, 1, 15], "texture": "#1"},
				"up": {"uv": [0, 0, 15, 1], "texture": "#1"},
				"down": {"uv": [0, 0, 15, 1], "texture": "#1"}
			}
		},
		{
			"from": [4, 11, 1],
			"to": [6, 15, 3],
			"faces": {
				"north": {"uv": [8, 0, 10, 4], "texture": "#0"},
				"east": {"uv": [8, 0, 10, 4], "texture": "#0"},
				"south": {"uv": [8, 0, 10, 4], "texture": "#0"},
				"west": {"uv": [8, 0, 10, 4], "texture": "#0"},
				"up": {"uv": [6, 0, 8, 2], "texture": "#0"},
				"down": {"uv": [6, 0, 8, 2], "texture": "#0"}
			}
		},
		{
			"from": [4.5, 4, 1.5],
			"to": [5.5, 11, 2.5],
			"faces": {
				"north": {"uv": [7, 4, 8, 11], "texture": "#0"},
				"east": {"uv": [7, 4, 8, 11], "texture": "#0"},
				"south": {"uv": [7, 4, 8, 11], "texture": "#0"},
				"west": {"uv": [7, 4, 8, 11], "texture": "#0"},
				"down": {"uv": [7, 10, 8, 11], "texture": "#0"}
			}
		},
		{
			"from": [4, 4.5, 1],
			"to": [6, 6.5, 3],
			"faces": {
				"north": {"uv": [6, 11, 4, 13], "texture": "#0"},
				"south": {"uv": [4, 11, 6, 13], "texture": "#0"},
				"west": {"uv": [4, 9, 6, 11], "texture": "#0"},
				"up": {"uv": [4, 11, 6, 13], "texture": "#0"},
				"down": {"uv": [4, 11, 6, 13], "texture": "#0"}
			}
		},
		{
			"from": [2, 4.5, 1.5],
			"to": [4, 5.5, 2.5],
			"faces": {
				"north": {"uv": [4, 12, 2, 13], "texture": "#0"},
				"south": {"uv": [2, 12, 4, 13], "texture": "#0"},
				"west": {"uv": [2, 12, 3, 13], "texture": "#0"},
				"up": {"uv": [2, 12, 4, 13], "texture": "#0"},
				"down": {"uv": [2, 12, 4, 13], "texture": "#0"}
			}
		},
		{
			"from": [6, 4, 1],
			"to": [7, 7, 3],
			"faces": {
				"north": {"uv": [6, 12, 7, 15], "texture": "#0"},
				"east": {"uv": [7, 12, 9, 15], "texture": "#0"},
				"south": {"uv": [6, 12, 7, 15], "texture": "#0"},
				"west": {"uv": [7, 12, 9, 15], "texture": "#0"},
				"up": {"uv": [7, 12, 9, 13], "rotation": 90, "texture": "#0"},
				"down": {"uv": [7, 14, 9, 15], "rotation": 90, "texture": "#0"}
			}
		},
		{
			"from": [8, 12, 1],
			"to": [10, 15, 2],
			"faces": {
				"north": {"uv": [0, 1, 2, 4], "texture": "#0"},
				"east": {"uv": [1, 1, 2, 4], "texture": "#0"},
				"south": {"uv": [0, 1, 2, 4], "texture": "#0"},
				"west": {"uv": [0, 1, 1, 4], "texture": "#0"},
				"up": {"uv": [0, 0, 2, 1], "texture": "#0"},
				"down": {"uv": [0, 0, 2, 1], "texture": "#0"}
			}
		},
		{
			"from": [11, 12, 1],
			"to": [13, 15, 2],
			"faces": {
				"north": {"uv": [3, 1, 5, 4], "texture": "#0"},
				"east": {"uv": [4, 1, 5, 4], "texture": "#0"},
				"south": {"uv": [3, 1, 5, 4], "texture": "#0"},
				"west": {"uv": [3, 0, 4, 3], "texture": "#0"},
				"up": {"uv": [3, 0, 5, 1], "texture": "#0"},
				"down": {"uv": [3, 0, 5, 1], "texture": "#0"}
			}
		},
		{
			"from": [9, 7, 1],
			"to": [10, 12, 2],
			"faces": {
				"north": {"uv": [1, 5, 2, 10], "texture": "#0"},
				"east": {"uv": [1, 5, 2, 10], "texture": "#0"},
				"south": {"uv": [1, 5, 2, 10], "texture": "#0"},
				"west": {"uv": [1, 5, 2, 10], "texture": "#0"},
				"down": {"uv": [1, 9, 2, 10], "texture": "#0"}
			}
		},
		{
			"from": [11, 7, 1],
			"to": [12, 12, 2],
			"faces": {
				"north": {"uv": [3, 5, 4, 10], "texture": "#0"},
				"east": {"uv": [3, 5, 4, 10], "texture": "#0"},
				"south": {"uv": [3, 5, 4, 10], "texture": "#0"},
				"west": {"uv": [3, 5, 4, 10], "texture": "#0"},
				"down": {"uv": [3, 9, 4, 10], "texture": "#0"}
			}
		},
		{
			"from": [10, 9, 1],
			"to": [11, 11, 2],
			"faces": {
				"north": {"uv": [2, 6, 3, 8], "texture": "#0"},
				"south": {"uv": [2, 6, 3, 8], "texture": "#0"},
				"up": {"uv": [2, 6, 3, 7], "texture": "#0"},
				"down": {"uv": [2, 7, 3, 8], "texture": "#0"}
			}
		}
	],
	"groups": [0,
		{
			"name": "group",
			"children": [1, 2, 3, 4, 5]
		},
		{
			"name": "group",
			"children": [6, 7, 8, 9, 10]
		}
	]
}