{
	"credit": "Made with Blockbench",
	"parent": "./cit_item",
	"textures": {
		"0": "./creeper_head_0",
		"1": "block/red_wool",
		"2": "block/white_wool"
	},
	"elements": [
		{
			"from": [6, 2, 6],
			"to": [10, 7, 10],
			"faces": {
				"north": {"uv": [10, 0, 14, 5], "texture": "#0"},
				"east": {"uv": [10, 0, 14, 5], "texture": "#0"},
				"south": {"uv": [10, 0, 14, 5], "texture": "#0"},
				"west": {"uv": [10, 0, 14, 5], "texture": "#0"},
				"up": {"uv": [10, 0, 14, 4], "texture": "#0"},
				"down": {"uv": [10, 0, 14, 4], "texture": "#0"}
			}
		},
		{
			"from": [4, 7, 4],
			"to": [12, 15, 12],
			"faces": {
				"north": {"uv": [8, 0, 16, 8], "texture": "#0"},
				"east": {"uv": [8, 0, 16, 8], "texture": "#0"},
				"south": {"uv": [0, 0, 8, 8], "texture": "#0"},
				"west": {"uv": [8, 0, 16, 8], "texture": "#0"},
				"up": {"uv": [8, 8, 16, 16], "texture": "#0"},
				"down": {"uv": [8, 0, 16, 8], "texture": "#0"}
			}
		},
		{
			"from": [8.5, 0, 9],
			"to": [11.5, 3, 12],
			"faces": {
				"north": {"uv": [3, 10, 0, 13], "texture": "#0"},
				"east": {"uv": [3, 13, 6, 16], "texture": "#0"},
				"south": {"uv": [3, 13, 0, 16], "texture": "#0"},
				"west": {"uv": [6, 13, 3, 16], "texture": "#0"},
				"up": {"uv": [3, 10, 0, 13], "rotation": 180, "texture": "#0"},
				"down": {"uv": [6, 10, 3, 13], "rotation": 180, "texture": "#0"}
			}
		},
		{
			"from": [4.5, 0, 9],
			"to": [7.5, 3, 12],
			"faces": {
				"north": {"uv": [0, 10, 3, 13], "texture": "#0"},
				"east": {"uv": [3, 13, 6, 16], "texture": "#0"},
				"south": {"uv": [0, 13, 3, 16], "texture": "#0"},
				"west": {"uv": [6, 13, 3, 16], "texture": "#0"},
				"up": {"uv": [0, 10, 3, 13], "rotation": 180, "texture": "#0"},
				"down": {"uv": [3, 10, 6, 13], "rotation": 180, "texture": "#0"}
			}
		},
		{
			"from": [4.5, 0, 4],
			"to": [7.5, 3, 7],
			"faces": {
				"north": {"uv": [0, 10, 3, 13], "texture": "#0"},
				"east": {"uv": [3, 13, 6, 16], "texture": "#0"},
				"south": {"uv": [0, 13, 3, 16], "texture": "#0"},
				"west": {"uv": [6, 13, 3, 16], "texture": "#0"},
				"up": {"uv": [0, 10, 3, 13], "rotation": 180, "texture": "#0"},
				"down": {"uv": [3, 10, 6, 13], "rotation": 180, "texture": "#0"}
			}
		},
		{
			"from": [8.5, 0, 4],
			"to": [11.5, 3, 7],
			"faces": {
				"north": {"uv": [3, 10, 0, 13], "texture": "#0"},
				"east": {"uv": [3, 13, 6, 16], "texture": "#0"},
				"south": {"uv": [3, 13, 0, 16], "texture": "#0"},
				"west": {"uv": [6, 13, 3, 16], "texture": "#0"},
				"up": {"uv": [3, 10, 0, 13], "rotation": 180, "texture": "#0"},
				"down": {"uv": [6, 10, 3, 13], "rotation": 180, "texture": "#0"}
			}
		},
		{
			"from": [5, 15, 5],
			"to": [11, 16, 11],
			"faces": {
				"north": {"uv": [0, 0, 6, 1], "texture": "#2"},
				"east": {"uv": [0, 0, 6, 1], "texture": "#2"},
				"south": {"uv": [0, 0, 6, 1], "texture": "#2"},
				"west": {"uv": [0, 0, 6, 1], "texture": "#2"},
				"up": {"uv": [0, 0, 6, 6], "texture": "#2"}
			}
		},
		{
			"from": [6, 16, 6],
			"to": [10, 18, 10],
			"faces": {
				"north": {"uv": [0, 0, 4, 2], "texture": "#1"},
				"east": {"uv": [0, 0, 4, 2], "texture": "#1"},
				"south": {"uv": [0, 0, 4, 2], "texture": "#1"},
				"west": {"uv": [0, 0, 4, 2], "texture": "#1"},
				"up": {"uv": [0, 0, 4, 4], "texture": "#1"}
			}
		},
		{
			"from": [8, 18, 5],
			"to": [11, 19, 8],
			"faces": {
				"north": {"uv": [0, 0, 3, 1], "texture": "#1"},
				"east": {"uv": [0, 0, 3, 1], "texture": "#1"},
				"south": {"uv": [0, 0, 3, 1], "texture": "#1"},
				"west": {"uv": [0, 0, 3, 1], "texture": "#1"},
				"up": {"uv": [0, 0, 3, 3], "texture": "#1"},
				"down": {"uv": [0, 0, 3, 3], "texture": "#1"}
			}
		},
		{
			"from": [10, 17.5, 4],
			"to": [12, 19.5, 6],
			"faces": {
				"north": {"uv": [0, 0, 2, 2], "texture": "#2"},
				"east": {"uv": [0, 0, 2, 2], "texture": "#2"},
				"south": {"uv": [0, 0, 2, 2], "texture": "#2"},
				"west": {"uv": [0, 0, 2, 2], "texture": "#2"},
				"up": {"uv": [0, 0, 2, 2], "texture": "#2"},
				"down": {"uv": [0, 0, 2, 2], "texture": "#2"}
			}
		}
	]
}