{
	"parent": "./cit_item",
	"ambientocclusion": false,
	"textures": {
		"0": "./creeper_head_0",
		"1": "block/black_wool",
		"2": "block/orange_wool"
	},
	"elements": [
		{
			"from": [6, 2, 6],
			"to": [10, 7, 10],
			"faces": {
				"north": {"uv": [10, 0, 14, 5], "texture": "#0"},
				"east": {"uv": [10, 0, 14, 5], "texture": "#0"},
				"south": {"uv": [10, 0, 14, 5], "texture": "#0"},
				"west": {"uv": [10, 0, 14, 5], "texture": "#0"},
				"up": {"uv": [10, 0, 14, 4], "texture": "#0"},
				"down": {"uv": [10, 0, 14, 4], "texture": "#0"}
			}
		},
		{
			"from": [4, 7, 4],
			"to": [12, 15, 12],
			"faces": {
				"north": {"uv": [8, 0, 16, 8], "texture": "#0"},
				"east": {"uv": [8, 0, 16, 8], "texture": "#0"},
				"south": {"uv": [0, 0, 8, 8], "texture": "#0"},
				"west": {"uv": [8, 0, 16, 8], "texture": "#0"},
				"up": {"uv": [8, 8, 16, 16], "texture": "#0"},
				"down": {"uv": [8, 0, 16, 8], "texture": "#0"}
			}
		},
		{
			"from": [8.5, 0, 9],
			"to": [11.5, 3, 12],
			"faces": {
				"north": {"uv": [3, 10, 0, 13], "texture": "#0"},
				"east": {"uv": [3, 13, 6, 16], "texture": "#0"},
				"south": {"uv": [3, 13, 0, 16], "texture": "#0"},
				"west": {"uv": [6, 13, 3, 16], "texture": "#0"},
				"up": {"uv": [3, 10, 0, 13], "rotation": 180, "texture": "#0"},
				"down": {"uv": [6, 10, 3, 13], "rotation": 180, "texture": "#0"}
			}
		},
		{
			"from": [4.5, 0, 9],
			"to": [7.5, 3, 12],
			"faces": {
				"north": {"uv": [0, 10, 3, 13], "texture": "#0"},
				"east": {"uv": [3, 13, 6, 16], "texture": "#0"},
				"south": {"uv": [0, 13, 3, 16], "texture": "#0"},
				"west": {"uv": [6, 13, 3, 16], "texture": "#0"},
				"up": {"uv": [0, 10, 3, 13], "rotation": 180, "texture": "#0"},
				"down": {"uv": [3, 10, 6, 13], "rotation": 180, "texture": "#0"}
			}
		},
		{
			"from": [4.5, 0, 4],
			"to": [7.5, 3, 7],
			"faces": {
				"north": {"uv": [0, 10, 3, 13], "texture": "#0"},
				"east": {"uv": [3, 13, 6, 16], "texture": "#0"},
				"south": {"uv": [0, 13, 3, 16], "texture": "#0"},
				"west": {"uv": [6, 13, 3, 16], "texture": "#0"},
				"up": {"uv": [0, 10, 3, 13], "rotation": 180, "texture": "#0"},
				"down": {"uv": [3, 10, 6, 13], "rotation": 180, "texture": "#0"}
			}
		},
		{
			"from": [8.5, 0, 4],
			"to": [11.5, 3, 7],
			"faces": {
				"north": {"uv": [3, 10, 0, 13], "texture": "#0"},
				"east": {"uv": [3, 13, 6, 16], "texture": "#0"},
				"south": {"uv": [3, 13, 0, 16], "texture": "#0"},
				"west": {"uv": [6, 13, 3, 16], "texture": "#0"},
				"up": {"uv": [3, 10, 0, 13], "rotation": 180, "texture": "#0"},
				"down": {"uv": [6, 10, 3, 13], "rotation": 180, "texture": "#0"}
			}
		},
		{
			"from": [3, 15, 3],
			"to": [13, 16, 13],
			"faces": {
				"north": {"uv": [0, 0, 10, 1], "texture": "#1"},
				"east": {"uv": [0, 0, 10, 1], "texture": "#1"},
				"south": {"uv": [0, 0, 10, 1], "texture": "#1"},
				"west": {"uv": [0, 0, 10, 1], "texture": "#1"},
				"up": {"uv": [0, 0, 10, 10], "texture": "#1"},
				"down": {"uv": [0, 0, 10, 10], "texture": "#1"}
			}
		},
		{
			"from": [5, 17, 5],
			"to": [11, 18, 11],
			"faces": {
				"north": {"uv": [0, 1, 6, 2], "texture": "#1"},
				"east": {"uv": [0, 1, 6, 2], "texture": "#1"},
				"south": {"uv": [0, 1, 6, 2], "texture": "#1"},
				"west": {"uv": [0, 1, 6, 2], "texture": "#1"},
				"up": {"uv": [0, 0, 6, 6], "texture": "#1"}
			}
		},
		{
			"from": [5, 16, 5],
			"to": [11, 17, 11],
			"rotation": {"angle": 0, "axis": "y", "origin": [8, 7, 8]},
			"faces": {
				"north": {"uv": [0, 1, 6, 2], "texture": "#2"},
				"east": {"uv": [0, 1, 6, 2], "texture": "#2"},
				"south": {"uv": [0, 1, 6, 2], "texture": "#2"},
				"west": {"uv": [0, 1, 6, 2], "texture": "#2"}
			}
		},
		{
			"from": [6, 18, 6],
			"to": [10, 20, 10],
			"rotation": {"angle": 0, "axis": "y", "origin": [8, 9, 8]},
			"faces": {
				"north": {"uv": [0, 0, 4, 2], "texture": "#1"},
				"east": {"uv": [0, 0, 4, 2], "texture": "#1"},
				"south": {"uv": [0, 0, 4, 2], "texture": "#1"},
				"west": {"uv": [0, 0, 4, 2], "texture": "#1"},
				"up": {"uv": [0, 0, 4, 4], "texture": "#1"}
			}
		},
		{
			"from": [8, 20, 5],
			"to": [11, 21, 8],
			"rotation": {"angle": 0, "axis": "y", "origin": [8, 10, 8]},
			"faces": {
				"north": {"uv": [0, 0, 3, 1], "texture": "#1"},
				"east": {"uv": [0, 0, 3, 1], "texture": "#1"},
				"south": {"uv": [0, 0, 3, 1], "texture": "#1"},
				"west": {"uv": [0, 0, 3, 1], "texture": "#1"},
				"up": {"uv": [0, 0, 3, 3], "texture": "#1"},
				"down": {"uv": [0, 0, 3, 3], "texture": "#1"}
			}
		},
		{
			"from": [10, 21, 4],
			"to": [12, 22, 6],
			"rotation": {"angle": 0, "axis": "y", "origin": [8, 10.5, 8]},
			"faces": {
				"north": {"uv": [0, 0, 2, 1], "texture": "#1"},
				"east": {"uv": [0, 0, 2, 1], "texture": "#1"},
				"south": {"uv": [0, 0, 2, 1], "texture": "#1"},
				"west": {"uv": [0, 0, 2, 1], "texture": "#1"},
				"up": {"uv": [0, 0, 2, 2], "texture": "#1"},
				"down": {"uv": [0, 0, 2, 2], "texture": "#1"}
			}
		}
	]
}