{
	"credit": "Made with Blockbench",
	"parent": "./cit_item",
	"textures": {
		"0": "./creeper_head_0"
	},
	"elements": [
		{
			"name": "cube",
			"from": [6, 2, 6],
			"to": [10, 7, 10],
			"faces": {
				"north": {"uv": [10, 0, 14, 5], "texture": "#0"},
				"east": {"uv": [10, 0, 14, 5], "texture": "#0"},
				"south": {"uv": [10, 0, 14, 5], "texture": "#0"},
				"west": {"uv": [10, 0, 14, 5], "texture": "#0"},
				"up": {"uv": [10, 0, 14, 4], "texture": "#0"},
				"down": {"uv": [10, 0, 14, 4], "texture": "#0"}
			}
		},
		{
			"name": "cube",
			"from": [4, 7, 4],
			"to": [12, 15, 12],
			"faces": {
				"north": {"uv": [8, 0, 16, 8], "texture": "#0"},
				"east": {"uv": [8, 0, 16, 8], "texture": "#0"},
				"south": {"uv": [0, 0, 8, 8], "texture": "#0"},
				"west": {"uv": [8, 0, 16, 8], "texture": "#0"},
				"up": {"uv": [8, 8, 16, 16], "texture": "#0"},
				"down": {"uv": [8, 0, 16, 8], "texture": "#0"}
			}
		},
		{
			"name": "cube",
			"from": [8.5, 0, 9],
			"to": [11.5, 3, 12],
			"faces": {
				"north": {"uv": [3, 10, 0, 13], "texture": "#0"},
				"east": {"uv": [3, 13, 6, 16], "texture": "#0"},
				"south": {"uv": [3, 13, 0, 16], "texture": "#0"},
				"west": {"uv": [6, 13, 3, 16], "texture": "#0"},
				"up": {"uv": [3, 10, 0, 13], "texture": "#0", "rotation": 180},
				"down": {"uv": [6, 10, 3, 13], "texture": "#0", "rotation": 180}
			}
		},
		{
			"name": "cube",
			"from": [4.5, 0, 9],
			"to": [7.5, 3, 12],
			"faces": {
				"north": {"uv": [0, 10, 3, 13], "texture": "#0"},
				"east": {"uv": [3, 13, 6, 16], "texture": "#0"},
				"south": {"uv": [0, 13, 3, 16], "texture": "#0"},
				"west": {"uv": [6, 13, 3, 16], "texture": "#0"},
				"up": {"uv": [0, 10, 3, 13], "texture": "#0", "rotation": 180},
				"down": {"uv": [3, 10, 6, 13], "texture": "#0", "rotation": 180}
			}
		},
		{
			"name": "cube",
			"from": [4.5, 0, 4],
			"to": [7.5, 3, 7],
			"faces": {
				"north": {"uv": [0, 10, 3, 13], "texture": "#0"},
				"east": {"uv": [3, 13, 6, 16], "texture": "#0"},
				"south": {"uv": [0, 13, 3, 16], "texture": "#0"},
				"west": {"uv": [6, 13, 3, 16], "texture": "#0"},
				"up": {"uv": [0, 10, 3, 13], "texture": "#0", "rotation": 180},
				"down": {"uv": [3, 10, 6, 13], "texture": "#0", "rotation": 180}
			}
		},
		{
			"name": "cube",
			"from": [8.5, 0, 4],
			"to": [11.5, 3, 7],
			"faces": {
				"north": {"uv": [3, 10, 0, 13], "texture": "#0"},
				"east": {"uv": [3, 13, 6, 16], "texture": "#0"},
				"south": {"uv": [3, 13, 0, 16], "texture": "#0"},
				"west": {"uv": [6, 13, 3, 16], "texture": "#0"},
				"up": {"uv": [3, 10, 0, 13], "texture": "#0", "rotation": 180},
				"down": {"uv": [6, 10, 3, 13], "texture": "#0", "rotation": 180}
			}
		}
	]
}