{
	"parent": "./cit_item",
	"textures": {
		"0": "./butterfly_0"
	},
	"elements": [
		{
			"from": [6, 15, 9],
			"to": [8, 15, 12],
			"rotation": {"angle": 22.5, "axis": "z", "origin": [8, 15, 11]},
			"faces": {
				"up": {"uv": [0, 12, 2, 15], "texture": "#0"},
				"down": {"uv": [0, 15, 2, 12], "texture": "#0"}
			}
		},
		{
			"from": [8.25, 15, 9],
			"to": [10.25, 15, 12],
			"faces": {
				"up": {"uv": [2, 12, 0, 15], "texture": "#0"},
				"down": {"uv": [2, 15, 0, 12], "texture": "#0"}
			}
		},
		{
			"from": [6.25, 13.5, 8.75],
			"to": [8.25, 13.5, 11.75],
			"rotation": {"angle": -22.5, "axis": "z", "origin": [8.25, 13.5, 10.75]},
			"faces": {
				"up": {"uv": [3, 12, 5, 15], "texture": "#0"},
				"down": {"uv": [3, 15, 5, 12], "texture": "#0"}
			}
		},
		{
			"from": [8.5, 13.5, 8.75],
			"to": [10.5, 13.5, 11.75],
			"rotation": {"angle": 22.5, "axis": "z", "origin": [8.5, 13.5, 10.75]},
			"faces": {
				"up": {"uv": [5, 12, 3, 15], "texture": "#0"},
				"down": {"uv": [5, 15, 3, 12], "texture": "#0"}
			}
		},
		{
			"from": [7.75, 11.75, 8.75],
			"to": [9.75, 11.75, 11.75],
			"rotation": {"angle": 45, "axis": "z", "origin": [7.75, 11.75, 10.5]},
			"faces": {
				"up": {"uv": [8, 12, 6, 15], "texture": "#0"},
				"down": {"uv": [8, 15, 6, 12], "texture": "#0"}
			}
		},
		{
			"from": [7.5, 11.75, 8.75],
			"to": [7.5, 13.75, 11.75],
			"rotation": {"angle": 45, "axis": "z", "origin": [7.5, 11.75, 10.5]},
			"faces": {
				"east": {"uv": [6, 12, 8, 15], "rotation": 90, "texture": "#0"},
				"west": {"uv": [6, 15, 8, 12], "rotation": 90, "texture": "#0"}
			}
		},
		{
			"from": [5, 14, 8.75],
			"to": [7, 14, 11.75],
			"rotation": {"angle": 22.5, "axis": "z", "origin": [7, 14, 10.75]},
			"faces": {
				"up": {"uv": [9, 12, 11, 15], "texture": "#0"},
				"down": {"uv": [9, 15, 11, 12], "texture": "#0"}
			}
		},
		{
			"from": [7.25, 14, 8.75],
			"to": [9.25, 14, 11.75],
			"rotation": {"angle": -22.5, "axis": "z", "origin": [7.25, 14, 10.75]},
			"faces": {
				"up": {"uv": [11, 12, 9, 15], "texture": "#0"},
				"down": {"uv": [11, 15, 9, 12], "texture": "#0"}
			}
		},
		{
			"from": [7.25, 14.25, 9],
			"to": [7.25, 16.25, 12],
			"rotation": {"angle": -45, "axis": "z", "origin": [7.25, 16.25, 11]},
			"faces": {
				"east": {"uv": [12, 15, 14, 12], "rotation": 270, "texture": "#0"},
				"west": {"uv": [12, 12, 14, 15], "rotation": 270, "texture": "#0"}
			}
		},
		{
			"from": [7.5, 14.25, 9],
			"to": [7.5, 16.25, 12],
			"rotation": {"angle": 45, "axis": "z", "origin": [7.5, 16.25, 11]},
			"faces": {
				"east": {"uv": [14, 12, 12, 15], "rotation": 90, "texture": "#0"},
				"west": {"uv": [14, 15, 12, 12], "rotation": 90, "texture": "#0"}
			}
		}
	],
	"groups": [
		{
			"name": "orange",
			"children": [0, 1, 2, 3, 4, 5, 6, 7, 8, 9]
		}
	]
}