{
	"parent": "./cit_item",
	"textures": {
		"0": "./butterfly_0"
	},
	"elements": [
		{
			"from": [2, 21, 9.75],
			"to": [4, 21, 12.75],
			"rotation": {"angle": 22.5, "axis": "z", "origin": [4, 21, 11.75]},
			"faces": {
				"up": {"uv": [0, 0, 2, 3], "texture": "#0"},
				"down": {"uv": [0, 3, 2, 0], "texture": "#0"}
			}
		},
		{
			"from": [4.25, 21, 9.75],
			"to": [6.25, 21, 12.75],
			"faces": {
				"up": {"uv": [2, 0, 0, 3], "texture": "#0"},
				"down": {"uv": [2, 3, 0, 0], "texture": "#0"}
			}
		},
		{
			"from": [2.25, 19.5, 9.5],
			"to": [4.25, 19.5, 12.5],
			"rotation": {"angle": -22.5, "axis": "z", "origin": [4.25, 19.5, 11.5]},
			"faces": {
				"up": {"uv": [3, 0, 5, 3], "texture": "#0"},
				"down": {"uv": [3, 3, 5, 0], "texture": "#0"}
			}
		},
		{
			"from": [4.5, 19.5, 9.5],
			"to": [6.5, 19.5, 12.5],
			"rotation": {"angle": 22.5, "axis": "z", "origin": [4.5, 19.5, 11.5]},
			"faces": {
				"up": {"uv": [5, 0, 3, 3], "texture": "#0"},
				"down": {"uv": [5, 3, 3, 0], "texture": "#0"}
			}
		},
		{
			"from": [3.75, 17.75, 9.5],
			"to": [5.75, 17.75, 12.5],
			"rotation": {"angle": 45, "axis": "z", "origin": [3.75, 17.75, 11.25]},
			"faces": {
				"up": {"uv": [8, 0, 6, 3], "texture": "#0"},
				"down": {"uv": [8, 3, 6, 0], "texture": "#0"}
			}
		},
		{
			"from": [3.5, 17.75, 9.5],
			"to": [3.5, 19.75, 12.5],
			"rotation": {"angle": 45, "axis": "z", "origin": [3.5, 17.75, 11.25]},
			"faces": {
				"east": {"uv": [6, 0, 8, 3], "rotation": 90, "texture": "#0"},
				"west": {"uv": [6, 3, 8, 0], "rotation": 90, "texture": "#0"}
			}
		},
		{
			"from": [1, 20, 9.5],
			"to": [3, 20, 12.5],
			"rotation": {"angle": 22.5, "axis": "z", "origin": [3, 20, 11.5]},
			"faces": {
				"up": {"uv": [9, 0, 11, 3], "texture": "#0"},
				"down": {"uv": [9, 3, 11, 0], "texture": "#0"}
			}
		},
		{
			"from": [3.25, 20, 9.5],
			"to": [5.25, 20, 12.5],
			"rotation": {"angle": -22.5, "axis": "z", "origin": [3.25, 20, 11.5]},
			"faces": {
				"up": {"uv": [11, 0, 9, 3], "texture": "#0"},
				"down": {"uv": [11, 3, 9, 0], "texture": "#0"}
			}
		},
		{
			"from": [3.25, 20.25, 9.75],
			"to": [3.25, 22.25, 12.75],
			"rotation": {"angle": -45, "axis": "z", "origin": [3.25, 22.25, 11.75]},
			"faces": {
				"east": {"uv": [12, 3, 14, 0], "rotation": 270, "texture": "#0"},
				"west": {"uv": [12, 0, 14, 3], "rotation": 270, "texture": "#0"}
			}
		},
		{
			"from": [3.5, 20.25, 9.75],
			"to": [3.5, 22.25, 12.75],
			"rotation": {"angle": 45, "axis": "z", "origin": [3.5, 22.25, 11.75]},
			"faces": {
				"east": {"uv": [14, 0, 12, 3], "rotation": 90, "texture": "#0"},
				"west": {"uv": [14, 3, 12, 0], "rotation": 90, "texture": "#0"}
			}
		},
		{
			"from": [10, 13, 5.5],
			"to": [13, 13, 7.5],
			"rotation": {"angle": 22.5, "axis": "x", "origin": [12, 13, 5.5]},
			"faces": {
				"up": {"uv": [0, 4, 2, 7], "rotation": 270, "texture": "#0"},
				"down": {"uv": [0, 7, 2, 4], "rotation": 90, "texture": "#0"}
			}
		},
		{
			"from": [10, 13, 3.25],
			"to": [13, 13, 5.25],
			"faces": {
				"up": {"uv": [2, 4, 0, 7], "rotation": 270, "texture": "#0"},
				"down": {"uv": [2, 7, 0, 4], "rotation": 90, "texture": "#0"}
			}
		},
		{
			"from": [9.75, 11.5, 6],
			"to": [12.75, 11.5, 8],
			"rotation": {"angle": -22.5, "axis": "x", "origin": [11.75, 11.5, 6]},
			"faces": {
				"up": {"uv": [3, 4, 5, 7], "rotation": 270, "texture": "#0"},
				"down": {"uv": [3, 7, 5, 4], "rotation": 90, "texture": "#0"}
			}
		},
		{
			"from": [9.75, 11.5, 3.75],
			"to": [12.75, 11.5, 5.75],
			"rotation": {"angle": 22.5, "axis": "x", "origin": [11.75, 11.5, 5.75]},
			"faces": {
				"up": {"uv": [5, 4, 3, 7], "rotation": 270, "texture": "#0"},
				"down": {"uv": [5, 7, 3, 4], "rotation": 90, "texture": "#0"}
			}
		},
		{
			"from": [9.75, 9.75, 3],
			"to": [12.75, 9.75, 5],
			"rotation": {"angle": 45, "axis": "x", "origin": [11.5, 9.75, 5]},
			"faces": {
				"up": {"uv": [8, 4, 6, 7], "rotation": 270, "texture": "#0"},
				"down": {"uv": [8, 7, 6, 4], "rotation": 90, "texture": "#0"}
			}
		},
		{
			"from": [9.75, 9.75, 5.25],
			"to": [12.75, 11.75, 5.25],
			"rotation": {"angle": 45, "axis": "x", "origin": [11.5, 9.75, 5.25]},
			"faces": {
				"north": {"uv": [6, 4, 8, 7], "rotation": 90, "texture": "#0"},
				"south": {"uv": [6, 7, 8, 4], "rotation": 90, "texture": "#0"}
			}
		},
		{
			"from": [9.75, 12, 4.5],
			"to": [12.75, 12, 6.5],
			"rotation": {"angle": 22.5, "axis": "x", "origin": [11.75, 12, 4.5]},
			"faces": {
				"up": {"uv": [9, 4, 11, 7], "rotation": 270, "texture": "#0"},
				"down": {"uv": [9, 7, 11, 4], "rotation": 90, "texture": "#0"}
			}
		},
		{
			"from": [9.75, 12, 2.25],
			"to": [12.75, 12, 4.25],
			"rotation": {"angle": -22.5, "axis": "x", "origin": [11.75, 12, 4.25]},
			"faces": {
				"up": {"uv": [11, 4, 9, 7], "rotation": 270, "texture": "#0"},
				"down": {"uv": [11, 7, 9, 4], "rotation": 90, "texture": "#0"}
			}
		},
		{
			"from": [10, 12.25, 5],
			"to": [13, 14.25, 5],
			"rotation": {"angle": -45, "axis": "x", "origin": [12, 14.25, 5]},
			"faces": {
				"north": {"uv": [12, 7, 14, 4], "rotation": 270, "texture": "#0"},
				"south": {"uv": [12, 4, 14, 7], "rotation": 270, "texture": "#0"}
			}
		},
		{
			"from": [10, 12.25, 4.75],
			"to": [13, 14.25, 4.75],
			"rotation": {"angle": 45, "axis": "x", "origin": [12, 14.25, 4.75]},
			"faces": {
				"north": {"uv": [14, 4, 12, 7], "rotation": 90, "texture": "#0"},
				"south": {"uv": [14, 7, 12, 4], "rotation": 90, "texture": "#0"}
			}
		}
	],
	"groups": [
		{
			"name": "yellow",
			"children": [0, 1, 2, 3, 4, 5, 6, 7, 8, 9]
		},
		{
			"name": "white",
			"children": [10, 11, 12, 13, 14, 15, 16, 17, 18, 19]
		}
	]
}