{
	"parent": "item/generated",
	"textures": {
		"layer0": "minecraft:item/cake"
	},
	
	"overrides": [
		{"predicate": {"custom_model_data":1}, "model": "item/cake_1"},
		{"predicate": {"custom_model_data":2}, "model": "item/cake_2"},
		{"predicate": {"custom_model_data":3}, "model": "item/cake_3"},
		{"predicate": {"custom_model_data":4}, "model": "item/cake_4"},
		{"predicate": {"custom_model_data":5}, "model": "item/cake_5"},
		{"predicate": {"custom_model_data":6}, "model": "item/cake_6"}
	]
}