{
	"credit": "Made with Blockbench",
	"ambientocclusion": false,
	"textures": {
		"0": "block/torch_0",
		"particle": "block/torch"
	},
	"elements": [
		{
			"from": [2.5, 6.5, 6.5],
			"to": [5.5, 7.5, 9.5],
			"faces": {
				"north": {"uv": [2, 6, 5, 7], "texture": "#0"},
				"east": {"uv": [2, 6, 5, 7], "texture": "#0"},
				"south": {"uv": [2, 6, 5, 7], "texture": "#0"},
				"west": {"uv": [2, 6, 5, 7], "texture": "#0"},
				"up": {"uv": [2, 2, 5, 5], "texture": "#0"},
				"down": {"uv": [2, 2, 5, 5], "texture": "#0"}
			}
		},
		{
			"from": [3, 4.5, 7],
			"to": [5, 12.5, 9],
			"shade": false,
			"faces": {
				"north": {"uv": [8, 0, 10, 8], "texture": "#0"},
				"east": {"uv": [12, 0, 14, 8], "texture": "#0"},
				"south": {"uv": [10, 0, 12, 8], "texture": "#0"},
				"west": {"uv": [8, 0, 10, 8], "texture": "#0"},
				"up": {"uv": [1, 10, 3, 12], "texture": "#0"},
				"down": {"uv": [6, 10, 8, 12], "texture": "#0"}
			}
		},
		{
			"from": [0, 3.5, 5.5],
			"to": [1, 8.5, 10.5],
			"faces": {
				"north": {"uv": [0, 1, 1, 6], "texture": "#0"},
				"east": {"uv": [1, 1, 6, 6], "texture": "#0"},
				"south": {"uv": [0, 1, 1, 6], "texture": "#0"},
				"west": {"uv": [1, 1, 6, 6], "texture": "#0"},
				"up": {"uv": [0, 1, 1, 6], "texture": "#0"},
				"down": {"uv": [0, 1, 1, 6], "texture": "#0"}
			}
		},
		{
			"from": [1, 5.5, 7.5],
			"to": [3, 6.5, 8.5],
			"faces": {
				"north": {"uv": [10, 14, 12, 15], "texture": "#0"},
				"south": {"uv": [10, 14, 12, 15], "texture": "#0"},
				"up": {"uv": [10, 14, 12, 15], "texture": "#0"},
				"down": {"uv": [10, 14, 12, 15], "texture": "#0"}
			}
		}
	]
}