{
	"credit": "Made with Blockbench",
	"textures": {
		"0": "block/MizunoArchive/black_wool",
		"1": "block/MizunoArchive/purple_concrete_powder",
		"2": "block/MizunoArchive/furnace_top",
		"3": "block/MizunoArchive/purple_concrete",
		"particle": "block/MizunoArchive/black_wool"
	},
	"elements": [
		{
			"from": [9, 8.25, 3.5],
			"to": [17, 17.25, 12.5],
			"rotation": {"angle": 22.5, "axis": "z", "origin": [17, 8.25, 12.5]},
			"faces": {
				"north": {"uv": [0, 0, 9, 8], "rotation": 270, "texture": "#0"},
				"east": {"uv": [0, 0, 9, 9], "rotation": 90, "texture": "#0"},
				"south": {"uv": [0, 0, 9, 8], "rotation": 90, "texture": "#0"},
				"west": {"uv": [0, 0, 9, 9], "rotation": 90, "texture": "#0"},
				"up": {"uv": [0, 0, 9, 8], "rotation": 90, "texture": "#0"},
				"down": {"uv": [0, 0, 9, 8], "rotation": 90, "texture": "#0"}
			}
		},
		{
			"from": [12.32963, 10.37527, 4],
			"to": [16.82963, 17.62527, 12],
			"rotation": {"angle": 45, "axis": "z", "origin": [16.32737, 14.88298, 7.99879]},
			"faces": {
				"north": {"uv": [0, 0, 7.25, 4.5], "rotation": 270, "texture": "#0"},
				"east": {"uv": [0, 0, 7.25, 8], "rotation": 90, "texture": "#0"},
				"south": {"uv": [0, 0, 7.25, 4.5], "rotation": 90, "texture": "#0"},
				"west": {"uv": [0, 0, 7.25, 8], "rotation": 90, "texture": "#0"},
				"up": {"uv": [0, 0, 8, 4.5], "rotation": 90, "texture": "#0"},
				"down": {"uv": [0, 0, 8, 4.5], "rotation": 90, "texture": "#0"}
			}
		},
		{
			"from": [15.62742, 16.40053, 5.00164],
			"to": [20.62742, 19.90053, 11.00164],
			"rotation": {"angle": 0, "axis": "z", "origin": [18.11168, 18.65406, 7.99667]},
			"faces": {
				"north": {"uv": [0, 0, 5, 3.5], "texture": "#0"},
				"east": {"uv": [0, 0, 6, 3.5], "texture": "#0"},
				"south": {"uv": [0, 0, 5, 3.5], "texture": "#0"},
				"west": {"uv": [0, 0, 6, 3.5], "texture": "#0"},
				"up": {"uv": [0, 0, 5, 6], "texture": "#0"},
				"down": {"uv": [0, 0, 5, 6], "texture": "#0"}
			}
		},
		{
			"from": [16.1283, 19.90053, 5.50076],
			"to": [20.1283, 22.40053, 10.50076],
			"rotation": {"angle": 0, "axis": "z", "origin": [18.11255, 23.15406, 7.99579]},
			"faces": {
				"north": {"uv": [0, 0, 4, 2.5], "texture": "#0"},
				"east": {"uv": [0, 0, 5, 2.5], "texture": "#0"},
				"south": {"uv": [0, 0, 4, 2.5], "texture": "#0"},
				"west": {"uv": [0, 0, 5, 2.5], "texture": "#0"},
				"up": {"uv": [0, 0, 4, 5], "texture": "#0"},
				"down": {"uv": [0, 0, 4, 5], "texture": "#0"}
			}
		},
		{
			"from": [14.49554, 13.22752, 4.50148],
			"to": [20.49554, 17.72752, 11.50148],
			"rotation": {"angle": -22.5, "axis": "z", "origin": [17.47979, 15.48105, 7.99651]},
			"faces": {
				"north": {"uv": [0, 0, 6, 4.5], "texture": "#0"},
				"east": {"uv": [0, 0, 7, 4.5], "texture": "#0"},
				"south": {"uv": [0, 0, 6, 4.5], "texture": "#0"},
				"west": {"uv": [0, 0, 7, 4.5], "texture": "#0"},
				"up": {"uv": [0, 0, 6, 7], "texture": "#0"},
				"down": {"uv": [0, 0, 6, 7], "texture": "#0"}
			}
		},
		{
			"from": [4.5, 0, 4],
			"to": [12.5, 8, 12],
			"rotation": {"angle": -45, "axis": "z", "origin": [12.5, 8, 12]},
			"faces": {
				"north": {"uv": [0, 0, 8, 8], "texture": "#0"},
				"east": {"uv": [0, 0, 8, 8], "texture": "#0"},
				"south": {"uv": [0, 0, 8, 8], "texture": "#0"},
				"west": {"uv": [0, 0, 8, 8], "texture": "#0"},
				"up": {"uv": [0, 0, 8, 8], "texture": "#0"},
				"down": {"uv": [0, 0, 8, 8], "texture": "#0"}
			}
		},
		{
			"from": [-0.06872, 0.27888, 4.75],
			"to": [6.03128, 6.27888, 11.25],
			"rotation": {"angle": 22.5, "axis": "z", "origin": [-0.97015, 2.77745, 8.30202]},
			"faces": {
				"north": {"uv": [0, 0, 6, 6.1], "rotation": 270, "texture": "#0"},
				"east": {"uv": [0, 0, 6, 6.5], "rotation": 90, "texture": "#0"},
				"south": {"uv": [0, 0, 6, 6.1], "rotation": 90, "texture": "#0"},
				"west": {"uv": [0, 0, 6, 6.5], "rotation": 90, "texture": "#0"},
				"up": {"uv": [0, 0, 6.5, 6.1], "rotation": 90, "texture": "#0"},
				"down": {"uv": [0, 0, 6.5, 6.1], "rotation": 90, "texture": "#0"}
			}
		},
		{
			"from": [-3.56872, 0.77888, 5.25],
			"to": [0.03128, 5.77888, 10.75],
			"rotation": {"angle": 22.5, "axis": "z", "origin": [-0.97015, 2.77745, 8.30202]},
			"faces": {
				"north": {"uv": [0, 0, 5, 3.6], "rotation": 270, "texture": "#0"},
				"east": {"uv": [0, 0, 5, 5.5], "rotation": 90, "texture": "#0"},
				"south": {"uv": [0, 0, 5, 3.6], "rotation": 90, "texture": "#0"},
				"west": {"uv": [0, 0, 5, 5.5], "rotation": 90, "texture": "#0"},
				"up": {"uv": [0, 0, 5.5, 3.6], "rotation": 90, "texture": "#0"},
				"down": {"uv": [0, 0, 5.5, 3.6], "rotation": 90, "texture": "#0"}
			}
		},
		{
			"from": [-6.57391, -0.22174, 5.7535],
			"to": [-2.47391, 4.02826, 10.2535],
			"rotation": {"angle": 0, "axis": "z", "origin": [-3.97533, 1.77682, 8.30551]},
			"faces": {
				"north": {"uv": [0, 0, 4.25, 4.1], "rotation": 270, "texture": "#0"},
				"east": {"uv": [0, 0, 4.25, 4.5], "rotation": 90, "texture": "#0"},
				"south": {"uv": [0, 0, 4.25, 4.1], "rotation": 90, "texture": "#0"},
				"west": {"uv": [0, 0, 4.25, 4.5], "rotation": 90, "texture": "#0"},
				"up": {"uv": [0, 0, 4.5, 4.1], "rotation": 90, "texture": "#0"},
				"down": {"uv": [0, 0, 4.5, 4.1], "rotation": 90, "texture": "#0"}
			}
		},
		{
			"from": [-9.99217, -0.22175, 7.48804],
			"to": [-5.99217, 3.52825, 11.48804],
			"rotation": {"angle": -22.5, "axis": "y", "origin": [-2.49359, 1.77681, 9.79006]},
			"faces": {
				"north": {"uv": [0, 0, 3.75, 4], "rotation": 270, "texture": "#0"},
				"east": {"uv": [0, 0, 3.75, 4], "rotation": 90, "texture": "#0"},
				"south": {"uv": [0, 0, 3.75, 4], "rotation": 90, "texture": "#0"},
				"west": {"uv": [0, 0, 3.75, 4], "rotation": 90, "texture": "#0"},
				"up": {"uv": [0, 0, 4, 4], "rotation": 90, "texture": "#0"},
				"down": {"uv": [0, 0, 4, 4], "rotation": 90, "texture": "#0"}
			}
		},
		{
			"from": [-13.77023, -0.22852, 9.83482],
			"to": [-10.77023, 3.02148, 13.33482],
			"rotation": {"angle": -45, "axis": "y", "origin": [-4.27166, 1.77004, 11.88684]},
			"faces": {
				"north": {"uv": [0, 0, 3.25, 3], "rotation": 270, "texture": "#0"},
				"east": {"uv": [0, 0, 3.25, 3.5], "rotation": 90, "texture": "#0"},
				"south": {"uv": [0, 0, 3.25, 3], "rotation": 90, "texture": "#0"},
				"west": {"uv": [0, 0, 3.25, 3.5], "rotation": 90, "texture": "#0"},
				"up": {"uv": [0, 0, 3.5, 3], "rotation": 90, "texture": "#0"},
				"down": {"uv": [0, 0, 3.5, 3], "rotation": 90, "texture": "#0"}
			}
		},
		{
			"from": [-7.84861, -0.23872, 1.84508],
			"to": [-4.84861, 2.51128, 4.84508],
			"rotation": {"angle": 22.5, "axis": "y", "origin": [-6.65062, 1.75985, 15.34366]},
			"faces": {
				"north": {"uv": [0, 0, 2.75, 3], "rotation": 90, "texture": "#0"},
				"east": {"uv": [0, 0, 2.75, 3], "rotation": 270, "texture": "#0"},
				"south": {"uv": [0, 0, 2.75, 3], "rotation": 90, "texture": "#0"},
				"west": {"uv": [0, 0, 2.75, 3], "rotation": 90, "texture": "#0"},
				"up": {"uv": [0, 0, 3, 3], "rotation": 180, "texture": "#0"},
				"down": {"uv": [0, 0, 3, 3], "texture": "#0"}
			}
		},
		{
			"from": [-12.67713, -0.2355, 0.33187],
			"to": [-10.17713, 2.0145, 3.33187],
			"rotation": {"angle": 0, "axis": "y", "origin": [-11.43028, 1.11309, 1.85335]},
			"faces": {
				"north": {"uv": [0, 0, 2.25, 2.5], "rotation": 90, "texture": "#0"},
				"east": {"uv": [0, 0, 2.25, 3], "rotation": 270, "texture": "#0"},
				"south": {"uv": [0, 0, 2.25, 2.5], "rotation": 90, "texture": "#0"},
				"west": {"uv": [0, 0, 2.25, 3], "rotation": 90, "texture": "#0"},
				"up": {"uv": [0, 0, 2.5, 3], "rotation": 180, "texture": "#0"},
				"down": {"uv": [0, 0, 2.5, 3], "texture": "#0"}
			}
		},
		{
			"from": [-12.42713, -0.2355, -1.66813],
			"to": [-10.42713, 1.7645, 0.33187],
			"rotation": {"angle": 0, "axis": "y", "origin": [-11.43028, 1.11309, 1.85335]},
			"faces": {
				"north": {"uv": [0, 0, 2, 2], "rotation": 90, "texture": "#0"},
				"east": {"uv": [0, 0, 2, 2], "rotation": 270, "texture": "#0"},
				"south": {"uv": [0, 0, 2, 2], "rotation": 90, "texture": "#0"},
				"west": {"uv": [0, 0, 2, 2], "rotation": 90, "texture": "#0"},
				"up": {"uv": [0, 0, 2, 2], "rotation": 180, "texture": "#0"},
				"down": {"uv": [0, 0, 2, 2], "texture": "#0"}
			}
		},
		{
			"from": [-12.17713, -0.2355, -4.41813],
			"to": [-10.67713, 1.2645, -1.41813],
			"rotation": {"angle": -22.5, "axis": "y", "origin": [-11.43, 0.49656, -1.14734]},
			"faces": {
				"north": {"uv": [0, 0, 1.5, 1.5], "rotation": 90, "texture": "#0"},
				"east": {"uv": [0, 0, 1.5, 3], "rotation": 270, "texture": "#0"},
				"south": {"uv": [0, 0, 1.5, 1.5], "rotation": 90, "texture": "#0"},
				"west": {"uv": [0, 0, 1.5, 3], "rotation": 90, "texture": "#0"},
				"up": {"uv": [0, 0, 1.5, 3], "rotation": 180, "texture": "#0"},
				"down": {"uv": [0, 0, 1.5, 3], "texture": "#0"}
			}
		},
		{
			"from": [15.62917, 22.40053, 4.99989],
			"to": [21.62917, 23.40053, 10.99989],
			"rotation": {"angle": 0, "axis": "z", "origin": [18.11342, 25.65406, 7.99492]},
			"faces": {
				"north": {"uv": [0, 0, 6, 1], "texture": "#0"},
				"east": {"uv": [0, 0, 6, 1], "texture": "#0"},
				"south": {"uv": [0, 0, 6, 1], "texture": "#0"},
				"west": {"uv": [0, 0, 6, 1], "texture": "#0"},
				"up": {"uv": [0, 0, 6, 6], "texture": "#0"},
				"down": {"uv": [0, 0, 6, 6], "texture": "#0"}
			}
		},
		{
			"from": [15.62917, 23.40053, 3.99989],
			"to": [21.62917, 28.90053, 11.99989],
			"rotation": {"angle": 0, "axis": "z", "origin": [18.11342, 29.65406, 6.99492]},
			"faces": {
				"north": {"uv": [0, 0, 6, 5.5], "texture": "#0"},
				"east": {"uv": [0, 0, 8, 5.5], "texture": "#0"},
				"south": {"uv": [0, 0, 6, 5.5], "texture": "#0"},
				"west": {"uv": [0, 0, 8, 5.5], "texture": "#0"},
				"up": {"uv": [0, 0, 6, 8], "texture": "#0"},
				"down": {"uv": [0, 0, 6, 8], "texture": "#0"}
			}
		},
		{
			"from": [14.62917, 23.40053, 4.99989],
			"to": [22.62917, 28.90053, 10.99989],
			"rotation": {"angle": 0, "axis": "z", "origin": [18.11342, 29.65406, 6.99492]},
			"faces": {
				"north": {"uv": [0, 0, 8, 5.5], "texture": "#0"},
				"east": {"uv": [0, 0, 6, 5.5], "texture": "#0"},
				"south": {"uv": [0, 0, 8, 5.5], "texture": "#0"},
				"west": {"uv": [0, 0, 6, 5.5], "texture": "#0"},
				"up": {"uv": [0, 0, 8, 6], "texture": "#0"},
				"down": {"uv": [0, 0, 8, 6], "texture": "#0"}
			}
		},
		{
			"from": [22.62917, 26.90053, 8.49989],
			"to": [22.65417, 27.90053, 10.49989],
			"rotation": {"angle": 0, "axis": "z", "origin": [18.11342, 30.15406, 6.99492]},
			"faces": {
				"north": {"uv": [0, 0, 0.025, 1], "texture": "#1"},
				"east": {"uv": [5, 1, 7, 2], "texture": "#1"},
				"south": {"uv": [0, 0, 0.025, 1], "texture": "#1"},
				"west": {"uv": [0, 0, 2, 1], "texture": "#1"},
				"up": {"uv": [0, 0, 0.025, 2], "texture": "#1"},
				"down": {"uv": [0, 0, 0.025, 2], "texture": "#1"}
			}
		},
		{
			"from": [22.62917, 26.90053, 5.49989],
			"to": [22.65417, 27.90053, 7.49989],
			"rotation": {"angle": 0, "axis": "z", "origin": [18.11342, 30.15406, 6.99492]},
			"faces": {
				"north": {"uv": [0, 0, 0.025, 1], "texture": "#1"},
				"east": {"uv": [5, 1, 7, 2], "rotation": 180, "texture": "#1"},
				"south": {"uv": [0, 0, 0.025, 1], "texture": "#1"},
				"west": {"uv": [0, 0, 2, 1], "texture": "#1"},
				"up": {"uv": [0, 0, 0.025, 2], "texture": "#1"},
				"down": {"uv": [0, 0, 0.025, 2], "texture": "#1"}
			}
		},
		{
			"from": [15.12917, 23.40053, 4.99989],
			"to": [26.12917, 26.40053, 10.99989],
			"rotation": {"angle": 0, "axis": "z", "origin": [18.11342, 26.65406, 7.99492]},
			"faces": {
				"north": {"uv": [0, 0, 11, 3], "texture": "#0"},
				"east": {"uv": [0, 0, 6, 3], "texture": "#0"},
				"south": {"uv": [0, 0, 11, 3], "texture": "#0"},
				"west": {"uv": [0, 0, 6, 3], "texture": "#0"},
				"up": {"uv": [0, 0, 11, 6], "texture": "#0"},
				"down": {"uv": [0, 0, 11, 6], "texture": "#0"}
			}
		},
		{
			"from": [22.12917, 24.15053, 4.99989],
			"to": [27.12917, 24.90053, 10.99989],
			"rotation": {"angle": -22.5, "axis": "z", "origin": [19.11342, 27.40406, 7.99492]},
			"faces": {
				"north": {"uv": [0, 0, 5, 0.75], "texture": "#0"},
				"east": {"uv": [0, 0, 6, 0.75], "texture": "#0"},
				"south": {"uv": [0, 0, 5, 0.75], "texture": "#0"},
				"west": {"uv": [0, 0, 6, 0.75], "texture": "#0"},
				"up": {"uv": [2, 1, 12, 12], "texture": "#0"},
				"down": {"uv": [0, 0, 5, 6], "texture": "#0"}
			}
		},
		{
			"from": [22.12917, 24.95053, 6.99989],
			"to": [27.12917, 24.95053, 8.99989],
			"rotation": {"angle": -22.5, "axis": "z", "origin": [19.11342, 27.40406, 7.99492]},
			"faces": {
				"north": {"uv": [0, 0, 5, 0.75], "texture": "#1"},
				"east": {"uv": [0, 0, 6, 0.75], "texture": "#1"},
				"south": {"uv": [0, 0, 5, 0.75], "texture": "#1"},
				"west": {"uv": [0, 0, 6, 0.75], "texture": "#1"},
				"up": {"uv": [11, 0, 16, 2], "texture": "#1"},
				"down": {"uv": [0, 0, 5, 6], "texture": "#1"}
			}
		},
		{
			"from": [27.12917, 24.15053, 5.99989],
			"to": [28.12917, 24.90053, 9.99989],
			"rotation": {"angle": -22.5, "axis": "z", "origin": [19.11342, 27.40406, 7.99492]},
			"faces": {
				"north": {"uv": [0, 0, 1, 0.75], "texture": "#0"},
				"east": {"uv": [0, 0, 4, 0.75], "texture": "#0"},
				"south": {"uv": [0, 0, 1, 0.75], "texture": "#0"},
				"west": {"uv": [0, 0, 4, 0.75], "texture": "#0"},
				"up": {"uv": [3, 14, 11.6, 15], "rotation": 90, "texture": "#0"},
				"down": {"uv": [0, 0, 1, 4], "texture": "#0"}
			}
		},
		{
			"from": [26.12917, 23.40053, 5.99989],
			"to": [27.12917, 26.40053, 9.99989],
			"rotation": {"angle": 0, "axis": "z", "origin": [18.11342, 26.65406, 7.99492]},
			"faces": {
				"north": {"uv": [0, 0, 1, 3], "texture": "#0"},
				"east": {"uv": [0, 0, 4, 3], "texture": "#0"},
				"south": {"uv": [0, 0, 1, 3], "texture": "#0"},
				"west": {"uv": [0, 0, 4, 3], "texture": "#0"},
				"up": {"uv": [0, 0, 1, 4], "texture": "#0"},
				"down": {"uv": [0, 0, 1, 4], "texture": "#0"}
			}
		},
		{
			"from": [25.12917, 26.40053, 8.99989],
			"to": [26.12917, 26.90053, 9.99989],
			"rotation": {"angle": 0, "axis": "z", "origin": [18.11342, 26.65406, 10.99492]},
			"faces": {
				"north": {"uv": [1, 2, 2, 3], "texture": "#0"},
				"east": {"uv": [2, 2, 3, 3], "texture": "#0"},
				"south": {"uv": [1, 2, 2, 3], "texture": "#0"},
				"west": {"uv": [3, 2, 4, 3], "texture": "#0"},
				"up": {"uv": [1, 2, 2, 3], "texture": "#0"},
				"down": {"uv": [1, 2, 2, 3], "texture": "#0"}
			}
		},
		{
			"from": [25.12917, 26.40053, 5.99989],
			"to": [26.12917, 26.90053, 6.99989],
			"rotation": {"angle": 0, "axis": "z", "origin": [18.11342, 26.65406, 7.99492]},
			"faces": {
				"north": {"uv": [1, 2, 2, 3], "texture": "#0"},
				"east": {"uv": [2, 2, 3, 3], "texture": "#0"},
				"south": {"uv": [1, 2, 2, 3], "texture": "#0"},
				"west": {"uv": [3, 2, 4, 3], "texture": "#0"},
				"up": {"uv": [1, 2, 2, 3], "texture": "#0"},
				"down": {"uv": [1, 2, 2, 3], "texture": "#0"}
			}
		},
		{
			"from": [15.62917, 26.40053, 4.99989],
			"to": [21.62917, 29.90053, 10.99989],
			"rotation": {"angle": 0, "axis": "z", "origin": [18.11342, 29.65406, 7.99492]},
			"faces": {
				"north": {"uv": [0, 0, 6, 3.5], "texture": "#0"},
				"east": {"uv": [0, 0, 6, 3.5], "texture": "#0"},
				"south": {"uv": [0, 0, 6, 3.5], "texture": "#0"},
				"west": {"uv": [0, 0, 6, 3.5], "texture": "#0"},
				"up": {"uv": [0, 0, 6, 6], "texture": "#0"},
				"down": {"uv": [0, 0, 6, 6], "texture": "#0"}
			}
		},
		{
			"from": [17.5, 29.8, 5.75],
			"to": [19.5, 31, 6.75],
			"rotation": {"angle": 0, "axis": "y", "origin": [15.5, 8, 15.5]},
			"faces": {
				"north": {"uv": [4, 3, 6, 5], "texture": "#2"},
				"east": {"uv": [4, 3, 6, 5], "texture": "#2"},
				"south": {"uv": [4, 3, 6, 5], "texture": "#2"},
				"west": {"uv": [4, 3, 6, 5], "texture": "#2"},
				"up": {"uv": [4, 3, 6, 5], "texture": "#2"},
				"down": {"uv": [4, 3, 6, 5], "texture": "#2"}
			}
		},
		{
			"from": [14.7, 20.25, 7.75],
			"to": [16.7, 22.25, 8.25],
			"rotation": {"angle": 0, "axis": "z", "origin": [30.5, 8, 17.25]},
			"faces": {
				"north": {"uv": [4, 3, 6, 5], "rotation": 90, "texture": "#2"},
				"east": {"uv": [4, 3, 6, 5], "rotation": 90, "texture": "#2"},
				"south": {"uv": [4, 3, 6, 5], "rotation": 90, "texture": "#2"},
				"west": {"uv": [4, 3, 6, 5], "rotation": 90, "texture": "#2"},
				"up": {"uv": [4, 3, 6, 5], "rotation": 90, "texture": "#2"},
				"down": {"uv": [4, 3, 6, 5], "rotation": 90, "texture": "#2"}
			}
		},
		{
			"from": [15.15, 17.25, 7.75],
			"to": [16.8, 19.25, 8.25],
			"rotation": {"angle": -22.5, "axis": "z", "origin": [15.35185, 21.26285, 8.01032]},
			"faces": {
				"north": {"uv": [4, 3, 6, 5], "rotation": 90, "texture": "#2"},
				"east": {"uv": [4, 3, 6, 5], "rotation": 90, "texture": "#2"},
				"south": {"uv": [4, 3, 6, 5], "rotation": 90, "texture": "#2"},
				"west": {"uv": [4, 3, 6, 5], "rotation": 90, "texture": "#2"},
				"up": {"uv": [4, 3, 6, 5], "rotation": 90, "texture": "#2"},
				"down": {"uv": [4, 3, 6, 5], "rotation": 90, "texture": "#2"}
			}
		},
		{
			"from": [9.739, 17.51471, 7.75],
			"to": [11.739, 18.96471, 8.25],
			"rotation": {"angle": 22.5, "axis": "z", "origin": [15.35185, 21.26285, 8.01032]},
			"faces": {
				"north": {"uv": [4, 3, 6, 5], "texture": "#2"},
				"east": {"uv": [4, 3, 6, 5], "texture": "#2"},
				"south": {"uv": [4, 3, 6, 5], "texture": "#2"},
				"west": {"uv": [4, 3, 6, 5], "texture": "#2"},
				"up": {"uv": [4, 3, 6, 5], "texture": "#2"},
				"down": {"uv": [4, 3, 6, 5], "texture": "#2"}
			}
		},
		{
			"from": [6.639, 17.51471, 7.75],
			"to": [8.639, 18.96471, 8.25],
			"rotation": {"angle": 22.5, "axis": "z", "origin": [15.35185, 21.26285, 8.01032]},
			"faces": {
				"north": {"uv": [4, 3, 6, 5], "texture": "#2"},
				"east": {"uv": [4, 3, 6, 5], "texture": "#2"},
				"south": {"uv": [4, 3, 6, 5], "texture": "#2"},
				"west": {"uv": [4, 3, 6, 5], "texture": "#2"},
				"up": {"uv": [4, 3, 6, 5], "texture": "#2"},
				"down": {"uv": [4, 3, 6, 5], "texture": "#2"}
			}
		},
		{
			"from": [2.639, 21.71471, 7.75],
			"to": [4.639, 23.26471, 8.25],
			"rotation": {"angle": 45, "axis": "z", "origin": [15.35185, 21.26285, 8.01032]},
			"faces": {
				"north": {"uv": [4, 3, 6, 5], "texture": "#2"},
				"east": {"uv": [4, 3, 6, 5], "texture": "#2"},
				"south": {"uv": [4, 3, 6, 5], "texture": "#2"},
				"west": {"uv": [4, 3, 6, 5], "texture": "#2"},
				"up": {"uv": [4, 3, 6, 5], "texture": "#2"},
				"down": {"uv": [4, 3, 6, 5], "texture": "#2"}
			}
		},
		{
			"from": [-0.861, 21.71471, 7.75],
			"to": [1.139, 23.06471, 8.25],
			"rotation": {"angle": 45, "axis": "z", "origin": [15.35185, 21.26285, 8.01032]},
			"faces": {
				"north": {"uv": [4, 3, 6, 5], "texture": "#2"},
				"east": {"uv": [4, 3, 6, 5], "texture": "#2"},
				"south": {"uv": [4, 3, 6, 5], "texture": "#2"},
				"west": {"uv": [4, 3, 6, 5], "texture": "#2"},
				"up": {"uv": [4, 3, 6, 5], "texture": "#2"},
				"down": {"uv": [4, 3, 6, 5], "texture": "#2"}
			}
		},
		{
			"from": [-4.611, 21.21471, 7.75],
			"to": [-2.611, 23.06471, 8.25],
			"rotation": {"angle": 45, "axis": "z", "origin": [15.35185, 21.26285, 8.01032]},
			"faces": {
				"north": {"uv": [4, 3, 6, 5], "texture": "#2"},
				"east": {"uv": [4, 3, 6, 5], "texture": "#2"},
				"south": {"uv": [4, 3, 6, 5], "texture": "#2"},
				"west": {"uv": [4, 3, 6, 5], "texture": "#2"},
				"up": {"uv": [4, 3, 6, 5], "texture": "#2"},
				"down": {"uv": [4, 3, 6, 5], "texture": "#2"}
			}
		},
		{
			"from": [-7.361, 13.41471, 7.75],
			"to": [-5.361, 14.76471, 8.25],
			"rotation": {"angle": 22.5, "axis": "z", "origin": [15.35185, 21.26285, 8.01032]},
			"faces": {
				"north": {"uv": [4, 3, 6, 5], "texture": "#2"},
				"east": {"uv": [4, 3, 6, 5], "texture": "#2"},
				"south": {"uv": [4, 3, 6, 5], "texture": "#2"},
				"west": {"uv": [4, 3, 6, 5], "texture": "#2"},
				"up": {"uv": [4, 3, 6, 5], "texture": "#2"},
				"down": {"uv": [4, 3, 6, 5], "texture": "#2"}
			}
		},
		{
			"from": [-11.111, 12.91471, 7.75],
			"to": [-9.111, 14.51471, 8.25],
			"rotation": {"angle": 22.5, "axis": "z", "origin": [15.35185, 21.26285, 8.01032]},
			"faces": {
				"north": {"uv": [4, 3, 6, 5], "texture": "#2"},
				"east": {"uv": [4, 3, 6, 5], "texture": "#2"},
				"south": {"uv": [4, 3, 6, 5], "texture": "#2"},
				"west": {"uv": [4, 3, 6, 5], "texture": "#2"},
				"up": {"uv": [4, 3, 6, 5], "texture": "#2"},
				"down": {"uv": [4, 3, 6, 5], "texture": "#2"}
			}
		},
		{
			"from": [-9.94835, 2.81098, 7.75],
			"to": [-8.24835, 4.41098, 8.25],
			"rotation": {"angle": -22.5, "axis": "y", "origin": [-5.20128, 4.33721, 8.01665]},
			"faces": {
				"north": {"uv": [4, 3, 6, 5], "texture": "#2"},
				"east": {"uv": [4, 3, 6, 5], "texture": "#2"},
				"south": {"uv": [4, 3, 6, 5], "texture": "#2"},
				"west": {"uv": [4, 3, 6, 5], "texture": "#2"},
				"up": {"uv": [4, 3, 6, 5], "texture": "#2"},
				"down": {"uv": [4, 3, 6, 5], "texture": "#2"}
			}
		},
		{
			"from": [-11.03227, 1.81098, 3.72804],
			"to": [-10.53227, 3.41098, 5.22804],
			"rotation": {"angle": 22.5, "axis": "y", "origin": [-11.54984, 3.58296, 4.49781]},
			"faces": {
				"north": {"uv": [4, 3, 6, 5], "texture": "#2"},
				"east": {"uv": [4, 3, 6, 5], "texture": "#2"},
				"south": {"uv": [4, 3, 6, 5], "texture": "#2"},
				"west": {"uv": [4, 3, 6, 5], "texture": "#2"},
				"up": {"uv": [4, 3, 6, 5], "texture": "#2"},
				"down": {"uv": [4, 3, 6, 5], "texture": "#2"}
			}
		},
		{
			"from": [-11.63227, 1.06098, -0.27196],
			"to": [-11.13227, 2.66098, 1.22804],
			"rotation": {"angle": 0, "axis": "y", "origin": [-11.54984, 3.58296, 4.49781]},
			"faces": {
				"north": {"uv": [4, 3, 6, 5], "texture": "#2"},
				"east": {"uv": [4, 3, 6, 5], "texture": "#2"},
				"south": {"uv": [4, 3, 6, 5], "texture": "#2"},
				"west": {"uv": [4, 3, 6, 5], "texture": "#2"},
				"up": {"uv": [4, 3, 6, 5], "texture": "#2"},
				"down": {"uv": [4, 3, 6, 5], "texture": "#2"}
			}
		},
		{
			"from": [-9.94835, 2.81098, 7.75],
			"to": [-8.44835, 4.41098, 8.25],
			"rotation": {"angle": -22.5, "axis": "y", "origin": [-5.20128, 4.33721, 8.01665]},
			"faces": {
				"north": {"uv": [4, 3, 6, 5], "texture": "#2"},
				"east": {"uv": [4, 3, 6, 5], "texture": "#2"},
				"south": {"uv": [4, 3, 6, 5], "texture": "#2"},
				"west": {"uv": [4, 3, 6, 5], "texture": "#2"},
				"up": {"uv": [4, 3, 6, 5], "texture": "#2"},
				"down": {"uv": [4, 3, 6, 5], "texture": "#2"}
			}
		},
		{
			"from": [17.5, 29.8, 8.75],
			"to": [19.5, 31, 9.75],
			"rotation": {"angle": 0, "axis": "y", "origin": [15.5, 8, 15.5]},
			"faces": {
				"north": {"uv": [4, 3, 6, 5], "texture": "#2"},
				"east": {"uv": [4, 3, 6, 5], "texture": "#2"},
				"south": {"uv": [4, 3, 6, 5], "texture": "#2"},
				"west": {"uv": [4, 3, 6, 5], "texture": "#2"},
				"up": {"uv": [4, 3, 6, 5], "texture": "#2"},
				"down": {"uv": [4, 3, 6, 5], "texture": "#2"}
			}
		},
		{
			"from": [20.35, 0.25, 2.85],
			"to": [20.85, 0.75, 3.35],
			"rotation": {"angle": -45, "axis": "y", "origin": [20.23042, 0.65381, 3.56582]},
			"faces": {
				"north": {"uv": [3, 2, 3.5, 2.5], "rotation": 90, "texture": "#2"},
				"east": {"uv": [3, 2, 3.5, 2.5], "rotation": 90, "texture": "#2"},
				"south": {"uv": [3, 2, 3.5, 2.5], "rotation": 90, "texture": "#2"},
				"west": {"uv": [3, 2, 3.5, 2.5], "rotation": 90, "texture": "#2"},
				"up": {"uv": [3, 2, 3.5, 2.5], "rotation": 90, "texture": "#2"},
				"down": {"uv": [3, 2, 3.5, 2.5], "rotation": 90, "texture": "#2"}
			}
		},
		{
			"from": [20.32098, 0.24976, 3.14461],
			"to": [20.82114, 0.75, 3.85132],
			"rotation": {"angle": 0, "axis": "y", "origin": [20.60033, 0.53006, 3.37322]},
			"faces": {
				"north": {"uv": [3, 2, 3.5, 2.5], "rotation": 270, "texture": "#2"},
				"east": {"uv": [3, 2, 3.5, 2.5], "rotation": 270, "texture": "#2"},
				"south": {"uv": [3, 2, 3.5, 2.5], "rotation": 270, "texture": "#2"},
				"west": {"uv": [3, 2, 3.5, 2.5], "rotation": 270, "texture": "#2"},
				"up": {"uv": [3, 2, 3.5, 2.5], "rotation": 270, "texture": "#2"},
				"down": {"uv": [3, 2, 3.5, 2.5], "rotation": 270, "texture": "#2"}
			}
		},
		{
			"from": [20.875, 0.25, 3.85],
			"to": [21.375, 0.75, 4.35],
			"rotation": {"angle": -45, "axis": "y", "origin": [20.75542, 0.65381, 4.56582]},
			"faces": {
				"north": {"uv": [3, 2, 3.5, 2.5], "rotation": 90, "texture": "#2"},
				"east": {"uv": [3, 2, 3.5, 2.5], "rotation": 90, "texture": "#2"},
				"south": {"uv": [3, 2, 3.5, 2.5], "rotation": 90, "texture": "#2"},
				"west": {"uv": [3, 2, 3.5, 2.5], "rotation": 90, "texture": "#2"},
				"up": {"uv": [3, 2, 3.5, 2.5], "rotation": 90, "texture": "#2"},
				"down": {"uv": [3, 2, 3.5, 2.5], "rotation": 90, "texture": "#2"}
			}
		},
		{
			"from": [20.84772, 0.2485, 4.14373],
			"to": [21.34788, 0.74874, 4.85045],
			"rotation": {"angle": 0, "axis": "y", "origin": [21.12707, 0.52879, 4.37235]},
			"faces": {
				"north": {"uv": [3, 2, 3.5, 2.5], "rotation": 270, "texture": "#2"},
				"east": {"uv": [3, 2, 3.5, 2.5], "rotation": 270, "texture": "#2"},
				"south": {"uv": [3, 2, 3.5, 2.5], "rotation": 270, "texture": "#2"},
				"west": {"uv": [3, 2, 3.5, 2.5], "rotation": 270, "texture": "#2"},
				"up": {"uv": [3, 2, 3.5, 2.5], "rotation": 270, "texture": "#2"},
				"down": {"uv": [3, 2, 3.5, 2.5], "rotation": 270, "texture": "#2"}
			}
		},
		{
			"from": [20.35, 0.25, 4.85],
			"to": [20.85, 0.75, 5.35],
			"rotation": {"angle": -45, "axis": "y", "origin": [20.23042, 0.65381, 5.56582]},
			"faces": {
				"north": {"uv": [3, 2, 3.5, 2.5], "rotation": 90, "texture": "#2"},
				"east": {"uv": [3, 2, 3.5, 2.5], "rotation": 90, "texture": "#2"},
				"south": {"uv": [3, 2, 3.5, 2.5], "rotation": 90, "texture": "#2"},
				"west": {"uv": [3, 2, 3.5, 2.5], "rotation": 90, "texture": "#2"},
				"up": {"uv": [3, 2, 3.5, 2.5], "rotation": 90, "texture": "#2"},
				"down": {"uv": [3, 2, 3.5, 2.5], "rotation": 90, "texture": "#2"}
			}
		},
		{
			"from": [20.32273, 0.24753, 5.1447],
			"to": [20.82288, 0.74777, 5.85141],
			"rotation": {"angle": 0, "axis": "y", "origin": [20.60207, 0.52783, 5.37331]},
			"faces": {
				"north": {"uv": [3, 2, 3.5, 2.5], "rotation": 270, "texture": "#2"},
				"east": {"uv": [3, 2, 3.5, 2.5], "rotation": 270, "texture": "#2"},
				"south": {"uv": [3, 2, 3.5, 2.5], "rotation": 270, "texture": "#2"},
				"west": {"uv": [3, 2, 3.5, 2.5], "rotation": 270, "texture": "#2"},
				"up": {"uv": [3, 2, 3.5, 2.5], "rotation": 270, "texture": "#2"},
				"down": {"uv": [3, 2, 3.5, 2.5], "rotation": 270, "texture": "#2"}
			}
		},
		{
			"from": [20.35, 0.25, 10.65],
			"to": [20.85, 0.75, 11.15],
			"rotation": {"angle": 45, "axis": "y", "origin": [20.23042, 0.65381, 10.43418]},
			"faces": {
				"north": {"uv": [3, 2, 3.5, 2.5], "rotation": 270, "texture": "#2"},
				"east": {"uv": [3, 2, 3.5, 2.5], "rotation": 270, "texture": "#2"},
				"south": {"uv": [3, 2, 3.5, 2.5], "rotation": 270, "texture": "#2"},
				"west": {"uv": [3, 2, 3.5, 2.5], "rotation": 270, "texture": "#2"},
				"up": {"uv": [3, 2, 3.5, 2.5], "rotation": 270, "texture": "#2"},
				"down": {"uv": [3, 2, 3.5, 2.5], "rotation": 270, "texture": "#2"}
			}
		},
		{
			"from": [20.32273, 0.24753, 10.14859],
			"to": [20.82288, 0.74777, 10.8553],
			"rotation": {"angle": 0, "axis": "y", "origin": [20.60207, 0.52783, 10.62669]},
			"faces": {
				"north": {"uv": [3, 2, 3.5, 2.5], "rotation": 270, "texture": "#2"},
				"east": {"uv": [3, 2, 3.5, 2.5], "rotation": 270, "texture": "#2"},
				"south": {"uv": [3, 2, 3.5, 2.5], "rotation": 270, "texture": "#2"},
				"west": {"uv": [3, 2, 3.5, 2.5], "rotation": 270, "texture": "#2"},
				"up": {"uv": [3, 2, 3.5, 2.5], "rotation": 270, "texture": "#2"},
				"down": {"uv": [3, 2, 3.5, 2.5], "rotation": 270, "texture": "#2"}
			}
		},
		{
			"from": [20.875, 0.25, 11.65],
			"to": [21.375, 0.75, 12.15],
			"rotation": {"angle": 45, "axis": "y", "origin": [20.75542, 0.65381, 11.43418]},
			"faces": {
				"north": {"uv": [3, 2, 3.5, 2.5], "rotation": 270, "texture": "#2"},
				"east": {"uv": [3, 2, 3.5, 2.5], "rotation": 270, "texture": "#2"},
				"south": {"uv": [3, 2, 3.5, 2.5], "rotation": 270, "texture": "#2"},
				"west": {"uv": [3, 2, 3.5, 2.5], "rotation": 270, "texture": "#2"},
				"up": {"uv": [3, 2, 3.5, 2.5], "rotation": 270, "texture": "#2"},
				"down": {"uv": [3, 2, 3.5, 2.5], "rotation": 270, "texture": "#2"}
			}
		},
		{
			"from": [20.84772, 0.2485, 11.14955],
			"to": [21.34788, 0.74874, 11.85627],
			"rotation": {"angle": 0, "axis": "y", "origin": [21.12707, 0.52879, 11.62765]},
			"faces": {
				"north": {"uv": [3, 2, 3.5, 2.5], "rotation": 270, "texture": "#2"},
				"east": {"uv": [3, 2, 3.5, 2.5], "rotation": 270, "texture": "#2"},
				"south": {"uv": [3, 2, 3.5, 2.5], "rotation": 270, "texture": "#2"},
				"west": {"uv": [3, 2, 3.5, 2.5], "rotation": 270, "texture": "#2"},
				"up": {"uv": [3, 2, 3.5, 2.5], "rotation": 270, "texture": "#2"},
				"down": {"uv": [3, 2, 3.5, 2.5], "rotation": 270, "texture": "#2"}
			}
		},
		{
			"from": [20.35, 0.25, 12.65],
			"to": [20.85, 0.75, 13.15],
			"rotation": {"angle": 45, "axis": "y", "origin": [20.23042, 0.65381, 12.43418]},
			"faces": {
				"north": {"uv": [3, 2, 3.5, 2.5], "rotation": 270, "texture": "#2"},
				"east": {"uv": [3, 2, 3.5, 2.5], "rotation": 270, "texture": "#2"},
				"south": {"uv": [3, 2, 3.5, 2.5], "rotation": 270, "texture": "#2"},
				"west": {"uv": [3, 2, 3.5, 2.5], "rotation": 270, "texture": "#2"},
				"up": {"uv": [3, 2, 3.5, 2.5], "rotation": 270, "texture": "#2"},
				"down": {"uv": [3, 2, 3.5, 2.5], "rotation": 270, "texture": "#2"}
			}
		},
		{
			"from": [20.32098, 0.24976, 12.14868],
			"to": [20.82114, 0.75, 12.85539],
			"rotation": {"angle": 0, "axis": "y", "origin": [20.60033, 0.53006, 12.62678]},
			"faces": {
				"north": {"uv": [3, 2, 3.5, 2.5], "rotation": 270, "texture": "#2"},
				"east": {"uv": [3, 2, 3.5, 2.5], "rotation": 270, "texture": "#2"},
				"south": {"uv": [3, 2, 3.5, 2.5], "rotation": 270, "texture": "#2"},
				"west": {"uv": [3, 2, 3.5, 2.5], "rotation": 270, "texture": "#2"},
				"up": {"uv": [3, 2, 3.5, 2.5], "rotation": 270, "texture": "#2"},
				"down": {"uv": [3, 2, 3.5, 2.5], "rotation": 270, "texture": "#2"}
			}
		},
		{
			"from": [10.35, 0.25, 12.65],
			"to": [10.85, 0.75, 13.15],
			"rotation": {"angle": 45, "axis": "y", "origin": [10.23042, 0.65381, 12.43418]},
			"faces": {
				"north": {"uv": [3, 2, 3.5, 2.5], "rotation": 270, "texture": "#2"},
				"east": {"uv": [3, 2, 3.5, 2.5], "rotation": 270, "texture": "#2"},
				"south": {"uv": [3, 2, 3.5, 2.5], "rotation": 270, "texture": "#2"},
				"west": {"uv": [3, 2, 3.5, 2.5], "rotation": 270, "texture": "#2"},
				"up": {"uv": [3, 2, 3.5, 2.5], "rotation": 270, "texture": "#2"},
				"down": {"uv": [3, 2, 3.5, 2.5], "rotation": 270, "texture": "#2"}
			}
		},
		{
			"from": [10.32098, 0.24976, 12.14868],
			"to": [10.82114, 0.75, 12.85539],
			"rotation": {"angle": 0, "axis": "y", "origin": [10.60033, 0.53006, 12.62678]},
			"faces": {
				"north": {"uv": [3, 2, 3.5, 2.5], "rotation": 270, "texture": "#2"},
				"east": {"uv": [3, 2, 3.5, 2.5], "rotation": 270, "texture": "#2"},
				"south": {"uv": [3, 2, 3.5, 2.5], "rotation": 270, "texture": "#2"},
				"west": {"uv": [3, 2, 3.5, 2.5], "rotation": 270, "texture": "#2"},
				"up": {"uv": [3, 2, 3.5, 2.5], "rotation": 270, "texture": "#2"},
				"down": {"uv": [3, 2, 3.5, 2.5], "rotation": 270, "texture": "#2"}
			}
		},
		{
			"from": [10.84772, 0.2485, 11.14955],
			"to": [11.34788, 0.74874, 11.85627],
			"rotation": {"angle": 0, "axis": "y", "origin": [11.12707, 0.52879, 11.62765]},
			"faces": {
				"north": {"uv": [3, 2, 3.5, 2.5], "rotation": 270, "texture": "#2"},
				"east": {"uv": [3, 2, 3.5, 2.5], "rotation": 270, "texture": "#2"},
				"south": {"uv": [3, 2, 3.5, 2.5], "rotation": 270, "texture": "#2"},
				"west": {"uv": [3, 2, 3.5, 2.5], "rotation": 270, "texture": "#2"},
				"up": {"uv": [3, 2, 3.5, 2.5], "rotation": 270, "texture": "#2"},
				"down": {"uv": [3, 2, 3.5, 2.5], "rotation": 270, "texture": "#2"}
			}
		},
		{
			"from": [10.875, 0.25, 11.65],
			"to": [11.375, 0.75, 12.15],
			"rotation": {"angle": 45, "axis": "y", "origin": [10.75542, 0.65381, 11.43418]},
			"faces": {
				"north": {"uv": [3, 2, 3.5, 2.5], "rotation": 270, "texture": "#2"},
				"east": {"uv": [3, 2, 3.5, 2.5], "rotation": 270, "texture": "#2"},
				"south": {"uv": [3, 2, 3.5, 2.5], "rotation": 270, "texture": "#2"},
				"west": {"uv": [3, 2, 3.5, 2.5], "rotation": 270, "texture": "#2"},
				"up": {"uv": [3, 2, 3.5, 2.5], "rotation": 270, "texture": "#2"},
				"down": {"uv": [3, 2, 3.5, 2.5], "rotation": 270, "texture": "#2"}
			}
		},
		{
			"from": [10.35, 0.25, 10.65],
			"to": [10.85, 0.75, 11.15],
			"rotation": {"angle": 45, "axis": "y", "origin": [10.23042, 0.65381, 10.43418]},
			"faces": {
				"north": {"uv": [3, 2, 3.5, 2.5], "rotation": 270, "texture": "#2"},
				"east": {"uv": [3, 2, 3.5, 2.5], "rotation": 270, "texture": "#2"},
				"south": {"uv": [3, 2, 3.5, 2.5], "rotation": 270, "texture": "#2"},
				"west": {"uv": [3, 2, 3.5, 2.5], "rotation": 270, "texture": "#2"},
				"up": {"uv": [3, 2, 3.5, 2.5], "rotation": 270, "texture": "#2"},
				"down": {"uv": [3, 2, 3.5, 2.5], "rotation": 270, "texture": "#2"}
			}
		},
		{
			"from": [10.32273, 0.24753, 10.14859],
			"to": [10.82288, 0.74777, 10.8553],
			"rotation": {"angle": 0, "axis": "y", "origin": [10.60207, 0.52783, 10.62669]},
			"faces": {
				"north": {"uv": [3, 2, 3.5, 2.5], "rotation": 270, "texture": "#2"},
				"east": {"uv": [3, 2, 3.5, 2.5], "rotation": 270, "texture": "#2"},
				"south": {"uv": [3, 2, 3.5, 2.5], "rotation": 270, "texture": "#2"},
				"west": {"uv": [3, 2, 3.5, 2.5], "rotation": 270, "texture": "#2"},
				"up": {"uv": [3, 2, 3.5, 2.5], "rotation": 270, "texture": "#2"},
				"down": {"uv": [3, 2, 3.5, 2.5], "rotation": 270, "texture": "#2"}
			}
		},
		{
			"from": [10.32273, 0.24753, 5.1447],
			"to": [10.82288, 0.74777, 5.85141],
			"rotation": {"angle": 0, "axis": "y", "origin": [10.60207, 0.52783, 5.37331]},
			"faces": {
				"north": {"uv": [3, 2, 3.5, 2.5], "rotation": 270, "texture": "#2"},
				"east": {"uv": [3, 2, 3.5, 2.5], "rotation": 270, "texture": "#2"},
				"south": {"uv": [3, 2, 3.5, 2.5], "rotation": 270, "texture": "#2"},
				"west": {"uv": [3, 2, 3.5, 2.5], "rotation": 270, "texture": "#2"},
				"up": {"uv": [3, 2, 3.5, 2.5], "rotation": 270, "texture": "#2"},
				"down": {"uv": [3, 2, 3.5, 2.5], "rotation": 270, "texture": "#2"}
			}
		},
		{
			"from": [10.35, 0.25, 4.85],
			"to": [10.85, 0.75, 5.35],
			"rotation": {"angle": -45, "axis": "y", "origin": [10.23042, 0.65381, 5.56582]},
			"faces": {
				"north": {"uv": [3, 2, 3.5, 2.5], "rotation": 90, "texture": "#2"},
				"east": {"uv": [3, 2, 3.5, 2.5], "rotation": 90, "texture": "#2"},
				"south": {"uv": [3, 2, 3.5, 2.5], "rotation": 90, "texture": "#2"},
				"west": {"uv": [3, 2, 3.5, 2.5], "rotation": 90, "texture": "#2"},
				"up": {"uv": [3, 2, 3.5, 2.5], "rotation": 90, "texture": "#2"},
				"down": {"uv": [3, 2, 3.5, 2.5], "rotation": 90, "texture": "#2"}
			}
		},
		{
			"from": [10.84772, 0.2485, 4.14373],
			"to": [11.34788, 0.74874, 4.85045],
			"rotation": {"angle": 0, "axis": "y", "origin": [11.12707, 0.52879, 4.37235]},
			"faces": {
				"north": {"uv": [3, 2, 3.5, 2.5], "rotation": 270, "texture": "#2"},
				"east": {"uv": [3, 2, 3.5, 2.5], "rotation": 270, "texture": "#2"},
				"south": {"uv": [3, 2, 3.5, 2.5], "rotation": 270, "texture": "#2"},
				"west": {"uv": [3, 2, 3.5, 2.5], "rotation": 270, "texture": "#2"},
				"up": {"uv": [3, 2, 3.5, 2.5], "rotation": 270, "texture": "#2"},
				"down": {"uv": [3, 2, 3.5, 2.5], "rotation": 270, "texture": "#2"}
			}
		},
		{
			"from": [10.875, 0.25, 3.85],
			"to": [11.375, 0.75, 4.35],
			"rotation": {"angle": -45, "axis": "y", "origin": [10.75542, 0.65381, 4.56582]},
			"faces": {
				"north": {"uv": [3, 2, 3.5, 2.5], "rotation": 90, "texture": "#2"},
				"east": {"uv": [3, 2, 3.5, 2.5], "rotation": 90, "texture": "#2"},
				"south": {"uv": [3, 2, 3.5, 2.5], "rotation": 90, "texture": "#2"},
				"west": {"uv": [3, 2, 3.5, 2.5], "rotation": 90, "texture": "#2"},
				"up": {"uv": [3, 2, 3.5, 2.5], "rotation": 90, "texture": "#2"},
				"down": {"uv": [3, 2, 3.5, 2.5], "rotation": 90, "texture": "#2"}
			}
		},
		{
			"from": [10.35, 0.25, 2.85],
			"to": [10.85, 0.75, 3.35],
			"rotation": {"angle": -45, "axis": "y", "origin": [10.23042, 0.65381, 3.56582]},
			"faces": {
				"north": {"uv": [3, 2, 3.5, 2.5], "rotation": 90, "texture": "#2"},
				"east": {"uv": [3, 2, 3.5, 2.5], "rotation": 90, "texture": "#2"},
				"south": {"uv": [3, 2, 3.5, 2.5], "rotation": 90, "texture": "#2"},
				"west": {"uv": [3, 2, 3.5, 2.5], "rotation": 90, "texture": "#2"},
				"up": {"uv": [3, 2, 3.5, 2.5], "rotation": 90, "texture": "#2"},
				"down": {"uv": [3, 2, 3.5, 2.5], "rotation": 90, "texture": "#2"}
			}
		},
		{
			"from": [10.32098, 0.24976, 3.14461],
			"to": [10.82114, 0.75, 3.85132],
			"rotation": {"angle": 0, "axis": "y", "origin": [10.60033, 0.53006, 3.37322]},
			"faces": {
				"north": {"uv": [3, 2, 3.5, 2.5], "rotation": 270, "texture": "#2"},
				"east": {"uv": [3, 2, 3.5, 2.5], "rotation": 270, "texture": "#2"},
				"south": {"uv": [3, 2, 3.5, 2.5], "rotation": 270, "texture": "#2"},
				"west": {"uv": [3, 2, 3.5, 2.5], "rotation": 270, "texture": "#2"},
				"up": {"uv": [3, 2, 3.5, 2.5], "rotation": 270, "texture": "#2"},
				"down": {"uv": [3, 2, 3.5, 2.5], "rotation": 270, "texture": "#2"}
			}
		},
		{
			"from": [5.1, 0, 10],
			"to": [8.35, 1.5, 13],
			"rotation": {"angle": 0, "axis": "z", "origin": [2.1, 7.25, 5]},
			"faces": {
				"north": {"uv": [0, 3.25, 1.5, 0], "rotation": 270, "texture": "#0"},
				"east": {"uv": [0, 3, 1.5, 0], "rotation": 270, "texture": "#0"},
				"south": {"uv": [0, 3.25, 1.5, 0], "rotation": 90, "texture": "#0"},
				"west": {"uv": [0, 3, 1.5, 0], "rotation": 270, "texture": "#0"},
				"up": {"uv": [3, 0, 0, 3.25], "rotation": 270, "texture": "#0"},
				"down": {"uv": [3, 0, 0, 3.25], "rotation": 270, "texture": "#0"}
			}
		},
		{
			"from": [2.88466, 0.39705, 10.00261],
			"to": [5.88466, 2.39705, 13.00261],
			"rotation": {"angle": -45, "axis": "z", "origin": [5.01621, 1.14702, 11.50914]},
			"faces": {
				"north": {"uv": [0, 3, 2, 0], "rotation": 270, "texture": "#0"},
				"east": {"uv": [0, 3, 2, 0], "rotation": 270, "texture": "#0"},
				"south": {"uv": [0, 3, 2, 0], "rotation": 90, "texture": "#0"},
				"west": {"uv": [0, 3, 2, 0], "rotation": 270, "texture": "#0"},
				"up": {"uv": [3, 0, 0, 3], "rotation": 270, "texture": "#0"},
				"down": {"uv": [3, 0, 0, 3], "rotation": 270, "texture": "#0"}
			}
		},
		{
			"from": [2.97545, 2.12169, 9.99714],
			"to": [4.97545, 5.12169, 12.99714],
			"rotation": {"angle": 0, "axis": "z", "origin": [3.72542, 2.99014, 11.50367]},
			"faces": {
				"north": {"uv": [2, 0, 0, 3], "texture": "#0"},
				"east": {"uv": [3, 0, 0, 3], "texture": "#0"},
				"south": {"uv": [2, 0, 0, 3], "texture": "#0"},
				"west": {"uv": [3, 0, 0, 3], "texture": "#0"},
				"up": {"uv": [0, 3, 2, 0], "texture": "#0"},
				"down": {"uv": [0, 3, 2, 0], "texture": "#0"}
			}
		},
		{
			"from": [2.15824, 3.68462, 10.00261],
			"to": [9.15824, 9.68462, 13.00261],
			"rotation": {"angle": 22.5, "axis": "z", "origin": [6.15945, 7.18751, 11.50432]},
			"faces": {
				"north": {"uv": [7, 0, 0, 6], "texture": "#0"},
				"east": {"uv": [3, 0, 0, 6], "texture": "#0"},
				"south": {"uv": [7, 0, 0, 6], "texture": "#0"},
				"west": {"uv": [3, 0, 0, 6], "texture": "#0"},
				"up": {"uv": [0, 3, 7, 0], "texture": "#0"},
				"down": {"uv": [0, 3, 7, 0], "texture": "#0"}
			}
		},
		{
			"from": [8.35, 0, 10],
			"to": [9.85, 1.25, 13],
			"rotation": {"angle": 0, "axis": "z", "origin": [2.1, 7.25, 5]},
			"faces": {
				"north": {"uv": [0, 1.5, 1.25, 0], "rotation": 270, "texture": "#0"},
				"east": {"uv": [0, 3, 1.25, 0], "rotation": 270, "texture": "#0"},
				"south": {"uv": [0, 1.5, 1.25, 0], "rotation": 90, "texture": "#0"},
				"west": {"uv": [0, 3, 1.25, 0], "rotation": 270, "texture": "#0"},
				"up": {"uv": [3, 0, 0, 1.5], "rotation": 270, "texture": "#0"},
				"down": {"uv": [3, 0, 0, 1.5], "rotation": 270, "texture": "#0"}
			}
		},
		{
			"from": [9.35, 0, 12],
			"to": [10.6, 1, 13],
			"rotation": {"angle": 0, "axis": "z", "origin": [3.6, 7.25, 7]},
			"faces": {
				"north": {"uv": [0, 1.25, 1, 0], "rotation": 270, "texture": "#0"},
				"east": {"uv": [0, 1, 1, 0], "rotation": 270, "texture": "#0"},
				"south": {"uv": [0, 1.25, 1, 0], "rotation": 90, "texture": "#0"},
				"west": {"uv": [0, 1, 1, 0], "rotation": 270, "texture": "#0"},
				"up": {"uv": [1, 0, 0, 1.25], "rotation": 270, "texture": "#0"},
				"down": {"uv": [1, 0, 0, 1.25], "rotation": 270, "texture": "#0"}
			}
		},
		{
			"from": [9.35, 0, 11],
			"to": [11.1, 1.1, 12],
			"rotation": {"angle": 0, "axis": "z", "origin": [3.85, 7.25, 6]},
			"faces": {
				"north": {"uv": [0, 1.75, 1.1, 0], "rotation": 270, "texture": "#0"},
				"east": {"uv": [0, 1, 1.1, 0], "rotation": 270, "texture": "#0"},
				"south": {"uv": [0, 1.75, 1.1, 0], "rotation": 90, "texture": "#0"},
				"west": {"uv": [0, 1, 1.1, 0], "rotation": 270, "texture": "#0"},
				"up": {"uv": [1, 0, 0, 1.75], "rotation": 270, "texture": "#0"},
				"down": {"uv": [1, 0, 0, 1.75], "rotation": 270, "texture": "#0"}
			}
		},
		{
			"from": [9.35, 0, 10],
			"to": [10.6, 1, 11],
			"rotation": {"angle": 0, "axis": "z", "origin": [3.6, 7.25, 5]},
			"faces": {
				"north": {"uv": [0, 1.25, 1, 0], "rotation": 270, "texture": "#0"},
				"east": {"uv": [0, 1, 1, 0], "rotation": 270, "texture": "#0"},
				"south": {"uv": [0, 1.25, 1, 0], "rotation": 90, "texture": "#0"},
				"west": {"uv": [0, 1, 1, 0], "rotation": 270, "texture": "#0"},
				"up": {"uv": [1, 0, 0, 1.25], "rotation": 270, "texture": "#0"},
				"down": {"uv": [1, 0, 0, 1.25], "rotation": 270, "texture": "#0"}
			}
		},
		{
			"from": [5.1, 0, 3],
			"to": [8.35, 1.5, 6],
			"rotation": {"angle": 0, "axis": "z", "origin": [2.1, 7.25, 11]},
			"faces": {
				"north": {"uv": [0, 0, 1.5, 3.25], "rotation": 90, "texture": "#0"},
				"east": {"uv": [0, 0, 1.5, 3], "rotation": 270, "texture": "#0"},
				"south": {"uv": [0, 0, 1.5, 3.25], "rotation": 270, "texture": "#0"},
				"west": {"uv": [0, 0, 1.5, 3], "rotation": 270, "texture": "#0"},
				"up": {"uv": [0, 0, 3, 3.25], "rotation": 270, "texture": "#0"},
				"down": {"uv": [0, 0, 3, 3.25], "rotation": 270, "texture": "#0"}
			}
		},
		{
			"from": [2.88466, 0.39705, 2.99739],
			"to": [5.88466, 2.39705, 5.99739],
			"rotation": {"angle": -45, "axis": "z", "origin": [5.01621, 1.14702, 4.49086]},
			"faces": {
				"north": {"uv": [0, 0, 2, 3], "rotation": 90, "texture": "#0"},
				"east": {"uv": [0, 0, 2, 3], "rotation": 270, "texture": "#0"},
				"south": {"uv": [0, 0, 2, 3], "rotation": 270, "texture": "#0"},
				"west": {"uv": [0, 0, 2, 3], "rotation": 270, "texture": "#0"},
				"up": {"uv": [0, 0, 3, 3], "rotation": 270, "texture": "#0"},
				"down": {"uv": [0, 0, 3, 3], "rotation": 270, "texture": "#0"}
			}
		},
		{
			"from": [2.97545, 2.12169, 3.00286],
			"to": [4.97545, 5.12169, 6.00286],
			"rotation": {"angle": 0, "axis": "z", "origin": [3.72542, 2.99014, 4.49633]},
			"faces": {
				"north": {"uv": [0, 0, 2, 3], "texture": "#0"},
				"east": {"uv": [0, 0, 3, 3], "texture": "#0"},
				"south": {"uv": [0, 0, 2, 3], "texture": "#0"},
				"west": {"uv": [0, 0, 3, 3], "texture": "#0"},
				"up": {"uv": [0, 0, 2, 3], "texture": "#0"},
				"down": {"uv": [0, 0, 2, 3], "texture": "#0"}
			}
		},
		{
			"from": [2.15824, 3.68462, 2.99739],
			"to": [9.15824, 9.68462, 5.99739],
			"rotation": {"angle": 22.5, "axis": "z", "origin": [6.15945, 7.18751, 4.49568]},
			"faces": {
				"north": {"uv": [0, 0, 7, 6], "texture": "#0"},
				"east": {"uv": [0, 0, 3, 6], "texture": "#0"},
				"south": {"uv": [0, 0, 7, 6], "texture": "#0"},
				"west": {"uv": [0, 0, 3, 6], "texture": "#0"},
				"up": {"uv": [0, 0, 7, 3], "texture": "#0"},
				"down": {"uv": [0, 0, 7, 3], "texture": "#0"}
			}
		},
		{
			"from": [8.35, 0, 3],
			"to": [9.85, 1.25, 6],
			"rotation": {"angle": 0, "axis": "z", "origin": [2.1, 7.25, 11]},
			"faces": {
				"north": {"uv": [0, 0, 1.25, 1.5], "rotation": 90, "texture": "#0"},
				"east": {"uv": [0, 0, 1.25, 3], "rotation": 270, "texture": "#0"},
				"south": {"uv": [0, 0, 1.25, 1.5], "rotation": 270, "texture": "#0"},
				"west": {"uv": [0, 0, 1.25, 3], "rotation": 270, "texture": "#0"},
				"up": {"uv": [0, 0, 3, 1.5], "rotation": 270, "texture": "#0"},
				"down": {"uv": [0, 0, 3, 1.5], "rotation": 270, "texture": "#0"}
			}
		},
		{
			"from": [9.35, 0, 3],
			"to": [10.6, 1, 4],
			"rotation": {"angle": 0, "axis": "z", "origin": [3.6, 7.25, 9]},
			"faces": {
				"north": {"uv": [0, 0, 1, 1.25], "rotation": 90, "texture": "#0"},
				"east": {"uv": [0, 0, 1, 1], "rotation": 270, "texture": "#0"},
				"south": {"uv": [0, 0, 1, 1.25], "rotation": 270, "texture": "#0"},
				"west": {"uv": [0, 0, 1, 1], "rotation": 270, "texture": "#0"},
				"up": {"uv": [0, 0, 1, 1.25], "rotation": 270, "texture": "#0"},
				"down": {"uv": [0, 0, 1, 1.25], "rotation": 270, "texture": "#0"}
			}
		},
		{
			"from": [9.35, 0, 4],
			"to": [11.1, 1.1, 5],
			"rotation": {"angle": 0, "axis": "z", "origin": [3.85, 7.25, 10]},
			"faces": {
				"north": {"uv": [0, 0, 1.1, 1.75], "rotation": 90, "texture": "#0"},
				"east": {"uv": [0, 0, 1.1, 1], "rotation": 270, "texture": "#0"},
				"south": {"uv": [0, 0, 1.1, 1.75], "rotation": 270, "texture": "#0"},
				"west": {"uv": [0, 0, 1.1, 1], "rotation": 270, "texture": "#0"},
				"up": {"uv": [0, 0, 1, 1.75], "rotation": 270, "texture": "#0"},
				"down": {"uv": [0, 0, 1, 1.75], "rotation": 270, "texture": "#0"}
			}
		},
		{
			"from": [9.35, 0, 5],
			"to": [10.6, 1, 6],
			"rotation": {"angle": 0, "axis": "z", "origin": [3.6, 7.25, 11]},
			"faces": {
				"north": {"uv": [0, 0, 1, 1.25], "rotation": 90, "texture": "#0"},
				"east": {"uv": [0, 0, 1, 1], "rotation": 270, "texture": "#0"},
				"south": {"uv": [0, 0, 1, 1.25], "rotation": 270, "texture": "#0"},
				"west": {"uv": [0, 0, 1, 1], "rotation": 270, "texture": "#0"},
				"up": {"uv": [0, 0, 1, 1.25], "rotation": 270, "texture": "#0"},
				"down": {"uv": [0, 0, 1, 1.25], "rotation": 270, "texture": "#0"}
			}
		},
		{
			"from": [19.35, 0, 11],
			"to": [21.1, 1.1, 12],
			"rotation": {"angle": 0, "axis": "z", "origin": [13.85, 7.25, 6]},
			"faces": {
				"north": {"uv": [0, 1.75, 1.1, 0], "rotation": 270, "texture": "#0"},
				"east": {"uv": [0, 1, 1.1, 0], "rotation": 270, "texture": "#0"},
				"south": {"uv": [0, 1.75, 1.1, 0], "rotation": 90, "texture": "#0"},
				"west": {"uv": [0, 1, 1.1, 0], "rotation": 270, "texture": "#0"},
				"up": {"uv": [1, 0, 0, 1.75], "rotation": 270, "texture": "#0"},
				"down": {"uv": [1, 0, 0, 1.75], "rotation": 270, "texture": "#0"}
			}
		},
		{
			"from": [11.25, 6.5, 10],
			"to": [14.25, 11.5, 13],
			"rotation": {"angle": 22.5, "axis": "z", "origin": [19.25, 10.5, 5]},
			"faces": {
				"north": {"uv": [3, 0, 0, 5], "texture": "#0"},
				"east": {"uv": [3, 0, 0, 5], "texture": "#0"},
				"south": {"uv": [3, 0, 0, 5], "texture": "#0"},
				"west": {"uv": [3, 0, 0, 5], "texture": "#0"},
				"up": {"uv": [0, 3, 3, 0], "texture": "#0"},
				"down": {"uv": [0, 3, 3, 0], "texture": "#0"}
			}
		},
		{
			"from": [11.2984, 7.47273, 10],
			"to": [15.2984, 11.97273, 13.5],
			"rotation": {"angle": 0, "axis": "z", "origin": [13.42149, 9.6147, 11.63166]},
			"faces": {
				"north": {"uv": [4, 0, 0, 4.5], "texture": "#0"},
				"east": {"uv": [3.5, 0, 0, 4.5], "texture": "#0"},
				"south": {"uv": [4, 0, 0, 4.5], "texture": "#0"},
				"west": {"uv": [3.5, 0, 0, 4.5], "texture": "#0"},
				"up": {"uv": [0, 3.5, 4, 0], "texture": "#0"},
				"down": {"uv": [0, 3.5, 4, 0], "texture": "#0"}
			}
		},
		{
			"from": [11.5, 4.5, 10.25],
			"to": [14, 6.5, 12.75],
			"rotation": {"angle": 22.5, "axis": "z", "origin": [19.25, 10.5, 5]},
			"faces": {
				"north": {"uv": [2.5, 0, 0, 2], "texture": "#0"},
				"east": {"uv": [2.5, 0, 0, 2], "texture": "#0"},
				"south": {"uv": [2.5, 0, 0, 2], "texture": "#0"},
				"west": {"uv": [2.5, 0, 0, 2], "texture": "#0"},
				"up": {"uv": [0, 2.5, 2.5, 0], "texture": "#0"},
				"down": {"uv": [0, 2.5, 2.5, 0], "texture": "#0"}
			}
		},
		{
			"from": [9.6, 3.25, 10.5],
			"to": [11.35, 6.25, 12.5],
			"rotation": {"angle": 45, "axis": "z", "origin": [17.1, 10.25, 5]},
			"faces": {
				"north": {"uv": [1.75, 0, 0, 3], "texture": "#0"},
				"east": {"uv": [2, 0, 0, 3], "texture": "#0"},
				"south": {"uv": [1.75, 0, 0, 3], "texture": "#0"},
				"west": {"uv": [2, 0, 0, 3], "texture": "#0"},
				"up": {"uv": [0, 2, 1.75, 0], "texture": "#0"},
				"down": {"uv": [0, 2, 1.75, 0], "texture": "#0"}
			}
		},
		{
			"from": [16.6, 0, 10],
			"to": [18.35, 1.5, 13],
			"rotation": {"angle": 0, "axis": "z", "origin": [12.1, 7.25, 5]},
			"faces": {
				"north": {"uv": [0, 1.75, 1.5, 0], "rotation": 270, "texture": "#0"},
				"east": {"uv": [0, 3, 1.5, 0], "rotation": 270, "texture": "#0"},
				"south": {"uv": [0, 1.75, 1.5, 0], "rotation": 90, "texture": "#0"},
				"west": {"uv": [0, 3, 1.5, 0], "rotation": 270, "texture": "#0"},
				"up": {"uv": [3, 0, 0, 1.75], "rotation": 270, "texture": "#0"},
				"down": {"uv": [3, 0, 0, 1.75], "rotation": 270, "texture": "#0"}
			}
		},
		{
			"from": [18.35, 0, 10],
			"to": [19.35, 1.25, 13],
			"rotation": {"angle": 0, "axis": "z", "origin": [12.1, 7.25, 5]},
			"faces": {
				"north": {"uv": [0, 1, 1.25, 0], "rotation": 270, "texture": "#0"},
				"east": {"uv": [0, 3, 1.25, 0], "rotation": 270, "texture": "#0"},
				"south": {"uv": [0, 1, 1.25, 0], "rotation": 90, "texture": "#0"},
				"west": {"uv": [0, 3, 1.25, 0], "rotation": 270, "texture": "#0"},
				"up": {"uv": [3, 0, 0, 1], "rotation": 270, "texture": "#0"},
				"down": {"uv": [3, 0, 0, 1], "rotation": 270, "texture": "#0"}
			}
		},
		{
			"from": [19.35, 0, 10],
			"to": [20.6, 1, 11],
			"rotation": {"angle": 0, "axis": "z", "origin": [13.6, 7.25, 5]},
			"faces": {
				"north": {"uv": [0, 1.25, 1, 0], "rotation": 270, "texture": "#0"},
				"east": {"uv": [0, 1, 1, 0], "rotation": 270, "texture": "#0"},
				"south": {"uv": [0, 1.25, 1, 0], "rotation": 90, "texture": "#0"},
				"west": {"uv": [0, 1, 1, 0], "rotation": 270, "texture": "#0"},
				"up": {"uv": [1, 0, 0, 1.25], "rotation": 270, "texture": "#0"},
				"down": {"uv": [1, 0, 0, 1.25], "rotation": 270, "texture": "#0"}
			}
		},
		{
			"from": [19.35, 0, 12],
			"to": [20.6, 1, 13],
			"rotation": {"angle": 0, "axis": "z", "origin": [13.6, 7.25, 7]},
			"faces": {
				"north": {"uv": [0, 1.25, 1, 0], "rotation": 270, "texture": "#0"},
				"east": {"uv": [0, 1, 1, 0], "rotation": 270, "texture": "#0"},
				"south": {"uv": [0, 1.25, 1, 0], "rotation": 90, "texture": "#0"},
				"west": {"uv": [0, 1, 1, 0], "rotation": 270, "texture": "#0"},
				"up": {"uv": [1, 0, 0, 1.25], "rotation": 270, "texture": "#0"},
				"down": {"uv": [1, 0, 0, 1.25], "rotation": 270, "texture": "#0"}
			}
		},
		{
			"from": [19.35, 0, 4],
			"to": [21.1, 1.1, 5],
			"rotation": {"angle": 0, "axis": "z", "origin": [13.85, 7.25, 10]},
			"faces": {
				"north": {"uv": [0, 0, 1.1, 1.75], "rotation": 90, "texture": "#0"},
				"east": {"uv": [0, 0, 1.1, 1], "rotation": 270, "texture": "#0"},
				"south": {"uv": [0, 0, 1.1, 1.75], "rotation": 270, "texture": "#0"},
				"west": {"uv": [0, 0, 1.1, 1], "rotation": 270, "texture": "#0"},
				"up": {"uv": [0, 0, 1, 1.75], "rotation": 270, "texture": "#0"},
				"down": {"uv": [0, 0, 1, 1.75], "rotation": 270, "texture": "#0"}
			}
		},
		{
			"from": [11.25, 6.5, 3],
			"to": [14.25, 11.5, 6],
			"rotation": {"angle": 22.5, "axis": "z", "origin": [19.25, 10.5, 11]},
			"faces": {
				"north": {"uv": [0, 0, 3, 5], "texture": "#0"},
				"east": {"uv": [0, 0, 3, 5], "texture": "#0"},
				"south": {"uv": [0, 0, 3, 5], "texture": "#0"},
				"west": {"uv": [0, 0, 3, 5], "texture": "#0"},
				"up": {"uv": [0, 0, 3, 3], "texture": "#0"},
				"down": {"uv": [0, 0, 3, 3], "texture": "#0"}
			}
		},
		{
			"from": [11.2984, 7.47273, 2.5],
			"to": [15.2984, 11.97273, 6],
			"rotation": {"angle": 0, "axis": "z", "origin": [13.42149, 9.6147, 4.36834]},
			"faces": {
				"north": {"uv": [0, 0, 4, 4.5], "texture": "#0"},
				"east": {"uv": [0, 0, 3.5, 4.5], "texture": "#0"},
				"south": {"uv": [0, 0, 4, 4.5], "texture": "#0"},
				"west": {"uv": [0, 0, 3.5, 4.5], "texture": "#0"},
				"up": {"uv": [0, 0, 4, 3.5], "texture": "#0"},
				"down": {"uv": [0, 0, 4, 3.5], "texture": "#0"}
			}
		},
		{
			"from": [11.5, 4.5, 3.25],
			"to": [14, 6.5, 5.75],
			"rotation": {"angle": 22.5, "axis": "z", "origin": [19.25, 10.5, 11]},
			"faces": {
				"north": {"uv": [0, 0, 2.5, 2], "texture": "#0"},
				"east": {"uv": [0, 0, 2.5, 2], "texture": "#0"},
				"south": {"uv": [0, 0, 2.5, 2], "texture": "#0"},
				"west": {"uv": [0, 0, 2.5, 2], "texture": "#0"},
				"up": {"uv": [0, 0, 2.5, 2.5], "texture": "#0"},
				"down": {"uv": [0, 0, 2.5, 2.5], "texture": "#0"}
			}
		},
		{
			"from": [9.6, 3.25, 3.5],
			"to": [11.35, 6.25, 5.5],
			"rotation": {"angle": 45, "axis": "z", "origin": [17.1, 10.25, 11]},
			"faces": {
				"north": {"uv": [0, 0, 1.75, 3], "texture": "#0"},
				"east": {"uv": [0, 0, 2, 3], "texture": "#0"},
				"south": {"uv": [0, 0, 1.75, 3], "texture": "#0"},
				"west": {"uv": [0, 0, 2, 3], "texture": "#0"},
				"up": {"uv": [0, 0, 1.75, 2], "texture": "#0"},
				"down": {"uv": [0, 0, 1.75, 2], "texture": "#0"}
			}
		},
		{
			"from": [16.6, 0, 3],
			"to": [18.35, 1.5, 6],
			"rotation": {"angle": 0, "axis": "z", "origin": [12.1, 7.25, 11]},
			"faces": {
				"north": {"uv": [0, 0, 1.5, 1.75], "rotation": 90, "texture": "#0"},
				"east": {"uv": [0, 0, 1.5, 3], "rotation": 270, "texture": "#0"},
				"south": {"uv": [0, 0, 1.5, 1.75], "rotation": 270, "texture": "#0"},
				"west": {"uv": [0, 0, 1.5, 3], "rotation": 270, "texture": "#0"},
				"up": {"uv": [0, 0, 3, 1.75], "rotation": 270, "texture": "#0"},
				"down": {"uv": [0, 0, 3, 1.75], "rotation": 270, "texture": "#0"}
			}
		},
		{
			"from": [18.35, 0, 3],
			"to": [19.35, 1.25, 6],
			"rotation": {"angle": 0, "axis": "z", "origin": [12.1, 7.25, 11]},
			"faces": {
				"north": {"uv": [0, 0, 1.25, 1], "rotation": 90, "texture": "#0"},
				"east": {"uv": [0, 0, 1.25, 3], "rotation": 270, "texture": "#0"},
				"south": {"uv": [0, 0, 1.25, 1], "rotation": 270, "texture": "#0"},
				"west": {"uv": [0, 0, 1.25, 3], "rotation": 270, "texture": "#0"},
				"up": {"uv": [0, 0, 3, 1], "rotation": 270, "texture": "#0"},
				"down": {"uv": [0, 0, 3, 1], "rotation": 270, "texture": "#0"}
			}
		},
		{
			"from": [19.35, 0, 5],
			"to": [20.6, 1, 6],
			"rotation": {"angle": 0, "axis": "z", "origin": [13.6, 7.25, 11]},
			"faces": {
				"north": {"uv": [0, 0, 1, 1.25], "rotation": 90, "texture": "#0"},
				"east": {"uv": [0, 0, 1, 1], "rotation": 270, "texture": "#0"},
				"south": {"uv": [0, 0, 1, 1.25], "rotation": 270, "texture": "#0"},
				"west": {"uv": [0, 0, 1, 1], "rotation": 270, "texture": "#0"},
				"up": {"uv": [0, 0, 1, 1.25], "rotation": 270, "texture": "#0"},
				"down": {"uv": [0, 0, 1, 1.25], "rotation": 270, "texture": "#0"}
			}
		},
		{
			"from": [19.35, 0, 3],
			"to": [20.6, 1, 4],
			"rotation": {"angle": 0, "axis": "z", "origin": [13.6, 7.25, 9]},
			"faces": {
				"north": {"uv": [0, 0, 1, 1.25], "rotation": 90, "texture": "#0"},
				"east": {"uv": [0, 0, 1, 1], "rotation": 270, "texture": "#0"},
				"south": {"uv": [0, 0, 1, 1.25], "rotation": 270, "texture": "#0"},
				"west": {"uv": [0, 0, 1, 1], "rotation": 270, "texture": "#0"},
				"up": {"uv": [0, 0, 1, 1.25], "rotation": 270, "texture": "#0"},
				"down": {"uv": [0, 0, 1, 1.25], "rotation": 270, "texture": "#0"}
			}
		},
		{
			"from": [0.5019, 21.8388, 3.39736],
			"to": [1.7019, 22.8388, 3.69736],
			"rotation": {"angle": 22.5, "axis": "z", "origin": [4.94676, 19.52799, 8.0237]},
			"faces": {
				"north": {"uv": [0, 0, 1, 1.2], "rotation": 270, "texture": "#3"},
				"east": {"uv": [0, 0, 1, 0.3], "rotation": 90, "texture": "#3"},
				"south": {"uv": [0, 0, 1, 1.2], "rotation": 90, "texture": "#3"},
				"west": {"uv": [0, 0, 1, 0.3], "rotation": 90, "texture": "#3"},
				"up": {"uv": [0, 0, 0.3, 1.2], "rotation": 90, "texture": "#3"},
				"down": {"uv": [0, 0, 0.3, 1.2], "rotation": 90, "texture": "#3"}
			}
		},
		{
			"from": [4.9019, 21.0888, 3.39736],
			"to": [10.6519, 23.8388, 3.69736],
			"rotation": {"angle": 22.5, "axis": "z", "origin": [4.94676, 19.52799, 8.0237]},
			"faces": {
				"north": {"uv": [0, 0, 2.75, 5.75], "rotation": 270, "texture": "#3"},
				"east": {"uv": [0, 0, 2.75, 0.3], "rotation": 90, "texture": "#3"},
				"south": {"uv": [0, 0, 2.75, 5.75], "rotation": 90, "texture": "#3"},
				"west": {"uv": [0, 0, 2.75, 0.3], "rotation": 90, "texture": "#3"},
				"up": {"uv": [0, 0, 0.3, 5.75], "rotation": 90, "texture": "#3"},
				"down": {"uv": [0, 0, 0.3, 5.75], "rotation": 90, "texture": "#3"}
			}
		},
		{
			"from": [4.9019, 16.3388, 3.39736],
			"to": [9.7519, 21.0888, 3.69736],
			"rotation": {"angle": 22.5, "axis": "z", "origin": [4.94676, 19.52799, 8.0237]},
			"faces": {
				"north": {"uv": [0, 0, 4.75, 4.85], "rotation": 270, "texture": "#3"},
				"east": {"uv": [0, 0, 4.75, 0.3], "rotation": 90, "texture": "#3"},
				"south": {"uv": [0, 0, 4.75, 4.85], "rotation": 90, "texture": "#3"},
				"west": {"uv": [0, 0, 4.75, 0.3], "rotation": 90, "texture": "#3"},
				"up": {"uv": [0, 0, 0.3, 4.85], "rotation": 90, "texture": "#3"},
				"down": {"uv": [0, 0, 0.3, 4.85], "rotation": 90, "texture": "#3"}
			}
		},
		{
			"from": [0.1519, 16.3388, 3.39736],
			"to": [5.0019, 21.8388, 3.69736],
			"rotation": {"angle": 22.5, "axis": "z", "origin": [4.94676, 19.52799, 8.0237]},
			"faces": {
				"north": {"uv": [0, 0, 5.5, 4.85], "rotation": 270, "texture": "#3"},
				"east": {"uv": [0, 0, 5.5, 0.3], "rotation": 90, "texture": "#3"},
				"south": {"uv": [0, 0, 5.5, 4.85], "rotation": 90, "texture": "#3"},
				"west": {"uv": [0, 0, 5.5, 0.3], "rotation": 90, "texture": "#3"},
				"up": {"uv": [0, 0, 0.3, 4.85], "rotation": 90, "texture": "#3"},
				"down": {"uv": [0, 0, 0.3, 4.85], "rotation": 90, "texture": "#3"}
			}
		},
		{
			"from": [1.79886, 13.13213, 3.39736],
			"to": [7.79886, 14.88213, 3.69736],
			"rotation": {"angle": -45, "axis": "z", "origin": [4.94676, 19.52799, 8.0237]},
			"faces": {
				"north": {"uv": [0, 0, 6, 1.75], "texture": "#3"},
				"east": {"uv": [0, 0, 0.3, 1.75], "texture": "#3"},
				"south": {"uv": [0, 0, 6, 1.75], "texture": "#3"},
				"west": {"uv": [0, 0, 0.3, 1.75], "texture": "#3"},
				"up": {"uv": [0, 0, 6, 0.3], "texture": "#3"},
				"down": {"uv": [0, 0, 6, 0.3], "texture": "#3"}
			}
		},
		{
			"from": [0.13141, 14.44601, 3.39416],
			"to": [6.13141, 16.34601, 3.69416],
			"rotation": {"angle": 22.5, "axis": "z", "origin": [4.94676, 19.52799, 8.0237]},
			"faces": {
				"north": {"uv": [0, 0, 6, 1.9], "texture": "#3"},
				"east": {"uv": [0, 0, 0.3, 1.9], "texture": "#3"},
				"south": {"uv": [0, 0, 6, 1.9], "texture": "#3"},
				"west": {"uv": [0, 0, 0.3, 1.9], "texture": "#3"},
				"up": {"uv": [0, 0, 6, 0.3], "texture": "#3"},
				"down": {"uv": [0, 0, 6, 0.3], "texture": "#3"}
			}
		},
		{
			"from": [7.25921, 15.14029, 3.39515],
			"to": [11.25921, 18.39029, 3.69515],
			"rotation": {"angle": 0, "axis": "z", "origin": [4.94676, 19.52799, 8.0237]},
			"faces": {
				"north": {"uv": [0, 0, 4, 3.25], "texture": "#3"},
				"east": {"uv": [0, 0, 0.3, 3.25], "texture": "#3"},
				"south": {"uv": [0, 0, 4, 3.25], "texture": "#3"},
				"west": {"uv": [0, 0, 0.3, 3.25], "texture": "#3"},
				"up": {"uv": [0, 0, 4, 0.3], "texture": "#3"},
				"down": {"uv": [0, 0, 4, 0.3], "texture": "#3"}
			}
		},
		{
			"from": [-0.12837, 15.52991, 3.39736],
			"to": [1.87163, 18.02991, 3.69736],
			"rotation": {"angle": -22.5, "axis": "z", "origin": [4.94676, 19.52799, 8.0237]},
			"faces": {
				"north": {"uv": [0, 0, 2, 2.5], "texture": "#3"},
				"east": {"uv": [0, 0, 0.3, 2.5], "texture": "#3"},
				"south": {"uv": [0, 0, 2, 2.5], "texture": "#3"},
				"west": {"uv": [0, 0, 0.3, 2.5], "texture": "#3"},
				"up": {"uv": [0, 0, 2, 0.3], "texture": "#3"},
				"down": {"uv": [0, 0, 2, 0.3], "texture": "#3"}
			}
		},
		{
			"from": [2.9019, 21.8388, 3.39736],
			"to": [5.0019, 23.8388, 3.69736],
			"rotation": {"angle": 22.5, "axis": "z", "origin": [4.94676, 19.52799, 8.0237]},
			"faces": {
				"north": {"uv": [0, 0, 2, 2.1], "rotation": 270, "texture": "#3"},
				"east": {"uv": [0, 0, 2, 0.3], "rotation": 90, "texture": "#3"},
				"south": {"uv": [0, 0, 2, 2.1], "rotation": 90, "texture": "#3"},
				"west": {"uv": [0, 0, 2, 0.3], "rotation": 90, "texture": "#3"},
				"up": {"uv": [0, 0, 0.3, 2.1], "rotation": 90, "texture": "#3"},
				"down": {"uv": [0, 0, 0.3, 2.1], "rotation": 90, "texture": "#3"}
			}
		},
		{
			"from": [1.7019, 21.8388, 3.39736],
			"to": [2.9019, 23.0388, 3.69736],
			"rotation": {"angle": 22.5, "axis": "z", "origin": [4.94676, 19.52799, 8.0237]},
			"faces": {
				"north": {"uv": [0, 0, 1.2, 1.2], "rotation": 270, "texture": "#3"},
				"east": {"uv": [0, 0, 1.2, 0.3], "rotation": 90, "texture": "#3"},
				"south": {"uv": [0, 0, 1.2, 1.2], "rotation": 90, "texture": "#3"},
				"west": {"uv": [0, 0, 1.2, 0.3], "rotation": 90, "texture": "#3"},
				"up": {"uv": [0, 0, 0.3, 1.2], "rotation": 90, "texture": "#3"},
				"down": {"uv": [0, 0, 0.3, 1.2], "rotation": 90, "texture": "#3"}
			}
		},
		{
			"from": [8.9636, 10.52798, 3.02496],
			"to": [10.9636, 13.52798, 4.02496],
			"rotation": {"angle": 22.5, "axis": "z", "origin": [4.94676, 19.52799, 8.0237]},
			"faces": {
				"north": {"uv": [0, 0, 2, 3], "texture": "#0"},
				"east": {"uv": [0, 0, 1, 3], "texture": "#0"},
				"south": {"uv": [0, 0, 2, 3], "texture": "#0"},
				"west": {"uv": [0, 0, 1, 3], "texture": "#0"},
				"up": {"uv": [0, 0, 2, 1], "texture": "#0"},
				"down": {"uv": [0, 0, 2, 1], "texture": "#0"}
			}
		},
		{
			"from": [9.2136, 13.52798, 3.02496],
			"to": [10.7136, 16.52798, 4.02496],
			"rotation": {"angle": 22.5, "axis": "z", "origin": [4.94676, 19.52799, 8.0237]},
			"faces": {
				"north": {"uv": [0, 0, 1.5, 3], "texture": "#0"},
				"east": {"uv": [0, 0, 1, 3], "texture": "#0"},
				"south": {"uv": [0, 0, 1.5, 3], "texture": "#0"},
				"west": {"uv": [0, 0, 1, 3], "texture": "#0"},
				"up": {"uv": [0, 0, 1.5, 1], "texture": "#0"},
				"down": {"uv": [0, 0, 1.5, 1], "texture": "#0"}
			}
		},
		{
			"from": [9.4636, 16.52798, 3.02496],
			"to": [10.4636, 20.52798, 4.02496],
			"rotation": {"angle": 22.5, "axis": "z", "origin": [4.94676, 19.52799, 8.0237]},
			"faces": {
				"north": {"uv": [0, 0, 1, 4], "texture": "#0"},
				"east": {"uv": [0, 0, 1, 4], "texture": "#0"},
				"south": {"uv": [0, 0, 1, 4], "texture": "#0"},
				"west": {"uv": [0, 0, 1, 4], "texture": "#0"},
				"up": {"uv": [0, 0, 1, 1], "texture": "#0"},
				"down": {"uv": [0, 0, 1, 1], "texture": "#0"}
			}
		},
		{
			"from": [8.73069, 22.17911, 3.03263],
			"to": [9.73069, 26.17911, 4.03263],
			"rotation": {"angle": 0, "axis": "z", "origin": [4.94676, 19.52799, 8.0237]},
			"faces": {
				"north": {"uv": [0, 0, 1, 4], "texture": "#0"},
				"east": {"uv": [0, 0, 1, 4], "texture": "#0"},
				"south": {"uv": [0, 0, 1, 4], "texture": "#0"},
				"west": {"uv": [0, 0, 1, 4], "texture": "#0"},
				"up": {"uv": [0, 0, 1, 1], "texture": "#0"},
				"down": {"uv": [0, 0, 1, 1], "texture": "#0"}
			}
		},
		{
			"from": [4.91042, 23.84219, 3.0344],
			"to": [11.91042, 24.84219, 4.0344],
			"rotation": {"angle": 22.5, "axis": "z", "origin": [4.94676, 19.52799, 8.0237]},
			"faces": {
				"north": {"uv": [0, 0, 1, 7], "rotation": 270, "texture": "#0"},
				"east": {"uv": [0, 0, 1, 1], "rotation": 90, "texture": "#0"},
				"south": {"uv": [0, 0, 1, 7], "rotation": 90, "texture": "#0"},
				"west": {"uv": [0, 0, 1, 1], "rotation": 90, "texture": "#0"},
				"up": {"uv": [0, 0, 1, 7], "rotation": 90, "texture": "#0"},
				"down": {"uv": [0, 0, 1, 7], "rotation": 90, "texture": "#0"}
			}
		},
		{
			"from": [2.97849, 20.35405, 3.0344],
			"to": [3.97849, 26.85405, 4.0344],
			"rotation": {"angle": -45, "axis": "z", "origin": [4.94676, 19.52799, 8.0237]},
			"faces": {
				"north": {"uv": [0, 0, 1, 6.5], "texture": "#0"},
				"east": {"uv": [0, 0, 1, 6.5], "texture": "#0"},
				"south": {"uv": [0, 0, 1, 6.5], "texture": "#0"},
				"west": {"uv": [0, 0, 1, 6.5], "texture": "#0"},
				"up": {"uv": [0, 0, 1, 1], "texture": "#0"},
				"down": {"uv": [0, 0, 1, 1], "texture": "#0"}
			}
		},
		{
			"from": [3.55589, 16.04215, 3.03755],
			"to": [4.35589, 21.04215, 4.03755],
			"rotation": {"angle": -22.5, "axis": "z", "origin": [4.94676, 19.52799, 8.0237]},
			"faces": {
				"north": {"uv": [0, 0, 0.8, 5], "texture": "#0"},
				"east": {"uv": [0, 0, 1, 5], "texture": "#0"},
				"south": {"uv": [0, 0, 0.8, 5], "texture": "#0"},
				"west": {"uv": [0, 0, 1, 5], "texture": "#0"},
				"up": {"uv": [0, 0, 0.8, 1], "texture": "#0"},
				"down": {"uv": [0, 0, 0.8, 1], "texture": "#0"}
			}
		},
		{
			"from": [2.42735, 11.83883, 3.03901],
			"to": [3.12735, 16.83883, 4.03901],
			"rotation": {"angle": 0, "axis": "z", "origin": [4.94676, 19.52799, 8.0237]},
			"faces": {
				"north": {"uv": [0, 0, 0.7, 5], "texture": "#0"},
				"east": {"uv": [0, 0, 1, 5], "texture": "#0"},
				"south": {"uv": [0, 0, 0.7, 5], "texture": "#0"},
				"west": {"uv": [0, 0, 1, 5], "texture": "#0"},
				"up": {"uv": [0, 0, 0.7, 1], "texture": "#0"},
				"down": {"uv": [0, 0, 0.7, 1], "texture": "#0"}
			}
		},
		{
			"from": [-0.5484, 13.59495, 3.03901],
			"to": [0.1516, 18.59495, 4.03901],
			"rotation": {"angle": -22.5, "axis": "z", "origin": [4.94676, 19.52799, 8.0237]},
			"faces": {
				"north": {"uv": [0, 0, 0.7, 5], "texture": "#0"},
				"east": {"uv": [0, 0, 1, 5], "texture": "#0"},
				"south": {"uv": [0, 0, 0.7, 5], "texture": "#0"},
				"west": {"uv": [0, 0, 1, 5], "texture": "#0"},
				"up": {"uv": [0, 0, 0.7, 1], "texture": "#0"},
				"down": {"uv": [0, 0, 0.7, 1], "texture": "#0"}
			}
		},
		{
			"from": [0.13462, 16.52583, 3.03755],
			"to": [0.93462, 21.52583, 4.03755],
			"rotation": {"angle": -45, "axis": "z", "origin": [4.94676, 19.52799, 8.0237]},
			"faces": {
				"north": {"uv": [0, 0, 0.8, 5], "texture": "#0"},
				"east": {"uv": [0, 0, 1, 5], "texture": "#0"},
				"south": {"uv": [0, 0, 0.8, 5], "texture": "#0"},
				"west": {"uv": [0, 0, 1, 5], "texture": "#0"},
				"up": {"uv": [0, 0, 0.8, 1], "texture": "#0"},
				"down": {"uv": [0, 0, 0.8, 1], "texture": "#0"}
			}
		},
		{
			"from": [0.5019, 21.8388, 12.30264],
			"to": [1.7019, 22.8388, 12.60264],
			"rotation": {"angle": 22.5, "axis": "z", "origin": [4.94676, 19.52799, 8.0237]},
			"faces": {
				"north": {"uv": [0, 1.2, 1, 2.4], "rotation": 90, "texture": "#3"},
				"east": {"uv": [0, 0.3, 1, 0.6], "rotation": 90, "texture": "#3"},
				"south": {"uv": [0, 1.2, 1, 2.4], "rotation": 270, "texture": "#3"},
				"west": {"uv": [0, 0.3, 1, 0.6], "rotation": 90, "texture": "#3"},
				"up": {"uv": [0.3, 0, 0.6, 1.2], "rotation": 90, "texture": "#3"},
				"down": {"uv": [0.3, 0, 0.6, 1.2], "rotation": 90, "texture": "#3"}
			}
		},
		{
			"from": [4.9019, 21.0888, 12.30264],
			"to": [10.6519, 23.8388, 12.60264],
			"rotation": {"angle": 22.5, "axis": "z", "origin": [4.94676, 19.52799, 8.0237]},
			"faces": {
				"north": {"uv": [0, 5.75, 2.75, 11.5], "rotation": 90, "texture": "#3"},
				"east": {"uv": [0, 0.3, 2.75, 0.6], "rotation": 90, "texture": "#3"},
				"south": {"uv": [0, 5.75, 2.75, 11.5], "rotation": 270, "texture": "#3"},
				"west": {"uv": [0, 0.3, 2.75, 0.6], "rotation": 90, "texture": "#3"},
				"up": {"uv": [0.3, 0, 0.6, 5.75], "rotation": 90, "texture": "#3"},
				"down": {"uv": [0.3, 0, 0.6, 5.75], "rotation": 90, "texture": "#3"}
			}
		},
		{
			"from": [4.9019, 16.3388, 12.30264],
			"to": [9.7519, 21.0888, 12.60264],
			"rotation": {"angle": 22.5, "axis": "z", "origin": [4.94676, 19.52799, 8.0237]},
			"faces": {
				"north": {"uv": [0, 4.85, 4.75, 9.7], "rotation": 90, "texture": "#3"},
				"east": {"uv": [0, 0.3, 4.75, 0.6], "rotation": 90, "texture": "#3"},
				"south": {"uv": [0, 4.85, 4.75, 9.7], "rotation": 270, "texture": "#3"},
				"west": {"uv": [0, 0.3, 4.75, 0.6], "rotation": 90, "texture": "#3"},
				"up": {"uv": [0.3, 0, 0.6, 4.85], "rotation": 90, "texture": "#3"},
				"down": {"uv": [0.3, 0, 0.6, 4.85], "rotation": 90, "texture": "#3"}
			}
		},
		{
			"from": [0.1519, 16.3388, 12.30264],
			"to": [5.0019, 21.8388, 12.60264],
			"rotation": {"angle": 22.5, "axis": "z", "origin": [4.94676, 19.52799, 8.0237]},
			"faces": {
				"north": {"uv": [0, 4.85, 5.5, 9.7], "rotation": 90, "texture": "#3"},
				"east": {"uv": [0, 0.3, 5.5, 0.6], "rotation": 90, "texture": "#3"},
				"south": {"uv": [0, 4.85, 5.5, 9.7], "rotation": 270, "texture": "#3"},
				"west": {"uv": [0, 0.3, 5.5, 0.6], "rotation": 90, "texture": "#3"},
				"up": {"uv": [0.3, 0, 0.6, 4.85], "rotation": 90, "texture": "#3"},
				"down": {"uv": [0.3, 0, 0.6, 4.85], "rotation": 90, "texture": "#3"}
			}
		},
		{
			"from": [1.79886, 13.13213, 12.30264],
			"to": [7.79886, 14.88213, 12.60264],
			"rotation": {"angle": -45, "axis": "z", "origin": [4.94676, 19.52799, 8.0237]},
			"faces": {
				"north": {"uv": [0, 1.75, 6, 3.5], "rotation": 180, "texture": "#3"},
				"east": {"uv": [0.3, 0, 0.6, 1.75], "texture": "#3"},
				"south": {"uv": [0, 1.75, 6, 3.5], "rotation": 180, "texture": "#3"},
				"west": {"uv": [0.3, 0, 0.6, 1.75], "texture": "#3"},
				"up": {"uv": [0, 0.3, 6, 0.6], "texture": "#3"},
				"down": {"uv": [0, 0.3, 6, 0.6], "texture": "#3"}
			}
		},
		{
			"from": [0.13141, 14.44601, 12.30584],
			"to": [6.13141, 16.34601, 12.60584],
			"rotation": {"angle": 22.5, "axis": "z", "origin": [4.94676, 19.52799, 8.0237]},
			"faces": {
				"north": {"uv": [6, 0, 12, 1.9], "texture": "#3"},
				"east": {"uv": [0.3, 0, 0.6, 1.9], "texture": "#3"},
				"south": {"uv": [6, 0, 12, 1.9], "texture": "#3"},
				"west": {"uv": [0.3, 0, 0.6, 1.9], "texture": "#3"},
				"up": {"uv": [0, 0.3, 6, 0.6], "texture": "#3"},
				"down": {"uv": [0, 0.3, 6, 0.6], "texture": "#3"}
			}
		},
		{
			"from": [7.25921, 15.14029, 12.30485],
			"to": [11.25921, 18.39029, 12.60485],
			"rotation": {"angle": 0, "axis": "z", "origin": [4.94676, 19.52799, 8.0237]},
			"faces": {
				"north": {"uv": [4, 0, 8, 3.25], "texture": "#3"},
				"east": {"uv": [0.3, 0, 0.6, 3.25], "texture": "#3"},
				"south": {"uv": [4, 0, 8, 3.25], "texture": "#3"},
				"west": {"uv": [0.3, 0, 0.6, 3.25], "texture": "#3"},
				"up": {"uv": [0, 0.3, 4, 0.6], "texture": "#3"},
				"down": {"uv": [0, 0.3, 4, 0.6], "texture": "#3"}
			}
		},
		{
			"from": [-0.12837, 15.52991, 12.30264],
			"to": [1.87163, 18.02991, 12.60264],
			"rotation": {"angle": -22.5, "axis": "z", "origin": [4.94676, 19.52799, 8.0237]},
			"faces": {
				"north": {"uv": [2, 0, 4, 2.5], "texture": "#3"},
				"east": {"uv": [0.3, 0, 0.6, 2.5], "texture": "#3"},
				"south": {"uv": [2, 0, 4, 2.5], "texture": "#3"},
				"west": {"uv": [0.3, 0, 0.6, 2.5], "texture": "#3"},
				"up": {"uv": [0, 0.3, 2, 0.6], "texture": "#3"},
				"down": {"uv": [0, 0.3, 2, 0.6], "texture": "#3"}
			}
		},
		{
			"from": [2.9019, 21.8388, 12.30264],
			"to": [5.0019, 23.8388, 12.60264],
			"rotation": {"angle": 22.5, "axis": "z", "origin": [4.94676, 19.52799, 8.0237]},
			"faces": {
				"north": {"uv": [0, 2.1, 2, 4.2], "rotation": 90, "texture": "#3"},
				"east": {"uv": [0, 0.3, 2, 0.6], "rotation": 90, "texture": "#3"},
				"south": {"uv": [0, 2.1, 2, 4.2], "rotation": 270, "texture": "#3"},
				"west": {"uv": [0, 0.3, 2, 0.6], "rotation": 90, "texture": "#3"},
				"up": {"uv": [0.3, 0, 0.6, 2.1], "rotation": 90, "texture": "#3"},
				"down": {"uv": [0.3, 0, 0.6, 2.1], "rotation": 90, "texture": "#3"}
			}
		},
		{
			"from": [1.7019, 21.8388, 12.30264],
			"to": [2.9019, 23.0388, 12.60264],
			"rotation": {"angle": 22.5, "axis": "z", "origin": [4.94676, 19.52799, 8.0237]},
			"faces": {
				"north": {"uv": [0, 1.2, 1.2, 2.4], "rotation": 90, "texture": "#3"},
				"east": {"uv": [0, 0.3, 1.2, 0.6], "rotation": 90, "texture": "#3"},
				"south": {"uv": [0, 1.2, 1.2, 2.4], "rotation": 270, "texture": "#3"},
				"west": {"uv": [0, 0.3, 1.2, 0.6], "rotation": 90, "texture": "#3"},
				"up": {"uv": [0.3, 0, 0.6, 1.2], "rotation": 90, "texture": "#3"},
				"down": {"uv": [0.3, 0, 0.6, 1.2], "rotation": 90, "texture": "#3"}
			}
		},
		{
			"from": [8.9636, 10.52798, 11.97504],
			"to": [10.9636, 13.52798, 12.97504],
			"rotation": {"angle": 22.5, "axis": "z", "origin": [4.94676, 19.52799, 8.0237]},
			"faces": {
				"north": {"uv": [2, 0, 4, 3], "texture": "#0"},
				"east": {"uv": [1, 0, 2, 3], "texture": "#0"},
				"south": {"uv": [2, 0, 4, 3], "texture": "#0"},
				"west": {"uv": [1, 0, 2, 3], "texture": "#0"},
				"up": {"uv": [0, 1, 2, 2], "texture": "#0"},
				"down": {"uv": [0, 1, 2, 2], "texture": "#0"}
			}
		},
		{
			"from": [9.2136, 13.52798, 11.97504],
			"to": [10.7136, 16.52798, 12.97504],
			"rotation": {"angle": 22.5, "axis": "z", "origin": [4.94676, 19.52799, 8.0237]},
			"faces": {
				"north": {"uv": [1.5, 0, 3, 3], "texture": "#0"},
				"east": {"uv": [1, 0, 2, 3], "texture": "#0"},
				"south": {"uv": [1.5, 0, 3, 3], "texture": "#0"},
				"west": {"uv": [1, 0, 2, 3], "texture": "#0"},
				"up": {"uv": [0, 1, 1.5, 2], "texture": "#0"},
				"down": {"uv": [0, 1, 1.5, 2], "texture": "#0"}
			}
		},
		{
			"from": [9.4636, 16.52798, 11.97504],
			"to": [10.4636, 20.52798, 12.97504],
			"rotation": {"angle": 22.5, "axis": "z", "origin": [4.94676, 19.52799, 8.0237]},
			"faces": {
				"north": {"uv": [1, 0, 2, 4], "texture": "#0"},
				"east": {"uv": [1, 0, 2, 4], "texture": "#0"},
				"south": {"uv": [1, 0, 2, 4], "texture": "#0"},
				"west": {"uv": [1, 0, 2, 4], "texture": "#0"},
				"up": {"uv": [0, 1, 1, 2], "texture": "#0"},
				"down": {"uv": [0, 1, 1, 2], "texture": "#0"}
			}
		},
		{
			"from": [8.73069, 22.17911, 11.96737],
			"to": [9.73069, 26.17911, 12.96737],
			"rotation": {"angle": 0, "axis": "z", "origin": [4.94676, 19.52799, 8.0237]},
			"faces": {
				"north": {"uv": [1, 0, 2, 4], "texture": "#0"},
				"east": {"uv": [1, 0, 2, 4], "texture": "#0"},
				"south": {"uv": [1, 0, 2, 4], "texture": "#0"},
				"west": {"uv": [1, 0, 2, 4], "texture": "#0"},
				"up": {"uv": [0, 1, 1, 2], "texture": "#0"},
				"down": {"uv": [0, 1, 1, 2], "texture": "#0"}
			}
		},
		{
			"from": [4.91042, 23.84219, 11.9656],
			"to": [11.91042, 24.84219, 12.9656],
			"rotation": {"angle": 22.5, "axis": "z", "origin": [4.94676, 19.52799, 8.0237]},
			"faces": {
				"north": {"uv": [0, 7, 1, 14], "rotation": 90, "texture": "#0"},
				"east": {"uv": [0, 1, 1, 2], "rotation": 90, "texture": "#0"},
				"south": {"uv": [0, 7, 1, 14], "rotation": 270, "texture": "#0"},
				"west": {"uv": [0, 1, 1, 2], "rotation": 90, "texture": "#0"},
				"up": {"uv": [1, 0, 2, 7], "rotation": 90, "texture": "#0"},
				"down": {"uv": [1, 0, 2, 7], "rotation": 90, "texture": "#0"}
			}
		},
		{
			"from": [2.97849, 20.35405, 11.9656],
			"to": [3.97849, 26.85405, 12.9656],
			"rotation": {"angle": -45, "axis": "z", "origin": [4.94676, 19.52799, 8.0237]},
			"faces": {
				"north": {"uv": [0, 6.5, 1, 13], "rotation": 180, "texture": "#0"},
				"east": {"uv": [1, 0, 2, 6.5], "texture": "#0"},
				"south": {"uv": [0, 6.5, 1, 13], "rotation": 180, "texture": "#0"},
				"west": {"uv": [1, 0, 2, 6.5], "texture": "#0"},
				"up": {"uv": [0, 1, 1, 2], "texture": "#0"},
				"down": {"uv": [0, 1, 1, 2], "texture": "#0"}
			}
		},
		{
			"from": [3.55589, 16.04215, 11.96245],
			"to": [4.35589, 21.04215, 12.96245],
			"rotation": {"angle": -22.5, "axis": "z", "origin": [4.94676, 19.52799, 8.0237]},
			"faces": {
				"north": {"uv": [0.8, 0, 1.6, 5], "texture": "#0"},
				"east": {"uv": [1, 0, 2, 5], "texture": "#0"},
				"south": {"uv": [0.8, 0, 1.6, 5], "texture": "#0"},
				"west": {"uv": [1, 0, 2, 5], "texture": "#0"},
				"up": {"uv": [0, 1, 0.8, 2], "texture": "#0"},
				"down": {"uv": [0, 1, 0.8, 2], "texture": "#0"}
			}
		},
		{
			"from": [2.42735, 11.83883, 11.96099],
			"to": [3.12735, 16.83883, 12.96099],
			"rotation": {"angle": 0, "axis": "z", "origin": [4.94676, 19.52799, 8.0237]},
			"faces": {
				"north": {"uv": [0.7, 0, 1.4, 5], "texture": "#0"},
				"east": {"uv": [1, 0, 2, 5], "texture": "#0"},
				"south": {"uv": [0.7, 0, 1.4, 5], "texture": "#0"},
				"west": {"uv": [1, 0, 2, 5], "texture": "#0"},
				"up": {"uv": [0, 1, 0.7, 2], "texture": "#0"},
				"down": {"uv": [0, 1, 0.7, 2], "texture": "#0"}
			}
		},
		{
			"from": [-0.5484, 13.59495, 11.96099],
			"to": [0.1516, 18.59495, 12.96099],
			"rotation": {"angle": -22.5, "axis": "z", "origin": [4.94676, 19.52799, 8.0237]},
			"faces": {
				"north": {"uv": [0.7, 0, 1.4, 5], "texture": "#0"},
				"east": {"uv": [1, 0, 2, 5], "texture": "#0"},
				"south": {"uv": [0.7, 0, 1.4, 5], "texture": "#0"},
				"west": {"uv": [1, 0, 2, 5], "texture": "#0"},
				"up": {"uv": [0, 1, 0.7, 2], "texture": "#0"},
				"down": {"uv": [0, 1, 0.7, 2], "texture": "#0"}
			}
		},
		{
			"from": [0.13462, 16.52583, 11.96245],
			"to": [0.93462, 21.52583, 12.96245],
			"rotation": {"angle": -45, "axis": "z", "origin": [4.94676, 19.52799, 8.0237]},
			"faces": {
				"north": {"uv": [0, 5, 0.8, 10], "rotation": 180, "texture": "#0"},
				"east": {"uv": [1, 0, 2, 5], "texture": "#0"},
				"south": {"uv": [0, 5, 0.8, 10], "rotation": 180, "texture": "#0"},
				"west": {"uv": [1, 0, 2, 5], "texture": "#0"},
				"up": {"uv": [0, 1, 0.8, 2], "texture": "#0"},
				"down": {"uv": [0, 1, 0.8, 2], "texture": "#0"}
			}
		}
	],
	"display": {
		"thirdperson_righthand": {
			"rotation": [68.5, 100, 0],
			"translation": [1, -0.75, 14.25],
			"scale": [0.26563, 0.26563, 0.26563]
		},
		"thirdperson_lefthand": {
			"rotation": [68.5, 278, 0],
			"translation": [1, -0.75, 14.25],
			"scale": [0.26563, 0.26563, 0.26563]
		},
		"firstperson_righthand": {
			"rotation": [0, -175.75, 0],
			"translation": [2.5, 2, 0],
			"scale": [0.21875, 0.21875, 0.21875]
		},
		"firstperson_lefthand": {
			"rotation": [0, -352.5, 0],
			"translation": [2.5, 2, 0],
			"scale": [0.21875, 0.21875, 0.21875]
		},
		"ground": {
			"scale": [0.5, 0.5, 0.5]
		},
		"gui": {
			"rotation": [30, 225, 0],
			"translation": [-1.25, -0.5, 0],
			"scale": [0.42969, 0.42969, 0.42969]
		},
		"head": {
			"rotation": [0, 90, 0],
			"translation": [0, 10.5, -0.75],
			"scale": [0.42578, 0.42578, 0.42578]
		},
		"fixed": {
			"rotation": [-90, 90, 0],
			"translation": [0, -3.5, -7.75],
			"scale": [1.12109, 1.12109, 1.12109]
		}
	},
	"groups": [
		{
			"name": "Body",
			"origin": [12.5, 8, 12],
			"children": [0, 1, 2, 3, 4, 5,
				{
					"name": "Tail",
					"origin": [-11.43028, 1.11309, 1.85335],
					"children": [6, 7, 8, 9, 10, 11, 12, 13, 14]
				}
			]
		},
		{
			"name": "Head",
			"origin": [18.11342, 29.65406, 7.99492],
			"children": [15, 16, 17, 18, 19, 20, 21, 22, 23, 24, 25, 26, 27]
		},
		{
			"name": "Horns ",
			"origin": [15.5, 8, 15.5],
			"children": [28, 29, 30, 31, 32, 33, 34, 35, 36, 37, 38, 39, 40, 41, 42]
		},
		{
			"name": "Legs",
			"origin": [8, 8, 8],
			"children": [
				{
					"name": "Claws",
					"origin": [10.60033, 0.53006, 3.37322],
					"children": [43, 44, 45, 46, 47, 48, 49, 50, 51, 52, 53, 54, 55, 56, 57, 58, 59, 60, 61, 62, 63, 64, 65, 66]
				},
				{
					"name": "Back Leg",
					"origin": [20.60207, 0.52783, 5.37331],
					"children": [67, 68, 69, 70, 71, 72, 73, 74]
				},
				{
					"name": "Back Leg",
					"origin": [20.60207, 0.52783, 5.37331],
					"children": [75, 76, 77, 78, 79, 80, 81, 82]
				},
				{
					"name": "Front Leg",
					"origin": [13.6, 7.25, 9],
					"children": [83, 84, 85, 86, 87, 88, 89, 90, 91,
						{
							"name": "Claws",
							"origin": [20.23042, 0.65381, 3.56582],
							"children": []
						}
					]
				},
				{
					"name": "Front Leg",
					"origin": [13.6, 7.25, 9],
					"children": [92, 93, 94, 95, 96, 97, 98, 99, 100]
				}
			]
		},
		{
			"name": "Wings",
			"origin": [8, 8, 8],
			"children": [
				{
					"name": "Membrane",
					"origin": [2.77639, 24.73892, 3.58447],
					"children": [101, 102, 103, 104, 105, 106, 107, 108, 109, 110]
				},
				{
					"name": "Fingers",
					"origin": [2.72549, 23.57637, 3.57078],
					"children": [111, 112, 113, 114, 115, 116, 117, 118, 119, 120]
				}
			]
		},
		{
			"name": "Wings",
			"origin": [8, 8, 8],
			"children": [
				{
					"name": "Membrane",
					"origin": [2.77639, 24.73892, 3.58447],
					"children": [121, 122, 123, 124, 125, 126, 127, 128, 129, 130]
				},
				{
					"name": "Fingers",
					"origin": [2.72549, 23.57637, 3.57078],
					"children": [131, 132, 133, 134, 135, 136, 137, 138, 139, 140]
				}
			]
		}
	]
}