{
	"credit": "Made with Blockbench",
	"textures": {
		"0": "block/MizunoArchive/leather_0",
		"1": "block/MizunoArchive/furnace_top",
		"2": "block/MizunoArchive/book_1",
		"particle": "block/MizunoArchive/leather_0"
	},
	"elements": [
		{
			"from": [6.1, 4.8, 15.1],
			"to": [6.9, 12.8, 16],
			"faces": {
				"north": {"uv": [6, 3, 6.8, 13], "texture": "#2"},
				"east": {"uv": [6, 3, 6.8, 13], "texture": "#2"},
				"south": {"uv": [6, 3, 6.8, 13], "texture": "#2"},
				"west": {"uv": [6, 3, 6.8, 13], "texture": "#2"},
				"up": {"uv": [6, 3, 6.8, 13], "texture": "#2"},
				"down": {"uv": [6, 3, 6.8, 13], "texture": "#2"}
			}
		},
		{
			"from": [5.2, 13.9, 15.1],
			"to": [6.5, 14.6, 16],
			"rotation": {"angle": -45, "axis": "z", "origin": [4.5, 13.3, 15.5]},
			"faces": {
				"north": {"uv": [6, 6, 6.8, 11], "rotation": 90, "texture": "#2"},
				"east": {"uv": [6, 6, 6.8, 11], "rotation": 90, "texture": "#2"},
				"south": {"uv": [6, 6, 6.8, 11], "rotation": 90, "texture": "#2"},
				"west": {"uv": [6, 6, 6.8, 11], "rotation": 90, "texture": "#2"},
				"up": {"uv": [6, 6, 6.8, 11], "rotation": 90, "texture": "#2"},
				"down": {"uv": [6, 6, 6.8, 11], "rotation": 90, "texture": "#2"}
			}
		},
		{
			"from": [3, 13, 15.1],
			"to": [6, 13.7, 16],
			"faces": {
				"north": {"uv": [6, 3, 6.8, 13], "rotation": 90, "texture": "#2"},
				"east": {"uv": [6, 3, 6.8, 13], "rotation": 90, "texture": "#2"},
				"south": {"uv": [6, 3, 6.8, 13], "rotation": 90, "texture": "#2"},
				"west": {"uv": [6, 3, 6.8, 13], "rotation": 90, "texture": "#2"},
				"up": {"uv": [6, 3, 6.8, 13], "rotation": 90, "texture": "#2"},
				"down": {"uv": [6, 3, 6.8, 13], "rotation": 90, "texture": "#2"}
			}
		},
		{
			"from": [3.2, 11.2, 15.1],
			"to": [3.9, 12.5, 16],
			"rotation": {"angle": -45, "axis": "z", "origin": [4.5, 13.3, 15.5]},
			"faces": {
				"north": {"uv": [6, 4, 6.8, 8], "texture": "#2"},
				"east": {"uv": [6, 4, 6.8, 8], "texture": "#2"},
				"south": {"uv": [6, 4, 6.8, 8], "texture": "#2"},
				"west": {"uv": [6, 4, 6.8, 8], "texture": "#2"},
				"up": {"uv": [6, 4, 6.8, 8], "texture": "#2"},
				"down": {"uv": [6, 4, 6.8, 8], "texture": "#2"}
			}
		},
		{
			"from": [2.1, 4.8, 15.1],
			"to": [2.9, 12.8, 16],
			"faces": {
				"north": {"uv": [6, 3, 6.8, 13], "texture": "#2"},
				"east": {"uv": [6, 3, 6.8, 13], "texture": "#2"},
				"south": {"uv": [6, 3, 6.8, 13], "texture": "#2"},
				"west": {"uv": [6, 3, 6.8, 13], "texture": "#2"},
				"up": {"uv": [6, 3, 6.8, 13], "texture": "#2"},
				"down": {"uv": [6, 3, 6.8, 13], "texture": "#2"}
			}
		},
		{
			"from": [5.2, 2.9, 15.1],
			"to": [6.5, 3.6, 16],
			"rotation": {"angle": 45, "axis": "z", "origin": [4.5, 4.2, 15.5]},
			"faces": {
				"north": {"uv": [6, 3, 6.8, 7], "rotation": 90, "texture": "#2"},
				"east": {"uv": [6, 3, 6.8, 7], "rotation": 90, "texture": "#2"},
				"south": {"uv": [6, 3, 6.8, 7], "rotation": 90, "texture": "#2"},
				"west": {"uv": [6, 3, 6.8, 7], "rotation": 90, "texture": "#2"},
				"up": {"uv": [6, 3, 6.8, 7], "rotation": 90, "texture": "#2"},
				"down": {"uv": [6, 3, 6.8, 7], "rotation": 90, "texture": "#2"}
			}
		},
		{
			"from": [3, 3.8, 15.1],
			"to": [6, 4.5, 16],
			"faces": {
				"north": {"uv": [6, 3, 6.8, 13], "rotation": 90, "texture": "#2"},
				"east": {"uv": [6, 3, 6.8, 13], "rotation": 90, "texture": "#2"},
				"south": {"uv": [6, 3, 6.8, 13], "rotation": 90, "texture": "#2"},
				"west": {"uv": [6, 3, 6.8, 13], "rotation": 90, "texture": "#2"},
				"up": {"uv": [6, 3, 6.8, 13], "rotation": 90, "texture": "#2"},
				"down": {"uv": [6, 3, 6.8, 13], "rotation": 90, "texture": "#2"}
			}
		},
		{
			"from": [3.2, 5, 15.1],
			"to": [3.9, 6.3, 16],
			"rotation": {"angle": 45, "axis": "z", "origin": [4.5, 4.2, 15.5]},
			"faces": {
				"north": {"uv": [6, 4, 6.8, 8], "texture": "#2"},
				"east": {"uv": [6, 3, 6.8, 13], "texture": "#2"},
				"south": {"uv": [6, 3, 6.8, 13], "texture": "#2"},
				"west": {"uv": [6, 3, 6.8, 13], "texture": "#2"},
				"up": {"uv": [6, 3, 6.8, 13], "texture": "#2"},
				"down": {"uv": [6, 3, 6.8, 13], "texture": "#2"}
			}
		},
		{
			"from": [5.7, 5.9, 14.1],
			"to": [6.5, 12.8, 15],
			"faces": {
				"north": {"uv": [6, 3, 6.8, 13], "texture": "#2"},
				"east": {"uv": [6, 3, 6.8, 13], "texture": "#2"},
				"south": {"uv": [6, 3, 6.8, 13], "texture": "#2"},
				"west": {"uv": [6, 3, 6.8, 13], "texture": "#2"},
				"up": {"uv": [6, 3, 6.8, 13], "texture": "#2"},
				"down": {"uv": [6, 3, 6.8, 13], "texture": "#2"}
			}
		},
		{
			"from": [4.8, 13.9, 14.1],
			"to": [6.1, 14.6, 15],
			"rotation": {"angle": -45, "axis": "z", "origin": [4.1, 13.3, 14.5]},
			"faces": {
				"north": {"uv": [6, 6, 6.8, 11], "rotation": 90, "texture": "#2"},
				"east": {"uv": [6, 6, 6.8, 11], "rotation": 90, "texture": "#2"},
				"south": {"uv": [6, 6, 6.8, 11], "rotation": 90, "texture": "#2"},
				"west": {"uv": [6, 6, 6.8, 11], "rotation": 90, "texture": "#2"},
				"up": {"uv": [6, 6, 6.8, 11], "rotation": 90, "texture": "#2"},
				"down": {"uv": [6, 6, 6.8, 11], "rotation": 90, "texture": "#2"}
			}
		},
		{
			"from": [2.6, 13, 14.1],
			"to": [5.6, 13.7, 15],
			"faces": {
				"north": {"uv": [6, 3, 6.8, 13], "rotation": 90, "texture": "#2"},
				"east": {"uv": [6, 3, 6.8, 13], "rotation": 90, "texture": "#2"},
				"south": {"uv": [6, 3, 6.8, 13], "rotation": 90, "texture": "#2"},
				"west": {"uv": [6, 3, 6.8, 13], "rotation": 90, "texture": "#2"},
				"up": {"uv": [6, 3, 6.8, 13], "rotation": 90, "texture": "#2"},
				"down": {"uv": [6, 3, 6.8, 13], "rotation": 90, "texture": "#2"}
			}
		},
		{
			"from": [2.8, 11.2, 14.1],
			"to": [3.5, 12.5, 15],
			"rotation": {"angle": -45, "axis": "z", "origin": [4.1, 13.3, 14.5]},
			"faces": {
				"north": {"uv": [6, 4, 6.8, 8], "texture": "#2"},
				"east": {"uv": [6, 4, 6.8, 8], "texture": "#2"},
				"south": {"uv": [6, 4, 6.8, 8], "texture": "#2"},
				"west": {"uv": [6, 4, 6.8, 8], "texture": "#2"},
				"up": {"uv": [6, 4, 6.8, 8], "texture": "#2"},
				"down": {"uv": [6, 4, 6.8, 8], "texture": "#2"}
			}
		},
		{
			"from": [1.7, 6, 14.1],
			"to": [2.5, 12.8, 15],
			"faces": {
				"north": {"uv": [6, 3, 6.8, 13], "texture": "#2"},
				"east": {"uv": [6, 3, 6.8, 13], "texture": "#2"},
				"south": {"uv": [6, 3, 6.8, 13], "texture": "#2"},
				"west": {"uv": [6, 3, 6.8, 13], "texture": "#2"},
				"up": {"uv": [6, 3, 6.8, 13], "texture": "#2"},
				"down": {"uv": [6, 3, 6.8, 13], "texture": "#2"}
			}
		},
		{
			"from": [4.8, 4.1, 14.1],
			"to": [6.1, 4.8, 15],
			"rotation": {"angle": 45, "axis": "z", "origin": [4.1, 5.4, 14.5]},
			"faces": {
				"north": {"uv": [6, 3, 6.8, 6], "rotation": 90, "texture": "#2"},
				"east": {"uv": [6, 3, 6.8, 6], "rotation": 90, "texture": "#2"},
				"south": {"uv": [6, 3, 6.8, 6], "rotation": 90, "texture": "#2"},
				"west": {"uv": [6, 3, 6.8, 6], "rotation": 90, "texture": "#2"},
				"up": {"uv": [6, 3, 6.8, 6], "rotation": 90, "texture": "#2"},
				"down": {"uv": [6, 3, 6.8, 6], "rotation": 90, "texture": "#2"}
			}
		},
		{
			"from": [2.6, 5, 14.1],
			"to": [5.6, 5.7, 15],
			"faces": {
				"north": {"uv": [6, 3, 6.8, 13], "rotation": 90, "texture": "#2"},
				"east": {"uv": [6, 3, 6.8, 13], "rotation": 90, "texture": "#2"},
				"south": {"uv": [6, 3, 6.8, 13], "rotation": 90, "texture": "#2"},
				"west": {"uv": [6, 3, 6.8, 13], "rotation": 90, "texture": "#2"},
				"up": {"uv": [6, 3, 6.8, 13], "rotation": 90, "texture": "#2"},
				"down": {"uv": [6, 3, 6.8, 13], "rotation": 90, "texture": "#2"}
			}
		},
		{
			"from": [2.8, 6.2, 14.1],
			"to": [3.5, 7.5, 15],
			"rotation": {"angle": 45, "axis": "z", "origin": [4.1, 5.4, 14.5]},
			"faces": {
				"north": {"uv": [6, 4, 6.8, 8], "texture": "#2"},
				"east": {"uv": [6, 3, 6.8, 13], "texture": "#2"},
				"south": {"uv": [6, 3, 6.8, 13], "texture": "#2"},
				"west": {"uv": [6, 3, 6.8, 13], "texture": "#2"},
				"up": {"uv": [6, 3, 6.8, 13], "texture": "#2"},
				"down": {"uv": [6, 3, 6.8, 13], "texture": "#2"}
			}
		},
		{
			"from": [6.2, 12.9, 12.1],
			"to": [8.2, 13.6, 13],
			"rotation": {"angle": -22.5, "axis": "y", "origin": [1.6, 7.8, 6.4]},
			"faces": {
				"north": {"uv": [6, 3, 6.8, 13], "rotation": 90, "texture": "#2"},
				"east": {"uv": [6, 3, 6.8, 13], "rotation": 90, "texture": "#2"},
				"south": {"uv": [6, 3, 6.8, 13], "rotation": 90, "texture": "#2"},
				"west": {"uv": [6, 3, 6.8, 13], "rotation": 90, "texture": "#2"},
				"up": {"uv": [6, 3, 6.8, 13], "rotation": 90, "texture": "#2"},
				"down": {"uv": [6, 3, 6.8, 13], "rotation": 90, "texture": "#2"}
			}
		},
		{
			"from": [3.8, 11.2, 13.5],
			"to": [4.5, 12.5, 14.4],
			"rotation": {"angle": -45, "axis": "z", "origin": [5.1, 13.3, 13.9]},
			"faces": {
				"north": {"uv": [6, 4, 6.8, 8], "texture": "#2"},
				"east": {"uv": [6, 4, 6.8, 8], "texture": "#2"},
				"south": {"uv": [6, 4, 6.8, 8], "texture": "#2"},
				"west": {"uv": [6, 4, 6.8, 8], "texture": "#2"},
				"up": {"uv": [6, 4, 6.8, 8], "texture": "#2"},
				"down": {"uv": [6, 4, 6.8, 8], "texture": "#2"}
			}
		},
		{
			"from": [2.7, 7.8, 13.5],
			"to": [3.5, 12.8, 14.4],
			"faces": {
				"north": {"uv": [6, 3, 6.8, 13], "texture": "#2"},
				"east": {"uv": [6, 3, 6.8, 13], "texture": "#2"},
				"south": {"uv": [6, 3, 6.8, 13], "texture": "#2"},
				"west": {"uv": [6, 3, 6.8, 13], "texture": "#2"},
				"up": {"uv": [6, 3, 6.8, 13], "texture": "#2"},
				"down": {"uv": [6, 3, 6.8, 13], "texture": "#2"}
			}
		},
		{
			"from": [12.2, 13.9, 15.1],
			"to": [13.5, 14.6, 16],
			"rotation": {"angle": -45, "axis": "z", "origin": [11.5, 13.3, 15.5]},
			"faces": {
				"north": {"uv": [10.5, 10.5, 13.3, 14.2], "texture": "#0"},
				"east": {"uv": [10.5, 10.5, 13.3, 14.2], "texture": "#0"},
				"south": {"uv": [10.5, 10.5, 13.3, 14.2], "texture": "#0"},
				"west": {"uv": [10.5, 10.5, 13.3, 14.2], "texture": "#0"},
				"up": {"uv": [10.5, 10.5, 13.3, 14.2], "texture": "#0"},
				"down": {"uv": [10.5, 10.5, 13.3, 14.2], "texture": "#0"}
			}
		},
		{
			"from": [10, 6.8, 13],
			"to": [13, 7.8, 13.6],
			"faces": {
				"north": {"uv": [10.5, 10.5, 13.3, 14.2], "texture": "#0"},
				"east": {"uv": [10.5, 10.5, 13.3, 14.2], "texture": "#0"},
				"south": {"uv": [10.5, 10.5, 13.3, 14.2], "texture": "#0"},
				"west": {"uv": [10.5, 10.5, 13.3, 14.2], "texture": "#0"},
				"up": {"uv": [10.5, 10.5, 13.3, 14.2], "texture": "#0"},
				"down": {"uv": [10.5, 10.5, 13.3, 14.2], "texture": "#0"}
			}
		},
		{
			"from": [9.1, 4.8, 15.1],
			"to": [9.9, 12.8, 16],
			"faces": {
				"north": {"uv": [10.5, 10.5, 13.3, 14.2], "texture": "#0"},
				"east": {"uv": [10.5, 10.5, 13.3, 14.2], "texture": "#0"},
				"south": {"uv": [10.5, 10.5, 13.3, 14.2], "texture": "#0"},
				"west": {"uv": [10.5, 10.5, 13.3, 14.2], "texture": "#0"},
				"up": {"uv": [10.5, 10.5, 13.3, 14.2], "texture": "#0"},
				"down": {"uv": [10.5, 10.5, 13.3, 14.2], "texture": "#0"}
			}
		},
		{
			"from": [13.1, 4.8, 15.1],
			"to": [13.9, 12.8, 16],
			"faces": {
				"north": {"uv": [10.5, 10.5, 13.3, 14.2], "texture": "#0"},
				"east": {"uv": [10.5, 10.5, 13.3, 14.2], "texture": "#0"},
				"south": {"uv": [10.5, 10.5, 13.3, 14.2], "texture": "#0"},
				"west": {"uv": [10.5, 10.5, 13.3, 14.2], "texture": "#0"},
				"up": {"uv": [10.5, 10.5, 13.3, 14.2], "texture": "#0"},
				"down": {"uv": [10.5, 10.5, 13.3, 14.2], "texture": "#0"}
			}
		},
		{
			"from": [10, 13, 15.1],
			"to": [13, 13.7, 16],
			"faces": {
				"north": {"uv": [10.5, 10.5, 13.3, 14.2], "texture": "#0"},
				"east": {"uv": [10.5, 10.5, 13.3, 14.2], "texture": "#0"},
				"south": {"uv": [10.5, 10.5, 13.3, 14.2], "texture": "#0"},
				"west": {"uv": [10.5, 10.5, 13.3, 14.2], "texture": "#0"},
				"up": {"uv": [10.5, 10.5, 13.3, 14.2], "texture": "#0"},
				"down": {"uv": [10.5, 10.5, 13.3, 14.2], "texture": "#0"}
			}
		},
		{
			"from": [9.3, 3.8, 15.3],
			"to": [9.8, 4.8, 15.8],
			"faces": {
				"north": {"uv": [2, 3, 3.5, 5], "texture": "#1"},
				"east": {"uv": [2, 3, 3.5, 5], "texture": "#1"},
				"south": {"uv": [2, 3, 3.5, 5], "texture": "#1"},
				"west": {"uv": [2, 3, 3.5, 5], "texture": "#1"},
				"up": {"uv": [2, 3, 3.5, 5], "texture": "#1"},
				"down": {"uv": [2, 3, 3.5, 5], "texture": "#1"}
			}
		},
		{
			"from": [13.3, 3.8, 15.3],
			"to": [13.8, 4.8, 15.8],
			"faces": {
				"north": {"uv": [2, 3, 3.5, 5], "texture": "#1"},
				"east": {"uv": [2, 3, 3.5, 5], "texture": "#1"},
				"south": {"uv": [2, 3, 3.5, 5], "texture": "#1"},
				"west": {"uv": [2, 3, 3.5, 5], "texture": "#1"},
				"up": {"uv": [2, 3, 3.5, 5], "texture": "#1"},
				"down": {"uv": [2, 3, 3.5, 5], "texture": "#1"}
			}
		},
		{
			"from": [12.3, 3.7, 15.3],
			"to": [13.3, 4.2, 15.8],
			"rotation": {"angle": 45, "axis": "z", "origin": [13.5, 4.3, 15.5]},
			"faces": {
				"north": {"uv": [2, 3, 3.5, 5], "rotation": 90, "texture": "#1"},
				"east": {"uv": [2, 3, 3.5, 5], "rotation": 90, "texture": "#1"},
				"south": {"uv": [2, 3, 3.5, 5], "rotation": 90, "texture": "#1"},
				"west": {"uv": [2, 3, 3.5, 5], "rotation": 90, "texture": "#1"},
				"up": {"uv": [2, 3, 3.5, 5], "rotation": 90, "texture": "#1"},
				"down": {"uv": [2, 3, 3.5, 5], "rotation": 90, "texture": "#1"}
			}
		},
		{
			"from": [10.9, 1, 15.3],
			"to": [11.9, 1.5, 15.8],
			"rotation": {"angle": -45, "axis": "z", "origin": [13.5, 4.3, 15.5]},
			"faces": {
				"north": {"uv": [2, 3, 3.5, 5], "rotation": 90, "texture": "#1"},
				"east": {"uv": [2, 3, 3.5, 5], "rotation": 90, "texture": "#1"},
				"south": {"uv": [2, 3, 3.5, 5], "rotation": 90, "texture": "#1"},
				"west": {"uv": [2, 3, 3.5, 5], "rotation": 90, "texture": "#1"},
				"up": {"uv": [2, 3, 3.5, 5], "rotation": 90, "texture": "#1"},
				"down": {"uv": [2, 3, 3.5, 5], "rotation": 90, "texture": "#1"}
			}
		},
		{
			"from": [10.1, 2.8, 15.3],
			"to": [10.4, 3.7, 15.8],
			"rotation": {"angle": -22.5, "axis": "z", "origin": [10.5, 3.3, 15.5]},
			"faces": {
				"north": {"uv": [2, 3, 3.5, 5], "texture": "#1"},
				"east": {"uv": [2, 3, 3.5, 5], "texture": "#1"},
				"south": {"uv": [2, 3, 3.5, 5], "texture": "#1"},
				"west": {"uv": [2, 3, 3.5, 5], "texture": "#1"},
				"up": {"uv": [2, 3, 3.5, 5], "texture": "#1"},
				"down": {"uv": [2, 3, 3.5, 5], "texture": "#1"}
			}
		},
		{
			"from": [12.5, 2, 15.3],
			"to": [12.8, 2.9, 15.8],
			"rotation": {"angle": 22.5, "axis": "z", "origin": [10.5, 3.3, 15.5]},
			"faces": {
				"north": {"uv": [2, 3, 3.5, 5], "rotation": 180, "texture": "#1"},
				"east": {"uv": [2, 3, 3.5, 5], "rotation": 180, "texture": "#1"},
				"south": {"uv": [2, 3, 3.5, 5], "rotation": 180, "texture": "#1"},
				"west": {"uv": [2, 3, 3.5, 5], "rotation": 180, "texture": "#1"},
				"up": {"uv": [2, 3, 3.5, 5], "rotation": 180, "texture": "#1"},
				"down": {"uv": [2, 3, 3.5, 5], "rotation": 180, "texture": "#1"}
			}
		},
		{
			"from": [10.3, 3.1, 15.3],
			"to": [12.8, 3.4, 15.6],
			"faces": {
				"north": {"uv": [2, 3, 3.5, 5], "texture": "#1"},
				"east": {"uv": [2, 3, 3.5, 5], "texture": "#1"},
				"south": {"uv": [2, 3, 3.5, 5], "texture": "#1"},
				"west": {"uv": [2, 3, 3.5, 5], "texture": "#1"},
				"up": {"uv": [2, 3, 3.5, 5], "texture": "#1"},
				"down": {"uv": [2, 3, 3.5, 5], "texture": "#1"}
			}
		},
		{
			"from": [11.4, 3, 15.2],
			"to": [11.7, 3.5, 15.7],
			"faces": {
				"north": {"uv": [2, 3, 3.5, 5], "texture": "#1"},
				"east": {"uv": [2, 3, 3.5, 5], "texture": "#1"},
				"south": {"uv": [2, 3, 3.5, 5], "texture": "#1"},
				"west": {"uv": [2, 3, 3.5, 5], "texture": "#1"},
				"up": {"uv": [2, 3, 3.5, 5], "texture": "#1"},
				"down": {"uv": [2, 3, 3.5, 5], "texture": "#1"}
			}
		},
		{
			"from": [13.6, 6.8, 13.1],
			"to": [14.2, 7.8, 14.5],
			"rotation": {"angle": 45, "axis": "y", "origin": [13.5, 7.8, 14.5]},
			"faces": {
				"north": {"uv": [10.5, 10.5, 13.3, 14.2], "texture": "#0"},
				"east": {"uv": [10.5, 10.5, 13.3, 14.2], "texture": "#0"},
				"south": {"uv": [10.5, 10.5, 13.3, 14.2], "texture": "#0"},
				"west": {"uv": [10.5, 10.5, 13.3, 14.2], "texture": "#0"},
				"up": {"uv": [10.5, 10.5, 13.3, 14.2], "texture": "#0"},
				"down": {"uv": [10.5, 10.5, 13.3, 14.2], "texture": "#0"}
			}
		},
		{
			"from": [10.6, 6.8, 11],
			"to": [12, 7.8, 11.6],
			"rotation": {"angle": 45, "axis": "y", "origin": [13.5, 7.8, 14.5]},
			"faces": {
				"north": {"uv": [10.5, 10.5, 13.3, 14.2], "texture": "#0"},
				"east": {"uv": [10.5, 10.5, 13.3, 14.2], "texture": "#0"},
				"south": {"uv": [10.5, 10.5, 13.3, 14.2], "texture": "#0"},
				"west": {"uv": [10.5, 10.5, 13.3, 14.2], "texture": "#0"},
				"up": {"uv": [10.5, 10.5, 13.3, 14.2], "texture": "#0"},
				"down": {"uv": [10.5, 10.5, 13.3, 14.2], "texture": "#0"}
			}
		},
		{
			"from": [10.2, 11.2, 15.1],
			"to": [10.9, 12.5, 16],
			"rotation": {"angle": -45, "axis": "z", "origin": [11.5, 13.3, 15.5]},
			"faces": {
				"north": {"uv": [10.5, 10.5, 13.3, 14.2], "rotation": 90, "texture": "#0"},
				"east": {"uv": [10.5, 10.5, 13.3, 14.2], "rotation": 90, "texture": "#0"},
				"south": {"uv": [10.5, 10.5, 13.3, 14.2], "rotation": 90, "texture": "#0"},
				"west": {"uv": [10.5, 10.5, 13.3, 14.2], "rotation": 90, "texture": "#0"},
				"up": {"uv": [10.5, 10.5, 13.3, 14.2], "rotation": 90, "texture": "#0"},
				"down": {"uv": [10.5, 10.5, 13.3, 14.2], "rotation": 90, "texture": "#0"}
			}
		},
		{
			"from": [9, 6.8, 14],
			"to": [9.6, 7.8, 15.4],
			"faces": {
				"north": {"uv": [10.5, 10.5, 13.3, 14.2], "texture": "#0"},
				"east": {"uv": [10.5, 10.5, 13.3, 14.2], "texture": "#0"},
				"south": {"uv": [10.5, 10.5, 13.3, 14.2], "texture": "#0"},
				"west": {"uv": [10.5, 10.5, 13.3, 14.2], "texture": "#0"},
				"up": {"uv": [10.5, 10.5, 13.3, 14.2], "texture": "#0"},
				"down": {"uv": [10.5, 10.5, 13.3, 14.2], "texture": "#0"}
			}
		},
		{
			"from": [13.4, 6.8, 14],
			"to": [14, 7.8, 15.4],
			"faces": {
				"north": {"uv": [10.5, 10.5, 13.3, 14.2], "texture": "#0"},
				"east": {"uv": [10.5, 10.5, 13.3, 14.2], "texture": "#0"},
				"south": {"uv": [10.5, 10.5, 13.3, 14.2], "texture": "#0"},
				"west": {"uv": [10.5, 10.5, 13.3, 14.2], "texture": "#0"},
				"up": {"uv": [10.5, 10.5, 13.3, 14.2], "texture": "#0"},
				"down": {"uv": [10.5, 10.5, 13.3, 14.2], "texture": "#0"}
			}
		},
		{
			"from": [13.4, 8.8, 14],
			"to": [14, 9.3, 15.4],
			"faces": {
				"north": {"uv": [10.5, 10.5, 13.3, 14.2], "texture": "#0"},
				"east": {"uv": [10.5, 10.5, 13.3, 14.2], "texture": "#0"},
				"south": {"uv": [10.5, 10.5, 13.3, 14.2], "texture": "#0"},
				"west": {"uv": [10.5, 10.5, 13.3, 14.2], "texture": "#0"},
				"up": {"uv": [10.5, 10.5, 13.3, 14.2], "texture": "#0"},
				"down": {"uv": [10.5, 10.5, 13.3, 14.2], "texture": "#0"}
			}
		},
		{
			"from": [13.6, 8.8, 13.1],
			"to": [14.2, 9.3, 14.5],
			"rotation": {"angle": 45, "axis": "y", "origin": [13.5, 9.8, 14.5]},
			"faces": {
				"north": {"uv": [10.5, 10.5, 13.3, 14.2], "texture": "#0"},
				"east": {"uv": [10.5, 10.5, 13.3, 14.2], "texture": "#0"},
				"south": {"uv": [10.5, 10.5, 13.3, 14.2], "texture": "#0"},
				"west": {"uv": [10.5, 10.5, 13.3, 14.2], "texture": "#0"},
				"up": {"uv": [10.5, 10.5, 13.3, 14.2], "texture": "#0"},
				"down": {"uv": [10.5, 10.5, 13.3, 14.2], "texture": "#0"}
			}
		},
		{
			"from": [10, 8.8, 13],
			"to": [13, 9.3, 13.6],
			"faces": {
				"north": {"uv": [10.5, 10.5, 13.3, 14.2], "texture": "#0"},
				"east": {"uv": [10.5, 10.5, 13.3, 14.2], "texture": "#0"},
				"south": {"uv": [10.5, 10.5, 13.3, 14.2], "texture": "#0"},
				"west": {"uv": [10.5, 10.5, 13.3, 14.2], "texture": "#0"},
				"up": {"uv": [10.5, 10.5, 13.3, 14.2], "texture": "#0"},
				"down": {"uv": [10.5, 10.5, 13.3, 14.2], "texture": "#0"}
			}
		},
		{
			"from": [10.6, 8.8, 11],
			"to": [12, 9.3, 11.6],
			"rotation": {"angle": 45, "axis": "y", "origin": [13.5, 9.8, 14.5]},
			"faces": {
				"north": {"uv": [10.5, 10.5, 13.3, 14.2], "texture": "#0"},
				"east": {"uv": [10.5, 10.5, 13.3, 14.2], "texture": "#0"},
				"south": {"uv": [10.5, 10.5, 13.3, 14.2], "texture": "#0"},
				"west": {"uv": [10.5, 10.5, 13.3, 14.2], "texture": "#0"},
				"up": {"uv": [10.5, 10.5, 13.3, 14.2], "texture": "#0"},
				"down": {"uv": [10.5, 10.5, 13.3, 14.2], "texture": "#0"}
			}
		},
		{
			"from": [9, 8.8, 14],
			"to": [9.6, 9.3, 15.4],
			"faces": {
				"north": {"uv": [10.5, 10.5, 13.3, 14.2], "texture": "#0"},
				"east": {"uv": [10.5, 10.5, 13.3, 14.2], "texture": "#0"},
				"south": {"uv": [10.5, 10.5, 13.3, 14.2], "texture": "#0"},
				"west": {"uv": [10.5, 10.5, 13.3, 14.2], "texture": "#0"},
				"up": {"uv": [10.5, 10.5, 13.3, 14.2], "texture": "#0"},
				"down": {"uv": [10.5, 10.5, 13.3, 14.2], "texture": "#0"}
			}
		},
		{
			"name": "Hooks",
			"from": [11, 13, 12.9],
			"to": [12, 14, 13.9],
			"faces": {
				"north": {"uv": [4, 0, 6, 1], "texture": "#1"},
				"east": {"uv": [4, 0, 6, 1], "texture": "#1"},
				"south": {"uv": [4, 0, 6, 1], "texture": "#1"},
				"west": {"uv": [4, 0, 6, 1], "texture": "#1"},
				"up": {"uv": [4, 0, 6, 1], "texture": "#1"},
				"down": {"uv": [4, 0, 6, 1], "texture": "#1"}
			}
		},
		{
			"name": "Hooks",
			"from": [11, 12.8, 13.4],
			"to": [12, 13.8, 14.9],
			"rotation": {"angle": 45, "axis": "x", "origin": [11.5, 13.5, 13.4]},
			"faces": {
				"north": {"uv": [4, 0, 6, 1], "rotation": 180, "texture": "#1"},
				"east": {"uv": [4, 0, 6, 1], "rotation": 180, "texture": "#1"},
				"south": {"uv": [4, 0, 6, 1], "rotation": 180, "texture": "#1"},
				"west": {"uv": [4, 0, 6, 1], "rotation": 180, "texture": "#1"},
				"up": {"uv": [4, 0, 6, 1], "rotation": 180, "texture": "#1"},
				"down": {"uv": [4, 0, 6, 1], "rotation": 180, "texture": "#1"}
			}
		},
		{
			"name": "Hooks",
			"from": [4, 13, 12.9],
			"to": [5, 14, 13.9],
			"faces": {
				"north": {"uv": [4, 0, 6, 1], "texture": "#1"},
				"east": {"uv": [4, 0, 6, 1], "texture": "#1"},
				"south": {"uv": [4, 0, 6, 1], "texture": "#1"},
				"west": {"uv": [4, 0, 6, 1], "texture": "#1"},
				"up": {"uv": [4, 0, 6, 1], "texture": "#1"},
				"down": {"uv": [4, 0, 6, 1], "texture": "#1"}
			}
		},
		{
			"name": "Hooks",
			"from": [4, 12.8, 13.4],
			"to": [5, 13.8, 14.9],
			"rotation": {"angle": 45, "axis": "x", "origin": [4.5, 13.5, 13.4]},
			"faces": {
				"north": {"uv": [4, 0, 6, 1], "rotation": 180, "texture": "#1"},
				"east": {"uv": [4, 0, 6, 1], "rotation": 180, "texture": "#1"},
				"south": {"uv": [4, 0, 6, 1], "rotation": 180, "texture": "#1"},
				"west": {"uv": [4, 0, 6, 1], "rotation": 180, "texture": "#1"},
				"up": {"uv": [4, 0, 6, 1], "rotation": 180, "texture": "#1"},
				"down": {"uv": [4, 0, 6, 1], "rotation": 180, "texture": "#1"}
			}
		},
		{
			"name": "Hooks",
			"from": [4, 12, 14],
			"to": [5, 13, 16],
			"faces": {
				"north": {"uv": [4, 0, 6, 1], "texture": "#1"},
				"east": {"uv": [4, 0, 6, 1], "texture": "#1"},
				"south": {"uv": [4, 0, 6, 1], "texture": "#1"},
				"west": {"uv": [4, 0, 6, 1], "texture": "#1"},
				"up": {"uv": [4, 0, 6, 1], "texture": "#1"},
				"down": {"uv": [4, 0, 6, 1], "texture": "#1"}
			}
		},
		{
			"name": "Hooks",
			"from": [11, 12, 14],
			"to": [12, 13, 16],
			"faces": {
				"north": {"uv": [4, 0, 6, 1], "texture": "#1"},
				"east": {"uv": [4, 0, 6, 1], "texture": "#1"},
				"south": {"uv": [4, 0, 6, 1], "texture": "#1"},
				"west": {"uv": [4, 0, 6, 1], "texture": "#1"},
				"up": {"uv": [4, 0, 6, 1], "texture": "#1"},
				"down": {"uv": [4, 0, 6, 1], "texture": "#1"}
			}
		}
	],
	"display": {
		"thirdperson_righthand": {
			"rotation": [75, 45, 0],
			"translation": [0, 2.5, 0],
			"scale": [0.375, 0.375, 0.375]
		},
		"thirdperson_lefthand": {
			"rotation": [75, 45, 0],
			"translation": [0, 2.5, 0],
			"scale": [0.375, 0.375, 0.375]
		},
		"firstperson_righthand": {
			"rotation": [0, 92, 0],
			"translation": [-2, 2, 1],
			"scale": [0.4, 0.4, 0.4]
		},
		"firstperson_lefthand": {
			"rotation": [0, 96, 0],
			"translation": [-2, 2.5, 2.25],
			"scale": [0.4, 0.4, 0.4]
		},
		"ground": {
			"translation": [0, 2, 0]
		},
		"gui": {
			"rotation": [30, 225, 0],
			"translation": [4.75, -2.75, 0]
		},
		"fixed": {
			"translation": [0, 0, -16],
			"scale": [2, 2, 2]
		}
	},
	"groups": [
		{
			"name": "Rope",
			"children": [0, 1, 2, 3, 4, 5, 6, 7, 8, 9, 10, 11, 12, 13, 14, 15, 16, 17, 18]
		},
		{
			"name": "Bridle",
			"children": [19, 20, 21, 22, 23, 24, 25, 26, 27, 28, 29, 30, 31, 32, 33, 34, 35, 36, 37, 38, 39, 40, 41]
		},
		{
			"name": "Hooks",
			"children": [42, 43, 44, 45, 46, 47]
		}
	]
}