{
	"credit": "Made with Blockbench",
	"textures": {
		"0": "block/MizunoArchive/purple_concrete",
		"1": "block/MizunoArchive/light_gray_concrete_powder",
		"particle": "block/MizunoArchive/purple_concrete"
	},
	"elements": [
		{
			"from": [1.06325, 6.5, -0.96359],
			"to": [2.48107, 7.7462, 0.51015],
			"rotation": {"angle": 45, "axis": "y", "origin": [1.768, 7.12138, -0.22867]},
			"faces": {
				"north": {"uv": [4, 5, 5, 6], "texture": "#1"},
				"east": {"uv": [4, 5, 5, 6], "texture": "#1"},
				"south": {"uv": [4, 5, 5, 6], "texture": "#1"},
				"west": {"uv": [4, 5, 5, 6], "texture": "#1"},
				"up": {"uv": [4, 5, 5, 6], "texture": "#1"},
				"down": {"uv": [4, 5, 5, 6], "texture": "#1"}
			}
		},
		{
			"from": [1.76647, 6.49625, -1.23863],
			"to": [3.11416, 7.7462, 0.26135],
			"rotation": {"angle": 0, "axis": "y", "origin": [-0.97505, 6.33484, -0.48579]},
			"faces": {
				"north": {"uv": [4, 5, 5, 6], "texture": "#1"},
				"east": {"uv": [4, 5, 5, 6], "texture": "#1"},
				"south": {"uv": [4, 5, 5, 6], "texture": "#1"},
				"west": {"uv": [4, 5, 5, 6], "texture": "#1"},
				"up": {"uv": [4, 5, 5, 6], "texture": "#1"},
				"down": {"uv": [4, 5, 5, 6], "texture": "#1"}
			}
		},
		{
			"from": [0.75, 6.5, -0.25],
			"to": [2.25, 7.75, 16.25],
			"rotation": {"angle": 0, "axis": "y", "origin": [10, 14, 8]},
			"faces": {
				"north": {"uv": [4, 5, 5, 6], "texture": "#1"},
				"east": {"uv": [4, 5, 5, 6], "texture": "#1"},
				"south": {"uv": [4, 5, 5, 6], "texture": "#1"},
				"west": {"uv": [4, 5, 5, 6], "texture": "#1"},
				"up": {"uv": [4, 5, 5, 6], "texture": "#1"},
				"down": {"uv": [4, 5, 5, 6], "texture": "#1"}
			}
		},
		{
			"from": [1.21137, 7.47168, -0.46405],
			"to": [2.59648, 13, 0.52257],
			"rotation": {"angle": 45, "axis": "y", "origin": [1.66584, 10.2326, 0.02313]},
			"faces": {
				"north": {"uv": [7, 6, 8, 7], "texture": "#1"},
				"east": {"uv": [7, 6, 8, 7], "texture": "#1"},
				"south": {"uv": [7, 6, 8, 7], "texture": "#1"},
				"west": {"uv": [7, 6, 8, 7], "texture": "#1"},
				"up": {"uv": [7, 6, 8, 7], "texture": "#1"},
				"down": {"uv": [7, 6, 8, 7], "texture": "#1"}
			}
		},
		{
			"from": [1.98892, 7.49231, -0.96992],
			"to": [2.97245, 13.02106, 0.04371],
			"rotation": {"angle": 0, "axis": "y", "origin": [-1.00259, 6.3559, -0.46709]},
			"faces": {
				"north": {"uv": [7, 6, 8, 7], "texture": "#1"},
				"east": {"uv": [7, 6, 8, 7], "texture": "#1"},
				"south": {"uv": [7, 6, 8, 7], "texture": "#1"},
				"west": {"uv": [7, 6, 8, 7], "texture": "#1"},
				"up": {"uv": [7, 6, 8, 7], "texture": "#1"},
				"down": {"uv": [7, 6, 8, 7], "texture": "#1"}
			}
		},
		{
			"from": [2.41108, 11.37103, -0.96992],
			"to": [3.92847, 12.37106, 0.04466],
			"rotation": {"angle": 45, "axis": "z", "origin": [3.19245, 11.8932, -0.46207]},
			"faces": {
				"north": {"uv": [7, 6, 8, 7], "texture": "#1"},
				"east": {"uv": [7, 6, 8, 7], "texture": "#1"},
				"south": {"uv": [7, 6, 8, 7], "texture": "#1"},
				"west": {"uv": [7, 6, 8, 7], "texture": "#1"},
				"up": {"uv": [7, 6, 8, 7], "texture": "#1"},
				"down": {"uv": [7, 6, 8, 7], "texture": "#1"}
			}
		},
		{
			"from": [2.97153, 12.02103, -0.96992],
			"to": [12.98892, 13.02106, 0.04466],
			"rotation": {"angle": 0, "axis": "y", "origin": [-0.01998, 6.88462, -0.46614]},
			"faces": {
				"north": {"uv": [7, 6, 8, 7], "texture": "#1"},
				"east": {"uv": [7, 6, 8, 7], "texture": "#1"},
				"south": {"uv": [7, 6, 8, 7], "texture": "#1"},
				"west": {"uv": [7, 6, 8, 7], "texture": "#1"},
				"up": {"uv": [7, 6, 8, 7], "texture": "#1"},
				"down": {"uv": [7, 6, 8, 7], "texture": "#1"}
			}
		},
		{
			"from": [1.98899, 12.37269, -0.42272],
			"to": [13.98637, 13.74336, 0.58711],
			"rotation": {"angle": 45, "axis": "x", "origin": [5.98736, 13.35731, 0.0864]},
			"faces": {
				"north": {"uv": [7, 6, 8, 7], "texture": "#1"},
				"east": {"uv": [7, 6, 8, 7], "texture": "#1"},
				"south": {"uv": [7, 6, 8, 7], "texture": "#1"},
				"west": {"uv": [7, 6, 8, 7], "texture": "#1"},
				"up": {"uv": [7, 6, 8, 7], "texture": "#1"},
				"down": {"uv": [7, 6, 8, 7], "texture": "#1"}
			}
		},
		{
			"from": [1.20047, 12.50922, 0.00054],
			"to": [2.20047, 13.90922, 16.00054],
			"rotation": {"angle": -45, "axis": "z", "origin": [1.69263, 12.99784, 8.01973]},
			"faces": {
				"north": {"uv": [7, 6, 8, 7], "texture": "#1"},
				"east": {"uv": [7, 6, 8, 7], "texture": "#1"},
				"south": {"uv": [7, 6, 8, 7], "texture": "#1"},
				"west": {"uv": [7, 6, 8, 7], "texture": "#1"},
				"up": {"uv": [7, 6, 8, 7], "texture": "#1"},
				"down": {"uv": [7, 6, 8, 7], "texture": "#1"}
			}
		},
		{
			"from": [1, 12, 0],
			"to": [2, 13, 16],
			"rotation": {"angle": 0, "axis": "y", "origin": [10, 14, 8]},
			"faces": {
				"north": {"uv": [7, 6, 8, 7], "texture": "#1"},
				"east": {"uv": [7, 6, 8, 7], "texture": "#1"},
				"south": {"uv": [7, 6, 8, 7], "texture": "#1"},
				"west": {"uv": [7, 6, 8, 7], "texture": "#1"},
				"up": {"uv": [7, 6, 8, 7], "texture": "#1"},
				"down": {"uv": [7, 6, 8, 7], "texture": "#1"}
			}
		},
		{
			"from": [1, 8.5, 2.375],
			"to": [2, 12, 3.125],
			"rotation": {"angle": 0, "axis": "y", "origin": [10, 14, -3.625]},
			"faces": {
				"north": {"uv": [7, 6, 8, 7], "texture": "#1"},
				"east": {"uv": [7, 6, 8, 7], "texture": "#1"},
				"south": {"uv": [7, 6, 8, 7], "texture": "#1"},
				"west": {"uv": [7, 6, 8, 7], "texture": "#1"},
				"up": {"uv": [7, 6, 8, 7], "texture": "#1"},
				"down": {"uv": [7, 6, 8, 7], "texture": "#1"}
			}
		},
		{
			"from": [1, 8.5, 0],
			"to": [2, 12, 1.4],
			"rotation": {"angle": 0, "axis": "y", "origin": [10, 14, 8]},
			"faces": {
				"north": {"uv": [7, 6, 8, 7], "texture": "#1"},
				"east": {"uv": [7, 6, 8, 7], "texture": "#1"},
				"south": {"uv": [7, 6, 8, 7], "texture": "#1"},
				"west": {"uv": [7, 6, 8, 7], "texture": "#1"},
				"up": {"uv": [7, 6, 8, 7], "texture": "#1"},
				"down": {"uv": [7, 6, 8, 7], "texture": "#1"}
			}
		},
		{
			"from": [1, 7.5, 0],
			"to": [2, 8.5, 16],
			"rotation": {"angle": 0, "axis": "y", "origin": [10, 9.5, 8]},
			"faces": {
				"north": {"uv": [7, 6, 8, 7], "texture": "#1"},
				"east": {"uv": [7, 6, 8, 7], "texture": "#1"},
				"south": {"uv": [7, 6, 8, 7], "texture": "#1"},
				"west": {"uv": [7, 6, 8, 7], "texture": "#1"},
				"up": {"uv": [7, 6, 8, 7], "texture": "#1"},
				"down": {"uv": [7, 6, 8, 7], "texture": "#1"}
			}
		},
		{
			"from": [1, 8.5, 4.125],
			"to": [2, 12, 4.875],
			"rotation": {"angle": 0, "axis": "y", "origin": [10, 14, -1.875]},
			"faces": {
				"north": {"uv": [7, 6, 8, 7], "texture": "#1"},
				"east": {"uv": [7, 6, 8, 7], "texture": "#1"},
				"south": {"uv": [7, 6, 8, 7], "texture": "#1"},
				"west": {"uv": [7, 6, 8, 7], "texture": "#1"},
				"up": {"uv": [7, 6, 8, 7], "texture": "#1"},
				"down": {"uv": [7, 6, 8, 7], "texture": "#1"}
			}
		},
		{
			"from": [1, 8.5, 5.875],
			"to": [2, 12, 6.625],
			"rotation": {"angle": 0, "axis": "y", "origin": [10, 14, -0.125]},
			"faces": {
				"north": {"uv": [7, 6, 8, 7], "texture": "#1"},
				"east": {"uv": [7, 6, 8, 7], "texture": "#1"},
				"south": {"uv": [7, 6, 8, 7], "texture": "#1"},
				"west": {"uv": [7, 6, 8, 7], "texture": "#1"},
				"up": {"uv": [7, 6, 8, 7], "texture": "#1"},
				"down": {"uv": [7, 6, 8, 7], "texture": "#1"}
			}
		},
		{
			"from": [1, 8.5, 7.625],
			"to": [2, 12, 8.375],
			"rotation": {"angle": 0, "axis": "y", "origin": [10, 14, 1.625]},
			"faces": {
				"north": {"uv": [7, 6, 8, 7], "texture": "#1"},
				"east": {"uv": [7, 6, 8, 7], "texture": "#1"},
				"south": {"uv": [7, 6, 8, 7], "texture": "#1"},
				"west": {"uv": [7, 6, 8, 7], "texture": "#1"},
				"up": {"uv": [7, 6, 8, 7], "texture": "#1"},
				"down": {"uv": [7, 6, 8, 7], "texture": "#1"}
			}
		},
		{
			"from": [1, 8.5, 9.375],
			"to": [2, 12, 10.125],
			"rotation": {"angle": 0, "axis": "y", "origin": [10, 14, 3.375]},
			"faces": {
				"north": {"uv": [7, 6, 8, 7], "texture": "#1"},
				"east": {"uv": [7, 6, 8, 7], "texture": "#1"},
				"south": {"uv": [7, 6, 8, 7], "texture": "#1"},
				"west": {"uv": [7, 6, 8, 7], "texture": "#1"},
				"up": {"uv": [7, 6, 8, 7], "texture": "#1"},
				"down": {"uv": [7, 6, 8, 7], "texture": "#1"}
			}
		},
		{
			"from": [1, 8.5, 11.125],
			"to": [2, 12, 11.875],
			"rotation": {"angle": 0, "axis": "y", "origin": [10, 14, 5.125]},
			"faces": {
				"north": {"uv": [7, 6, 8, 7], "texture": "#1"},
				"east": {"uv": [7, 6, 8, 7], "texture": "#1"},
				"south": {"uv": [7, 6, 8, 7], "texture": "#1"},
				"west": {"uv": [7, 6, 8, 7], "texture": "#1"},
				"up": {"uv": [7, 6, 8, 7], "texture": "#1"},
				"down": {"uv": [7, 6, 8, 7], "texture": "#1"}
			}
		},
		{
			"from": [1, 8.5, 12.875],
			"to": [2, 12, 13.625],
			"rotation": {"angle": 0, "axis": "y", "origin": [10, 14, 6.875]},
			"faces": {
				"north": {"uv": [7, 6, 8, 7], "texture": "#1"},
				"east": {"uv": [7, 6, 8, 7], "texture": "#1"},
				"south": {"uv": [7, 6, 8, 7], "texture": "#1"},
				"west": {"uv": [7, 6, 8, 7], "texture": "#1"},
				"up": {"uv": [7, 6, 8, 7], "texture": "#1"},
				"down": {"uv": [7, 6, 8, 7], "texture": "#1"}
			}
		},
		{
			"from": [1, 8.5, 14.6],
			"to": [2, 12, 16],
			"rotation": {"angle": 0, "axis": "y", "origin": [10, 14, 8]},
			"faces": {
				"north": {"uv": [7, 6, 8, 7], "texture": "#1"},
				"east": {"uv": [7, 6, 8, 7], "texture": "#1"},
				"south": {"uv": [7, 6, 8, 7], "texture": "#1"},
				"west": {"uv": [7, 6, 8, 7], "texture": "#1"},
				"up": {"uv": [7, 6, 8, 7], "texture": "#1"},
				"down": {"uv": [7, 6, 8, 7], "texture": "#1"}
			}
		},
		{
			"from": [1.21137, 7.47168, 15.47743],
			"to": [2.59648, 13, 16.46405],
			"rotation": {"angle": -45, "axis": "y", "origin": [1.66584, 10.2326, 15.97687]},
			"faces": {
				"north": {"uv": [7, 6, 8, 7], "texture": "#1"},
				"east": {"uv": [7, 6, 8, 7], "texture": "#1"},
				"south": {"uv": [7, 6, 8, 7], "texture": "#1"},
				"west": {"uv": [7, 6, 8, 7], "texture": "#1"},
				"up": {"uv": [7, 6, 8, 7], "texture": "#1"},
				"down": {"uv": [7, 6, 8, 7], "texture": "#1"}
			}
		},
		{
			"from": [1.06325, 6.5, 15.48985],
			"to": [2.48107, 7.7462, 16.96359],
			"rotation": {"angle": -45, "axis": "y", "origin": [1.768, 7.12138, 16.22867]},
			"faces": {
				"north": {"uv": [4, 5, 5, 6], "texture": "#1"},
				"east": {"uv": [4, 5, 5, 6], "texture": "#1"},
				"south": {"uv": [4, 5, 5, 6], "texture": "#1"},
				"west": {"uv": [4, 5, 5, 6], "texture": "#1"},
				"up": {"uv": [4, 5, 5, 6], "texture": "#1"},
				"down": {"uv": [4, 5, 5, 6], "texture": "#1"}
			}
		},
		{
			"from": [1.76647, 6.49625, 15.73865],
			"to": [14.26416, 7.7462, 17.23863],
			"rotation": {"angle": 0, "axis": "y", "origin": [10.02495, 6.33484, 16.48579]},
			"faces": {
				"north": {"uv": [4, 5, 5, 6], "texture": "#1"},
				"east": {"uv": [4, 5, 5, 6], "texture": "#1"},
				"south": {"uv": [4, 5, 5, 6], "texture": "#1"},
				"west": {"uv": [4, 5, 5, 6], "texture": "#1"},
				"up": {"uv": [4, 5, 5, 6], "texture": "#1"},
				"down": {"uv": [4, 5, 5, 6], "texture": "#1"}
			}
		},
		{
			"from": [1.98892, 7.49231, 15.95629],
			"to": [13.97245, 13.02106, 16.96992],
			"rotation": {"angle": 0, "axis": "y", "origin": [9.99741, 6.3559, 16.46709]},
			"faces": {
				"north": {"uv": [7, 6, 8, 7], "texture": "#1"},
				"east": {"uv": [7, 6, 8, 7], "texture": "#1"},
				"south": {"uv": [7, 6, 8, 7], "texture": "#1"},
				"west": {"uv": [7, 6, 8, 7], "texture": "#1"},
				"up": {"uv": [7, 6, 8, 7], "texture": "#1"},
				"down": {"uv": [7, 6, 8, 7], "texture": "#1"}
			}
		},
		{
			"from": [1.98899, 12.37269, 15.41289],
			"to": [13.98637, 13.74336, 16.42272],
			"rotation": {"angle": -45, "axis": "x", "origin": [5.98736, 13.35731, 15.9136]},
			"faces": {
				"north": {"uv": [7, 6, 8, 7], "texture": "#1"},
				"east": {"uv": [7, 6, 8, 7], "texture": "#1"},
				"south": {"uv": [7, 6, 8, 7], "texture": "#1"},
				"west": {"uv": [7, 6, 8, 7], "texture": "#1"},
				"up": {"uv": [7, 6, 8, 7], "texture": "#1"},
				"down": {"uv": [7, 6, 8, 7], "texture": "#1"}
			}
		},
		{
			"name": "Top",
			"from": [1.98906, 12.96846, 0.01793],
			"to": [14.01392, 13.9903, 16.00054],
			"rotation": {"angle": 0, "axis": "y", "origin": [10.01392, 20.96846, 8.01937]},
			"faces": {
				"north": {"uv": [7, 6, 8, 7], "texture": "#1"},
				"east": {"uv": [7, 6, 8, 7], "texture": "#1"},
				"south": {"uv": [7, 6, 8, 7], "texture": "#1"},
				"west": {"uv": [7, 6, 8, 7], "texture": "#1"},
				"up": {"uv": [7, 6, 8, 7], "texture": "#1"},
				"down": {"uv": [7, 6, 8, 7], "texture": "#1"}
			}
		},
		{
			"from": [13.52923, 6.50164, 15.48978],
			"to": [14.92589, 7.7462, 16.99285],
			"rotation": {"angle": 45, "axis": "y", "origin": [14.19337, 7.12145, 16.2286]},
			"faces": {
				"north": {"uv": [4, 5, 5, 6], "texture": "#1"},
				"east": {"uv": [4, 5, 5, 6], "texture": "#1"},
				"south": {"uv": [4, 5, 5, 6], "texture": "#1"},
				"west": {"uv": [4, 5, 5, 6], "texture": "#1"},
				"up": {"uv": [4, 5, 5, 6], "texture": "#1"},
				"down": {"uv": [4, 5, 5, 6], "texture": "#1"}
			}
		},
		{
			"from": [13.36485, 7.47174, 15.47737],
			"to": [14.77649, 13.02106, 16.45059],
			"rotation": {"angle": 45, "axis": "y", "origin": [14.29553, 10.23267, 15.97681]},
			"faces": {
				"north": {"uv": [7, 6, 8, 7], "texture": "#1"},
				"east": {"uv": [7, 6, 8, 7], "texture": "#1"},
				"south": {"uv": [7, 6, 8, 7], "texture": "#1"},
				"west": {"uv": [7, 6, 8, 7], "texture": "#1"},
				"up": {"uv": [7, 6, 8, 7], "texture": "#1"},
				"down": {"uv": [7, 6, 8, 7], "texture": "#1"}
			}
		},
		{
			"from": [13.79953, 12.50922, 0.00054],
			"to": [14.79953, 13.90922, 16.00054],
			"rotation": {"angle": 45, "axis": "z", "origin": [14.30737, 12.99784, 8.01973]},
			"faces": {
				"north": {"uv": [7, 6, 8, 7], "texture": "#1"},
				"east": {"uv": [7, 6, 8, 7], "texture": "#1"},
				"south": {"uv": [7, 6, 8, 7], "texture": "#1"},
				"west": {"uv": [7, 6, 8, 7], "texture": "#1"},
				"up": {"uv": [7, 6, 8, 7], "texture": "#1"},
				"down": {"uv": [7, 6, 8, 7], "texture": "#1"}
			}
		},
		{
			"from": [14, 8.5, 14.6],
			"to": [15, 12, 16],
			"rotation": {"angle": 0, "axis": "y", "origin": [6, 14, 8]},
			"faces": {
				"north": {"uv": [7, 6, 8, 7], "texture": "#1"},
				"east": {"uv": [7, 6, 8, 7], "texture": "#1"},
				"south": {"uv": [7, 6, 8, 7], "texture": "#1"},
				"west": {"uv": [7, 6, 8, 7], "texture": "#1"},
				"up": {"uv": [7, 6, 8, 7], "texture": "#1"},
				"down": {"uv": [7, 6, 8, 7], "texture": "#1"}
			}
		},
		{
			"from": [13.75, 6.5, -0.25],
			"to": [15.25, 7.75, 16.25],
			"rotation": {"angle": 0, "axis": "y", "origin": [6, 14, 8]},
			"faces": {
				"north": {"uv": [4, 5, 5, 6], "texture": "#1"},
				"east": {"uv": [4, 5, 5, 6], "texture": "#1"},
				"south": {"uv": [4, 5, 5, 6], "texture": "#1"},
				"west": {"uv": [4, 5, 5, 6], "texture": "#1"},
				"up": {"uv": [4, 5, 5, 6], "texture": "#1"},
				"down": {"uv": [4, 5, 5, 6], "texture": "#1"}
			}
		},
		{
			"from": [14, 7.5, 0],
			"to": [15, 8.5, 16],
			"rotation": {"angle": 0, "axis": "y", "origin": [6, 9.5, 8]},
			"faces": {
				"north": {"uv": [7, 6, 8, 7], "texture": "#1"},
				"east": {"uv": [7, 6, 8, 7], "texture": "#1"},
				"south": {"uv": [7, 6, 8, 7], "texture": "#1"},
				"west": {"uv": [7, 6, 8, 7], "texture": "#1"},
				"up": {"uv": [7, 6, 8, 7], "texture": "#1"},
				"down": {"uv": [7, 6, 8, 7], "texture": "#1"}
			}
		},
		{
			"from": [14, 12, 0],
			"to": [15, 13, 16],
			"rotation": {"angle": 0, "axis": "y", "origin": [6, 14, 8]},
			"faces": {
				"north": {"uv": [7, 6, 8, 7], "texture": "#1"},
				"east": {"uv": [7, 6, 8, 7], "texture": "#1"},
				"south": {"uv": [7, 6, 8, 7], "texture": "#1"},
				"west": {"uv": [7, 6, 8, 7], "texture": "#1"},
				"up": {"uv": [7, 6, 8, 7], "texture": "#1"},
				"down": {"uv": [7, 6, 8, 7], "texture": "#1"}
			}
		},
		{
			"from": [14, 8.5, 12.875],
			"to": [15, 12, 13.625],
			"rotation": {"angle": 0, "axis": "y", "origin": [6, 14, 6.875]},
			"faces": {
				"north": {"uv": [7, 6, 8, 7], "texture": "#1"},
				"east": {"uv": [7, 6, 8, 7], "texture": "#1"},
				"south": {"uv": [7, 6, 8, 7], "texture": "#1"},
				"west": {"uv": [7, 6, 8, 7], "texture": "#1"},
				"up": {"uv": [7, 6, 8, 7], "texture": "#1"},
				"down": {"uv": [7, 6, 8, 7], "texture": "#1"}
			}
		},
		{
			"from": [14, 8.5, 11.125],
			"to": [15, 12, 11.875],
			"rotation": {"angle": 0, "axis": "y", "origin": [6, 14, 5.125]},
			"faces": {
				"north": {"uv": [7, 6, 8, 7], "texture": "#1"},
				"east": {"uv": [7, 6, 8, 7], "texture": "#1"},
				"south": {"uv": [7, 6, 8, 7], "texture": "#1"},
				"west": {"uv": [7, 6, 8, 7], "texture": "#1"},
				"up": {"uv": [7, 6, 8, 7], "texture": "#1"},
				"down": {"uv": [7, 6, 8, 7], "texture": "#1"}
			}
		},
		{
			"from": [14, 8.5, 9.375],
			"to": [15, 12, 10.125],
			"rotation": {"angle": 0, "axis": "y", "origin": [6, 14, 3.375]},
			"faces": {
				"north": {"uv": [7, 6, 8, 7], "texture": "#1"},
				"east": {"uv": [7, 6, 8, 7], "texture": "#1"},
				"south": {"uv": [7, 6, 8, 7], "texture": "#1"},
				"west": {"uv": [7, 6, 8, 7], "texture": "#1"},
				"up": {"uv": [7, 6, 8, 7], "texture": "#1"},
				"down": {"uv": [7, 6, 8, 7], "texture": "#1"}
			}
		},
		{
			"from": [14, 8.5, 7.625],
			"to": [15, 12, 8.375],
			"rotation": {"angle": 0, "axis": "y", "origin": [6, 14, 1.625]},
			"faces": {
				"north": {"uv": [7, 6, 8, 7], "texture": "#1"},
				"east": {"uv": [7, 6, 8, 7], "texture": "#1"},
				"south": {"uv": [7, 6, 8, 7], "texture": "#1"},
				"west": {"uv": [7, 6, 8, 7], "texture": "#1"},
				"up": {"uv": [7, 6, 8, 7], "texture": "#1"},
				"down": {"uv": [7, 6, 8, 7], "texture": "#1"}
			}
		},
		{
			"from": [14, 8.5, 5.875],
			"to": [15, 12, 6.625],
			"rotation": {"angle": 0, "axis": "y", "origin": [6, 14, -0.125]},
			"faces": {
				"north": {"uv": [7, 6, 8, 7], "texture": "#1"},
				"east": {"uv": [7, 6, 8, 7], "texture": "#1"},
				"south": {"uv": [7, 6, 8, 7], "texture": "#1"},
				"west": {"uv": [7, 6, 8, 7], "texture": "#1"},
				"up": {"uv": [7, 6, 8, 7], "texture": "#1"},
				"down": {"uv": [7, 6, 8, 7], "texture": "#1"}
			}
		},
		{
			"from": [14, 8.5, 4.125],
			"to": [15, 12, 4.875],
			"rotation": {"angle": 0, "axis": "y", "origin": [6, 14, -1.875]},
			"faces": {
				"north": {"uv": [7, 6, 8, 7], "texture": "#1"},
				"east": {"uv": [7, 6, 8, 7], "texture": "#1"},
				"south": {"uv": [7, 6, 8, 7], "texture": "#1"},
				"west": {"uv": [7, 6, 8, 7], "texture": "#1"},
				"up": {"uv": [7, 6, 8, 7], "texture": "#1"},
				"down": {"uv": [7, 6, 8, 7], "texture": "#1"}
			}
		},
		{
			"from": [14, 8.5, 2.375],
			"to": [15, 12, 3.125],
			"rotation": {"angle": 0, "axis": "y", "origin": [6, 14, -3.625]},
			"faces": {
				"north": {"uv": [7, 6, 8, 7], "texture": "#1"},
				"east": {"uv": [7, 6, 8, 7], "texture": "#1"},
				"south": {"uv": [7, 6, 8, 7], "texture": "#1"},
				"west": {"uv": [7, 6, 8, 7], "texture": "#1"},
				"up": {"uv": [7, 6, 8, 7], "texture": "#1"},
				"down": {"uv": [7, 6, 8, 7], "texture": "#1"}
			}
		},
		{
			"from": [14, 8.5, 0],
			"to": [15, 12, 1.4],
			"rotation": {"angle": 0, "axis": "y", "origin": [6, 14, 8]},
			"faces": {
				"north": {"uv": [7, 6, 8, 7], "texture": "#1"},
				"east": {"uv": [7, 6, 8, 7], "texture": "#1"},
				"south": {"uv": [7, 6, 8, 7], "texture": "#1"},
				"west": {"uv": [7, 6, 8, 7], "texture": "#1"},
				"up": {"uv": [7, 6, 8, 7], "texture": "#1"},
				"down": {"uv": [7, 6, 8, 7], "texture": "#1"}
			}
		},
		{
			"from": [13.36485, 7.47174, -0.45059],
			"to": [14.77649, 13.02106, 0.52263],
			"rotation": {"angle": -45, "axis": "y", "origin": [14.29553, 10.23267, 0.02319]},
			"faces": {
				"north": {"uv": [7, 6, 8, 7], "texture": "#1"},
				"east": {"uv": [7, 6, 8, 7], "texture": "#1"},
				"south": {"uv": [7, 6, 8, 7], "texture": "#1"},
				"west": {"uv": [7, 6, 8, 7], "texture": "#1"},
				"up": {"uv": [7, 6, 8, 7], "texture": "#1"},
				"down": {"uv": [7, 6, 8, 7], "texture": "#1"}
			}
		},
		{
			"from": [13.52923, 6.50164, -0.99285],
			"to": [14.92589, 7.7462, 0.51022],
			"rotation": {"angle": -45, "axis": "y", "origin": [14.19337, 7.12145, -0.2286]},
			"faces": {
				"north": {"uv": [4, 5, 5, 6], "texture": "#1"},
				"east": {"uv": [4, 5, 5, 6], "texture": "#1"},
				"south": {"uv": [4, 5, 5, 6], "texture": "#1"},
				"west": {"uv": [4, 5, 5, 6], "texture": "#1"},
				"up": {"uv": [4, 5, 5, 6], "texture": "#1"},
				"down": {"uv": [4, 5, 5, 6], "texture": "#1"}
			}
		},
		{
			"from": [12.86647, 6.49625, -1.23863],
			"to": [14.26416, 7.7462, 0.26135],
			"rotation": {"angle": 0, "axis": "y", "origin": [10.02495, 6.33484, -0.48579]},
			"faces": {
				"north": {"uv": [4, 5, 5, 6], "texture": "#1"},
				"east": {"uv": [4, 5, 5, 6], "texture": "#1"},
				"south": {"uv": [4, 5, 5, 6], "texture": "#1"},
				"west": {"uv": [4, 5, 5, 6], "texture": "#1"},
				"up": {"uv": [4, 5, 5, 6], "texture": "#1"},
				"down": {"uv": [4, 5, 5, 6], "texture": "#1"}
			}
		},
		{
			"from": [12.98892, 7.49231, -0.96992],
			"to": [13.97245, 13.02106, 0.04371],
			"rotation": {"angle": 0, "axis": "y", "origin": [9.99741, 6.3559, -0.46709]},
			"faces": {
				"north": {"uv": [7, 6, 8, 7], "texture": "#1"},
				"east": {"uv": [7, 6, 8, 7], "texture": "#1"},
				"south": {"uv": [7, 6, 8, 7], "texture": "#1"},
				"west": {"uv": [7, 6, 8, 7], "texture": "#1"},
				"up": {"uv": [7, 6, 8, 7], "texture": "#1"},
				"down": {"uv": [7, 6, 8, 7], "texture": "#1"}
			}
		},
		{
			"from": [12.07153, 11.37103, -0.96992],
			"to": [13.58892, 12.37106, 0.04466],
			"rotation": {"angle": -45, "axis": "z", "origin": [12.80755, 11.8932, -0.46207]},
			"faces": {
				"north": {"uv": [7, 6, 8, 7], "texture": "#1"},
				"east": {"uv": [7, 6, 8, 7], "texture": "#1"},
				"south": {"uv": [7, 6, 8, 7], "texture": "#1"},
				"west": {"uv": [7, 6, 8, 7], "texture": "#1"},
				"up": {"uv": [7, 6, 8, 7], "texture": "#1"},
				"down": {"uv": [7, 6, 8, 7], "texture": "#1"}
			}
		},
		{
			"from": [3.01422, 0.97136, -0.98879],
			"to": [13.03161, 1.97139, 0.02579],
			"rotation": {"angle": 0, "axis": "y", "origin": [0.0227, -4.16506, -0.485]},
			"faces": {
				"north": {"uv": [3, 2, 4.017, 3], "texture": "#0"},
				"east": {"uv": [3, 2, 4.017, 3], "texture": "#0"},
				"south": {"uv": [3, 2, 4.017, 3], "texture": "#0"},
				"west": {"uv": [3, 2, 4.017, 3], "texture": "#0"},
				"up": {"uv": [3, 2, 4.017, 3], "texture": "#0"},
				"down": {"uv": [3, 2, 4.017, 3], "texture": "#0"}
			}
		},
		{
			"from": [2.41108, 1.62894, -0.96992],
			"to": [3.92847, 2.62897, 0.04466],
			"rotation": {"angle": -45, "axis": "z", "origin": [3.19245, 2.1068, -0.46207]},
			"faces": {
				"north": {"uv": [3, 2, 4.017, 3], "texture": "#0"},
				"east": {"uv": [3, 2, 4.017, 3], "texture": "#0"},
				"south": {"uv": [3, 2, 4.017, 3], "texture": "#0"},
				"west": {"uv": [3, 2, 4.017, 3], "texture": "#0"},
				"up": {"uv": [3, 2, 4.017, 3], "texture": "#0"},
				"down": {"uv": [3, 2, 4.017, 3], "texture": "#0"}
			}
		},
		{
			"from": [2.01647, 0.97125, -0.98863],
			"to": [3.01416, 6.9712, 0.01135],
			"rotation": {"angle": 0, "axis": "y", "origin": [-0.97505, 6.33484, -0.48579]},
			"faces": {
				"north": {"uv": [3, 2, 4.017, 3], "texture": "#0"},
				"east": {"uv": [3, 2, 4.017, 3], "texture": "#0"},
				"south": {"uv": [3, 2, 4.017, 3], "texture": "#0"},
				"west": {"uv": [3, 2, 4.017, 3], "texture": "#0"},
				"up": {"uv": [3, 2, 4.017, 3], "texture": "#0"},
				"down": {"uv": [3, 2, 4.017, 3], "texture": "#0"}
			}
		},
		{
			"from": [1.21543, 1, -0.46162],
			"to": [2.63325, 7.00208, 0.51255],
			"rotation": {"angle": 45, "axis": "y", "origin": [1.66494, 3.99695, 0.02924]},
			"faces": {
				"north": {"uv": [3, 2, 4.017, 3], "texture": "#0"},
				"east": {"uv": [3, 2, 4.017, 3], "texture": "#0"},
				"south": {"uv": [3, 2, 4.017, 3], "texture": "#0"},
				"west": {"uv": [3, 2, 4.017, 3], "texture": "#0"},
				"up": {"uv": [3, 2, 4.017, 3], "texture": "#0"},
				"down": {"uv": [3, 2, 4.017, 3], "texture": "#0"}
			}
		},
		{
			"from": [1, 1, 0],
			"to": [2, 7, 16],
			"rotation": {"angle": 0, "axis": "y", "origin": [10, 8, 8]},
			"faces": {
				"north": {"uv": [3, 2, 4.017, 3], "texture": "#0"},
				"east": {"uv": [3, 2, 4.017, 3], "texture": "#0"},
				"south": {"uv": [3, 2, 4.017, 3], "texture": "#0"},
				"west": {"uv": [3, 2, 4.017, 3], "texture": "#0"},
				"up": {"uv": [3, 2, 4.017, 3], "texture": "#0"},
				"down": {"uv": [3, 2, 4.017, 3], "texture": "#0"}
			}
		},
		{
			"from": [12.07153, 1.62894, -0.96992],
			"to": [13.58892, 2.62897, 0.04466],
			"rotation": {"angle": 45, "axis": "z", "origin": [12.80755, 2.1068, -0.46207]},
			"faces": {
				"north": {"uv": [3, 2, 4.017, 3], "texture": "#0"},
				"east": {"uv": [3, 2, 4.017, 3], "texture": "#0"},
				"south": {"uv": [3, 2, 4.017, 3], "texture": "#0"},
				"west": {"uv": [3, 2, 4.017, 3], "texture": "#0"},
				"up": {"uv": [3, 2, 4.017, 3], "texture": "#0"},
				"down": {"uv": [3, 2, 4.017, 3], "texture": "#0"}
			}
		},
		{
			"from": [13.01647, 0.97125, -0.98863],
			"to": [14.01416, 6.9712, 0.01135],
			"rotation": {"angle": 0, "axis": "y", "origin": [10.02495, 6.33484, -0.48579]},
			"faces": {
				"north": {"uv": [3, 2, 4.017, 3], "texture": "#0"},
				"east": {"uv": [3, 2, 4.017, 3], "texture": "#0"},
				"south": {"uv": [3, 2, 4.017, 3], "texture": "#0"},
				"west": {"uv": [3, 2, 4.017, 3], "texture": "#0"},
				"up": {"uv": [3, 2, 4.017, 3], "texture": "#0"},
				"down": {"uv": [3, 2, 4.017, 3], "texture": "#0"}
			}
		},
		{
			"from": [1.38869, 0.17139, 0],
			"to": [2.3903, 1.58496, 15.99772],
			"rotation": {"angle": 45, "axis": "z", "origin": [1.90123, 0.82361, 7.99812]},
			"faces": {
				"north": {"uv": [3, 2, 4.017, 3], "texture": "#0"},
				"east": {"uv": [3, 2, 4.017, 3], "texture": "#0"},
				"south": {"uv": [3, 2, 4.017, 3], "texture": "#0"},
				"west": {"uv": [3, 2, 4.017, 3], "texture": "#0"},
				"up": {"uv": [3, 2, 4.017, 3], "texture": "#0"},
				"down": {"uv": [3, 2, 4.017, 3], "texture": "#0"}
			}
		},
		{
			"from": [2.01644, 0.14309, -0.60039],
			"to": [14.01416, 1.55666, 0.40122],
			"rotation": {"angle": -45, "axis": "x", "origin": [6.01604, 0.79532, -0.08785]},
			"faces": {
				"north": {"uv": [3, 2, 4.017, 3], "texture": "#0"},
				"east": {"uv": [3, 2, 4.017, 3], "texture": "#0"},
				"south": {"uv": [3, 2, 4.017, 3], "texture": "#0"},
				"west": {"uv": [3, 2, 4.017, 3], "texture": "#0"},
				"up": {"uv": [3, 2, 4.017, 3], "texture": "#0"},
				"down": {"uv": [3, 2, 4.017, 3], "texture": "#0"}
			}
		},
		{
			"from": [1.21543, 1, 15.48745],
			"to": [2.63325, 7.00208, 16.46162],
			"rotation": {"angle": -45, "axis": "y", "origin": [1.66494, 3.99695, 15.97076]},
			"faces": {
				"north": {"uv": [3, 2, 4.017, 3], "texture": "#0"},
				"east": {"uv": [3, 2, 4.017, 3], "texture": "#0"},
				"south": {"uv": [3, 2, 4.017, 3], "texture": "#0"},
				"west": {"uv": [3, 2, 4.017, 3], "texture": "#0"},
				"up": {"uv": [3, 2, 4.017, 3], "texture": "#0"},
				"down": {"uv": [3, 2, 4.017, 3], "texture": "#0"}
			}
		},
		{
			"from": [2.01647, 0.97125, 15.98865],
			"to": [14.01416, 6.9712, 16.98863],
			"rotation": {"angle": 0, "axis": "y", "origin": [10.02495, 6.33484, 16.48579]},
			"faces": {
				"north": {"uv": [3, 2, 4.017, 3], "texture": "#0"},
				"east": {"uv": [3, 2, 4.017, 3], "texture": "#0"},
				"south": {"uv": [3, 2, 4.017, 3], "texture": "#0"},
				"west": {"uv": [3, 2, 4.017, 3], "texture": "#0"},
				"up": {"uv": [3, 2, 4.017, 3], "texture": "#0"},
				"down": {"uv": [3, 2, 4.017, 3], "texture": "#0"}
			}
		},
		{
			"from": [2.01644, 0.14309, 15.59878],
			"to": [14.01416, 1.55666, 16.60039],
			"rotation": {"angle": 45, "axis": "x", "origin": [6.01604, 0.79532, 16.08785]},
			"faces": {
				"north": {"uv": [3, 2, 4.017, 3], "texture": "#0"},
				"east": {"uv": [3, 2, 4.017, 3], "texture": "#0"},
				"south": {"uv": [3, 2, 4.017, 3], "texture": "#0"},
				"west": {"uv": [3, 2, 4.017, 3], "texture": "#0"},
				"up": {"uv": [3, 2, 4.017, 3], "texture": "#0"},
				"down": {"uv": [3, 2, 4.017, 3], "texture": "#0"}
			}
		},
		{
			"from": [13.37705, 0.97125, 15.48738],
			"to": [14.77345, 7.00215, 16.49088],
			"rotation": {"angle": 45, "axis": "y", "origin": [14.29643, 3.99702, 15.97069]},
			"faces": {
				"north": {"uv": [3, 2, 4.017, 3], "texture": "#0"},
				"east": {"uv": [3, 2, 4.017, 3], "texture": "#0"},
				"south": {"uv": [3, 2, 4.017, 3], "texture": "#0"},
				"west": {"uv": [3, 2, 4.017, 3], "texture": "#0"},
				"up": {"uv": [3, 2, 4.017, 3], "texture": "#0"},
				"down": {"uv": [3, 2, 4.017, 3], "texture": "#0"}
			}
		},
		{
			"from": [14, 1, 0],
			"to": [15, 7, 16],
			"rotation": {"angle": 0, "axis": "y", "origin": [6, 8, 8]},
			"faces": {
				"north": {"uv": [3, 2, 4.017, 3], "texture": "#0"},
				"east": {"uv": [3, 2, 4.017, 3], "texture": "#0"},
				"south": {"uv": [3, 2, 4.017, 3], "texture": "#0"},
				"west": {"uv": [3, 2, 4.017, 3], "texture": "#0"},
				"up": {"uv": [3, 2, 4.017, 3], "texture": "#0"},
				"down": {"uv": [3, 2, 4.017, 3], "texture": "#0"}
			}
		},
		{
			"from": [13.6097, 0.17139, 0],
			"to": [14.61131, 1.58496, 15.99772],
			"rotation": {"angle": -45, "axis": "z", "origin": [14.09877, 0.82361, 7.99812]},
			"faces": {
				"north": {"uv": [3, 2, 4.017, 3], "texture": "#0"},
				"east": {"uv": [3, 2, 4.017, 3], "texture": "#0"},
				"south": {"uv": [3, 2, 4.017, 3], "texture": "#0"},
				"west": {"uv": [3, 2, 4.017, 3], "texture": "#0"},
				"up": {"uv": [3, 2, 4.017, 3], "texture": "#0"},
				"down": {"uv": [3, 2, 4.017, 3], "texture": "#0"}
			}
		},
		{
			"name": "Bottom",
			"from": [2, 0, 0],
			"to": [14, 1, 16],
			"rotation": {"angle": 0, "axis": "y", "origin": [10, 8, 8]},
			"faces": {
				"north": {"uv": [3, 2, 4.017, 3], "texture": "#0"},
				"east": {"uv": [3, 2, 4.017, 3], "texture": "#0"},
				"south": {"uv": [3, 2, 4.017, 3], "texture": "#0"},
				"west": {"uv": [3, 2, 4.017, 3], "texture": "#0"},
				"up": {"uv": [3, 2, 4.017, 3], "texture": "#0"},
				"down": {"uv": [3, 2, 4.017, 3], "texture": "#0"}
			}
		},
		{
			"from": [13.37705, 0.97125, -0.49088],
			"to": [14.77345, 7.00215, 0.51262],
			"rotation": {"angle": -45, "axis": "y", "origin": [14.29643, 3.99702, 0.02931]},
			"faces": {
				"north": {"uv": [3, 2, 4.017, 3], "texture": "#0"},
				"east": {"uv": [3, 2, 4.017, 3], "texture": "#0"},
				"south": {"uv": [3, 2, 4.017, 3], "texture": "#0"},
				"west": {"uv": [3, 2, 4.017, 3], "texture": "#0"},
				"up": {"uv": [3, 2, 4.017, 3], "texture": "#0"},
				"down": {"uv": [3, 2, 4.017, 3], "texture": "#0"}
			}
		},
		{
			"name": "Top",
			"from": [7.33906, 14.4903, 4.91793],
			"to": [8.66392, 14.9903, 6.10054],
			"rotation": {"angle": 0, "axis": "y", "origin": [10.01392, 21.46846, 9.01937]},
			"faces": {
				"north": {"uv": [2, 2, 3, 3], "texture": "#1"},
				"east": {"uv": [2, 2, 3, 3], "texture": "#1"},
				"south": {"uv": [2, 2, 3, 3], "texture": "#1"},
				"west": {"uv": [2, 2, 3, 3], "texture": "#1"},
				"up": {"uv": [2, 2, 3, 3], "texture": "#1"},
				"down": {"uv": [2, 2, 3, 3], "texture": "#1"}
			}
		},
		{
			"name": "Top",
			"from": [7.33906, 13.9903, 4.66793],
			"to": [8.66392, 14.4903, 6.35054],
			"rotation": {"angle": 0, "axis": "y", "origin": [10.01392, 20.96846, 9.01937]},
			"faces": {
				"north": {"uv": [2, 2, 3, 3], "texture": "#1"},
				"east": {"uv": [2, 2, 3, 3], "texture": "#1"},
				"south": {"uv": [2, 2, 3, 3], "texture": "#1"},
				"west": {"uv": [2, 2, 3, 3], "texture": "#1"},
				"up": {"uv": [2, 2, 3, 3], "texture": "#1"},
				"down": {"uv": [2, 2, 3, 3], "texture": "#1"}
			}
		},
		{
			"name": "Top",
			"from": [7.33906, 14.4903, 9.91793],
			"to": [8.66392, 14.9903, 11.10054],
			"rotation": {"angle": 0, "axis": "y", "origin": [10.01392, 21.46846, 17.01937]},
			"faces": {
				"north": {"uv": [2, 2, 3, 3], "texture": "#1"},
				"east": {"uv": [2, 2, 3, 3], "texture": "#1"},
				"south": {"uv": [2, 2, 3, 3], "texture": "#1"},
				"west": {"uv": [2, 2, 3, 3], "texture": "#1"},
				"up": {"uv": [2, 2, 3, 3], "texture": "#1"},
				"down": {"uv": [2, 2, 3, 3], "texture": "#1"}
			}
		},
		{
			"name": "Top",
			"from": [7.33906, 13.9903, 9.64946],
			"to": [8.66392, 14.4903, 11.33207],
			"rotation": {"angle": 0, "axis": "y", "origin": [10.01392, 20.96846, 6.98063]},
			"faces": {
				"north": {"uv": [2, 2, 3, 3], "texture": "#1"},
				"east": {"uv": [2, 2, 3, 3], "texture": "#1"},
				"south": {"uv": [2, 2, 3, 3], "texture": "#1"},
				"west": {"uv": [2, 2, 3, 3], "texture": "#1"},
				"up": {"uv": [2, 2, 3, 3], "texture": "#1"},
				"down": {"uv": [2, 2, 3, 3], "texture": "#1"}
			}
		},
		{
			"name": "Top",
			"from": [5.41141, 13.96783, 10.11793],
			"to": [7.41141, 14.79268, 10.90054],
			"rotation": {"angle": 0, "axis": "y", "origin": [5.68647, 14.36524, 8.02521]},
			"faces": {
				"north": {"uv": [2, 5, 2.824, 5.783], "rotation": 270, "texture": "#0"},
				"east": {"uv": [2, 5, 2.824, 5.783], "rotation": 270, "texture": "#0"},
				"south": {"uv": [2, 5, 2.824, 5.783], "rotation": 270, "texture": "#0"},
				"west": {"uv": [2, 5, 2.824, 5.783], "rotation": 270, "texture": "#0"},
				"up": {"uv": [2, 5, 2.824, 5.783], "rotation": 270, "texture": "#0"},
				"down": {"uv": [2, 5, 2.824, 5.783], "rotation": 270, "texture": "#0"}
			}
		},
		{
			"name": "Top",
			"from": [3.45534, 13.96782, 8.75712],
			"to": [4.24273, 14.79599, 9.86151],
			"rotation": {"angle": 45, "axis": "y", "origin": [5.68647, 14.36524, 8.02521]},
			"faces": {
				"north": {"uv": [2, 5, 2.824, 5.783], "rotation": 270, "texture": "#0"},
				"east": {"uv": [2, 5, 2.824, 5.783], "rotation": 270, "texture": "#0"},
				"south": {"uv": [2, 5, 2.824, 5.783], "rotation": 270, "texture": "#0"},
				"west": {"uv": [2, 5, 2.824, 5.783], "rotation": 270, "texture": "#0"},
				"up": {"uv": [2, 5, 2.824, 5.783], "rotation": 270, "texture": "#0"},
				"down": {"uv": [2, 5, 2.824, 5.783], "rotation": 270, "texture": "#0"}
			}
		},
		{
			"name": "Top",
			"from": [4.62636, 13.96783, 5.90054],
			"to": [5.41141, 14.78778, 10.12039],
			"rotation": {"angle": 0, "axis": "x", "origin": [5.68647, 14.36524, 8.02521]},
			"faces": {
				"north": {"uv": [2, 5, 2.824, 5.783], "rotation": 270, "texture": "#0"},
				"east": {"uv": [2, 5, 2.824, 5.783], "rotation": 270, "texture": "#0"},
				"south": {"uv": [2, 5, 2.824, 5.783], "rotation": 270, "texture": "#0"},
				"west": {"uv": [2, 5, 2.824, 5.783], "rotation": 270, "texture": "#0"},
				"up": {"uv": [2, 5, 2.824, 5.783], "rotation": 270, "texture": "#0"},
				"down": {"uv": [2, 5, 2.824, 5.783], "rotation": 270, "texture": "#0"}
			}
		},
		{
			"name": "Top",
			"from": [3.43452, 13.96785, 6.16805],
			"to": [4.22192, 14.79602, 7.27243],
			"rotation": {"angle": -45, "axis": "y", "origin": [5.68647, 14.36524, 8.02521]},
			"faces": {
				"north": {"uv": [2, 5, 2.824, 5.783], "rotation": 270, "texture": "#0"},
				"east": {"uv": [2, 5, 2.824, 5.783], "rotation": 270, "texture": "#0"},
				"south": {"uv": [2, 5, 2.824, 5.783], "rotation": 270, "texture": "#0"},
				"west": {"uv": [2, 5, 2.824, 5.783], "rotation": 270, "texture": "#0"},
				"up": {"uv": [2, 5, 2.824, 5.783], "rotation": 270, "texture": "#0"},
				"down": {"uv": [2, 5, 2.824, 5.783], "rotation": 270, "texture": "#0"}
			}
		},
		{
			"name": "Top",
			"from": [5.41141, 13.96783, 5.11793],
			"to": [7.41141, 14.79268, 5.90054],
			"rotation": {"angle": 0, "axis": "y", "origin": [5.68647, 14.36524, 8.02521]},
			"faces": {
				"north": {"uv": [2, 5, 2.824, 5.783], "rotation": 270, "texture": "#0"},
				"east": {"uv": [2, 5, 2.824, 5.783], "rotation": 270, "texture": "#0"},
				"south": {"uv": [2, 5, 2.824, 5.783], "rotation": 270, "texture": "#0"},
				"west": {"uv": [2, 5, 2.824, 5.783], "rotation": 270, "texture": "#0"},
				"up": {"uv": [2, 5, 2.824, 5.783], "rotation": 270, "texture": "#0"},
				"down": {"uv": [2, 5, 2.824, 5.783], "rotation": 270, "texture": "#0"}
			}
		},
		{
			"from": [4.01422, 11.72139, -0.63879],
			"to": [12.03161, 12.03599, -0.32419],
			"rotation": {"angle": 0, "axis": "y", "origin": [0.0227, 5.58494, -0.485]},
			"faces": {
				"north": {"uv": [1, 0, 2, 1], "texture": "#1"},
				"east": {"uv": [1, 0, 2, 1], "texture": "#1"},
				"south": {"uv": [1, 0, 2, 1], "texture": "#1"},
				"west": {"uv": [1, 0, 2, 1], "texture": "#1"},
				"up": {"uv": [1, 0, 2, 1], "texture": "#1"},
				"down": {"uv": [1, 0, 2, 1], "texture": "#1"}
			}
		},
		{
			"from": [12.72506, 2.98751, -0.63879],
			"to": [13.04773, 11.31188, -0.34073],
			"rotation": {"angle": 0, "axis": "z", "origin": [12.86753, 7.28162, -0.49126]},
			"faces": {
				"north": {"uv": [1, 0, 2, 1], "rotation": 90, "texture": "#1"},
				"east": {"uv": [1, 0, 2, 1], "rotation": 90, "texture": "#1"},
				"south": {"uv": [1, 0, 2, 1], "rotation": 90, "texture": "#1"},
				"west": {"uv": [1, 0, 2, 1], "rotation": 90, "texture": "#1"},
				"up": {"uv": [1, 0, 2, 1], "rotation": 90, "texture": "#1"},
				"down": {"uv": [1, 0, 2, 1], "rotation": 90, "texture": "#1"}
			}
		},
		{
			"from": [2.95227, 2.98751, -0.63879],
			"to": [3.28966, 11.31188, -0.34073],
			"rotation": {"angle": 0, "axis": "z", "origin": [3.11753, 7.28162, -0.49126]},
			"faces": {
				"north": {"uv": [1, 0, 2, 1], "rotation": 90, "texture": "#1"},
				"east": {"uv": [1, 0, 2, 1], "rotation": 90, "texture": "#1"},
				"south": {"uv": [1, 0, 2, 1], "rotation": 90, "texture": "#1"},
				"west": {"uv": [1, 0, 2, 1], "rotation": 90, "texture": "#1"},
				"up": {"uv": [1, 0, 2, 1], "rotation": 90, "texture": "#1"},
				"down": {"uv": [1, 0, 2, 1], "rotation": 90, "texture": "#1"}
			}
		},
		{
			"from": [4.01422, 1.97139, -0.63879],
			"to": [12.03161, 2.28599, -0.32419],
			"rotation": {"angle": 0, "axis": "y", "origin": [0.0227, -4.16506, -0.485]},
			"faces": {
				"north": {"uv": [1, 0, 2, 1], "texture": "#1"},
				"east": {"uv": [1, 0, 2, 1], "texture": "#1"},
				"south": {"uv": [1, 0, 2, 1], "texture": "#1"},
				"west": {"uv": [1, 0, 2, 1], "texture": "#1"},
				"up": {"uv": [1, 0, 2, 1], "texture": "#1"},
				"down": {"uv": [1, 0, 2, 1], "texture": "#1"}
			}
		},
		{
			"from": [11.77297, 2.21531, -0.63879],
			"to": [13.20999, 2.54274, -0.34181],
			"rotation": {"angle": 45, "axis": "z", "origin": [12.19673, 2.40554, -0.51462]},
			"faces": {
				"north": {"uv": [1, 0, 2, 1], "texture": "#1"},
				"east": {"uv": [1, 0, 2, 1], "texture": "#1"},
				"south": {"uv": [1, 0, 2, 1], "texture": "#1"},
				"west": {"uv": [1, 0, 2, 1], "texture": "#1"},
				"up": {"uv": [1, 0, 2, 1], "texture": "#1"},
				"down": {"uv": [1, 0, 2, 1], "texture": "#1"}
			}
		},
		{
			"from": [11.77297, 11.45726, -0.63879],
			"to": [13.20999, 11.78469, -0.34181],
			"rotation": {"angle": -45, "axis": "z", "origin": [12.19673, 11.59446, -0.51462]},
			"faces": {
				"north": {"uv": [1, 0, 2, 1], "texture": "#1"},
				"east": {"uv": [1, 0, 2, 1], "texture": "#1"},
				"south": {"uv": [1, 0, 2, 1], "texture": "#1"},
				"west": {"uv": [1, 0, 2, 1], "texture": "#1"},
				"up": {"uv": [1, 0, 2, 1], "texture": "#1"},
				"down": {"uv": [1, 0, 2, 1], "texture": "#1"}
			}
		},
		{
			"from": [2.79001, 2.21531, -0.63879],
			"to": [4.22703, 2.54274, -0.34181],
			"rotation": {"angle": -45, "axis": "z", "origin": [3.80327, 2.40554, -0.51462]},
			"faces": {
				"north": {"uv": [1, 0, 2, 1], "texture": "#1"},
				"east": {"uv": [1, 0, 2, 1], "texture": "#1"},
				"south": {"uv": [1, 0, 2, 1], "texture": "#1"},
				"west": {"uv": [1, 0, 2, 1], "texture": "#1"},
				"up": {"uv": [1, 0, 2, 1], "texture": "#1"},
				"down": {"uv": [1, 0, 2, 1], "texture": "#1"}
			}
		},
		{
			"from": [2.79001, 11.45726, -0.63879],
			"to": [4.22703, 11.78469, -0.34181],
			"rotation": {"angle": 45, "axis": "z", "origin": [3.80327, 11.59446, -0.51462]},
			"faces": {
				"north": {"uv": [1, 0, 2, 1], "texture": "#1"},
				"east": {"uv": [1, 0, 2, 1], "texture": "#1"},
				"south": {"uv": [1, 0, 2, 1], "texture": "#1"},
				"west": {"uv": [1, 0, 2, 1], "texture": "#1"},
				"up": {"uv": [1, 0, 2, 1], "texture": "#1"},
				"down": {"uv": [1, 0, 2, 1], "texture": "#1"}
			}
		},
		{
			"from": [3.01422, 4.97139, -0.63879],
			"to": [13.03161, 5.28599, -0.32419],
			"rotation": {"angle": 0, "axis": "y", "origin": [0.0227, -1.16506, -0.485]},
			"faces": {
				"north": {"uv": [1, 0, 2, 1], "texture": "#1"},
				"east": {"uv": [1, 0, 2, 1], "texture": "#1"},
				"south": {"uv": [1, 0, 2, 1], "texture": "#1"},
				"west": {"uv": [1, 0, 2, 1], "texture": "#1"},
				"up": {"uv": [1, 0, 2, 1], "texture": "#1"},
				"down": {"uv": [1, 0, 2, 1], "texture": "#1"}
			}
		},
		{
			"from": [3.01422, 8.96401, -0.63879],
			"to": [13.03161, 9.27861, -0.32419],
			"rotation": {"angle": 0, "axis": "y", "origin": [0.0227, 15.41506, -0.485]},
			"faces": {
				"north": {"uv": [1, 0, 2, 1], "texture": "#1"},
				"east": {"uv": [1, 0, 2, 1], "texture": "#1"},
				"south": {"uv": [1, 0, 2, 1], "texture": "#1"},
				"west": {"uv": [1, 0, 2, 1], "texture": "#1"},
				"up": {"uv": [1, 0, 2, 1], "texture": "#1"},
				"down": {"uv": [1, 0, 2, 1], "texture": "#1"}
			}
		},
		{
			"from": [7.93869, 2.24422, -0.58879],
			"to": [8.10329, 11.76161, -0.37419],
			"rotation": {"angle": 0, "axis": "z", "origin": [8.00615, 7.23615, -0.47954]},
			"faces": {
				"north": {"uv": [1, 0, 2, 1], "rotation": 90, "texture": "#1"},
				"east": {"uv": [1, 0, 2, 1], "rotation": 90, "texture": "#1"},
				"south": {"uv": [1, 0, 2, 1], "rotation": 90, "texture": "#1"},
				"west": {"uv": [1, 0, 2, 1], "rotation": 90, "texture": "#1"},
				"up": {"uv": [1, 0, 2, 1], "rotation": 90, "texture": "#1"},
				"down": {"uv": [1, 0, 2, 1], "rotation": 90, "texture": "#1"}
			}
		},
		{
			"from": [8.93869, 2.24422, -0.58879],
			"to": [9.10329, 11.76161, -0.37419],
			"rotation": {"angle": 0, "axis": "z", "origin": [9.00615, 7.23615, -0.47954]},
			"faces": {
				"north": {"uv": [1, 0, 2, 1], "rotation": 90, "texture": "#1"},
				"east": {"uv": [1, 0, 2, 1], "rotation": 90, "texture": "#1"},
				"south": {"uv": [1, 0, 2, 1], "rotation": 90, "texture": "#1"},
				"west": {"uv": [1, 0, 2, 1], "rotation": 90, "texture": "#1"},
				"up": {"uv": [1, 0, 2, 1], "rotation": 90, "texture": "#1"},
				"down": {"uv": [1, 0, 2, 1], "rotation": 90, "texture": "#1"}
			}
		},
		{
			"from": [6.89671, 2.24422, -0.58879],
			"to": [7.06131, 11.76161, -0.37419],
			"rotation": {"angle": 0, "axis": "z", "origin": [6.99385, 7.23615, -0.47954]},
			"faces": {
				"north": {"uv": [1, 0, 2, 1], "rotation": 90, "texture": "#1"},
				"east": {"uv": [1, 0, 2, 1], "rotation": 90, "texture": "#1"},
				"south": {"uv": [1, 0, 2, 1], "rotation": 90, "texture": "#1"},
				"west": {"uv": [1, 0, 2, 1], "rotation": 90, "texture": "#1"},
				"up": {"uv": [1, 0, 2, 1], "rotation": 90, "texture": "#1"},
				"down": {"uv": [1, 0, 2, 1], "rotation": 90, "texture": "#1"}
			}
		},
		{
			"from": [9.93869, 2.24422, -0.58879],
			"to": [10.10329, 11.76161, -0.37419],
			"rotation": {"angle": 0, "axis": "z", "origin": [10.00615, 7.23615, -0.47954]},
			"faces": {
				"north": {"uv": [1, 0, 2, 1], "rotation": 90, "texture": "#1"},
				"east": {"uv": [1, 0, 2, 1], "rotation": 90, "texture": "#1"},
				"south": {"uv": [1, 0, 2, 1], "rotation": 90, "texture": "#1"},
				"west": {"uv": [1, 0, 2, 1], "rotation": 90, "texture": "#1"},
				"up": {"uv": [1, 0, 2, 1], "rotation": 90, "texture": "#1"},
				"down": {"uv": [1, 0, 2, 1], "rotation": 90, "texture": "#1"}
			}
		},
		{
			"from": [5.89671, 2.24422, -0.58879],
			"to": [6.06131, 11.76161, -0.37419],
			"rotation": {"angle": 0, "axis": "z", "origin": [5.99385, 7.23615, -0.47954]},
			"faces": {
				"north": {"uv": [1, 0, 2, 1], "rotation": 90, "texture": "#1"},
				"east": {"uv": [1, 0, 2, 1], "rotation": 90, "texture": "#1"},
				"south": {"uv": [1, 0, 2, 1], "rotation": 90, "texture": "#1"},
				"west": {"uv": [1, 0, 2, 1], "rotation": 90, "texture": "#1"},
				"up": {"uv": [1, 0, 2, 1], "rotation": 90, "texture": "#1"},
				"down": {"uv": [1, 0, 2, 1], "rotation": 90, "texture": "#1"}
			}
		},
		{
			"from": [10.93869, 2.24422, -0.58879],
			"to": [11.10329, 11.76161, -0.37419],
			"rotation": {"angle": 0, "axis": "z", "origin": [11.00615, 7.23615, -0.47954]},
			"faces": {
				"north": {"uv": [1, 0, 2, 1], "rotation": 90, "texture": "#1"},
				"east": {"uv": [1, 0, 2, 1], "rotation": 90, "texture": "#1"},
				"south": {"uv": [1, 0, 2, 1], "rotation": 90, "texture": "#1"},
				"west": {"uv": [1, 0, 2, 1], "rotation": 90, "texture": "#1"},
				"up": {"uv": [1, 0, 2, 1], "rotation": 90, "texture": "#1"},
				"down": {"uv": [1, 0, 2, 1], "rotation": 90, "texture": "#1"}
			}
		},
		{
			"from": [4.89671, 2.24422, -0.58879],
			"to": [5.06131, 11.76161, -0.37419],
			"rotation": {"angle": 0, "axis": "z", "origin": [4.99385, 7.23615, -0.47954]},
			"faces": {
				"north": {"uv": [1, 0, 2, 1], "rotation": 90, "texture": "#1"},
				"east": {"uv": [1, 0, 2, 1], "rotation": 90, "texture": "#1"},
				"south": {"uv": [1, 0, 2, 1], "rotation": 90, "texture": "#1"},
				"west": {"uv": [1, 0, 2, 1], "rotation": 90, "texture": "#1"},
				"up": {"uv": [1, 0, 2, 1], "rotation": 90, "texture": "#1"},
				"down": {"uv": [1, 0, 2, 1], "rotation": 90, "texture": "#1"}
			}
		},
		{
			"from": [11.93869, 2.24422, -0.58879],
			"to": [12.10329, 11.76161, -0.37419],
			"rotation": {"angle": 0, "axis": "z", "origin": [12.00615, 7.23615, -0.47954]},
			"faces": {
				"north": {"uv": [1, 0, 2, 1], "rotation": 90, "texture": "#1"},
				"east": {"uv": [1, 0, 2, 1], "rotation": 90, "texture": "#1"},
				"south": {"uv": [1, 0, 2, 1], "rotation": 90, "texture": "#1"},
				"west": {"uv": [1, 0, 2, 1], "rotation": 90, "texture": "#1"},
				"up": {"uv": [1, 0, 2, 1], "rotation": 90, "texture": "#1"},
				"down": {"uv": [1, 0, 2, 1], "rotation": 90, "texture": "#1"}
			}
		},
		{
			"from": [3.89671, 2.24422, -0.58879],
			"to": [4.06131, 11.76161, -0.37419],
			"rotation": {"angle": 0, "axis": "z", "origin": [3.99385, 7.23615, -0.47954]},
			"faces": {
				"north": {"uv": [1, 0, 2, 1], "rotation": 90, "texture": "#1"},
				"east": {"uv": [1, 0, 2, 1], "rotation": 90, "texture": "#1"},
				"south": {"uv": [1, 0, 2, 1], "rotation": 90, "texture": "#1"},
				"west": {"uv": [1, 0, 2, 1], "rotation": 90, "texture": "#1"},
				"up": {"uv": [1, 0, 2, 1], "rotation": 90, "texture": "#1"},
				"down": {"uv": [1, 0, 2, 1], "rotation": 90, "texture": "#1"}
			}
		},
		{
			"from": [10.74147, 6.34625, -0.88863],
			"to": [12.28916, 7.6962, -0.08865],
			"rotation": {"angle": 0, "axis": "y", "origin": [8.02495, 6.33484, -0.48579]},
			"faces": {
				"north": {"uv": [6, 4, 7, 5], "texture": "#0"},
				"east": {"uv": [6, 4, 7, 5], "texture": "#0"},
				"south": {"uv": [6, 4, 7, 5], "texture": "#0"},
				"west": {"uv": [6, 4, 7, 5], "texture": "#0"},
				"up": {"uv": [6, 4, 7, 5], "texture": "#0"},
				"down": {"uv": [6, 4, 7, 5], "texture": "#0"}
			}
		}
	],
	"display": {
		"thirdperson_righthand": {
			"rotation": [75, 45, 0],
			"translation": [0.75, -0.5, -2.5],
			"scale": [0.375, 0.375, 0.375]
		},
		"thirdperson_lefthand": {
			"rotation": [75, 45, 0],
			"translation": [0.75, -0.5, -2.5],
			"scale": [0.375, 0.375, 0.375]
		},
		"firstperson_righthand": {
			"rotation": [0, 112.75, 0],
			"translation": [0.75, 2.75, 0],
			"scale": [0.35742, 0.35742, 0.35742]
		},
		"firstperson_lefthand": {
			"rotation": [0, 112.75, 0],
			"translation": [0.75, 2.75, 0],
			"scale": [0.35742, 0.35742, 0.35742]
		},
		"ground": {
			"translation": [0, 2.5, 0],
			"scale": [0.8, 0.8, 0.8]
		},
		"gui": {
			"rotation": [30, -151, 0],
			"translation": [0, 1, 0],
			"scale": [0.69531, 0.69531, 0.69531]
		},
		"head": {
			"translation": [0, 0.75, 0],
			"scale": [1.21484, 1.21484, 1.21484]
		},
		"fixed": {
			"rotation": [-90, 0, 0],
			"translation": [0, -2.25, -15],
			"scale": [2, 2, 2]
		}
	},
	"groups": [
		{
			"name": "Top",
			"origin": [12.80755, 11.8932, -0.46207],
			"children": [0, 1, 2, 3, 4, 5, 6, 7, 8, 9, 10, 11, 12, 13, 14, 15, 16, 17, 18, 19, 20, 21, 22, 23, 24, 25, 26, 27, 28, 29, 30, 31, 32, 33, 34, 35, 36, 37, 38, 39, 40, 41, 42, 43, 44, 45]
		},
		{
			"name": "Bottom",
			"origin": [10, 8, 8],
			"children": [46, 47, 48, 49, 50, 51, 52, 53, 54, 55, 56, 57, 58, 59, 60, 61, 62]
		},
		{
			"name": "Handle",
			"origin": [5.68647, 14.36524, 8.02521],
			"children": [63, 64, 65, 66, 67, 68, 69, 70, 71]
		},
		{
			"name": "Cage",
			"origin": [14.29643, 3.99702, 15.97069],
			"children": [72, 73, 74, 75, 76, 77, 78, 79, 80, 81, 82, 83, 84, 85, 86, 87, 88, 89, 90, 91]
		}
	]
}