{
	"credit": "Made with Blockbench",
	"textures": {
		"0": "block/MizunoArchive/cyan_wool",
		"1": "block/MizunoArchive/lead_knot",
		"2": "block/MizunoArchive/birch_planks",
		"particle": "block/MizunoArchive/cyan_wool"
	},
	"elements": [
		{
			"from": [6.10907, 16.12451, 0.63181],
			"to": [20.0303, 17.12451, 8.61081],
			"rotation": {"angle": -22.5, "axis": "x", "origin": [12.99536, 16.62054, 3.38853]},
			"faces": {
				"north": {"uv": [1.1, 0, 0, 15.1], "rotation": 270, "texture": "#2"},
				"east": {"uv": [1.1, 0, 0, 12], "rotation": 270, "texture": "#2"},
				"south": {"uv": [1, 0, 2, 16], "rotation": 90, "texture": "#2"},
				"west": {"uv": [1.1, 0, 0, 12], "rotation": 90, "texture": "#2"},
				"up": {"uv": [0, 0, 16, 16], "rotation": 180, "texture": "#2"},
				"down": {"uv": [0, 0, 16, 16], "texture": "#2"}
			}
		},
		{
			"from": [6.10896, 16.14145, 7.45169],
			"to": [20.0302, 17.14145, 15.30569],
			"rotation": {"angle": 22.5, "axis": "x", "origin": [13.00707, 16.63879, 12.62938]},
			"faces": {
				"north": {"uv": [0, 0, 1.1, 15.1], "rotation": 90, "texture": "#2"},
				"east": {"uv": [0, 0, 1.1, 12], "rotation": 90, "texture": "#2"},
				"south": {"uv": [0, 0, 1.1, 15.1], "rotation": 90, "texture": "#2"},
				"west": {"uv": [0, 0, 1.1, 12], "rotation": 270, "texture": "#2"},
				"up": {"uv": [0, 0, 16, 12], "texture": "#2"},
				"down": {"uv": [0, 0, 16, 16], "rotation": 180, "texture": "#2"}
			}
		},
		{
			"from": [7.10877, 17.19599, 5.96457],
			"to": [7.88574, 18.19599, 10.11457],
			"rotation": {"angle": 0, "axis": "y", "origin": [7.50417, 15.03838, 16.75245]},
			"faces": {
				"north": {"uv": [4, 2, 13, 3], "texture": "#0"},
				"east": {"uv": [4, 2, 13, 3], "texture": "#0"},
				"south": {"uv": [4, 2, 13, 3], "texture": "#0"},
				"west": {"uv": [4, 2, 13, 3], "texture": "#0"},
				"up": {"uv": [4, 2, 13, 3], "texture": "#0"},
				"down": {"uv": [4, 2, 13, 3], "texture": "#0"}
			}
		},
		{
			"from": [7.10877, 16.19599, 3.61457],
			"to": [7.88574, 17.19599, 12.51457],
			"rotation": {"angle": 0, "axis": "y", "origin": [7.50417, 14.03838, 16.75245]},
			"faces": {
				"north": {"uv": [0, 0, 0.77697, 1], "texture": "#0"},
				"east": {"uv": [0, 0, 10.5, 1], "texture": "#0"},
				"south": {"uv": [0, 0, 0.77697, 1], "texture": "#0"},
				"west": {"uv": [0, 0, 9, 1], "texture": "#0"},
				"up": {"uv": [0, 0, 0.77697, 10.5], "rotation": 180, "texture": "#0"},
				"down": {"uv": [0, 0, 0.77697, 10.5], "rotation": 180, "texture": "#0"}
			}
		},
		{
			"from": [7.10899, 14.07199, 4.36435],
			"to": [7.88596, 16.19599, 11.56435],
			"rotation": {"angle": 0, "axis": "y", "origin": [7.50439, 11.91438, 17.00223]},
			"faces": {
				"north": {"uv": [0, 0, 1.07913, 2.95], "texture": "#0"},
				"east": {"uv": [0, 0, 10, 2.95], "texture": "#0"},
				"south": {"uv": [0, 0, 1.07913, 2.95], "texture": "#0"},
				"west": {"uv": [3, 4, 10.2, 6.124], "texture": "#0"},
				"up": {"uv": [0, 0, 1.07913, 10], "rotation": 180, "texture": "#0"},
				"down": {"uv": [0, 0, 1.07913, 10], "rotation": 180, "texture": "#0"}
			}
		},
		{
			"from": [7.10899, 7.59199, 11.56435],
			"to": [7.88596, 16.19599, 13.02558],
			"rotation": {"angle": 0, "axis": "y", "origin": [7.50439, 11.91438, 17.00223]},
			"faces": {
				"north": {"uv": [0, 0, 1.07913, 11.95], "texture": "#0"},
				"east": {"uv": [0, 0, 2.02949, 11.95], "texture": "#0"},
				"south": {"uv": [0, 0, 1.07913, 11.95], "texture": "#0"},
				"west": {"uv": [0, 0, 2.02949, 11.95], "texture": "#0"},
				"up": {"uv": [0, 0, 1.07913, 2.02949], "rotation": 180, "texture": "#0"},
				"down": {"uv": [0, 0, 1.07913, 2.02949], "rotation": 180, "texture": "#0"}
			}
		},
		{
			"from": [7.10504, 7.59592, 2.91555],
			"to": [7.88202, 16.19992, 4.37678],
			"rotation": {"angle": 0, "axis": "y", "origin": [7.50044, 11.91831, 8.35343]},
			"faces": {
				"north": {"uv": [0, 0, 1.07913, 11.95], "texture": "#0"},
				"east": {"uv": [0, 0, 2.02949, 11.95], "texture": "#0"},
				"south": {"uv": [0, 0, 1.07913, 11.95], "texture": "#0"},
				"west": {"uv": [0, 0, 2.02949, 11.95], "texture": "#0"},
				"up": {"uv": [0, 0, 1.07913, 2.02949], "rotation": 180, "texture": "#0"},
				"down": {"uv": [0, 0, 1.07913, 2.02949], "rotation": 180, "texture": "#0"}
			}
		},
		{
			"from": [7.10891, 7.5921, 2.13852],
			"to": [17.93014, 16.1961, 2.91549],
			"rotation": {"angle": 0, "axis": "y", "origin": [12.88704, 11.89711, 2.50162]},
			"faces": {
				"north": {"uv": [15.1, 0, 0, 12], "texture": "#0"},
				"east": {"uv": [8.1, 2, 7, 14], "texture": "#0"},
				"south": {"uv": [15.1, 0, 0, 12], "texture": "#0"},
				"west": {"uv": [6.1, 2, 5, 14], "texture": "#0"},
				"up": {"uv": [1.1, 0, 0, 15.1], "rotation": 270, "texture": "#0"},
				"down": {"uv": [1.1, 0, 0, 15.1], "rotation": 90, "texture": "#0"}
			}
		},
		{
			"from": [7.10901, 7.592, 13.02555],
			"to": [17.93025, 16.196, 13.80252],
			"rotation": {"angle": 0, "axis": "y", "origin": [12.88714, 11.89701, 13.43942]},
			"faces": {
				"north": {"uv": [0, 0, 15.1, 12], "texture": "#0"},
				"east": {"uv": [0, 0, 1.1, 12], "texture": "#0"},
				"south": {"uv": [0, 0, 15.1, 12], "texture": "#0"},
				"west": {"uv": [0, 0, 1.1, 12], "texture": "#0"},
				"up": {"uv": [0, 0, 1.1, 15.1], "rotation": 270, "texture": "#0"},
				"down": {"uv": [0, 0, 1.1, 15.1], "rotation": 90, "texture": "#0"}
			}
		},
		{
			"from": [7.10901, 5.252, 2.13852],
			"to": [18.80101, 7.592, 13.80252],
			"rotation": {"angle": 0, "axis": "y", "origin": [1.42101, -0.4, 7.97052]},
			"faces": {
				"north": {"uv": [0, 0, 16, 3.25], "texture": "#0"},
				"east": {"uv": [0, 0, 16, 3.25], "texture": "#0"},
				"south": {"uv": [0, 0, 16, 3.25], "texture": "#0"},
				"west": {"uv": [0, 0, 16, 3.25], "texture": "#0"},
				"up": {"uv": [0, 0, 16, 16], "texture": "#0"},
				"down": {"uv": [0, 0, 16, 16], "texture": "#0"}
			}
		},
		{
			"from": [17.93025, 7.592, 2.13852],
			"to": [18.80101, 16.196, 13.80252],
			"rotation": {"angle": 0, "axis": "y", "origin": [1.42101, 1.904, 7.97052]},
			"faces": {
				"north": {"uv": [0, 0, 1.1, 12], "texture": "#0"},
				"east": {"uv": [0, 0, 16, 12], "texture": "#0"},
				"south": {"uv": [0, 0, 1.1, 12], "texture": "#0"},
				"west": {"uv": [0, 0, 16, 12], "texture": "#0"},
				"up": {"uv": [0, 0, 1.1, 16], "texture": "#0"},
				"down": {"uv": [0, 0, 1.1, 16], "texture": "#0"}
			}
		},
		{
			"from": [17.90877, 16.19599, 3.61457],
			"to": [18.78574, 17.19599, 12.51457],
			"rotation": {"angle": 0, "axis": "y", "origin": [18.30417, 14.03838, 16.75245]},
			"faces": {
				"north": {"uv": [0, 0, 0.77697, 1], "texture": "#0"},
				"east": {"uv": [0, 0, 10.5, 1], "texture": "#0"},
				"south": {"uv": [0, 0, 0.77697, 1], "texture": "#0"},
				"west": {"uv": [0, 0, 9, 1], "texture": "#0"},
				"up": {"uv": [0, 0, 0.77697, 10.5], "rotation": 180, "texture": "#0"},
				"down": {"uv": [0, 0, 0.77697, 10.5], "rotation": 180, "texture": "#0"}
			}
		},
		{
			"from": [17.90877, 17.19599, 5.96457],
			"to": [18.78574, 18.19599, 10.11457],
			"rotation": {"angle": 0, "axis": "y", "origin": [18.30417, 15.03838, 16.75245]},
			"faces": {
				"north": {"uv": [4, 2, 13, 3], "texture": "#0"},
				"east": {"uv": [4, 2, 13, 3], "texture": "#0"},
				"south": {"uv": [4, 2, 13, 3], "texture": "#0"},
				"west": {"uv": [4, 2, 13, 3], "texture": "#0"},
				"up": {"uv": [4, 2, 13, 3], "texture": "#0"},
				"down": {"uv": [4, 2, 13, 3], "texture": "#0"}
			}
		},
		{
			"from": [-5.06738, -15.502, 2.1958],
			"to": [7.31662, -14.764, 13.7878],
			"rotation": {"angle": 0, "axis": "y", "origin": [1.4651, -28.74967, 7.98992]},
			"faces": {
				"north": {"uv": [0, 0, 16, 1.025], "texture": "#0"},
				"east": {"uv": [0, 0, 16, 1.025], "texture": "#0"},
				"south": {"uv": [0, 0, 16, 1.025], "texture": "#0"},
				"west": {"uv": [0, 0, 16, 1.025], "texture": "#0"},
				"up": {"uv": [0, 0, 16, 16], "rotation": 90, "texture": "#0"},
				"down": {"uv": [0, 0, 16, 16], "rotation": 270, "texture": "#0"}
			}
		},
		{
			"from": [7.31663, -15.50439, 2.19818],
			"to": [19.70063, -14.76639, 13.79018],
			"rotation": {"angle": 0, "axis": "y", "origin": [1.4651, -28.74967, 7.98992]},
			"faces": {
				"north": {"uv": [0, 0, 16, 1.025], "texture": "#0"},
				"east": {"uv": [0, 0, 16, 1.025], "texture": "#0"},
				"south": {"uv": [0, 0, 16, 1.025], "texture": "#0"},
				"west": {"uv": [0, 0, 16, 1.025], "texture": "#0"},
				"up": {"uv": [0, 0, 16, 16], "rotation": 90, "texture": "#0"},
				"down": {"uv": [0, 0, 16, 16], "rotation": 270, "texture": "#0"}
			}
		},
		{
			"from": [-4.40101, -6.268, 2.13852],
			"to": [7.19099, -3.928, 13.80252],
			"rotation": {"angle": 0, "axis": "y", "origin": [12.87899, -11.92, 7.97052]},
			"faces": {
				"north": {"uv": [0, 0, 16, 3.25], "texture": "#0"},
				"east": {"uv": [0, 0, 16, 3.25], "texture": "#0"},
				"south": {"uv": [0, 0, 16, 3.25], "texture": "#0"},
				"west": {"uv": [0, 0, 16, 3.25], "texture": "#0"},
				"up": {"uv": [0, 0, 16, 16], "texture": "#0"},
				"down": {"uv": [0, 0, 16, 16], "texture": "#0"}
			}
		},
		{
			"from": [7.19099, -6.26787, 2.13839],
			"to": [18.78299, -3.92787, 13.80239],
			"rotation": {"angle": 0, "axis": "y", "origin": [12.95099, -11.91987, 7.97039]},
			"faces": {
				"north": {"uv": [0, 0, 16, 3.25], "texture": "#0"},
				"east": {"uv": [0, 0, 16, 3.25], "texture": "#0"},
				"south": {"uv": [0, 0, 16, 3.25], "texture": "#0"},
				"west": {"uv": [0, 0, 16, 3.25], "texture": "#0"},
				"up": {"uv": [0, 0, 16, 16], "texture": "#0"},
				"down": {"uv": [0, 0, 16, 16], "texture": "#0"}
			}
		},
		{
			"from": [11.78007, -3.928, 6.63758],
			"to": [14.30007, 5.432, 9.15758],
			"rotation": {"angle": 0, "axis": "y", "origin": [1.52007, -12.46, 7.96958]},
			"faces": {
				"north": {"uv": [3.5, 0, 7, 13], "texture": "#2"},
				"east": {"uv": [3.5, 0, 7, 13], "texture": "#2"},
				"south": {"uv": [3.5, 0, 7, 13], "texture": "#2"},
				"west": {"uv": [3.5, 0, 7, 13], "texture": "#2"},
				"up": {"uv": [3.5, 0, 7, 3.5], "texture": "#2"},
				"down": {"uv": [3.5, 0, 7, 3.5], "texture": "#2"}
			}
		},
		{
			"from": [0.09993, -15.304, 6.63758],
			"to": [2.61993, -5.944, 9.15758],
			"rotation": {"angle": 0, "axis": "y", "origin": [12.87993, -23.836, 7.96958]},
			"faces": {
				"north": {"uv": [0, 0, 3.5, 13], "texture": "#2"},
				"east": {"uv": [0, 0, 3.5, 13], "texture": "#2"},
				"south": {"uv": [0, 0, 3.5, 13], "texture": "#2"},
				"west": {"uv": [0, 0, 3.5, 13], "texture": "#2"},
				"up": {"uv": [0, 0, 3.5, 3.5], "texture": "#2"},
				"down": {"uv": [0, 0, 3.5, 3.5], "texture": "#2"}
			}
		},
		{
			"from": [11.78007, -15.304, 6.63758],
			"to": [14.30007, -5.944, 9.15758],
			"rotation": {"angle": 0, "axis": "y", "origin": [1.52007, -23.836, 7.96958]},
			"faces": {
				"north": {"uv": [3.5, 0, 7, 13], "texture": "#2"},
				"east": {"uv": [3.5, 0, 7, 13], "texture": "#2"},
				"south": {"uv": [3.5, 0, 7, 13], "texture": "#2"},
				"west": {"uv": [3.5, 0, 7, 13], "texture": "#2"},
				"up": {"uv": [3.5, 0, 7, 3.5], "texture": "#2"},
				"down": {"uv": [3.5, 0, 7, 3.5], "texture": "#2"}
			}
		},
		{
			"from": [11.60007, -2.848, 6.45758],
			"to": [14.48007, 4.352, 9.33758],
			"rotation": {"angle": 0, "axis": "y", "origin": [1.52007, -12.46, 7.96958]},
			"faces": {
				"north": {"uv": [5.5, 3, 3, 7], "texture": "#1"},
				"east": {"uv": [5.5, 3, 3, 7], "texture": "#1"},
				"south": {"uv": [5.5, 3, 3, 7], "texture": "#1"},
				"west": {"uv": [5.5, 3, 3, 7], "texture": "#1"},
				"up": {"uv": [5.5, 3, 3, 7], "texture": "#1"},
				"down": {"uv": [5.5, 3, 3, 7], "texture": "#1"}
			}
		},
		{
			"from": [-0.08007, -13.864, 6.45758],
			"to": [2.79993, -7.384, 9.33758],
			"rotation": {"angle": 0, "axis": "y", "origin": [12.87993, -23.836, 7.96958]},
			"faces": {
				"north": {"uv": [3, 3, 5.5, 7], "texture": "#1"},
				"east": {"uv": [3, 3, 5.5, 7], "texture": "#1"},
				"south": {"uv": [3, 3, 5.5, 7], "texture": "#1"},
				"west": {"uv": [3, 3, 5.5, 7], "texture": "#1"},
				"up": {"uv": [3, 3, 5.5, 7], "texture": "#1"},
				"down": {"uv": [3, 3, 5.5, 7], "texture": "#1"}
			}
		},
		{
			"from": [11.60007, -13.864, 6.45758],
			"to": [14.48007, -7.384, 9.33758],
			"rotation": {"angle": 0, "axis": "y", "origin": [1.52007, -23.836, 7.96958]},
			"faces": {
				"north": {"uv": [5.5, 3, 3, 7], "texture": "#1"},
				"east": {"uv": [5.5, 3, 3, 7], "texture": "#1"},
				"south": {"uv": [5.5, 3, 3, 7], "texture": "#1"},
				"west": {"uv": [5.5, 3, 3, 7], "texture": "#1"},
				"up": {"uv": [5.5, 3, 3, 7], "texture": "#1"},
				"down": {"uv": [5.5, 3, 3, 7], "texture": "#1"}
			}
		},
		{
			"name": "cube4",
			"from": [-2.90269, -14.10336, -3.63145],
			"to": [-1.54909, -1.92096, -2.27785],
			"rotation": {"angle": 22.5, "axis": "x", "origin": [-1.88417, -15.36248, -5.65808]},
			"faces": {
				"north": {"uv": [0, 0, 2, 16], "texture": "#2"},
				"east": {"uv": [0, 0, 2, 16], "texture": "#2"},
				"south": {"uv": [0, 0, 2, 16], "texture": "#2"},
				"west": {"uv": [0, 0, 2, 16], "texture": "#2"},
				"up": {"uv": [0, 0, 2, 2], "texture": "#2"},
				"down": {"uv": [0, 0, 2, 2], "texture": "#2"}
			}
		},
		{
			"name": "cube3",
			"from": [2.51171, -14.10336, -3.63145],
			"to": [3.86531, -1.92096, -2.27785],
			"rotation": {"angle": 22.5, "axis": "x", "origin": [3.53023, -15.36248, -5.65808]},
			"faces": {
				"north": {"uv": [0, 0, 2, 16], "texture": "#2"},
				"east": {"uv": [0, 0, 2, 16], "texture": "#2"},
				"south": {"uv": [0, 0, 2, 16], "texture": "#2"},
				"west": {"uv": [0, 0, 2, 16], "texture": "#2"},
				"up": {"uv": [0, 0, 2, 2], "texture": "#2"},
				"down": {"uv": [0, 0, 2, 2], "texture": "#2"}
			}
		},
		{
			"name": "cube5",
			"from": [-2.22589, -13.5184, -2.37453],
			"to": [3.18851, -12.8416, -1.02093],
			"rotation": {"angle": 0, "axis": "x", "origin": [-2.90192, -8.91796, -1.71341]},
			"faces": {
				"north": {"uv": [0, 0, 8, 1], "texture": "#2"},
				"east": {"uv": [0, 0, 2, 1], "texture": "#2"},
				"south": {"uv": [0, 0, 8, 1], "texture": "#2"},
				"west": {"uv": [0, 0, 2, 1], "texture": "#2"},
				"up": {"uv": [0, 0, 8, 2], "texture": "#2"},
				"down": {"uv": [0, 0, 8, 2], "texture": "#2"}
			}
		},
		{
			"name": "cube6",
			"from": [-2.22589, -10.1344, -1.02093],
			"to": [3.18851, -9.4576, 0.33267],
			"rotation": {"angle": 0, "axis": "x", "origin": [-2.90192, -5.53396, -0.35981]},
			"faces": {
				"north": {"uv": [0, 0, 8, 1], "texture": "#2"},
				"east": {"uv": [0, 0, 2, 1], "texture": "#2"},
				"south": {"uv": [0, 0, 8, 1], "texture": "#2"},
				"west": {"uv": [0, 0, 2, 1], "texture": "#2"},
				"up": {"uv": [0, 0, 8, 2], "texture": "#2"},
				"down": {"uv": [0, 0, 8, 2], "texture": "#2"}
			}
		},
		{
			"name": "cube7",
			"from": [-2.22589, -6.7504, 0.40035],
			"to": [3.18851, -6.0736, 1.75395],
			"rotation": {"angle": 0, "axis": "x", "origin": [-2.90192, -2.14996, 1.06147]},
			"faces": {
				"north": {"uv": [0, 0, 8, 1], "texture": "#2"},
				"east": {"uv": [0, 0, 2, 1], "texture": "#2"},
				"south": {"uv": [0, 0, 8, 1], "texture": "#2"},
				"west": {"uv": [0, 0, 2, 1], "texture": "#2"},
				"up": {"uv": [0, 0, 8, 2], "texture": "#2"},
				"down": {"uv": [0, 0, 8, 2], "texture": "#2"}
			}
		},
		{
			"name": "cube5",
			"from": [1.64795, -2.41807, 4.81227],
			"to": [2.94395, 9.24593, 6.17307],
			"rotation": {"angle": -22.5, "axis": "z", "origin": [-0.29243, -3.62361, 5.78746]},
			"faces": {
				"north": {"uv": [2, 0, 4, 16], "texture": "#2"},
				"east": {"uv": [2, 0, 4.1, 16], "texture": "#2"},
				"south": {"uv": [2, 0, 4, 16], "texture": "#2"},
				"west": {"uv": [2, 0, 4.1, 16], "texture": "#2"},
				"up": {"uv": [0, 2, 2.1, 4], "rotation": 90, "texture": "#2"},
				"down": {"uv": [0, 2, 2.1, 4], "rotation": 270, "texture": "#2"}
			}
		},
		{
			"name": "cube4",
			"from": [1.64795, -2.41807, 9.99627],
			"to": [2.94395, 9.24593, 11.29227],
			"rotation": {"angle": -22.5, "axis": "z", "origin": [-0.29243, -3.62361, 10.97146]},
			"faces": {
				"north": {"uv": [2, 0, 4, 16], "texture": "#2"},
				"east": {"uv": [2, 0, 4, 16], "texture": "#2"},
				"south": {"uv": [2, 0, 4, 16], "texture": "#2"},
				"west": {"uv": [2, 0, 4, 16], "texture": "#2"},
				"up": {"uv": [0, 2, 2, 4], "rotation": 90, "texture": "#2"},
				"down": {"uv": [0, 2, 2, 4], "rotation": 270, "texture": "#2"}
			}
		},
		{
			"name": "cube8",
			"from": [5.50819, 4.622, 5.46027],
			"to": [6.80419, 5.27, 10.64427],
			"rotation": {"angle": 0, "axis": "x", "origin": [6.14118, 9.02668, 4.81301]},
			"faces": {
				"north": {"uv": [2, 0, 4, 1], "texture": "#2"},
				"east": {"uv": [8, 0, 16, 1], "texture": "#2"},
				"south": {"uv": [2, 0, 4, 1], "texture": "#2"},
				"west": {"uv": [8, 0, 16, 1], "texture": "#2"},
				"up": {"uv": [0, 2, 8, 4], "rotation": 90, "texture": "#2"},
				"down": {"uv": [0, 2, 8, 4], "rotation": 270, "texture": "#2"}
			}
		},
		{
			"name": "cube7",
			"from": [4.14739, 1.382, 5.46027],
			"to": [5.44339, 2.03, 10.70907],
			"rotation": {"angle": 0, "axis": "x", "origin": [4.78038, 5.78668, 4.81301]},
			"faces": {
				"north": {"uv": [2, 0, 4, 1], "texture": "#2"},
				"east": {"uv": [7.9, 0, 16, 1], "texture": "#2"},
				"south": {"uv": [2, 0, 4, 1], "texture": "#2"},
				"west": {"uv": [7.9, 0, 16, 1], "texture": "#2"},
				"up": {"uv": [0, 2, 8.1, 4], "rotation": 90, "texture": "#2"},
				"down": {"uv": [0, 2, 8.1, 4], "rotation": 270, "texture": "#2"}
			}
		},
		{
			"name": "cube6",
			"from": [2.85139, -1.858, 5.46027],
			"to": [4.14739, -1.21, 10.64427],
			"rotation": {"angle": 0, "axis": "x", "origin": [3.48438, 2.54668, 4.81301]},
			"faces": {
				"north": {"uv": [2, 0, 4, 1], "texture": "#2"},
				"east": {"uv": [8, 0, 16, 1], "texture": "#2"},
				"south": {"uv": [2, 0, 4, 1], "texture": "#2"},
				"west": {"uv": [8, 0, 16, 1], "texture": "#2"},
				"up": {"uv": [0, 2, 8, 4], "rotation": 90, "texture": "#2"},
				"down": {"uv": [0, 2, 8, 4], "rotation": 270, "texture": "#2"}
			}
		}
	],
	"display": {
		"thirdperson_righthand": {
			"rotation": [75, -11.5, 0],
			"translation": [0, 1.5, 1.75],
			"scale": [0.25586, 0.25586, 0.25586]
		},
		"thirdperson_lefthand": {
			"rotation": [75, -11.5, 0],
			"translation": [0, 1.5, 1.75],
			"scale": [0.25586, 0.25586, 0.25586]
		},
		"firstperson_righthand": {
			"rotation": [0, 112.25, 0],
			"translation": [1, 6.5, 0],
			"scale": [0.23203, 0.23203, 0.23203]
		},
		"firstperson_lefthand": {
			"rotation": [0, 180, 0],
			"translation": [1, 6.5, 0.75],
			"scale": [0.23203, 0.23203, 0.23203]
		},
		"ground": {
			"translation": [0, 8.25, 0],
			"scale": [0.5, 0.5, 0.5]
		},
		"gui": {
			"rotation": [30, 141, 0],
			"translation": [-0.25, 3.25, 0],
			"scale": [0.4, 0.4, 0.4]
		},
		"head": {
			"translation": [0, 19, 0],
			"scale": [0.5, 0.5, 0.5]
		},
		"fixed": {
			"rotation": [-90, 0, 0],
			"translation": [-13.75, 0, -63.5],
			"scale": [2.78, 2.78, 2.78]
		}
	},
	"groups": [
		{
			"name": "group",
			"origin": [8, 8, 8],
			"children": [
				{
					"name": "Small House",
					"origin": [20.00417, 15.03838, 16.75245],
					"children": [0, 1, 2, 3, 4, 5, 6, 7, 8, 9, 10, 11, 12]
				},
				{
					"name": "Surfaces",
					"origin": [14.87637, -10.99983, 12.95888],
					"children": [
						{
							"name": "Bottom",
							"origin": [-0.77463, -39.00314, 12.96219],
							"children": [13, 14]
						}, 15, 16]
				},
				{
					"name": "Scratching Post",
					"origin": [14.77768, -11.75, 12.95774],
					"children": [17, 18, 19, 20, 21, 22]
				},
				{
					"name": "Ladder",
					"origin": [9.89196, 3.79735, 2.71399],
					"children": [23, 24, 25, 26, 27]
				},
				{
					"name": "Upper Ladder",
					"origin": [9.89196, -6.20265, -2.08601],
					"children": [28, 29, 30, 31, 32]
				}
			]
		}
	]
}