{
	"credit": "Made with Blockbench",
	"texture_size": [32, 32],
	"textures": {
		"1": "block/Collars_black",
		"4": "block/MizunoArchive/oak_planks",
		"2_1": "block/Collars_pink",
		"3_1": "block/Collars_red",
		"4_1": "block/Collars_white",
		"particle": "block/MizunoArchive/oak_planks"
	},
	"elements": [
		{
			"from": [6.32444, 7.34325, 7.6961],
			"to": [6.63301, 7.72178, 7.92753],
			"rotation": {"angle": 0, "axis": "z", "origin": [6.47873, 7.29122, 8.31324]},
			"faces": {
				"north": {"uv": [9.5, 0.5, 10, 1.5], "texture": "#1"},
				"east": {"uv": [8.5, 0.5, 9, 1.5], "texture": "#1"},
				"south": {"uv": [9.5, 0.5, 10, 1.5], "texture": "#1"},
				"west": {"uv": [8.5, 0.5, 9, 1.5], "texture": "#1"},
				"up": {"uv": [0, 0, 0.25, 0.1875], "rotation": 180, "texture": "#1"},
				"down": {"uv": [0, 0, 0.25, 0.1875], "texture": "#1"}
			}
		},
		{
			"from": [6.32444, 6.54312, 7.3373],
			"to": [6.63301, 7.34325, 8.67204],
			"rotation": {"angle": 0, "axis": "y", "origin": [6.40338, 6.76378, 7.90421]},
			"faces": {
				"north": {"uv": [7.5, 1, 8, 2.5], "texture": "#1"},
				"east": {"uv": [7.5, 0, 9, 2.5], "rotation": 90, "texture": "#1"},
				"south": {"uv": [7.5, 1, 8, 2.5], "texture": "#1"},
				"west": {"uv": [7.5, 0, 9, 2.5], "rotation": 90, "texture": "#1"},
				"up": {"uv": [7.5, 0, 8, 2.5], "texture": "#1"},
				"down": {"uv": [7.5, 0, 8, 2.5], "rotation": 180, "texture": "#1"}
			}
		},
		{
			"from": [6.33566, 6.99162, 8.54825],
			"to": [6.6218, 7.61235, 9.16539],
			"rotation": {"angle": -45, "axis": "x", "origin": [6.47873, 7.21228, 8.94652]},
			"faces": {
				"north": {"uv": [7.5, 1, 8, 2.5], "texture": "#1"},
				"east": {"uv": [7.5, 0, 9, 1.5], "rotation": 90, "texture": "#1"},
				"south": {"uv": [7.5, 1, 8, 2.5], "texture": "#1"},
				"west": {"uv": [7.5, 0, 9, 1.5], "rotation": 270, "texture": "#1"},
				"up": {"uv": [7.5, 0, 8, 2.5], "texture": "#1"},
				"down": {"uv": [7.5, 0, 8, 2.5], "rotation": 180, "texture": "#1"}
			}
		},
		{
			"from": [6.33566, 6.99162, 6.84395],
			"to": [6.6218, 7.61235, 7.46109],
			"rotation": {"angle": 45, "axis": "x", "origin": [6.47873, 7.21228, 7.06282]},
			"faces": {
				"north": {"uv": [8, 1, 7.5, 2.5], "texture": "#1"},
				"east": {"uv": [9, 0, 7.5, 1.5], "rotation": 180, "texture": "#1"},
				"south": {"uv": [8, 1, 7.5, 2.5], "texture": "#1"},
				"west": {"uv": [9, 0, 7.5, 1.5], "rotation": 90, "texture": "#1"},
				"up": {"uv": [7.5, 2.5, 8, 0], "texture": "#1"},
				"down": {"uv": [7.5, 2.5, 8, 0], "rotation": 180, "texture": "#1"}
			}
		},
		{
			"from": [6.33005, 6.45342, 8.54825],
			"to": [6.62741, 7.07415, 9.16539],
			"rotation": {"angle": -45, "axis": "x", "origin": [6.47873, 6.67408, 8.94652]},
			"faces": {
				"north": {"uv": [7.5, 1, 8, 2.5], "texture": "#1"},
				"east": {"uv": [7.5, 0, 9, 1.5], "rotation": 90, "texture": "#1"},
				"south": {"uv": [7.5, 1, 8, 2.5], "texture": "#1"},
				"west": {"uv": [7.5, 0, 9, 1.5], "rotation": 270, "texture": "#1"},
				"up": {"uv": [7.5, 0, 8, 2.5], "texture": "#1"},
				"down": {"uv": [7.5, 0, 8, 2.5], "rotation": 180, "texture": "#1"}
			}
		},
		{
			"from": [6.33005, 6.45342, 6.84395],
			"to": [6.62741, 7.07415, 7.46109],
			"rotation": {"angle": 45, "axis": "x", "origin": [6.47873, 6.67408, 7.06282]},
			"faces": {
				"north": {"uv": [8, 1, 7.5, 2.5], "texture": "#1"},
				"east": {"uv": [9, 0, 7.5, 1.5], "rotation": 180, "texture": "#1"},
				"south": {"uv": [8, 1, 7.5, 2.5], "texture": "#1"},
				"west": {"uv": [9, 0, 7.5, 1.5], "rotation": 90, "texture": "#1"},
				"up": {"uv": [7.5, 2.5, 8, 0], "texture": "#1"},
				"down": {"uv": [7.5, 2.5, 8, 0], "rotation": 180, "texture": "#1"}
			}
		},
		{
			"from": [6.32444, 7.34325, 8.08181],
			"to": [6.63301, 7.72178, 8.31324],
			"rotation": {"angle": 0, "axis": "z", "origin": [6.47873, 7.29122, 7.6961]},
			"faces": {
				"north": {"uv": [9.5, 0.5, 10, 1.5], "texture": "#1"},
				"east": {"uv": [9.5, 0.5, 10, 1.5], "texture": "#1"},
				"south": {"uv": [9.5, 0.5, 10, 1.5], "texture": "#1"},
				"west": {"uv": [9.5, 0.5, 10, 1.5], "texture": "#1"},
				"up": {"uv": [0, 0, 0.25, 0.1875], "rotation": 180, "texture": "#1"},
				"down": {"uv": [0, 0, 0.25, 0.1875], "texture": "#1"}
			}
		},
		{
			"from": [6.32444, 7.72178, 7.6961],
			"to": [6.63301, 7.95321, 8.31324],
			"rotation": {"angle": 0, "axis": "y", "origin": [6.47873, 7.64464, 8.00467]},
			"faces": {
				"north": {"uv": [8.5, 0, 9, 0.5], "texture": "#1"},
				"east": {"uv": [8.5, 0, 10, 0.5], "texture": "#1"},
				"south": {"uv": [9.5, 0, 10, 0.5], "texture": "#1"},
				"west": {"uv": [8.5, 0, 10, 0.5], "texture": "#1"},
				"up": {"uv": [8.5, 0, 10, 0.5], "rotation": 270, "texture": "#1"},
				"down": {"uv": [8.5, 0, 10, 0.5], "rotation": 90, "texture": "#1"}
			}
		},
		{
			"from": [6.07956, 7.5657, 7.82527],
			"to": [6.97656, 8.2833, 8.18407],
			"rotation": {"angle": 0, "axis": "x", "origin": [6.23564, 10.86666, 8.00467]},
			"faces": {
				"north": {"uv": [10, 0, 8.5, 1.5], "rotation": 90, "texture": "#1"},
				"east": {"uv": [7.5, 0, 8.5, 1], "texture": "#1"},
				"south": {"uv": [8.5, 0, 10, 1.5], "rotation": 270, "texture": "#1"},
				"west": {"uv": [7.5, 0, 8.5, 1], "rotation": 180, "texture": "#1"},
				"up": {"uv": [0, 0, 0, 0], "rotation": 270, "texture": "#1"},
				"down": {"uv": [7.5, 0, 8.5, 1], "rotation": 270, "texture": "#1"}
			}
		},
		{
			"from": [5.54136, 8.14875, 7.64587],
			"to": [7.15596, 9.13545, 8.36347],
			"rotation": {"angle": 0, "axis": "x", "origin": [6.23564, 10.86666, 8.00467]},
			"faces": {
				"north": {"uv": [8.5, 0, 7.5, 1.5], "rotation": 90, "texture": "#1"},
				"east": {"uv": [7.5, 0, 8.5, 1], "texture": "#1"},
				"south": {"uv": [7.5, 0, 8.5, 1.5], "rotation": 270, "texture": "#1"},
				"west": {"uv": [7.5, 0, 8.5, 1], "rotation": 180, "texture": "#1"},
				"up": {"uv": [7.5, 0, 8.5, 1.5], "rotation": 270, "texture": "#1"},
				"down": {"uv": [7.5, 0, 8.5, 1.5], "rotation": 270, "texture": "#1"}
			}
		},
		{
			"from": [5.67591, 8.2833, 5.31367],
			"to": [6.79716, 9.0009, 10.69567],
			"rotation": {"angle": 0, "axis": "x", "origin": [6.23564, 10.86666, 8.00467]},
			"faces": {
				"north": {"uv": [6.5, 9.5, 7.5, 11.5], "rotation": 90, "texture": "#1"},
				"east": {"uv": [0, 8.5, 7.5, 9.5], "texture": "#1"},
				"south": {"uv": [0, 9.5, 1, 11.5], "rotation": 270, "texture": "#1"},
				"west": {"uv": [0, 8.5, 7.5, 9.5], "rotation": 180, "texture": "#1"},
				"up": {"uv": [0, 0, 7.5, 2], "rotation": 270, "texture": "#1"},
				"down": {"uv": [0, 0, 7.5, 2], "rotation": 270, "texture": "#1"}
			}
		},
		{
			"from": [5.67591, 9.0009, 9.97807],
			"to": [6.79716, 12.9477, 10.69567],
			"rotation": {"angle": 0, "axis": "x", "origin": [6.23564, 10.86666, 8.00467]},
			"faces": {
				"north": {"uv": [1, 9.5, 6.5, 11.5], "rotation": 90, "texture": "#1"},
				"east": {"uv": [6.5, 3, 7.5, 8.5], "texture": "#1"},
				"south": {"uv": [1, 9.5, 6.5, 11.5], "rotation": 270, "texture": "#1"},
				"west": {"uv": [6.5, 3, 7.5, 8.5], "rotation": 180, "texture": "#1"},
				"up": {"uv": [0, 0, 0, 0], "rotation": 270, "texture": "#1"},
				"down": {"uv": [0, 0, 0, 0], "rotation": 270, "texture": "#1"}
			}
		},
		{
			"from": [5.67591, 12.9477, 5.31367],
			"to": [6.79716, 13.6653, 10.69567],
			"rotation": {"angle": 0, "axis": "x", "origin": [6.23564, 10.86666, 8.00467]},
			"faces": {
				"north": {"uv": [0, 9.5, 1, 11.5], "rotation": 90, "texture": "#1"},
				"east": {"uv": [0, 2, 7.5, 3], "texture": "#1"},
				"south": {"uv": [6.5, 9.5, 7.5, 11.5], "rotation": 270, "texture": "#1"},
				"west": {"uv": [0, 2, 7.5, 3], "rotation": 180, "texture": "#1"},
				"up": {"uv": [0, 9.5, 7.5, 11.5], "rotation": 270, "texture": "#1"},
				"down": {"uv": [0, 9.5, 7.5, 11.5], "rotation": 270, "texture": "#1"}
			}
		},
		{
			"from": [5.67591, 9.0009, 5.31367],
			"to": [6.79716, 12.9477, 6.03127],
			"rotation": {"angle": 0, "axis": "x", "origin": [6.23564, 10.86666, 8.00467]},
			"faces": {
				"north": {"uv": [1, 9.5, 6.5, 11.5], "rotation": 90, "texture": "#1"},
				"east": {"uv": [0, 3, 1, 8.5], "texture": "#1"},
				"south": {"uv": [1, 9.5, 6.5, 11.5], "rotation": 270, "texture": "#1"},
				"west": {"uv": [0, 3, 1, 8.5], "rotation": 180, "texture": "#1"},
				"up": {"uv": [0, 0, 0, 0], "rotation": 270, "texture": "#1"},
				"down": {"uv": [0, 0, 0, 0], "rotation": 270, "texture": "#1"}
			}
		},
		{
			"from": [6.03471, 8.14875, 5.67247],
			"to": [6.39351, 8.41785, 6.03127],
			"rotation": {"angle": 0, "axis": "x", "origin": [6.23564, 10.86666, 8.00467]},
			"faces": {
				"north": {"uv": [8.5, 0, 7.5, 1], "rotation": 90, "texture": "#1"},
				"east": {"uv": [8.5, 0, 7.5, 1], "texture": "#1"},
				"south": {"uv": [8.5, 0, 7.5, 1], "rotation": 270, "texture": "#1"},
				"west": {"uv": [8.5, 0, 7.5, 1], "rotation": 180, "texture": "#1"},
				"up": {"uv": [8.5, 0, 7.5, 1], "rotation": 270, "texture": "#1"},
				"down": {"uv": [8.5, 0, 7.5, 1], "rotation": 270, "texture": "#1"}
			}
		},
		{
			"from": [6.03471, 8.14875, 6.74887],
			"to": [6.39351, 8.41785, 7.10767],
			"rotation": {"angle": 0, "axis": "x", "origin": [6.23564, 10.86666, 8.00467]},
			"faces": {
				"north": {"uv": [8.5, 0, 7.5, 1], "rotation": 90, "texture": "#1"},
				"east": {"uv": [8.5, 0, 7.5, 1], "texture": "#1"},
				"south": {"uv": [8.5, 0, 7.5, 1], "rotation": 270, "texture": "#1"},
				"west": {"uv": [8.5, 0, 7.5, 1], "rotation": 180, "texture": "#1"},
				"up": {"uv": [8.5, 0, 7.5, 1], "rotation": 270, "texture": "#1"},
				"down": {"uv": [8.5, 0, 7.5, 1], "rotation": 270, "texture": "#1"}
			}
		},
		{
			"from": [6.03471, 8.14875, 8.90167],
			"to": [6.39351, 8.41785, 9.26047],
			"rotation": {"angle": 0, "axis": "x", "origin": [6.23564, 10.86666, 8.00467]},
			"faces": {
				"north": {"uv": [7.5, 0, 8.5, 1], "rotation": 90, "texture": "#1"},
				"east": {"uv": [7.5, 0, 8.5, 1], "texture": "#1"},
				"south": {"uv": [7.5, 0, 8.5, 1], "rotation": 270, "texture": "#1"},
				"west": {"uv": [7.5, 0, 8.5, 1], "rotation": 180, "texture": "#1"},
				"up": {"uv": [7.5, 0, 8.5, 1], "rotation": 270, "texture": "#1"},
				"down": {"uv": [7.5, 0, 8.5, 1], "rotation": 270, "texture": "#1"}
			}
		},
		{
			"from": [6.03471, 8.14875, 9.97807],
			"to": [6.39351, 8.41785, 10.33687],
			"rotation": {"angle": 0, "axis": "x", "origin": [6.23564, 10.86666, 8.00467]},
			"faces": {
				"north": {"uv": [7.5, 0, 8.5, 1], "rotation": 90, "texture": "#1"},
				"east": {"uv": [7.5, 0, 8.5, 1], "texture": "#1"},
				"south": {"uv": [7.5, 0, 8.5, 1], "rotation": 270, "texture": "#1"},
				"west": {"uv": [7.5, 0, 8.5, 1], "rotation": 180, "texture": "#1"},
				"up": {"uv": [7.5, 0, 8.5, 1], "rotation": 270, "texture": "#1"},
				"down": {"uv": [7.5, 0, 8.5, 1], "rotation": 270, "texture": "#1"}
			}
		},
		{
			"from": [6.03471, 13.53075, 5.67247],
			"to": [6.39351, 13.79985, 6.03127],
			"rotation": {"angle": 0, "axis": "x", "origin": [6.23564, 10.86666, 8.00467]},
			"faces": {
				"north": {"uv": [7.5, 0, 8.5, 1], "rotation": 90, "texture": "#1"},
				"east": {"uv": [8.5, 1, 7.5, 0], "texture": "#1"},
				"south": {"uv": [7.5, 0, 8.5, 1], "rotation": 270, "texture": "#1"},
				"west": {"uv": [8.5, 1, 7.5, 0], "rotation": 180, "texture": "#1"},
				"up": {"uv": [7.5, 0, 8.5, 1], "rotation": 270, "texture": "#1"},
				"down": {"uv": [7.5, 0, 8.5, 1], "rotation": 270, "texture": "#1"}
			}
		},
		{
			"from": [6.03471, 13.53075, 6.74887],
			"to": [6.39351, 13.79985, 7.10767],
			"rotation": {"angle": 0, "axis": "x", "origin": [6.23564, 10.86666, 8.00467]},
			"faces": {
				"north": {"uv": [7.5, 0, 8.5, 1], "rotation": 90, "texture": "#1"},
				"east": {"uv": [8.5, 1, 7.5, 0], "texture": "#1"},
				"south": {"uv": [7.5, 0, 8.5, 1], "rotation": 270, "texture": "#1"},
				"west": {"uv": [8.5, 1, 7.5, 0], "rotation": 180, "texture": "#1"},
				"up": {"uv": [7.5, 0, 8.5, 1], "rotation": 270, "texture": "#1"},
				"down": {"uv": [7.5, 0, 8.5, 1], "rotation": 270, "texture": "#1"}
			}
		},
		{
			"from": [6.03471, 13.53075, 8.90167],
			"to": [6.39351, 13.79985, 9.26047],
			"rotation": {"angle": 0, "axis": "x", "origin": [6.23564, 10.86666, 8.00467]},
			"faces": {
				"north": {"uv": [8.5, 0, 7.5, 1], "rotation": 90, "texture": "#1"},
				"east": {"uv": [7.5, 1, 8.5, 0], "texture": "#1"},
				"south": {"uv": [8.5, 0, 7.5, 1], "rotation": 270, "texture": "#1"},
				"west": {"uv": [7.5, 1, 8.5, 0], "rotation": 180, "texture": "#1"},
				"up": {"uv": [8.5, 0, 7.5, 1], "rotation": 270, "texture": "#1"},
				"down": {"uv": [8.5, 0, 7.5, 1], "rotation": 270, "texture": "#1"}
			}
		},
		{
			"from": [6.03471, 13.53075, 7.82527],
			"to": [6.39351, 13.79985, 8.18407],
			"rotation": {"angle": 0, "axis": "x", "origin": [6.23564, 10.86666, 8.00467]},
			"faces": {
				"north": {"uv": [8.5, 0, 7.5, 1], "rotation": 90, "texture": "#1"},
				"east": {"uv": [7.5, 1, 8.5, 0], "texture": "#1"},
				"south": {"uv": [8.5, 0, 7.5, 1], "rotation": 270, "texture": "#1"},
				"west": {"uv": [7.5, 1, 8.5, 0], "rotation": 180, "texture": "#1"},
				"up": {"uv": [8.5, 0, 7.5, 1], "rotation": 270, "texture": "#1"},
				"down": {"uv": [8.5, 0, 7.5, 1], "rotation": 270, "texture": "#1"}
			}
		},
		{
			"from": [6.03471, 13.53075, 9.97807],
			"to": [6.39351, 13.79985, 10.33687],
			"rotation": {"angle": 0, "axis": "x", "origin": [6.23564, 10.86666, 8.00467]},
			"faces": {
				"north": {"uv": [8.5, 0, 7.5, 1], "rotation": 90, "texture": "#1"},
				"east": {"uv": [7.5, 1, 8.5, 0], "texture": "#1"},
				"south": {"uv": [8.5, 0, 7.5, 1], "rotation": 270, "texture": "#1"},
				"west": {"uv": [7.5, 1, 8.5, 0], "rotation": 180, "texture": "#1"},
				"up": {"uv": [8.5, 0, 7.5, 1], "rotation": 270, "texture": "#1"},
				"down": {"uv": [8.5, 0, 7.5, 1], "rotation": 270, "texture": "#1"}
			}
		},
		{
			"from": [6.03471, 12.9477, 10.56112],
			"to": [6.39351, 13.3065, 10.83022],
			"rotation": {"angle": 0, "axis": "x", "origin": [6.23564, 10.86666, 8.00467]},
			"faces": {
				"north": {"uv": [7.5, 0, 8.5, 1], "rotation": 90, "texture": "#1"},
				"east": {"uv": [8.5, 1, 7.5, 0], "rotation": 270, "texture": "#1"},
				"south": {"uv": [7.5, 0, 8.5, 1], "rotation": 270, "texture": "#1"},
				"west": {"uv": [8.5, 1, 7.5, 0], "rotation": 270, "texture": "#1"},
				"up": {"uv": [7.5, 0, 8.5, 1], "rotation": 270, "texture": "#1"},
				"down": {"uv": [7.5, 0, 8.5, 1], "rotation": 270, "texture": "#1"}
			}
		},
		{
			"from": [6.03471, 11.8713, 10.56112],
			"to": [6.39351, 12.2301, 10.83022],
			"rotation": {"angle": 0, "axis": "x", "origin": [6.23564, 10.86666, 8.00467]},
			"faces": {
				"north": {"uv": [7.5, 0, 8.5, 1], "rotation": 90, "texture": "#1"},
				"east": {"uv": [8.5, 1, 7.5, 0], "rotation": 270, "texture": "#1"},
				"south": {"uv": [7.5, 0, 8.5, 1], "rotation": 270, "texture": "#1"},
				"west": {"uv": [8.5, 1, 7.5, 0], "rotation": 270, "texture": "#1"},
				"up": {"uv": [7.5, 0, 8.5, 1], "rotation": 270, "texture": "#1"},
				"down": {"uv": [7.5, 0, 8.5, 1], "rotation": 270, "texture": "#1"}
			}
		},
		{
			"from": [6.03471, 9.7185, 10.56112],
			"to": [6.39351, 10.0773, 10.83022],
			"rotation": {"angle": 0, "axis": "x", "origin": [6.23564, 10.86666, 8.00467]},
			"faces": {
				"north": {"uv": [8.5, 0, 7.5, 1], "rotation": 90, "texture": "#1"},
				"east": {"uv": [7.5, 1, 8.5, 0], "rotation": 270, "texture": "#1"},
				"south": {"uv": [8.5, 0, 7.5, 1], "rotation": 270, "texture": "#1"},
				"west": {"uv": [7.5, 1, 8.5, 0], "rotation": 270, "texture": "#1"},
				"up": {"uv": [8.5, 0, 7.5, 1], "rotation": 270, "texture": "#1"},
				"down": {"uv": [8.5, 0, 7.5, 1], "rotation": 270, "texture": "#1"}
			}
		},
		{
			"from": [6.03471, 10.7949, 10.56112],
			"to": [6.39351, 11.1537, 10.83022],
			"rotation": {"angle": 0, "axis": "x", "origin": [6.23564, 10.86666, 8.00467]},
			"faces": {
				"north": {"uv": [8.5, 0, 7.5, 1], "rotation": 90, "texture": "#1"},
				"east": {"uv": [7.5, 1, 8.5, 0], "rotation": 270, "texture": "#1"},
				"south": {"uv": [8.5, 0, 7.5, 1], "rotation": 270, "texture": "#1"},
				"west": {"uv": [7.5, 1, 8.5, 0], "rotation": 270, "texture": "#1"},
				"up": {"uv": [8.5, 0, 7.5, 1], "rotation": 270, "texture": "#1"},
				"down": {"uv": [8.5, 0, 7.5, 1], "rotation": 270, "texture": "#1"}
			}
		},
		{
			"from": [6.03471, 8.6421, 10.56112],
			"to": [6.39351, 9.0009, 10.83022],
			"rotation": {"angle": 0, "axis": "x", "origin": [6.23564, 10.86666, 8.00467]},
			"faces": {
				"north": {"uv": [8.5, 0, 7.5, 1], "rotation": 90, "texture": "#1"},
				"east": {"uv": [7.5, 1, 8.5, 0], "rotation": 270, "texture": "#1"},
				"south": {"uv": [8.5, 0, 7.5, 1], "rotation": 270, "texture": "#1"},
				"west": {"uv": [7.5, 1, 8.5, 0], "rotation": 270, "texture": "#1"},
				"up": {"uv": [8.5, 0, 7.5, 1], "rotation": 270, "texture": "#1"},
				"down": {"uv": [8.5, 0, 7.5, 1], "rotation": 270, "texture": "#1"}
			}
		},
		{
			"from": [6.03471, 12.9477, 5.17912],
			"to": [6.39351, 13.3065, 5.44822],
			"rotation": {"angle": 0, "axis": "x", "origin": [6.23564, 10.86666, 8.00467]},
			"faces": {
				"north": {"uv": [7.5, 0, 8.5, 1], "rotation": 90, "texture": "#1"},
				"east": {"uv": [8.5, 1, 7.5, 0], "rotation": 270, "texture": "#1"},
				"south": {"uv": [7.5, 0, 8.5, 1], "rotation": 270, "texture": "#1"},
				"west": {"uv": [8.5, 1, 7.5, 0], "rotation": 270, "texture": "#1"},
				"up": {"uv": [7.5, 0, 8.5, 1], "rotation": 270, "texture": "#1"},
				"down": {"uv": [7.5, 0, 8.5, 1], "rotation": 270, "texture": "#1"}
			}
		},
		{
			"from": [6.03471, 11.8713, 5.17912],
			"to": [6.39351, 12.2301, 5.44822],
			"rotation": {"angle": 0, "axis": "x", "origin": [6.23564, 10.86666, 8.00467]},
			"faces": {
				"north": {"uv": [7.5, 0, 8.5, 1], "rotation": 90, "texture": "#1"},
				"east": {"uv": [8.5, 1, 7.5, 0], "rotation": 270, "texture": "#1"},
				"south": {"uv": [7.5, 0, 8.5, 1], "rotation": 270, "texture": "#1"},
				"west": {"uv": [8.5, 1, 7.5, 0], "rotation": 270, "texture": "#1"},
				"up": {"uv": [7.5, 0, 8.5, 1], "rotation": 270, "texture": "#1"},
				"down": {"uv": [7.5, 0, 8.5, 1], "rotation": 270, "texture": "#1"}
			}
		},
		{
			"from": [6.03471, 9.7185, 5.17912],
			"to": [6.39351, 10.0773, 5.44822],
			"rotation": {"angle": 0, "axis": "x", "origin": [6.23564, 10.86666, 8.00467]},
			"faces": {
				"north": {"uv": [8.5, 0, 7.5, 1], "rotation": 90, "texture": "#1"},
				"east": {"uv": [7.5, 1, 8.5, 0], "rotation": 270, "texture": "#1"},
				"south": {"uv": [8.5, 0, 7.5, 1], "rotation": 270, "texture": "#1"},
				"west": {"uv": [7.5, 1, 8.5, 0], "rotation": 270, "texture": "#1"},
				"up": {"uv": [8.5, 0, 7.5, 1], "rotation": 270, "texture": "#1"},
				"down": {"uv": [8.5, 0, 7.5, 1], "rotation": 270, "texture": "#1"}
			}
		},
		{
			"from": [6.03471, 10.7949, 5.17912],
			"to": [6.39351, 11.1537, 5.44822],
			"rotation": {"angle": 0, "axis": "x", "origin": [6.23564, 10.86666, 8.00467]},
			"faces": {
				"north": {"uv": [8.5, 0, 7.5, 1], "rotation": 90, "texture": "#1"},
				"east": {"uv": [7.5, 1, 8.5, 0], "rotation": 270, "texture": "#1"},
				"south": {"uv": [8.5, 0, 7.5, 1], "rotation": 270, "texture": "#1"},
				"west": {"uv": [7.5, 1, 8.5, 0], "rotation": 270, "texture": "#1"},
				"up": {"uv": [8.5, 0, 7.5, 1], "rotation": 270, "texture": "#1"},
				"down": {"uv": [8.5, 0, 7.5, 1], "rotation": 270, "texture": "#1"}
			}
		},
		{
			"from": [6.03471, 8.6421, 5.17912],
			"to": [6.39351, 9.0009, 5.44822],
			"rotation": {"angle": 0, "axis": "x", "origin": [6.23564, 10.86666, 8.00467]},
			"faces": {
				"north": {"uv": [8.5, 0, 7.5, 1], "rotation": 90, "texture": "#1"},
				"east": {"uv": [7.5, 1, 8.5, 0], "rotation": 270, "texture": "#1"},
				"south": {"uv": [8.5, 0, 7.5, 1], "rotation": 270, "texture": "#1"},
				"west": {"uv": [7.5, 1, 8.5, 0], "rotation": 270, "texture": "#1"},
				"up": {"uv": [8.5, 0, 7.5, 1], "rotation": 270, "texture": "#1"},
				"down": {"uv": [8.5, 0, 7.5, 1], "rotation": 270, "texture": "#1"}
			}
		},
		{
			"from": [11.28569, 5.10825, 8.14145],
			"to": [11.59426, 5.48678, 8.37288],
			"rotation": {"angle": 0, "axis": "z", "origin": [11.43998, 5.05622, 7.75574]},
			"faces": {
				"north": {"uv": [9.5, 0.5, 10, 1.5], "texture": "#2_1"},
				"east": {"uv": [8.5, 0.5, 9, 1.5], "texture": "#2_1"},
				"south": {"uv": [9.5, 0.5, 10, 1.5], "texture": "#2_1"},
				"west": {"uv": [8.5, 0.5, 9, 1.5], "texture": "#2_1"},
				"up": {"uv": [0, 0, 0.25, 0.1875], "texture": "#2_1"},
				"down": {"uv": [0, 0, 0.25, 0.1875], "rotation": 180, "texture": "#2_1"}
			}
		},
		{
			"from": [11.28569, 4.30812, 7.39694],
			"to": [11.59426, 5.10825, 8.73168],
			"rotation": {"angle": 0, "axis": "y", "origin": [11.51533, 4.52878, 8.16477]},
			"faces": {
				"north": {"uv": [7.5, 1, 8, 2.5], "texture": "#2_1"},
				"east": {"uv": [7.5, 0, 9, 2.5], "rotation": 90, "texture": "#2_1"},
				"south": {"uv": [7.5, 1, 8, 2.5], "texture": "#2_1"},
				"west": {"uv": [7.5, 0, 9, 2.5], "rotation": 90, "texture": "#2_1"},
				"up": {"uv": [7.5, 0, 8, 2.5], "rotation": 180, "texture": "#2_1"},
				"down": {"uv": [7.5, 0, 8, 2.5], "texture": "#2_1"}
			}
		},
		{
			"from": [11.2969, 4.75662, 6.90359],
			"to": [11.58305, 5.37735, 7.52073],
			"rotation": {"angle": 45, "axis": "x", "origin": [11.43998, 4.97728, 7.12246]},
			"faces": {
				"north": {"uv": [7.5, 1, 8, 2.5], "texture": "#2_1"},
				"east": {"uv": [7.5, 0, 9, 1.5], "rotation": 270, "texture": "#2_1"},
				"south": {"uv": [7.5, 1, 8, 2.5], "texture": "#2_1"},
				"west": {"uv": [7.5, 0, 9, 1.5], "rotation": 90, "texture": "#2_1"},
				"up": {"uv": [7.5, 0, 8, 2.5], "rotation": 180, "texture": "#2_1"},
				"down": {"uv": [7.5, 0, 8, 2.5], "texture": "#2_1"}
			}
		},
		{
			"from": [11.2969, 4.75662, 8.60789],
			"to": [11.58305, 5.37735, 9.22503],
			"rotation": {"angle": -45, "axis": "x", "origin": [11.43998, 4.97728, 9.00616]},
			"faces": {
				"north": {"uv": [8, 1, 7.5, 2.5], "texture": "#2_1"},
				"east": {"uv": [9, 0, 7.5, 1.5], "rotation": 90, "texture": "#2_1"},
				"south": {"uv": [8, 1, 7.5, 2.5], "texture": "#2_1"},
				"west": {"uv": [9, 0, 7.5, 1.5], "rotation": 180, "texture": "#2_1"},
				"up": {"uv": [7.5, 2.5, 8, 0], "rotation": 180, "texture": "#2_1"},
				"down": {"uv": [7.5, 2.5, 8, 0], "texture": "#2_1"}
			}
		},
		{
			"from": [11.2913, 4.21842, 6.90359],
			"to": [11.58866, 4.83915, 7.52073],
			"rotation": {"angle": 45, "axis": "x", "origin": [11.43998, 4.43908, 7.12246]},
			"faces": {
				"north": {"uv": [7.5, 1, 8, 2.5], "texture": "#2_1"},
				"east": {"uv": [7.5, 0, 9, 1.5], "rotation": 270, "texture": "#2_1"},
				"south": {"uv": [7.5, 1, 8, 2.5], "texture": "#2_1"},
				"west": {"uv": [7.5, 0, 9, 1.5], "rotation": 90, "texture": "#2_1"},
				"up": {"uv": [7.5, 0, 8, 2.5], "rotation": 180, "texture": "#2_1"},
				"down": {"uv": [7.5, 0, 8, 2.5], "texture": "#2_1"}
			}
		},
		{
			"from": [11.2913, 4.21842, 8.60789],
			"to": [11.58866, 4.83915, 9.22503],
			"rotation": {"angle": -45, "axis": "x", "origin": [11.43998, 4.43908, 9.00616]},
			"faces": {
				"north": {"uv": [8, 1, 7.5, 2.5], "texture": "#2_1"},
				"east": {"uv": [9, 0, 7.5, 1.5], "rotation": 90, "texture": "#2_1"},
				"south": {"uv": [8, 1, 7.5, 2.5], "texture": "#2_1"},
				"west": {"uv": [9, 0, 7.5, 1.5], "rotation": 180, "texture": "#2_1"},
				"up": {"uv": [7.5, 2.5, 8, 0], "rotation": 180, "texture": "#2_1"},
				"down": {"uv": [7.5, 2.5, 8, 0], "texture": "#2_1"}
			}
		},
		{
			"from": [11.28569, 5.10825, 7.75574],
			"to": [11.59426, 5.48678, 7.98717],
			"rotation": {"angle": 0, "axis": "z", "origin": [11.43998, 5.05622, 8.37288]},
			"faces": {
				"north": {"uv": [9.5, 0.5, 10, 1.5], "texture": "#2_1"},
				"east": {"uv": [9.5, 0.5, 10, 1.5], "texture": "#2_1"},
				"south": {"uv": [9.5, 0.5, 10, 1.5], "texture": "#2_1"},
				"west": {"uv": [9.5, 0.5, 10, 1.5], "texture": "#2_1"},
				"up": {"uv": [0, 0, 0.25, 0.1875], "texture": "#2_1"},
				"down": {"uv": [0, 0, 0.25, 0.1875], "rotation": 180, "texture": "#2_1"}
			}
		},
		{
			"from": [11.28569, 5.48678, 7.75574],
			"to": [11.59426, 5.71821, 8.37288],
			"rotation": {"angle": 0, "axis": "y", "origin": [11.43998, 5.40964, 8.06431]},
			"faces": {
				"north": {"uv": [9.5, 0, 10, 0.5], "texture": "#2_1"},
				"east": {"uv": [8.5, 0, 10, 0.5], "texture": "#2_1"},
				"south": {"uv": [8.5, 0, 9, 0.5], "texture": "#2_1"},
				"west": {"uv": [8.5, 0, 10, 0.5], "texture": "#2_1"},
				"up": {"uv": [8.5, 0, 10, 0.5], "rotation": 90, "texture": "#2_1"},
				"down": {"uv": [8.5, 0, 10, 0.5], "rotation": 270, "texture": "#2_1"}
			}
		},
		{
			"from": [10.94214, 5.3307, 7.88491],
			"to": [11.83914, 6.0483, 8.24371],
			"rotation": {"angle": 0, "axis": "x", "origin": [11.68306, 8.63166, 8.06431]},
			"faces": {
				"north": {"uv": [8.5, 0, 10, 1.5], "rotation": 270, "texture": "#2_1"},
				"east": {"uv": [7.5, 0, 8.5, 1], "rotation": 180, "texture": "#2_1"},
				"south": {"uv": [10, 0, 8.5, 1.5], "rotation": 90, "texture": "#2_1"},
				"west": {"uv": [7.5, 0, 8.5, 1], "texture": "#2_1"},
				"up": {"uv": [0, 0, 0, 0], "rotation": 90, "texture": "#2_1"},
				"down": {"uv": [7.5, 0, 8.5, 1], "rotation": 90, "texture": "#2_1"}
			}
		},
		{
			"from": [10.76274, 5.91375, 7.70551],
			"to": [12.37734, 6.90045, 8.42311],
			"rotation": {"angle": 0, "axis": "x", "origin": [11.68306, 8.63166, 8.06431]},
			"faces": {
				"north": {"uv": [7.5, 0, 8.5, 1.5], "rotation": 270, "texture": "#2_1"},
				"east": {"uv": [7.5, 0, 8.5, 1], "rotation": 180, "texture": "#2_1"},
				"south": {"uv": [8.5, 0, 7.5, 1.5], "rotation": 90, "texture": "#2_1"},
				"west": {"uv": [7.5, 0, 8.5, 1], "texture": "#2_1"},
				"up": {"uv": [7.5, 0, 8.5, 1.5], "rotation": 90, "texture": "#2_1"},
				"down": {"uv": [7.5, 0, 8.5, 1.5], "rotation": 90, "texture": "#2_1"}
			}
		},
		{
			"from": [11.12154, 6.0483, 5.37331],
			"to": [12.24279, 6.7659, 10.75531],
			"rotation": {"angle": 0, "axis": "x", "origin": [11.68306, 8.63166, 8.06431]},
			"faces": {
				"north": {"uv": [0, 9.5, 1, 11.5], "rotation": 270, "texture": "#2_1"},
				"east": {"uv": [0, 8.5, 7.5, 9.5], "rotation": 180, "texture": "#2_1"},
				"south": {"uv": [6.5, 9.5, 7.5, 11.5], "rotation": 90, "texture": "#2_1"},
				"west": {"uv": [0, 8.5, 7.5, 9.5], "texture": "#2_1"},
				"up": {"uv": [0, 0, 7.5, 2], "rotation": 90, "texture": "#2_1"},
				"down": {"uv": [0, 0, 7.5, 2], "rotation": 90, "texture": "#2_1"}
			}
		},
		{
			"from": [11.12154, 6.7659, 5.37331],
			"to": [12.24279, 10.7127, 6.09091],
			"rotation": {"angle": 0, "axis": "x", "origin": [11.68306, 8.63166, 8.06431]},
			"faces": {
				"north": {"uv": [1, 9.5, 6.5, 11.5], "rotation": 270, "texture": "#2_1"},
				"east": {"uv": [6.5, 3, 7.5, 8.5], "rotation": 180, "texture": "#2_1"},
				"south": {"uv": [1, 9.5, 6.5, 11.5], "rotation": 90, "texture": "#2_1"},
				"west": {"uv": [6.5, 3, 7.5, 8.5], "texture": "#2_1"},
				"up": {"uv": [0, 0, 0, 0], "rotation": 90, "texture": "#2_1"},
				"down": {"uv": [0, 0, 0, 0], "rotation": 90, "texture": "#2_1"}
			}
		},
		{
			"from": [11.12154, 10.7127, 5.37331],
			"to": [12.24279, 11.4303, 10.75531],
			"rotation": {"angle": 0, "axis": "x", "origin": [11.68306, 8.63166, 8.06431]},
			"faces": {
				"north": {"uv": [6.5, 9.5, 7.5, 11.5], "rotation": 270, "texture": "#2_1"},
				"east": {"uv": [0, 2, 7.5, 3], "rotation": 180, "texture": "#2_1"},
				"south": {"uv": [0, 9.5, 1, 11.5], "rotation": 90, "texture": "#2_1"},
				"west": {"uv": [0, 2, 7.5, 3], "texture": "#2_1"},
				"up": {"uv": [0, 9.5, 7.5, 11.5], "rotation": 90, "texture": "#2_1"},
				"down": {"uv": [0, 9.5, 7.5, 11.5], "rotation": 90, "texture": "#2_1"}
			}
		},
		{
			"from": [11.12154, 6.7659, 10.03771],
			"to": [12.24279, 10.7127, 10.75531],
			"rotation": {"angle": 0, "axis": "x", "origin": [11.68306, 8.63166, 8.06431]},
			"faces": {
				"north": {"uv": [1, 9.5, 6.5, 11.5], "rotation": 270, "texture": "#2_1"},
				"east": {"uv": [0, 3, 1, 8.5], "rotation": 180, "texture": "#2_1"},
				"south": {"uv": [1, 9.5, 6.5, 11.5], "rotation": 90, "texture": "#2_1"},
				"west": {"uv": [0, 3, 1, 8.5], "texture": "#2_1"},
				"up": {"uv": [0, 0, 0, 0], "rotation": 90, "texture": "#2_1"},
				"down": {"uv": [0, 0, 0, 0], "rotation": 90, "texture": "#2_1"}
			}
		},
		{
			"from": [11.52519, 5.91375, 10.03771],
			"to": [11.88399, 6.18285, 10.39651],
			"rotation": {"angle": 0, "axis": "x", "origin": [11.68306, 8.63166, 8.06431]},
			"faces": {
				"north": {"uv": [8.5, 0, 7.5, 1], "rotation": 270, "texture": "#2_1"},
				"east": {"uv": [8.5, 0, 7.5, 1], "rotation": 180, "texture": "#2_1"},
				"south": {"uv": [8.5, 0, 7.5, 1], "rotation": 90, "texture": "#2_1"},
				"west": {"uv": [8.5, 0, 7.5, 1], "texture": "#2_1"},
				"up": {"uv": [8.5, 0, 7.5, 1], "rotation": 90, "texture": "#2_1"},
				"down": {"uv": [8.5, 0, 7.5, 1], "rotation": 90, "texture": "#2_1"}
			}
		},
		{
			"from": [11.52519, 5.91375, 8.96131],
			"to": [11.88399, 6.18285, 9.32011],
			"rotation": {"angle": 0, "axis": "x", "origin": [11.68306, 8.63166, 8.06431]},
			"faces": {
				"north": {"uv": [8.5, 0, 7.5, 1], "rotation": 270, "texture": "#2_1"},
				"east": {"uv": [8.5, 0, 7.5, 1], "rotation": 180, "texture": "#2_1"},
				"south": {"uv": [8.5, 0, 7.5, 1], "rotation": 90, "texture": "#2_1"},
				"west": {"uv": [8.5, 0, 7.5, 1], "texture": "#2_1"},
				"up": {"uv": [8.5, 0, 7.5, 1], "rotation": 90, "texture": "#2_1"},
				"down": {"uv": [8.5, 0, 7.5, 1], "rotation": 90, "texture": "#2_1"}
			}
		},
		{
			"from": [11.52519, 5.91375, 6.80851],
			"to": [11.88399, 6.18285, 7.16731],
			"rotation": {"angle": 0, "axis": "x", "origin": [11.68306, 8.63166, 8.06431]},
			"faces": {
				"north": {"uv": [7.5, 0, 8.5, 1], "rotation": 270, "texture": "#2_1"},
				"east": {"uv": [7.5, 0, 8.5, 1], "rotation": 180, "texture": "#2_1"},
				"south": {"uv": [7.5, 0, 8.5, 1], "rotation": 90, "texture": "#2_1"},
				"west": {"uv": [7.5, 0, 8.5, 1], "texture": "#2_1"},
				"up": {"uv": [7.5, 0, 8.5, 1], "rotation": 90, "texture": "#2_1"},
				"down": {"uv": [7.5, 0, 8.5, 1], "rotation": 90, "texture": "#2_1"}
			}
		},
		{
			"from": [11.52519, 5.91375, 5.73211],
			"to": [11.88399, 6.18285, 6.09091],
			"rotation": {"angle": 0, "axis": "x", "origin": [11.68306, 8.63166, 8.06431]},
			"faces": {
				"north": {"uv": [7.5, 0, 8.5, 1], "rotation": 270, "texture": "#2_1"},
				"east": {"uv": [7.5, 0, 8.5, 1], "rotation": 180, "texture": "#2_1"},
				"south": {"uv": [7.5, 0, 8.5, 1], "rotation": 90, "texture": "#2_1"},
				"west": {"uv": [7.5, 0, 8.5, 1], "texture": "#2_1"},
				"up": {"uv": [7.5, 0, 8.5, 1], "rotation": 90, "texture": "#2_1"},
				"down": {"uv": [7.5, 0, 8.5, 1], "rotation": 90, "texture": "#2_1"}
			}
		},
		{
			"from": [11.52519, 11.29575, 10.03771],
			"to": [11.88399, 11.56485, 10.39651],
			"rotation": {"angle": 0, "axis": "x", "origin": [11.68306, 8.63166, 8.06431]},
			"faces": {
				"north": {"uv": [7.5, 0, 8.5, 1], "rotation": 270, "texture": "#2_1"},
				"east": {"uv": [8.5, 1, 7.5, 0], "rotation": 180, "texture": "#2_1"},
				"south": {"uv": [7.5, 0, 8.5, 1], "rotation": 90, "texture": "#2_1"},
				"west": {"uv": [8.5, 1, 7.5, 0], "texture": "#2_1"},
				"up": {"uv": [7.5, 0, 8.5, 1], "rotation": 90, "texture": "#2_1"},
				"down": {"uv": [7.5, 0, 8.5, 1], "rotation": 90, "texture": "#2_1"}
			}
		},
		{
			"from": [11.52519, 11.29575, 8.96131],
			"to": [11.88399, 11.56485, 9.32011],
			"rotation": {"angle": 0, "axis": "x", "origin": [11.68306, 8.63166, 8.06431]},
			"faces": {
				"north": {"uv": [7.5, 0, 8.5, 1], "rotation": 270, "texture": "#2_1"},
				"east": {"uv": [8.5, 1, 7.5, 0], "rotation": 180, "texture": "#2_1"},
				"south": {"uv": [7.5, 0, 8.5, 1], "rotation": 90, "texture": "#2_1"},
				"west": {"uv": [8.5, 1, 7.5, 0], "texture": "#2_1"},
				"up": {"uv": [7.5, 0, 8.5, 1], "rotation": 90, "texture": "#2_1"},
				"down": {"uv": [7.5, 0, 8.5, 1], "rotation": 90, "texture": "#2_1"}
			}
		},
		{
			"from": [11.52519, 11.29575, 6.80851],
			"to": [11.88399, 11.56485, 7.16731],
			"rotation": {"angle": 0, "axis": "x", "origin": [11.68306, 8.63166, 8.06431]},
			"faces": {
				"north": {"uv": [8.5, 0, 7.5, 1], "rotation": 270, "texture": "#2_1"},
				"east": {"uv": [7.5, 1, 8.5, 0], "rotation": 180, "texture": "#2_1"},
				"south": {"uv": [8.5, 0, 7.5, 1], "rotation": 90, "texture": "#2_1"},
				"west": {"uv": [7.5, 1, 8.5, 0], "texture": "#2_1"},
				"up": {"uv": [8.5, 0, 7.5, 1], "rotation": 90, "texture": "#2_1"},
				"down": {"uv": [8.5, 0, 7.5, 1], "rotation": 90, "texture": "#2_1"}
			}
		},
		{
			"from": [11.52519, 11.29575, 7.88491],
			"to": [11.88399, 11.56485, 8.24371],
			"rotation": {"angle": 0, "axis": "x", "origin": [11.68306, 8.63166, 8.06431]},
			"faces": {
				"north": {"uv": [8.5, 0, 7.5, 1], "rotation": 270, "texture": "#2_1"},
				"east": {"uv": [7.5, 1, 8.5, 0], "rotation": 180, "texture": "#2_1"},
				"south": {"uv": [8.5, 0, 7.5, 1], "rotation": 90, "texture": "#2_1"},
				"west": {"uv": [7.5, 1, 8.5, 0], "texture": "#2_1"},
				"up": {"uv": [8.5, 0, 7.5, 1], "rotation": 90, "texture": "#2_1"},
				"down": {"uv": [8.5, 0, 7.5, 1], "rotation": 90, "texture": "#2_1"}
			}
		},
		{
			"from": [11.52519, 11.29575, 5.73211],
			"to": [11.88399, 11.56485, 6.09091],
			"rotation": {"angle": 0, "axis": "x", "origin": [11.68306, 8.63166, 8.06431]},
			"faces": {
				"north": {"uv": [8.5, 0, 7.5, 1], "rotation": 270, "texture": "#2_1"},
				"east": {"uv": [7.5, 1, 8.5, 0], "rotation": 180, "texture": "#2_1"},
				"south": {"uv": [8.5, 0, 7.5, 1], "rotation": 90, "texture": "#2_1"},
				"west": {"uv": [7.5, 1, 8.5, 0], "texture": "#2_1"},
				"up": {"uv": [8.5, 0, 7.5, 1], "rotation": 90, "texture": "#2_1"},
				"down": {"uv": [8.5, 0, 7.5, 1], "rotation": 90, "texture": "#2_1"}
			}
		},
		{
			"from": [11.52519, 10.7127, 5.23876],
			"to": [11.88399, 11.0715, 5.50786],
			"rotation": {"angle": 0, "axis": "x", "origin": [11.68306, 8.63166, 8.06431]},
			"faces": {
				"north": {"uv": [7.5, 0, 8.5, 1], "rotation": 270, "texture": "#2_1"},
				"east": {"uv": [8.5, 1, 7.5, 0], "rotation": 270, "texture": "#2_1"},
				"south": {"uv": [7.5, 0, 8.5, 1], "rotation": 90, "texture": "#2_1"},
				"west": {"uv": [8.5, 1, 7.5, 0], "rotation": 270, "texture": "#2_1"},
				"up": {"uv": [7.5, 0, 8.5, 1], "rotation": 90, "texture": "#2_1"},
				"down": {"uv": [7.5, 0, 8.5, 1], "rotation": 90, "texture": "#2_1"}
			}
		},
		{
			"from": [11.52519, 9.6363, 5.23876],
			"to": [11.88399, 9.9951, 5.50786],
			"rotation": {"angle": 0, "axis": "x", "origin": [11.68306, 8.63166, 8.06431]},
			"faces": {
				"north": {"uv": [7.5, 0, 8.5, 1], "rotation": 270, "texture": "#2_1"},
				"east": {"uv": [8.5, 1, 7.5, 0], "rotation": 270, "texture": "#2_1"},
				"south": {"uv": [7.5, 0, 8.5, 1], "rotation": 90, "texture": "#2_1"},
				"west": {"uv": [8.5, 1, 7.5, 0], "rotation": 270, "texture": "#2_1"},
				"up": {"uv": [7.5, 0, 8.5, 1], "rotation": 90, "texture": "#2_1"},
				"down": {"uv": [7.5, 0, 8.5, 1], "rotation": 90, "texture": "#2_1"}
			}
		},
		{
			"from": [11.52519, 7.4835, 5.23876],
			"to": [11.88399, 7.8423, 5.50786],
			"rotation": {"angle": 0, "axis": "x", "origin": [11.68306, 8.63166, 8.06431]},
			"faces": {
				"north": {"uv": [8.5, 0, 7.5, 1], "rotation": 270, "texture": "#2_1"},
				"east": {"uv": [7.5, 1, 8.5, 0], "rotation": 270, "texture": "#2_1"},
				"south": {"uv": [8.5, 0, 7.5, 1], "rotation": 90, "texture": "#2_1"},
				"west": {"uv": [7.5, 1, 8.5, 0], "rotation": 270, "texture": "#2_1"},
				"up": {"uv": [8.5, 0, 7.5, 1], "rotation": 90, "texture": "#2_1"},
				"down": {"uv": [8.5, 0, 7.5, 1], "rotation": 90, "texture": "#2_1"}
			}
		},
		{
			"from": [11.52519, 8.5599, 5.23876],
			"to": [11.88399, 8.9187, 5.50786],
			"rotation": {"angle": 0, "axis": "x", "origin": [11.68306, 8.63166, 8.06431]},
			"faces": {
				"north": {"uv": [8.5, 0, 7.5, 1], "rotation": 270, "texture": "#2_1"},
				"east": {"uv": [7.5, 1, 8.5, 0], "rotation": 270, "texture": "#2_1"},
				"south": {"uv": [8.5, 0, 7.5, 1], "rotation": 90, "texture": "#2_1"},
				"west": {"uv": [7.5, 1, 8.5, 0], "rotation": 270, "texture": "#2_1"},
				"up": {"uv": [8.5, 0, 7.5, 1], "rotation": 90, "texture": "#2_1"},
				"down": {"uv": [8.5, 0, 7.5, 1], "rotation": 90, "texture": "#2_1"}
			}
		},
		{
			"from": [11.52519, 6.4071, 5.23876],
			"to": [11.88399, 6.7659, 5.50786],
			"rotation": {"angle": 0, "axis": "x", "origin": [11.68306, 8.63166, 8.06431]},
			"faces": {
				"north": {"uv": [8.5, 0, 7.5, 1], "rotation": 270, "texture": "#2_1"},
				"east": {"uv": [7.5, 1, 8.5, 0], "rotation": 270, "texture": "#2_1"},
				"south": {"uv": [8.5, 0, 7.5, 1], "rotation": 90, "texture": "#2_1"},
				"west": {"uv": [7.5, 1, 8.5, 0], "rotation": 270, "texture": "#2_1"},
				"up": {"uv": [8.5, 0, 7.5, 1], "rotation": 90, "texture": "#2_1"},
				"down": {"uv": [8.5, 0, 7.5, 1], "rotation": 90, "texture": "#2_1"}
			}
		},
		{
			"from": [11.52519, 10.7127, 10.62076],
			"to": [11.88399, 11.0715, 10.88986],
			"rotation": {"angle": 0, "axis": "x", "origin": [11.68306, 8.63166, 8.06431]},
			"faces": {
				"north": {"uv": [7.5, 0, 8.5, 1], "rotation": 270, "texture": "#2_1"},
				"east": {"uv": [8.5, 1, 7.5, 0], "rotation": 270, "texture": "#2_1"},
				"south": {"uv": [7.5, 0, 8.5, 1], "rotation": 90, "texture": "#2_1"},
				"west": {"uv": [8.5, 1, 7.5, 0], "rotation": 270, "texture": "#2_1"},
				"up": {"uv": [7.5, 0, 8.5, 1], "rotation": 90, "texture": "#2_1"},
				"down": {"uv": [7.5, 0, 8.5, 1], "rotation": 90, "texture": "#2_1"}
			}
		},
		{
			"from": [11.52519, 9.6363, 10.62076],
			"to": [11.88399, 9.9951, 10.88986],
			"rotation": {"angle": 0, "axis": "x", "origin": [11.68306, 8.63166, 8.06431]},
			"faces": {
				"north": {"uv": [7.5, 0, 8.5, 1], "rotation": 270, "texture": "#2_1"},
				"east": {"uv": [8.5, 1, 7.5, 0], "rotation": 270, "texture": "#2_1"},
				"south": {"uv": [7.5, 0, 8.5, 1], "rotation": 90, "texture": "#2_1"},
				"west": {"uv": [8.5, 1, 7.5, 0], "rotation": 270, "texture": "#2_1"},
				"up": {"uv": [7.5, 0, 8.5, 1], "rotation": 90, "texture": "#2_1"},
				"down": {"uv": [7.5, 0, 8.5, 1], "rotation": 90, "texture": "#2_1"}
			}
		},
		{
			"from": [11.52519, 7.4835, 10.62076],
			"to": [11.88399, 7.8423, 10.88986],
			"rotation": {"angle": 0, "axis": "x", "origin": [11.68306, 8.63166, 8.06431]},
			"faces": {
				"north": {"uv": [8.5, 0, 7.5, 1], "rotation": 270, "texture": "#2_1"},
				"east": {"uv": [7.5, 1, 8.5, 0], "rotation": 270, "texture": "#2_1"},
				"south": {"uv": [8.5, 0, 7.5, 1], "rotation": 90, "texture": "#2_1"},
				"west": {"uv": [7.5, 1, 8.5, 0], "rotation": 270, "texture": "#2_1"},
				"up": {"uv": [8.5, 0, 7.5, 1], "rotation": 90, "texture": "#2_1"},
				"down": {"uv": [8.5, 0, 7.5, 1], "rotation": 90, "texture": "#2_1"}
			}
		},
		{
			"from": [11.52519, 8.5599, 10.62076],
			"to": [11.88399, 8.9187, 10.88986],
			"rotation": {"angle": 0, "axis": "x", "origin": [11.68306, 8.63166, 8.06431]},
			"faces": {
				"north": {"uv": [8.5, 0, 7.5, 1], "rotation": 270, "texture": "#2_1"},
				"east": {"uv": [7.5, 1, 8.5, 0], "rotation": 270, "texture": "#2_1"},
				"south": {"uv": [8.5, 0, 7.5, 1], "rotation": 90, "texture": "#2_1"},
				"west": {"uv": [7.5, 1, 8.5, 0], "rotation": 270, "texture": "#2_1"},
				"up": {"uv": [8.5, 0, 7.5, 1], "rotation": 90, "texture": "#2_1"},
				"down": {"uv": [8.5, 0, 7.5, 1], "rotation": 90, "texture": "#2_1"}
			}
		},
		{
			"from": [11.52519, 6.4071, 10.62076],
			"to": [11.88399, 6.7659, 10.88986],
			"rotation": {"angle": 0, "axis": "x", "origin": [11.68306, 8.63166, 8.06431]},
			"faces": {
				"north": {"uv": [8.5, 0, 7.5, 1], "rotation": 270, "texture": "#2_1"},
				"east": {"uv": [7.5, 1, 8.5, 0], "rotation": 270, "texture": "#2_1"},
				"south": {"uv": [8.5, 0, 7.5, 1], "rotation": 90, "texture": "#2_1"},
				"west": {"uv": [7.5, 1, 8.5, 0], "rotation": 270, "texture": "#2_1"},
				"up": {"uv": [8.5, 0, 7.5, 1], "rotation": 90, "texture": "#2_1"},
				"down": {"uv": [8.5, 0, 7.5, 1], "rotation": 90, "texture": "#2_1"}
			}
		},
		{
			"from": [4.32444, 8.09325, 7.6961],
			"to": [4.63301, 8.47178, 7.92753],
			"rotation": {"angle": 0, "axis": "z", "origin": [4.47873, 8.04122, 8.31324]},
			"faces": {
				"north": {"uv": [9.5, 0.5, 10, 1.5], "texture": "#3_1"},
				"east": {"uv": [8.5, 0.5, 9, 1.5], "texture": "#3_1"},
				"south": {"uv": [9.5, 0.5, 10, 1.5], "texture": "#3_1"},
				"west": {"uv": [8.5, 0.5, 9, 1.5], "texture": "#3_1"},
				"up": {"uv": [0, 0, 0.25, 0.1875], "rotation": 180, "texture": "#3_1"},
				"down": {"uv": [0, 0, 0.25, 0.1875], "texture": "#3_1"}
			}
		},
		{
			"from": [4.32444, 7.29312, 7.3373],
			"to": [4.63301, 8.09325, 8.67204],
			"rotation": {"angle": 0, "axis": "y", "origin": [4.40338, 7.51378, 7.90421]},
			"faces": {
				"north": {"uv": [7.5, 1, 8, 2.5], "texture": "#3_1"},
				"east": {"uv": [7.5, 0, 9, 2.5], "rotation": 90, "texture": "#3_1"},
				"south": {"uv": [7.5, 1, 8, 2.5], "texture": "#3_1"},
				"west": {"uv": [7.5, 0, 9, 2.5], "rotation": 90, "texture": "#3_1"},
				"up": {"uv": [7.5, 0, 8, 2.5], "texture": "#3_1"},
				"down": {"uv": [7.5, 0, 8, 2.5], "rotation": 180, "texture": "#3_1"}
			}
		},
		{
			"from": [4.33566, 7.74162, 8.54825],
			"to": [4.6218, 8.36235, 9.16539],
			"rotation": {"angle": -45, "axis": "x", "origin": [4.47873, 7.96228, 8.94652]},
			"faces": {
				"north": {"uv": [7.5, 1, 8, 2.5], "texture": "#3_1"},
				"east": {"uv": [7.5, 0, 9, 1.5], "rotation": 90, "texture": "#3_1"},
				"south": {"uv": [7.5, 1, 8, 2.5], "texture": "#3_1"},
				"west": {"uv": [7.5, 0, 9, 1.5], "rotation": 270, "texture": "#3_1"},
				"up": {"uv": [7.5, 0, 8, 2.5], "texture": "#3_1"},
				"down": {"uv": [7.5, 0, 8, 2.5], "rotation": 180, "texture": "#3_1"}
			}
		},
		{
			"from": [4.33566, 7.74162, 6.84395],
			"to": [4.6218, 8.36235, 7.46109],
			"rotation": {"angle": 45, "axis": "x", "origin": [4.47873, 7.96228, 7.06282]},
			"faces": {
				"north": {"uv": [8, 1, 7.5, 2.5], "texture": "#3_1"},
				"east": {"uv": [9, 0, 7.5, 1.5], "rotation": 180, "texture": "#3_1"},
				"south": {"uv": [8, 1, 7.5, 2.5], "texture": "#3_1"},
				"west": {"uv": [9, 0, 7.5, 1.5], "rotation": 90, "texture": "#3_1"},
				"up": {"uv": [7.5, 2.5, 8, 0], "texture": "#3_1"},
				"down": {"uv": [7.5, 2.5, 8, 0], "rotation": 180, "texture": "#3_1"}
			}
		},
		{
			"from": [4.33005, 7.20342, 8.54825],
			"to": [4.62741, 7.82415, 9.16539],
			"rotation": {"angle": -45, "axis": "x", "origin": [4.47873, 7.42408, 8.94652]},
			"faces": {
				"north": {"uv": [7.5, 1, 8, 2.5], "texture": "#3_1"},
				"east": {"uv": [7.5, 0, 9, 1.5], "rotation": 90, "texture": "#3_1"},
				"south": {"uv": [7.5, 1, 8, 2.5], "texture": "#3_1"},
				"west": {"uv": [7.5, 0, 9, 1.5], "rotation": 270, "texture": "#3_1"},
				"up": {"uv": [7.5, 0, 8, 2.5], "texture": "#3_1"},
				"down": {"uv": [7.5, 0, 8, 2.5], "rotation": 180, "texture": "#3_1"}
			}
		},
		{
			"from": [4.33005, 7.20342, 6.84395],
			"to": [4.62741, 7.82415, 7.46109],
			"rotation": {"angle": 45, "axis": "x", "origin": [4.47873, 7.42408, 7.06282]},
			"faces": {
				"north": {"uv": [8, 1, 7.5, 2.5], "texture": "#3_1"},
				"east": {"uv": [9, 0, 7.5, 1.5], "rotation": 180, "texture": "#3_1"},
				"south": {"uv": [8, 1, 7.5, 2.5], "texture": "#3_1"},
				"west": {"uv": [9, 0, 7.5, 1.5], "rotation": 90, "texture": "#3_1"},
				"up": {"uv": [7.5, 2.5, 8, 0], "texture": "#3_1"},
				"down": {"uv": [7.5, 2.5, 8, 0], "rotation": 180, "texture": "#3_1"}
			}
		},
		{
			"from": [4.32444, 8.09325, 8.08181],
			"to": [4.63301, 8.47178, 8.31324],
			"rotation": {"angle": 0, "axis": "z", "origin": [4.47873, 8.04122, 7.6961]},
			"faces": {
				"north": {"uv": [9.5, 0.5, 10, 1.5], "texture": "#3_1"},
				"east": {"uv": [9.5, 0.5, 10, 1.5], "texture": "#3_1"},
				"south": {"uv": [9.5, 0.5, 10, 1.5], "texture": "#3_1"},
				"west": {"uv": [9.5, 0.5, 10, 1.5], "texture": "#3_1"},
				"up": {"uv": [0, 0, 0.25, 0.1875], "rotation": 180, "texture": "#3_1"},
				"down": {"uv": [0, 0, 0.25, 0.1875], "texture": "#3_1"}
			}
		},
		{
			"from": [4.32444, 8.47178, 7.6961],
			"to": [4.63301, 8.70321, 8.31324],
			"rotation": {"angle": 0, "axis": "y", "origin": [4.47873, 8.39464, 8.00467]},
			"faces": {
				"north": {"uv": [8.5, 0, 9, 0.5], "texture": "#3_1"},
				"east": {"uv": [8.5, 0, 10, 0.5], "texture": "#3_1"},
				"south": {"uv": [9.5, 0, 10, 0.5], "texture": "#3_1"},
				"west": {"uv": [8.5, 0, 10, 0.5], "texture": "#3_1"},
				"up": {"uv": [8.5, 0, 10, 0.5], "rotation": 270, "texture": "#3_1"},
				"down": {"uv": [8.5, 0, 10, 0.5], "rotation": 90, "texture": "#3_1"}
			}
		},
		{
			"from": [4.07956, 8.3157, 7.82527],
			"to": [4.97656, 9.0333, 8.18407],
			"rotation": {"angle": 0, "axis": "x", "origin": [4.23564, 11.61666, 8.00467]},
			"faces": {
				"north": {"uv": [10, 0, 8.5, 1.5], "rotation": 90, "texture": "#3_1"},
				"east": {"uv": [7.5, 0, 8.5, 1], "texture": "#3_1"},
				"south": {"uv": [8.5, 0, 10, 1.5], "rotation": 270, "texture": "#3_1"},
				"west": {"uv": [7.5, 0, 8.5, 1], "rotation": 180, "texture": "#3_1"},
				"up": {"uv": [0, 0, 0, 0], "rotation": 270, "texture": "#3_1"},
				"down": {"uv": [7.5, 0, 8.5, 1], "rotation": 270, "texture": "#3_1"}
			}
		},
		{
			"from": [3.54136, 8.89875, 7.64587],
			"to": [5.15596, 9.88545, 8.36347],
			"rotation": {"angle": 0, "axis": "x", "origin": [4.23564, 11.61666, 8.00467]},
			"faces": {
				"north": {"uv": [8.5, 0, 7.5, 1.5], "rotation": 90, "texture": "#3_1"},
				"east": {"uv": [7.5, 0, 8.5, 1], "texture": "#3_1"},
				"south": {"uv": [7.5, 0, 8.5, 1.5], "rotation": 270, "texture": "#3_1"},
				"west": {"uv": [7.5, 0, 8.5, 1], "rotation": 180, "texture": "#3_1"},
				"up": {"uv": [7.5, 0, 8.5, 1.5], "rotation": 270, "texture": "#3_1"},
				"down": {"uv": [7.5, 0, 8.5, 1.5], "rotation": 270, "texture": "#3_1"}
			}
		},
		{
			"from": [3.67591, 9.0333, 5.31367],
			"to": [4.79716, 9.7509, 10.69567],
			"rotation": {"angle": 0, "axis": "x", "origin": [4.23564, 11.61666, 8.00467]},
			"faces": {
				"north": {"uv": [6.5, 9.5, 7.5, 11.5], "rotation": 90, "texture": "#3_1"},
				"east": {"uv": [0, 8.5, 7.5, 9.5], "texture": "#3_1"},
				"south": {"uv": [0, 9.5, 1, 11.5], "rotation": 270, "texture": "#3_1"},
				"west": {"uv": [0, 8.5, 7.5, 9.5], "rotation": 180, "texture": "#3_1"},
				"up": {"uv": [0, 0, 7.5, 2], "rotation": 270, "texture": "#3_1"},
				"down": {"uv": [0, 0, 7.5, 2], "rotation": 270, "texture": "#3_1"}
			}
		},
		{
			"from": [3.67591, 9.7509, 9.97807],
			"to": [4.79716, 13.6977, 10.69567],
			"rotation": {"angle": 0, "axis": "x", "origin": [4.23564, 11.61666, 8.00467]},
			"faces": {
				"north": {"uv": [1, 9.5, 6.5, 11.5], "rotation": 90, "texture": "#3_1"},
				"east": {"uv": [6.5, 3, 7.5, 8.5], "texture": "#3_1"},
				"south": {"uv": [1, 9.5, 6.5, 11.5], "rotation": 270, "texture": "#3_1"},
				"west": {"uv": [6.5, 3, 7.5, 8.5], "rotation": 180, "texture": "#3_1"},
				"up": {"uv": [0, 0, 0, 0], "rotation": 270, "texture": "#3_1"},
				"down": {"uv": [0, 0, 0, 0], "rotation": 270, "texture": "#3_1"}
			}
		},
		{
			"from": [3.67591, 13.6977, 5.31367],
			"to": [4.79716, 14.4153, 10.69567],
			"rotation": {"angle": 0, "axis": "x", "origin": [4.23564, 11.61666, 8.00467]},
			"faces": {
				"north": {"uv": [0, 9.5, 1, 11.5], "rotation": 90, "texture": "#3_1"},
				"east": {"uv": [0, 2, 7.5, 3], "texture": "#3_1"},
				"south": {"uv": [6.5, 9.5, 7.5, 11.5], "rotation": 270, "texture": "#3_1"},
				"west": {"uv": [0, 2, 7.5, 3], "rotation": 180, "texture": "#3_1"},
				"up": {"uv": [0, 9.5, 7.5, 11.5], "rotation": 270, "texture": "#3_1"},
				"down": {"uv": [0, 9.5, 7.5, 11.5], "rotation": 270, "texture": "#3_1"}
			}
		},
		{
			"from": [3.67591, 9.7509, 5.31367],
			"to": [4.79716, 13.6977, 6.03127],
			"rotation": {"angle": 0, "axis": "x", "origin": [4.23564, 11.61666, 8.00467]},
			"faces": {
				"north": {"uv": [1, 9.5, 6.5, 11.5], "rotation": 90, "texture": "#3_1"},
				"east": {"uv": [0, 3, 1, 8.5], "texture": "#3_1"},
				"south": {"uv": [1, 9.5, 6.5, 11.5], "rotation": 270, "texture": "#3_1"},
				"west": {"uv": [0, 3, 1, 8.5], "rotation": 180, "texture": "#3_1"},
				"up": {"uv": [0, 0, 0, 0], "rotation": 270, "texture": "#3_1"},
				"down": {"uv": [0, 0, 0, 0], "rotation": 270, "texture": "#3_1"}
			}
		},
		{
			"from": [4.03471, 8.89875, 5.67247],
			"to": [4.39351, 9.16785, 6.03127],
			"rotation": {"angle": 0, "axis": "x", "origin": [4.23564, 11.61666, 8.00467]},
			"faces": {
				"north": {"uv": [8.5, 0, 7.5, 1], "rotation": 90, "texture": "#3_1"},
				"east": {"uv": [8.5, 0, 7.5, 1], "texture": "#3_1"},
				"south": {"uv": [8.5, 0, 7.5, 1], "rotation": 270, "texture": "#3_1"},
				"west": {"uv": [8.5, 0, 7.5, 1], "rotation": 180, "texture": "#3_1"},
				"up": {"uv": [8.5, 0, 7.5, 1], "rotation": 270, "texture": "#3_1"},
				"down": {"uv": [8.5, 0, 7.5, 1], "rotation": 270, "texture": "#3_1"}
			}
		},
		{
			"from": [4.03471, 8.89875, 6.74887],
			"to": [4.39351, 9.16785, 7.10767],
			"rotation": {"angle": 0, "axis": "x", "origin": [4.23564, 11.61666, 8.00467]},
			"faces": {
				"north": {"uv": [8.5, 0, 7.5, 1], "rotation": 90, "texture": "#3_1"},
				"east": {"uv": [8.5, 0, 7.5, 1], "texture": "#3_1"},
				"south": {"uv": [8.5, 0, 7.5, 1], "rotation": 270, "texture": "#3_1"},
				"west": {"uv": [8.5, 0, 7.5, 1], "rotation": 180, "texture": "#3_1"},
				"up": {"uv": [8.5, 0, 7.5, 1], "rotation": 270, "texture": "#3_1"},
				"down": {"uv": [8.5, 0, 7.5, 1], "rotation": 270, "texture": "#3_1"}
			}
		},
		{
			"from": [4.03471, 8.89875, 8.90167],
			"to": [4.39351, 9.16785, 9.26047],
			"rotation": {"angle": 0, "axis": "x", "origin": [4.23564, 11.61666, 8.00467]},
			"faces": {
				"north": {"uv": [7.5, 0, 8.5, 1], "rotation": 90, "texture": "#3_1"},
				"east": {"uv": [7.5, 0, 8.5, 1], "texture": "#3_1"},
				"south": {"uv": [7.5, 0, 8.5, 1], "rotation": 270, "texture": "#3_1"},
				"west": {"uv": [7.5, 0, 8.5, 1], "rotation": 180, "texture": "#3_1"},
				"up": {"uv": [7.5, 0, 8.5, 1], "rotation": 270, "texture": "#3_1"},
				"down": {"uv": [7.5, 0, 8.5, 1], "rotation": 270, "texture": "#3_1"}
			}
		},
		{
			"from": [4.03471, 8.89875, 9.97807],
			"to": [4.39351, 9.16785, 10.33687],
			"rotation": {"angle": 0, "axis": "x", "origin": [4.23564, 11.61666, 8.00467]},
			"faces": {
				"north": {"uv": [7.5, 0, 8.5, 1], "rotation": 90, "texture": "#3_1"},
				"east": {"uv": [7.5, 0, 8.5, 1], "texture": "#3_1"},
				"south": {"uv": [7.5, 0, 8.5, 1], "rotation": 270, "texture": "#3_1"},
				"west": {"uv": [7.5, 0, 8.5, 1], "rotation": 180, "texture": "#3_1"},
				"up": {"uv": [7.5, 0, 8.5, 1], "rotation": 270, "texture": "#3_1"},
				"down": {"uv": [7.5, 0, 8.5, 1], "rotation": 270, "texture": "#3_1"}
			}
		},
		{
			"from": [4.03471, 14.28075, 5.67247],
			"to": [4.39351, 14.54985, 6.03127],
			"rotation": {"angle": 0, "axis": "x", "origin": [4.23564, 11.61666, 8.00467]},
			"faces": {
				"north": {"uv": [7.5, 0, 8.5, 1], "rotation": 90, "texture": "#3_1"},
				"east": {"uv": [8.5, 1, 7.5, 0], "texture": "#3_1"},
				"south": {"uv": [7.5, 0, 8.5, 1], "rotation": 270, "texture": "#3_1"},
				"west": {"uv": [8.5, 1, 7.5, 0], "rotation": 180, "texture": "#3_1"},
				"up": {"uv": [7.5, 0, 8.5, 1], "rotation": 270, "texture": "#3_1"},
				"down": {"uv": [7.5, 0, 8.5, 1], "rotation": 270, "texture": "#3_1"}
			}
		},
		{
			"from": [4.03471, 14.28075, 6.74887],
			"to": [4.39351, 14.54985, 7.10767],
			"rotation": {"angle": 0, "axis": "x", "origin": [4.23564, 11.61666, 8.00467]},
			"faces": {
				"north": {"uv": [7.5, 0, 8.5, 1], "rotation": 90, "texture": "#3_1"},
				"east": {"uv": [8.5, 1, 7.5, 0], "texture": "#3_1"},
				"south": {"uv": [7.5, 0, 8.5, 1], "rotation": 270, "texture": "#3_1"},
				"west": {"uv": [8.5, 1, 7.5, 0], "rotation": 180, "texture": "#3_1"},
				"up": {"uv": [7.5, 0, 8.5, 1], "rotation": 270, "texture": "#3_1"},
				"down": {"uv": [7.5, 0, 8.5, 1], "rotation": 270, "texture": "#3_1"}
			}
		},
		{
			"from": [4.03471, 14.28075, 8.90167],
			"to": [4.39351, 14.54985, 9.26047],
			"rotation": {"angle": 0, "axis": "x", "origin": [4.23564, 11.61666, 8.00467]},
			"faces": {
				"north": {"uv": [8.5, 0, 7.5, 1], "rotation": 90, "texture": "#3_1"},
				"east": {"uv": [7.5, 1, 8.5, 0], "texture": "#3_1"},
				"south": {"uv": [8.5, 0, 7.5, 1], "rotation": 270, "texture": "#3_1"},
				"west": {"uv": [7.5, 1, 8.5, 0], "rotation": 180, "texture": "#3_1"},
				"up": {"uv": [8.5, 0, 7.5, 1], "rotation": 270, "texture": "#3_1"},
				"down": {"uv": [8.5, 0, 7.5, 1], "rotation": 270, "texture": "#3_1"}
			}
		},
		{
			"from": [4.03471, 14.28075, 7.82527],
			"to": [4.39351, 14.54985, 8.18407],
			"rotation": {"angle": 0, "axis": "x", "origin": [4.23564, 11.61666, 8.00467]},
			"faces": {
				"north": {"uv": [8.5, 0, 7.5, 1], "rotation": 90, "texture": "#3_1"},
				"east": {"uv": [7.5, 1, 8.5, 0], "texture": "#3_1"},
				"south": {"uv": [8.5, 0, 7.5, 1], "rotation": 270, "texture": "#3_1"},
				"west": {"uv": [7.5, 1, 8.5, 0], "rotation": 180, "texture": "#3_1"},
				"up": {"uv": [8.5, 0, 7.5, 1], "rotation": 270, "texture": "#3_1"},
				"down": {"uv": [8.5, 0, 7.5, 1], "rotation": 270, "texture": "#3_1"}
			}
		},
		{
			"from": [4.03471, 14.28075, 9.97807],
			"to": [4.39351, 14.54985, 10.33687],
			"rotation": {"angle": 0, "axis": "x", "origin": [4.23564, 11.61666, 8.00467]},
			"faces": {
				"north": {"uv": [8.5, 0, 7.5, 1], "rotation": 90, "texture": "#3_1"},
				"east": {"uv": [7.5, 1, 8.5, 0], "texture": "#3_1"},
				"south": {"uv": [8.5, 0, 7.5, 1], "rotation": 270, "texture": "#3_1"},
				"west": {"uv": [7.5, 1, 8.5, 0], "rotation": 180, "texture": "#3_1"},
				"up": {"uv": [8.5, 0, 7.5, 1], "rotation": 270, "texture": "#3_1"},
				"down": {"uv": [8.5, 0, 7.5, 1], "rotation": 270, "texture": "#3_1"}
			}
		},
		{
			"from": [4.03471, 13.6977, 10.56112],
			"to": [4.39351, 14.0565, 10.83022],
			"rotation": {"angle": 0, "axis": "x", "origin": [4.23564, 11.61666, 8.00467]},
			"faces": {
				"north": {"uv": [7.5, 0, 8.5, 1], "rotation": 90, "texture": "#3_1"},
				"east": {"uv": [8.5, 1, 7.5, 0], "rotation": 270, "texture": "#3_1"},
				"south": {"uv": [7.5, 0, 8.5, 1], "rotation": 270, "texture": "#3_1"},
				"west": {"uv": [8.5, 1, 7.5, 0], "rotation": 270, "texture": "#3_1"},
				"up": {"uv": [7.5, 0, 8.5, 1], "rotation": 270, "texture": "#3_1"},
				"down": {"uv": [7.5, 0, 8.5, 1], "rotation": 270, "texture": "#3_1"}
			}
		},
		{
			"from": [4.03471, 12.6213, 10.56112],
			"to": [4.39351, 12.9801, 10.83022],
			"rotation": {"angle": 0, "axis": "x", "origin": [4.23564, 11.61666, 8.00467]},
			"faces": {
				"north": {"uv": [7.5, 0, 8.5, 1], "rotation": 90, "texture": "#3_1"},
				"east": {"uv": [8.5, 1, 7.5, 0], "rotation": 270, "texture": "#3_1"},
				"south": {"uv": [7.5, 0, 8.5, 1], "rotation": 270, "texture": "#3_1"},
				"west": {"uv": [8.5, 1, 7.5, 0], "rotation": 270, "texture": "#3_1"},
				"up": {"uv": [7.5, 0, 8.5, 1], "rotation": 270, "texture": "#3_1"},
				"down": {"uv": [7.5, 0, 8.5, 1], "rotation": 270, "texture": "#3_1"}
			}
		},
		{
			"from": [4.03471, 10.4685, 10.56112],
			"to": [4.39351, 10.8273, 10.83022],
			"rotation": {"angle": 0, "axis": "x", "origin": [4.23564, 11.61666, 8.00467]},
			"faces": {
				"north": {"uv": [8.5, 0, 7.5, 1], "rotation": 90, "texture": "#3_1"},
				"east": {"uv": [7.5, 1, 8.5, 0], "rotation": 270, "texture": "#3_1"},
				"south": {"uv": [8.5, 0, 7.5, 1], "rotation": 270, "texture": "#3_1"},
				"west": {"uv": [7.5, 1, 8.5, 0], "rotation": 270, "texture": "#3_1"},
				"up": {"uv": [8.5, 0, 7.5, 1], "rotation": 270, "texture": "#3_1"},
				"down": {"uv": [8.5, 0, 7.5, 1], "rotation": 270, "texture": "#3_1"}
			}
		},
		{
			"from": [4.03471, 11.5449, 10.56112],
			"to": [4.39351, 11.9037, 10.83022],
			"rotation": {"angle": 0, "axis": "x", "origin": [4.23564, 11.61666, 8.00467]},
			"faces": {
				"north": {"uv": [8.5, 0, 7.5, 1], "rotation": 90, "texture": "#3_1"},
				"east": {"uv": [7.5, 1, 8.5, 0], "rotation": 270, "texture": "#3_1"},
				"south": {"uv": [8.5, 0, 7.5, 1], "rotation": 270, "texture": "#3_1"},
				"west": {"uv": [7.5, 1, 8.5, 0], "rotation": 270, "texture": "#3_1"},
				"up": {"uv": [8.5, 0, 7.5, 1], "rotation": 270, "texture": "#3_1"},
				"down": {"uv": [8.5, 0, 7.5, 1], "rotation": 270, "texture": "#3_1"}
			}
		},
		{
			"from": [4.03471, 9.3921, 10.56112],
			"to": [4.39351, 9.7509, 10.83022],
			"rotation": {"angle": 0, "axis": "x", "origin": [4.23564, 11.61666, 8.00467]},
			"faces": {
				"north": {"uv": [8.5, 0, 7.5, 1], "rotation": 90, "texture": "#3_1"},
				"east": {"uv": [7.5, 1, 8.5, 0], "rotation": 270, "texture": "#3_1"},
				"south": {"uv": [8.5, 0, 7.5, 1], "rotation": 270, "texture": "#3_1"},
				"west": {"uv": [7.5, 1, 8.5, 0], "rotation": 270, "texture": "#3_1"},
				"up": {"uv": [8.5, 0, 7.5, 1], "rotation": 270, "texture": "#3_1"},
				"down": {"uv": [8.5, 0, 7.5, 1], "rotation": 270, "texture": "#3_1"}
			}
		},
		{
			"from": [4.03471, 13.6977, 5.17912],
			"to": [4.39351, 14.0565, 5.44822],
			"rotation": {"angle": 0, "axis": "x", "origin": [4.23564, 11.61666, 8.00467]},
			"faces": {
				"north": {"uv": [7.5, 0, 8.5, 1], "rotation": 90, "texture": "#3_1"},
				"east": {"uv": [8.5, 1, 7.5, 0], "rotation": 270, "texture": "#3_1"},
				"south": {"uv": [7.5, 0, 8.5, 1], "rotation": 270, "texture": "#3_1"},
				"west": {"uv": [8.5, 1, 7.5, 0], "rotation": 270, "texture": "#3_1"},
				"up": {"uv": [7.5, 0, 8.5, 1], "rotation": 270, "texture": "#3_1"},
				"down": {"uv": [7.5, 0, 8.5, 1], "rotation": 270, "texture": "#3_1"}
			}
		},
		{
			"from": [4.03471, 12.6213, 5.17912],
			"to": [4.39351, 12.9801, 5.44822],
			"rotation": {"angle": 0, "axis": "x", "origin": [4.23564, 11.61666, 8.00467]},
			"faces": {
				"north": {"uv": [7.5, 0, 8.5, 1], "rotation": 90, "texture": "#3_1"},
				"east": {"uv": [8.5, 1, 7.5, 0], "rotation": 270, "texture": "#3_1"},
				"south": {"uv": [7.5, 0, 8.5, 1], "rotation": 270, "texture": "#3_1"},
				"west": {"uv": [8.5, 1, 7.5, 0], "rotation": 270, "texture": "#3_1"},
				"up": {"uv": [7.5, 0, 8.5, 1], "rotation": 270, "texture": "#3_1"},
				"down": {"uv": [7.5, 0, 8.5, 1], "rotation": 270, "texture": "#3_1"}
			}
		},
		{
			"from": [4.03471, 10.4685, 5.17912],
			"to": [4.39351, 10.8273, 5.44822],
			"rotation": {"angle": 0, "axis": "x", "origin": [4.23564, 11.61666, 8.00467]},
			"faces": {
				"north": {"uv": [8.5, 0, 7.5, 1], "rotation": 90, "texture": "#3_1"},
				"east": {"uv": [7.5, 1, 8.5, 0], "rotation": 270, "texture": "#3_1"},
				"south": {"uv": [8.5, 0, 7.5, 1], "rotation": 270, "texture": "#3_1"},
				"west": {"uv": [7.5, 1, 8.5, 0], "rotation": 270, "texture": "#3_1"},
				"up": {"uv": [8.5, 0, 7.5, 1], "rotation": 270, "texture": "#3_1"},
				"down": {"uv": [8.5, 0, 7.5, 1], "rotation": 270, "texture": "#3_1"}
			}
		},
		{
			"from": [4.03471, 11.5449, 5.17912],
			"to": [4.39351, 11.9037, 5.44822],
			"rotation": {"angle": 0, "axis": "x", "origin": [4.23564, 11.61666, 8.00467]},
			"faces": {
				"north": {"uv": [8.5, 0, 7.5, 1], "rotation": 90, "texture": "#3_1"},
				"east": {"uv": [7.5, 1, 8.5, 0], "rotation": 270, "texture": "#3_1"},
				"south": {"uv": [8.5, 0, 7.5, 1], "rotation": 270, "texture": "#3_1"},
				"west": {"uv": [7.5, 1, 8.5, 0], "rotation": 270, "texture": "#3_1"},
				"up": {"uv": [8.5, 0, 7.5, 1], "rotation": 270, "texture": "#3_1"},
				"down": {"uv": [8.5, 0, 7.5, 1], "rotation": 270, "texture": "#3_1"}
			}
		},
		{
			"from": [4.03471, 9.3921, 5.17912],
			"to": [4.39351, 9.7509, 5.44822],
			"rotation": {"angle": 0, "axis": "x", "origin": [4.23564, 11.61666, 8.00467]},
			"faces": {
				"north": {"uv": [8.5, 0, 7.5, 1], "rotation": 90, "texture": "#3_1"},
				"east": {"uv": [7.5, 1, 8.5, 0], "rotation": 270, "texture": "#3_1"},
				"south": {"uv": [8.5, 0, 7.5, 1], "rotation": 270, "texture": "#3_1"},
				"west": {"uv": [7.5, 1, 8.5, 0], "rotation": 270, "texture": "#3_1"},
				"up": {"uv": [8.5, 0, 7.5, 1], "rotation": 270, "texture": "#3_1"},
				"down": {"uv": [8.5, 0, 7.5, 1], "rotation": 270, "texture": "#3_1"}
			}
		},
		{
			"from": [9.41444, 4.29575, 8.14145],
			"to": [9.72301, 4.67428, 8.37288],
			"rotation": {"angle": 0, "axis": "z", "origin": [9.56873, 4.24372, 7.75574]},
			"faces": {
				"north": {"uv": [9.5, 0.5, 10, 1.5], "texture": "#4_1"},
				"east": {"uv": [8.5, 0.5, 9, 1.5], "texture": "#4_1"},
				"south": {"uv": [9.5, 0.5, 10, 1.5], "texture": "#4_1"},
				"west": {"uv": [8.5, 0.5, 9, 1.5], "texture": "#4_1"},
				"up": {"uv": [0, 0, 0.25, 0.1875], "texture": "#4_1"},
				"down": {"uv": [0, 0, 0.25, 0.1875], "rotation": 180, "texture": "#4_1"}
			}
		},
		{
			"from": [9.41444, 3.49562, 7.39694],
			"to": [9.72301, 4.29575, 8.73168],
			"rotation": {"angle": 0, "axis": "y", "origin": [9.64408, 3.71628, 8.16477]},
			"faces": {
				"north": {"uv": [7.5, 1, 8, 2.5], "texture": "#4_1"},
				"east": {"uv": [7.5, 0, 9, 2.5], "rotation": 90, "texture": "#4_1"},
				"south": {"uv": [7.5, 1, 8, 2.5], "texture": "#4_1"},
				"west": {"uv": [7.5, 0, 9, 2.5], "rotation": 90, "texture": "#4_1"},
				"up": {"uv": [7.5, 0, 8, 2.5], "rotation": 180, "texture": "#4_1"},
				"down": {"uv": [7.5, 0, 8, 2.5], "texture": "#4_1"}
			}
		},
		{
			"from": [9.42565, 3.94412, 6.90359],
			"to": [9.7118, 4.56485, 7.52073],
			"rotation": {"angle": 45, "axis": "x", "origin": [9.56873, 4.16478, 7.12246]},
			"faces": {
				"north": {"uv": [7.5, 1, 8, 2.5], "texture": "#4_1"},
				"east": {"uv": [7.5, 0, 9, 1.5], "rotation": 270, "texture": "#4_1"},
				"south": {"uv": [7.5, 1, 8, 2.5], "texture": "#4_1"},
				"west": {"uv": [7.5, 0, 9, 1.5], "rotation": 90, "texture": "#4_1"},
				"up": {"uv": [7.5, 0, 8, 2.5], "rotation": 180, "texture": "#4_1"},
				"down": {"uv": [7.5, 0, 8, 2.5], "texture": "#4_1"}
			}
		},
		{
			"from": [9.42565, 3.94412, 8.60789],
			"to": [9.7118, 4.56485, 9.22503],
			"rotation": {"angle": -45, "axis": "x", "origin": [9.56873, 4.16478, 9.00616]},
			"faces": {
				"north": {"uv": [8, 1, 7.5, 2.5], "texture": "#4_1"},
				"east": {"uv": [9, 0, 7.5, 1.5], "rotation": 90, "texture": "#4_1"},
				"south": {"uv": [8, 1, 7.5, 2.5], "texture": "#4_1"},
				"west": {"uv": [9, 0, 7.5, 1.5], "rotation": 180, "texture": "#4_1"},
				"up": {"uv": [7.5, 2.5, 8, 0], "rotation": 180, "texture": "#4_1"},
				"down": {"uv": [7.5, 2.5, 8, 0], "texture": "#4_1"}
			}
		},
		{
			"from": [9.42005, 3.40592, 6.90359],
			"to": [9.71741, 4.02665, 7.52073],
			"rotation": {"angle": 45, "axis": "x", "origin": [9.56873, 3.62658, 7.12246]},
			"faces": {
				"north": {"uv": [7.5, 1, 8, 2.5], "texture": "#4_1"},
				"east": {"uv": [7.5, 0, 9, 1.5], "rotation": 270, "texture": "#4_1"},
				"south": {"uv": [7.5, 1, 8, 2.5], "texture": "#4_1"},
				"west": {"uv": [7.5, 0, 9, 1.5], "rotation": 90, "texture": "#4_1"},
				"up": {"uv": [7.5, 0, 8, 2.5], "rotation": 180, "texture": "#4_1"},
				"down": {"uv": [7.5, 0, 8, 2.5], "texture": "#4_1"}
			}
		},
		{
			"from": [9.42005, 3.40592, 8.60789],
			"to": [9.71741, 4.02665, 9.22503],
			"rotation": {"angle": -45, "axis": "x", "origin": [9.56873, 3.62658, 9.00616]},
			"faces": {
				"north": {"uv": [8, 1, 7.5, 2.5], "texture": "#4_1"},
				"east": {"uv": [9, 0, 7.5, 1.5], "rotation": 90, "texture": "#4_1"},
				"south": {"uv": [8, 1, 7.5, 2.5], "texture": "#4_1"},
				"west": {"uv": [9, 0, 7.5, 1.5], "rotation": 180, "texture": "#4_1"},
				"up": {"uv": [7.5, 2.5, 8, 0], "rotation": 180, "texture": "#4_1"},
				"down": {"uv": [7.5, 2.5, 8, 0], "texture": "#4_1"}
			}
		},
		{
			"from": [9.41444, 4.29575, 7.75574],
			"to": [9.72301, 4.67428, 7.98717],
			"rotation": {"angle": 0, "axis": "z", "origin": [9.56873, 4.24372, 8.37288]},
			"faces": {
				"north": {"uv": [9.5, 0.5, 10, 1.5], "texture": "#4_1"},
				"east": {"uv": [9.5, 0.5, 10, 1.5], "texture": "#4_1"},
				"south": {"uv": [9.5, 0.5, 10, 1.5], "texture": "#4_1"},
				"west": {"uv": [9.5, 0.5, 10, 1.5], "texture": "#4_1"},
				"up": {"uv": [0, 0, 0.25, 0.1875], "texture": "#4_1"},
				"down": {"uv": [0, 0, 0.25, 0.1875], "rotation": 180, "texture": "#4_1"}
			}
		},
		{
			"from": [9.41444, 4.67428, 7.75574],
			"to": [9.72301, 4.90571, 8.37288],
			"rotation": {"angle": 0, "axis": "y", "origin": [9.56873, 4.59714, 8.06431]},
			"faces": {
				"north": {"uv": [9.5, 0, 10, 0.5], "texture": "#4_1"},
				"east": {"uv": [8.5, 0, 10, 0.5], "texture": "#4_1"},
				"south": {"uv": [8.5, 0, 9, 0.5], "texture": "#4_1"},
				"west": {"uv": [8.5, 0, 10, 0.5], "texture": "#4_1"},
				"up": {"uv": [8.5, 0, 10, 0.5], "rotation": 90, "texture": "#4_1"},
				"down": {"uv": [8.5, 0, 10, 0.5], "rotation": 270, "texture": "#4_1"}
			}
		},
		{
			"from": [9.07089, 4.5182, 7.88491],
			"to": [9.96789, 5.2358, 8.24371],
			"rotation": {"angle": 0, "axis": "x", "origin": [9.81181, 7.81916, 8.06431]},
			"faces": {
				"north": {"uv": [8.5, 0, 10, 1.5], "rotation": 270, "texture": "#4_1"},
				"east": {"uv": [7.5, 0, 8.5, 1], "rotation": 180, "texture": "#4_1"},
				"south": {"uv": [10, 0, 8.5, 1.5], "rotation": 90, "texture": "#4_1"},
				"west": {"uv": [7.5, 0, 8.5, 1], "texture": "#4_1"},
				"up": {"uv": [0, 0, 0, 0], "rotation": 90, "texture": "#4_1"},
				"down": {"uv": [7.5, 0, 8.5, 1], "rotation": 90, "texture": "#4_1"}
			}
		},
		{
			"from": [8.89149, 5.10125, 7.70551],
			"to": [10.50609, 6.08795, 8.42311],
			"rotation": {"angle": 0, "axis": "x", "origin": [9.81181, 7.81916, 8.06431]},
			"faces": {
				"north": {"uv": [7.5, 0, 8.5, 1.5], "rotation": 270, "texture": "#4_1"},
				"east": {"uv": [7.5, 0, 8.5, 1], "rotation": 180, "texture": "#4_1"},
				"south": {"uv": [8.5, 0, 7.5, 1.5], "rotation": 90, "texture": "#4_1"},
				"west": {"uv": [7.5, 0, 8.5, 1], "texture": "#4_1"},
				"up": {"uv": [7.5, 0, 8.5, 1.5], "rotation": 90, "texture": "#4_1"},
				"down": {"uv": [7.5, 0, 8.5, 1.5], "rotation": 90, "texture": "#4_1"}
			}
		},
		{
			"from": [9.25029, 5.2358, 5.37331],
			"to": [10.37154, 5.9534, 10.75531],
			"rotation": {"angle": 0, "axis": "x", "origin": [9.81181, 7.81916, 8.06431]},
			"faces": {
				"north": {"uv": [0, 9.5, 1, 11.5], "rotation": 270, "texture": "#4_1"},
				"east": {"uv": [0, 8.5, 7.5, 9.5], "rotation": 180, "texture": "#4_1"},
				"south": {"uv": [6.5, 9.5, 7.5, 11.5], "rotation": 90, "texture": "#4_1"},
				"west": {"uv": [0, 8.5, 7.5, 9.5], "texture": "#4_1"},
				"up": {"uv": [0, 0, 7.5, 2], "rotation": 90, "texture": "#4_1"},
				"down": {"uv": [0, 0, 7.5, 2], "rotation": 90, "texture": "#4_1"}
			}
		},
		{
			"from": [9.25029, 5.9534, 5.37331],
			"to": [10.37154, 9.9002, 6.09091],
			"rotation": {"angle": 0, "axis": "x", "origin": [9.81181, 7.81916, 8.06431]},
			"faces": {
				"north": {"uv": [1, 9.5, 6.5, 11.5], "rotation": 270, "texture": "#4_1"},
				"east": {"uv": [6.5, 3, 7.5, 8.5], "rotation": 180, "texture": "#4_1"},
				"south": {"uv": [1, 9.5, 6.5, 11.5], "rotation": 90, "texture": "#4_1"},
				"west": {"uv": [6.5, 3, 7.5, 8.5], "texture": "#4_1"},
				"up": {"uv": [0, 0, 0, 0], "rotation": 90, "texture": "#4_1"},
				"down": {"uv": [0, 0, 0, 0], "rotation": 90, "texture": "#4_1"}
			}
		},
		{
			"from": [9.25029, 9.9002, 5.37331],
			"to": [10.37154, 10.6178, 10.75531],
			"rotation": {"angle": 0, "axis": "x", "origin": [9.81181, 7.81916, 8.06431]},
			"faces": {
				"north": {"uv": [6.5, 9.5, 7.5, 11.5], "rotation": 270, "texture": "#4_1"},
				"east": {"uv": [0, 2, 7.5, 3], "rotation": 180, "texture": "#4_1"},
				"south": {"uv": [0, 9.5, 1, 11.5], "rotation": 90, "texture": "#4_1"},
				"west": {"uv": [0, 2, 7.5, 3], "texture": "#4_1"},
				"up": {"uv": [0, 9.5, 7.5, 11.5], "rotation": 90, "texture": "#4_1"},
				"down": {"uv": [0, 9.5, 7.5, 11.5], "rotation": 90, "texture": "#4_1"}
			}
		},
		{
			"from": [9.25029, 5.9534, 10.03771],
			"to": [10.37154, 9.9002, 10.75531],
			"rotation": {"angle": 0, "axis": "x", "origin": [9.81181, 7.81916, 8.06431]},
			"faces": {
				"north": {"uv": [1, 9.5, 6.5, 11.5], "rotation": 270, "texture": "#4_1"},
				"east": {"uv": [0, 3, 1, 8.5], "rotation": 180, "texture": "#4_1"},
				"south": {"uv": [1, 9.5, 6.5, 11.5], "rotation": 90, "texture": "#4_1"},
				"west": {"uv": [0, 3, 1, 8.5], "texture": "#4_1"},
				"up": {"uv": [0, 0, 0, 0], "rotation": 90, "texture": "#4_1"},
				"down": {"uv": [0, 0, 0, 0], "rotation": 90, "texture": "#4_1"}
			}
		},
		{
			"from": [9.65394, 5.10125, 10.03771],
			"to": [10.01274, 5.37035, 10.39651],
			"rotation": {"angle": 0, "axis": "x", "origin": [9.81181, 7.81916, 8.06431]},
			"faces": {
				"north": {"uv": [8.5, 0, 7.5, 1], "rotation": 270, "texture": "#4_1"},
				"east": {"uv": [8.5, 0, 7.5, 1], "rotation": 180, "texture": "#4_1"},
				"south": {"uv": [8.5, 0, 7.5, 1], "rotation": 90, "texture": "#4_1"},
				"west": {"uv": [8.5, 0, 7.5, 1], "texture": "#4_1"},
				"up": {"uv": [8.5, 0, 7.5, 1], "rotation": 90, "texture": "#4_1"},
				"down": {"uv": [8.5, 0, 7.5, 1], "rotation": 90, "texture": "#4_1"}
			}
		},
		{
			"from": [9.65394, 5.10125, 8.96131],
			"to": [10.01274, 5.37035, 9.32011],
			"rotation": {"angle": 0, "axis": "x", "origin": [9.81181, 7.81916, 8.06431]},
			"faces": {
				"north": {"uv": [8.5, 0, 7.5, 1], "rotation": 270, "texture": "#4_1"},
				"east": {"uv": [8.5, 0, 7.5, 1], "rotation": 180, "texture": "#4_1"},
				"south": {"uv": [8.5, 0, 7.5, 1], "rotation": 90, "texture": "#4_1"},
				"west": {"uv": [8.5, 0, 7.5, 1], "texture": "#4_1"},
				"up": {"uv": [8.5, 0, 7.5, 1], "rotation": 90, "texture": "#4_1"},
				"down": {"uv": [8.5, 0, 7.5, 1], "rotation": 90, "texture": "#4_1"}
			}
		},
		{
			"from": [9.65394, 5.10125, 6.80851],
			"to": [10.01274, 5.37035, 7.16731],
			"rotation": {"angle": 0, "axis": "x", "origin": [9.81181, 7.81916, 8.06431]},
			"faces": {
				"north": {"uv": [7.5, 0, 8.5, 1], "rotation": 270, "texture": "#4_1"},
				"east": {"uv": [7.5, 0, 8.5, 1], "rotation": 180, "texture": "#4_1"},
				"south": {"uv": [7.5, 0, 8.5, 1], "rotation": 90, "texture": "#4_1"},
				"west": {"uv": [7.5, 0, 8.5, 1], "texture": "#4_1"},
				"up": {"uv": [7.5, 0, 8.5, 1], "rotation": 90, "texture": "#4_1"},
				"down": {"uv": [7.5, 0, 8.5, 1], "rotation": 90, "texture": "#4_1"}
			}
		},
		{
			"from": [9.65394, 5.10125, 5.73211],
			"to": [10.01274, 5.37035, 6.09091],
			"rotation": {"angle": 0, "axis": "x", "origin": [9.81181, 7.81916, 8.06431]},
			"faces": {
				"north": {"uv": [7.5, 0, 8.5, 1], "rotation": 270, "texture": "#4_1"},
				"east": {"uv": [7.5, 0, 8.5, 1], "rotation": 180, "texture": "#4_1"},
				"south": {"uv": [7.5, 0, 8.5, 1], "rotation": 90, "texture": "#4_1"},
				"west": {"uv": [7.5, 0, 8.5, 1], "texture": "#4_1"},
				"up": {"uv": [7.5, 0, 8.5, 1], "rotation": 90, "texture": "#4_1"},
				"down": {"uv": [7.5, 0, 8.5, 1], "rotation": 90, "texture": "#4_1"}
			}
		},
		{
			"from": [9.65394, 10.48325, 10.03771],
			"to": [10.01274, 10.75235, 10.39651],
			"rotation": {"angle": 0, "axis": "x", "origin": [9.81181, 7.81916, 8.06431]},
			"faces": {
				"north": {"uv": [7.5, 0, 8.5, 1], "rotation": 270, "texture": "#4_1"},
				"east": {"uv": [8.5, 1, 7.5, 0], "rotation": 180, "texture": "#4_1"},
				"south": {"uv": [7.5, 0, 8.5, 1], "rotation": 90, "texture": "#4_1"},
				"west": {"uv": [8.5, 1, 7.5, 0], "texture": "#4_1"},
				"up": {"uv": [7.5, 0, 8.5, 1], "rotation": 90, "texture": "#4_1"},
				"down": {"uv": [7.5, 0, 8.5, 1], "rotation": 90, "texture": "#4_1"}
			}
		},
		{
			"from": [9.65394, 10.48325, 8.96131],
			"to": [10.01274, 10.75235, 9.32011],
			"rotation": {"angle": 0, "axis": "x", "origin": [9.81181, 7.81916, 8.06431]},
			"faces": {
				"north": {"uv": [7.5, 0, 8.5, 1], "rotation": 270, "texture": "#4_1"},
				"east": {"uv": [8.5, 1, 7.5, 0], "rotation": 180, "texture": "#4_1"},
				"south": {"uv": [7.5, 0, 8.5, 1], "rotation": 90, "texture": "#4_1"},
				"west": {"uv": [8.5, 1, 7.5, 0], "texture": "#4_1"},
				"up": {"uv": [7.5, 0, 8.5, 1], "rotation": 90, "texture": "#4_1"},
				"down": {"uv": [7.5, 0, 8.5, 1], "rotation": 90, "texture": "#4_1"}
			}
		},
		{
			"from": [9.65394, 10.48325, 6.80851],
			"to": [10.01274, 10.75235, 7.16731],
			"rotation": {"angle": 0, "axis": "x", "origin": [9.81181, 7.81916, 8.06431]},
			"faces": {
				"north": {"uv": [8.5, 0, 7.5, 1], "rotation": 270, "texture": "#4_1"},
				"east": {"uv": [7.5, 1, 8.5, 0], "rotation": 180, "texture": "#4_1"},
				"south": {"uv": [8.5, 0, 7.5, 1], "rotation": 90, "texture": "#4_1"},
				"west": {"uv": [7.5, 1, 8.5, 0], "texture": "#4_1"},
				"up": {"uv": [8.5, 0, 7.5, 1], "rotation": 90, "texture": "#4_1"},
				"down": {"uv": [8.5, 0, 7.5, 1], "rotation": 90, "texture": "#4_1"}
			}
		},
		{
			"from": [9.65394, 10.48325, 7.88491],
			"to": [10.01274, 10.75235, 8.24371],
			"rotation": {"angle": 0, "axis": "x", "origin": [9.81181, 7.81916, 8.06431]},
			"faces": {
				"north": {"uv": [8.5, 0, 7.5, 1], "rotation": 270, "texture": "#4_1"},
				"east": {"uv": [7.5, 1, 8.5, 0], "rotation": 180, "texture": "#4_1"},
				"south": {"uv": [8.5, 0, 7.5, 1], "rotation": 90, "texture": "#4_1"},
				"west": {"uv": [7.5, 1, 8.5, 0], "texture": "#4_1"},
				"up": {"uv": [8.5, 0, 7.5, 1], "rotation": 90, "texture": "#4_1"},
				"down": {"uv": [8.5, 0, 7.5, 1], "rotation": 90, "texture": "#4_1"}
			}
		},
		{
			"from": [9.65394, 10.48325, 5.73211],
			"to": [10.01274, 10.75235, 6.09091],
			"rotation": {"angle": 0, "axis": "x", "origin": [9.81181, 7.81916, 8.06431]},
			"faces": {
				"north": {"uv": [8.5, 0, 7.5, 1], "rotation": 270, "texture": "#4_1"},
				"east": {"uv": [7.5, 1, 8.5, 0], "rotation": 180, "texture": "#4_1"},
				"south": {"uv": [8.5, 0, 7.5, 1], "rotation": 90, "texture": "#4_1"},
				"west": {"uv": [7.5, 1, 8.5, 0], "texture": "#4_1"},
				"up": {"uv": [8.5, 0, 7.5, 1], "rotation": 90, "texture": "#4_1"},
				"down": {"uv": [8.5, 0, 7.5, 1], "rotation": 90, "texture": "#4_1"}
			}
		},
		{
			"from": [9.65394, 9.9002, 5.23876],
			"to": [10.01274, 10.259, 5.50786],
			"rotation": {"angle": 0, "axis": "x", "origin": [9.81181, 7.81916, 8.06431]},
			"faces": {
				"north": {"uv": [7.5, 0, 8.5, 1], "rotation": 270, "texture": "#4_1"},
				"east": {"uv": [8.5, 1, 7.5, 0], "rotation": 270, "texture": "#4_1"},
				"south": {"uv": [7.5, 0, 8.5, 1], "rotation": 90, "texture": "#4_1"},
				"west": {"uv": [8.5, 1, 7.5, 0], "rotation": 270, "texture": "#4_1"},
				"up": {"uv": [7.5, 0, 8.5, 1], "rotation": 90, "texture": "#4_1"},
				"down": {"uv": [7.5, 0, 8.5, 1], "rotation": 90, "texture": "#4_1"}
			}
		},
		{
			"from": [9.65394, 8.8238, 5.23876],
			"to": [10.01274, 9.1826, 5.50786],
			"rotation": {"angle": 0, "axis": "x", "origin": [9.81181, 7.81916, 8.06431]},
			"faces": {
				"north": {"uv": [7.5, 0, 8.5, 1], "rotation": 270, "texture": "#4_1"},
				"east": {"uv": [8.5, 1, 7.5, 0], "rotation": 270, "texture": "#4_1"},
				"south": {"uv": [7.5, 0, 8.5, 1], "rotation": 90, "texture": "#4_1"},
				"west": {"uv": [8.5, 1, 7.5, 0], "rotation": 270, "texture": "#4_1"},
				"up": {"uv": [7.5, 0, 8.5, 1], "rotation": 90, "texture": "#4_1"},
				"down": {"uv": [7.5, 0, 8.5, 1], "rotation": 90, "texture": "#4_1"}
			}
		},
		{
			"from": [9.65394, 6.671, 5.23876],
			"to": [10.01274, 7.0298, 5.50786],
			"rotation": {"angle": 0, "axis": "x", "origin": [9.81181, 7.81916, 8.06431]},
			"faces": {
				"north": {"uv": [8.5, 0, 7.5, 1], "rotation": 270, "texture": "#4_1"},
				"east": {"uv": [7.5, 1, 8.5, 0], "rotation": 270, "texture": "#4_1"},
				"south": {"uv": [8.5, 0, 7.5, 1], "rotation": 90, "texture": "#4_1"},
				"west": {"uv": [7.5, 1, 8.5, 0], "rotation": 270, "texture": "#4_1"},
				"up": {"uv": [8.5, 0, 7.5, 1], "rotation": 90, "texture": "#4_1"},
				"down": {"uv": [8.5, 0, 7.5, 1], "rotation": 90, "texture": "#4_1"}
			}
		},
		{
			"from": [9.65394, 7.7474, 5.23876],
			"to": [10.01274, 8.1062, 5.50786],
			"rotation": {"angle": 0, "axis": "x", "origin": [9.81181, 7.81916, 8.06431]},
			"faces": {
				"north": {"uv": [8.5, 0, 7.5, 1], "rotation": 270, "texture": "#4_1"},
				"east": {"uv": [7.5, 1, 8.5, 0], "rotation": 270, "texture": "#4_1"},
				"south": {"uv": [8.5, 0, 7.5, 1], "rotation": 90, "texture": "#4_1"},
				"west": {"uv": [7.5, 1, 8.5, 0], "rotation": 270, "texture": "#4_1"},
				"up": {"uv": [8.5, 0, 7.5, 1], "rotation": 90, "texture": "#4_1"},
				"down": {"uv": [8.5, 0, 7.5, 1], "rotation": 90, "texture": "#4_1"}
			}
		},
		{
			"from": [9.65394, 5.5946, 5.23876],
			"to": [10.01274, 5.9534, 5.50786],
			"rotation": {"angle": 0, "axis": "x", "origin": [9.81181, 7.81916, 8.06431]},
			"faces": {
				"north": {"uv": [8.5, 0, 7.5, 1], "rotation": 270, "texture": "#4_1"},
				"east": {"uv": [7.5, 1, 8.5, 0], "rotation": 270, "texture": "#4_1"},
				"south": {"uv": [8.5, 0, 7.5, 1], "rotation": 90, "texture": "#4_1"},
				"west": {"uv": [7.5, 1, 8.5, 0], "rotation": 270, "texture": "#4_1"},
				"up": {"uv": [8.5, 0, 7.5, 1], "rotation": 90, "texture": "#4_1"},
				"down": {"uv": [8.5, 0, 7.5, 1], "rotation": 90, "texture": "#4_1"}
			}
		},
		{
			"from": [9.65394, 9.9002, 10.62076],
			"to": [10.01274, 10.259, 10.88986],
			"rotation": {"angle": 0, "axis": "x", "origin": [9.81181, 7.81916, 8.06431]},
			"faces": {
				"north": {"uv": [7.5, 0, 8.5, 1], "rotation": 270, "texture": "#4_1"},
				"east": {"uv": [8.5, 1, 7.5, 0], "rotation": 270, "texture": "#4_1"},
				"south": {"uv": [7.5, 0, 8.5, 1], "rotation": 90, "texture": "#4_1"},
				"west": {"uv": [8.5, 1, 7.5, 0], "rotation": 270, "texture": "#4_1"},
				"up": {"uv": [7.5, 0, 8.5, 1], "rotation": 90, "texture": "#4_1"},
				"down": {"uv": [7.5, 0, 8.5, 1], "rotation": 90, "texture": "#4_1"}
			}
		},
		{
			"from": [9.65394, 8.8238, 10.62076],
			"to": [10.01274, 9.1826, 10.88986],
			"rotation": {"angle": 0, "axis": "x", "origin": [9.81181, 7.81916, 8.06431]},
			"faces": {
				"north": {"uv": [7.5, 0, 8.5, 1], "rotation": 270, "texture": "#4_1"},
				"east": {"uv": [8.5, 1, 7.5, 0], "rotation": 270, "texture": "#4_1"},
				"south": {"uv": [7.5, 0, 8.5, 1], "rotation": 90, "texture": "#4_1"},
				"west": {"uv": [8.5, 1, 7.5, 0], "rotation": 270, "texture": "#4_1"},
				"up": {"uv": [7.5, 0, 8.5, 1], "rotation": 90, "texture": "#4_1"},
				"down": {"uv": [7.5, 0, 8.5, 1], "rotation": 90, "texture": "#4_1"}
			}
		},
		{
			"from": [9.65394, 6.671, 10.62076],
			"to": [10.01274, 7.0298, 10.88986],
			"rotation": {"angle": 0, "axis": "x", "origin": [9.81181, 7.81916, 8.06431]},
			"faces": {
				"north": {"uv": [8.5, 0, 7.5, 1], "rotation": 270, "texture": "#4_1"},
				"east": {"uv": [7.5, 1, 8.5, 0], "rotation": 270, "texture": "#4_1"},
				"south": {"uv": [8.5, 0, 7.5, 1], "rotation": 90, "texture": "#4_1"},
				"west": {"uv": [7.5, 1, 8.5, 0], "rotation": 270, "texture": "#4_1"},
				"up": {"uv": [8.5, 0, 7.5, 1], "rotation": 90, "texture": "#4_1"},
				"down": {"uv": [8.5, 0, 7.5, 1], "rotation": 90, "texture": "#4_1"}
			}
		},
		{
			"from": [9.65394, 7.7474, 10.62076],
			"to": [10.01274, 8.1062, 10.88986],
			"rotation": {"angle": 0, "axis": "x", "origin": [9.81181, 7.81916, 8.06431]},
			"faces": {
				"north": {"uv": [8.5, 0, 7.5, 1], "rotation": 270, "texture": "#4_1"},
				"east": {"uv": [7.5, 1, 8.5, 0], "rotation": 270, "texture": "#4_1"},
				"south": {"uv": [8.5, 0, 7.5, 1], "rotation": 90, "texture": "#4_1"},
				"west": {"uv": [7.5, 1, 8.5, 0], "rotation": 270, "texture": "#4_1"},
				"up": {"uv": [8.5, 0, 7.5, 1], "rotation": 90, "texture": "#4_1"},
				"down": {"uv": [8.5, 0, 7.5, 1], "rotation": 90, "texture": "#4_1"}
			}
		},
		{
			"from": [9.65394, 5.5946, 10.62076],
			"to": [10.01274, 5.9534, 10.88986],
			"rotation": {"angle": 0, "axis": "x", "origin": [9.81181, 7.81916, 8.06431]},
			"faces": {
				"north": {"uv": [8.5, 0, 7.5, 1], "rotation": 270, "texture": "#4_1"},
				"east": {"uv": [7.5, 1, 8.5, 0], "rotation": 270, "texture": "#4_1"},
				"south": {"uv": [8.5, 0, 7.5, 1], "rotation": 90, "texture": "#4_1"},
				"west": {"uv": [7.5, 1, 8.5, 0], "rotation": 270, "texture": "#4_1"},
				"up": {"uv": [8.5, 0, 7.5, 1], "rotation": 90, "texture": "#4_1"},
				"down": {"uv": [8.5, 0, 7.5, 1], "rotation": 90, "texture": "#4_1"}
			}
		},
		{
			"from": [7.5, 2.25, 7.5],
			"to": [8.5, 13.25, 8.5],
			"rotation": {"angle": 0, "axis": "y", "origin": [8, 9.91667, 8]},
			"faces": {
				"north": {"uv": [0, 9, 16, 11], "rotation": 90, "texture": "#4"},
				"east": {"uv": [0, 9, 16, 11], "rotation": 90, "texture": "#4"},
				"south": {"uv": [0, 9, 16, 11], "rotation": 90, "texture": "#4"},
				"west": {"uv": [0, 9, 16, 11], "rotation": 90, "texture": "#4"},
				"up": {"uv": [7, 8, 9, 10], "rotation": 90, "texture": "#4"},
				"down": {"uv": [7, 8, 9, 10], "rotation": 90, "texture": "#4"}
			}
		},
		{
			"from": [7.25, 1.75, 7.25],
			"to": [8.75, 3.25, 8.75],
			"rotation": {"angle": 0, "axis": "y", "origin": [8, 11.41667, 8]},
			"faces": {
				"north": {"uv": [3, 5, 5, 7], "rotation": 180, "texture": "#4"},
				"east": {"uv": [3, 5, 5, 7], "rotation": 180, "texture": "#4"},
				"south": {"uv": [3, 5, 5, 7], "rotation": 180, "texture": "#4"},
				"west": {"uv": [3, 5, 5, 7], "rotation": 180, "texture": "#4"},
				"up": {"uv": [7, 9, 9, 11], "texture": "#4"},
				"down": {"uv": [7, 9, 9, 11], "texture": "#4"}
			}
		},
		{
			"from": [7.5, 9.0625, 7.5625],
			"to": [13.5, 9.9375, 8.4375],
			"rotation": {"angle": 22.5, "axis": "z", "origin": [10.5, 9.5, 8]},
			"faces": {
				"north": {"uv": [8, 9, 16, 11], "texture": "#4"},
				"east": {"uv": [8, 9, 16, 11], "texture": "#4"},
				"south": {"uv": [8, 9, 16, 11], "texture": "#4"},
				"west": {"uv": [8, 9, 16, 11], "texture": "#4"},
				"up": {"uv": [8, 9, 16, 11], "texture": "#4"},
				"down": {"uv": [8, 9, 16, 11], "texture": "#4"}
			}
		},
		{
			"from": [2.5, 12.0625, 7.5625],
			"to": [8.5, 12.9375, 8.4375],
			"rotation": {"angle": -22.5, "axis": "z", "origin": [5.5, 12.5, 8]},
			"faces": {
				"north": {"uv": [8, 9, 16, 11], "texture": "#4"},
				"east": {"uv": [8, 9, 16, 11], "texture": "#4"},
				"south": {"uv": [8, 9, 16, 11], "texture": "#4"},
				"west": {"uv": [8, 9, 16, 11], "texture": "#4"},
				"up": {"uv": [8, 9, 16, 11], "texture": "#4"},
				"down": {"uv": [8, 9, 16, 11], "texture": "#4"}
			}
		},
		{
			"name": "octagon",
			"from": [6.45515, 0.89063, 4.2704],
			"to": [9.54485, 1.89063, 11.7296],
			"rotation": {"angle": 45, "axis": "y", "origin": [8, 6.03342, 8]},
			"faces": {
				"north": {"uv": [0, 3, 3, 4], "texture": "#4"},
				"east": {"uv": [0, 0, 0.5, 0.5], "texture": "#4"},
				"south": {"uv": [0, 3, 3, 4], "texture": "#4"},
				"west": {"uv": [0, 0, 0.5, 0.5], "texture": "#4"},
				"up": {"uv": [4, 4, 13, 7], "rotation": 90, "texture": "#4"},
				"down": {"uv": [0, 0, 0.5, 0.5], "texture": "#4"}
			}
		},
		{
			"name": "octagon",
			"from": [6.45515, 0.875, 4.2704],
			"to": [9.54485, 1.875, 11.7296],
			"rotation": {"angle": 0, "axis": "y", "origin": [8, 6.0178, 8]},
			"faces": {
				"north": {"uv": [0, 3, 3, 4], "texture": "#4"},
				"east": {"uv": [0, 0, 0.5, 0.5], "texture": "#4"},
				"south": {"uv": [0, 3, 3, 4], "texture": "#4"},
				"west": {"uv": [0, 0, 0.5, 0.5], "texture": "#4"},
				"up": {"uv": [4, 4, 13, 7], "rotation": 270, "texture": "#4"},
				"down": {"uv": [0, 0, 0.5, 0.5], "texture": "#4"}
			}
		},
		{
			"name": "octagon",
			"from": [4.2704, 0.91406, 6.45515],
			"to": [11.7296, 1.91406, 9.54485],
			"rotation": {"angle": 45, "axis": "y", "origin": [8, 6.05686, 8]},
			"faces": {
				"north": {"uv": [0, 0, 0.5, 0.5], "texture": "#4"},
				"east": {"uv": [0, 3, 3, 4], "texture": "#4"},
				"south": {"uv": [0, 0, 0.5, 0.5], "texture": "#4"},
				"west": {"uv": [0, 3, 3, 4], "texture": "#4"},
				"up": {"uv": [4, 4, 13, 7], "texture": "#4"},
				"down": {"uv": [0, 0, 0.5, 0.5], "texture": "#4"}
			}
		},
		{
			"name": "octagon",
			"from": [4.2704, 0.875, 6.45515],
			"to": [11.7296, 1.875, 9.54485],
			"rotation": {"angle": 0, "axis": "y", "origin": [8, 6.0178, 8]},
			"faces": {
				"north": {"uv": [0, 0, 0.5, 0.5], "texture": "#4"},
				"east": {"uv": [0, 3, 3, 4], "texture": "#4"},
				"south": {"uv": [0, 0, 0.5, 0.5], "texture": "#4"},
				"west": {"uv": [0, 3, 3, 4], "texture": "#4"},
				"up": {"uv": [4, 4, 13, 7], "rotation": 180, "texture": "#4"},
				"down": {"uv": [0, 0, 0.5, 0.5], "texture": "#4"}
			}
		},
		{
			"name": "octagon",
			"from": [6.16089, 0.14563, 3.56],
			"to": [9.83911, 1.14562, 12.44],
			"rotation": {"angle": 45, "axis": "y", "origin": [8, 6.06563, 8]},
			"faces": {
				"north": {"uv": [0, 3, 3, 4], "texture": "#4"},
				"east": {"uv": [0, 0, 0.5, 0.5], "texture": "#4"},
				"south": {"uv": [0, 3, 3, 4], "texture": "#4"},
				"west": {"uv": [0, 0, 0.5, 0.5], "texture": "#4"},
				"up": {"uv": [4, 4, 13, 7], "rotation": 90, "texture": "#4"},
				"down": {"uv": [0, 0, 0.5, 0.5], "texture": "#4"}
			}
		},
		{
			"name": "octagon",
			"from": [6.16089, 0.13, 3.56],
			"to": [9.83911, 1.13, 12.44],
			"rotation": {"angle": 0, "axis": "y", "origin": [8, 6.05, 8]},
			"faces": {
				"north": {"uv": [0, 3, 3, 4], "texture": "#4"},
				"east": {"uv": [0, 0, 0.5, 0.5], "texture": "#4"},
				"south": {"uv": [0, 3, 3, 4], "texture": "#4"},
				"west": {"uv": [0, 0, 0.5, 0.5], "texture": "#4"},
				"up": {"uv": [4, 4, 13, 7], "rotation": 90, "texture": "#4"},
				"down": {"uv": [0, 0, 0.5, 0.5], "texture": "#4"}
			}
		},
		{
			"name": "octagon",
			"from": [3.56, 0.16906, 6.16089],
			"to": [12.44, 1.16906, 9.83911],
			"rotation": {"angle": 45, "axis": "y", "origin": [8, 6.08906, 8]},
			"faces": {
				"north": {"uv": [0, 0, 0.5, 0.5], "texture": "#4"},
				"east": {"uv": [0, 3, 3, 4], "texture": "#4"},
				"south": {"uv": [0, 0, 0.5, 0.5], "texture": "#4"},
				"west": {"uv": [0, 3, 3, 4], "texture": "#4"},
				"up": {"uv": [4, 4, 13, 7], "rotation": 180, "texture": "#4"},
				"down": {"uv": [0, 0, 0.5, 0.5], "texture": "#4"}
			}
		},
		{
			"name": "octagon",
			"from": [3.56, 0.13, 6.16089],
			"to": [12.44, 1.13, 9.83911],
			"rotation": {"angle": 0, "axis": "y", "origin": [8, 6.05, 8]},
			"faces": {
				"north": {"uv": [0, 0, 0.5, 0.5], "texture": "#4"},
				"east": {"uv": [0, 3, 3, 4], "texture": "#4"},
				"south": {"uv": [0, 0, 0.5, 0.5], "texture": "#4"},
				"west": {"uv": [0, 3, 3, 4], "texture": "#4"},
				"up": {"uv": [4, 4, 13, 7], "rotation": 180, "texture": "#4"},
				"down": {"uv": [0, 0, 0.5, 0.5], "texture": "#4"}
			}
		}
	],
	"display": {
		"thirdperson_righthand": {
			"rotation": [75, 45, 0],
			"translation": [0, 2.5, 0],
			"scale": [0.57813, 0.57813, 0.57813]
		},
		"thirdperson_lefthand": {
			"rotation": [75, 45, 0],
			"translation": [0, 2.5, 0],
			"scale": [0.57813, 0.57813, 0.57813]
		},
		"firstperson_righthand": {
			"rotation": [0, -49, 0],
			"translation": [1, 3.75, 0],
			"scale": [0.46836, 0.46836, 0.46836]
		},
		"firstperson_lefthand": {
			"rotation": [0, -49, 0],
			"translation": [1, 3.75, 0],
			"scale": [0.46836, 0.46836, 0.46836]
		},
		"ground": {
			"translation": [0, 1.25, 0],
			"scale": [0.63281, 0.63281, 0.63281]
		},
		"gui": {
			"rotation": [30, -159, 0],
			"translation": [-0.25, 1, 0],
			"scale": [0.82813, 0.82813, 0.82813]
		},
		"head": {
			"translation": [0, 19.75, 0],
			"scale": [1.75234, 1.6, 1.6]
		},
		"fixed": {
			"rotation": [-90, 0, 0],
			"translation": [0, 0, -15],
			"scale": [2, 2, 2]
		}
	},
	"groups": [
		{
			"name": "Collar Black Dog",
			"origin": [8, 8, 8],
			"children": [
				{
					"name": "Collar Pink Studded",
					"origin": [8, 8, 8],
					"children": [
						{
							"name": "Bell",
							"origin": [8, 22.25, 3.8125],
							"children": [0, 1, 2, 3, 4, 5, 6, 7]
						},
						{
							"name": "Metal",
							"origin": [12, 29, 12],
							"children": [8, 9]
						},
						{
							"name": "Collar (Outside)",
							"origin": [8, 23, 8],
							"children": [10, 11, 12, 13]
						},
						{
							"name": "Studs",
							"origin": [8.75, 7.8125, 12],
							"children": [
								{
									"name": "group",
									"origin": [8.75, 7.8125, 12],
									"children": [14, 15, 16, 17]
								},
								{
									"name": "group",
									"origin": [8.75, 7.8125, 12],
									"children": [18, 19, 20, 21, 22]
								},
								{
									"name": "group",
									"origin": [8.75, 7.8125, 12],
									"children": [23, 24, 25, 26, 27]
								},
								{
									"name": "group",
									"origin": [8.75, 7.8125, 12],
									"children": [28, 29, 30, 31, 32]
								}
							]
						}
					]
				}
			]
		},
		{
			"name": "Collar Pink Dog",
			"origin": [8, 8, 8],
			"children": [
				{
					"name": "Collar Pink Studded",
					"origin": [8, 8, 8],
					"children": [
						{
							"name": "Bell",
							"origin": [8, 22.25, 3.8125],
							"children": [33, 34, 35, 36, 37, 38, 39, 40]
						},
						{
							"name": "Metal",
							"origin": [12, 29, 12],
							"children": [41, 42]
						},
						{
							"name": "Collar (Outside)",
							"origin": [8, 23, 8],
							"children": [43, 44, 45, 46]
						},
						{
							"name": "Studs",
							"origin": [8.75, 7.8125, 12],
							"children": [
								{
									"name": "group",
									"origin": [8.75, 7.8125, 12],
									"children": [47, 48, 49, 50]
								},
								{
									"name": "group",
									"origin": [8.75, 7.8125, 12],
									"children": [51, 52, 53, 54, 55]
								},
								{
									"name": "group",
									"origin": [8.75, 7.8125, 12],
									"children": [56, 57, 58, 59, 60]
								},
								{
									"name": "group",
									"origin": [8.75, 7.8125, 12],
									"children": [61, 62, 63, 64, 65]
								}
							]
						}
					]
				}
			]
		},
		{
			"name": "Collar Red Dog",
			"origin": [8, 8, 8],
			"children": [
				{
					"name": "Collar Pink Studded",
					"origin": [8, 8, 8],
					"children": [
						{
							"name": "Bell",
							"origin": [8, 22.25, 3.8125],
							"children": [66, 67, 68, 69, 70, 71, 72, 73]
						},
						{
							"name": "Metal",
							"origin": [12, 29, 12],
							"children": [74, 75]
						},
						{
							"name": "Collar (Outside)",
							"origin": [8, 23, 8],
							"children": [76, 77, 78, 79]
						},
						{
							"name": "Studs",
							"origin": [8.75, 7.8125, 12],
							"children": [
								{
									"name": "group",
									"origin": [8.75, 7.8125, 12],
									"children": [80, 81, 82, 83]
								},
								{
									"name": "group",
									"origin": [8.75, 7.8125, 12],
									"children": [84, 85, 86, 87, 88]
								},
								{
									"name": "group",
									"origin": [8.75, 7.8125, 12],
									"children": [89, 90, 91, 92, 93]
								},
								{
									"name": "group",
									"origin": [8.75, 7.8125, 12],
									"children": [94, 95, 96, 97, 98]
								}
							]
						}
					]
				}
			]
		},
		{
			"name": "Collar White Dog",
			"origin": [8, 8, 8],
			"children": [
				{
					"name": "Collar Pink Studded",
					"origin": [8, 8, 8],
					"children": [
						{
							"name": "Bell",
							"origin": [8, 22.25, 3.8125],
							"children": [99, 100, 101, 102, 103, 104, 105, 106]
						},
						{
							"name": "Metal",
							"origin": [12, 29, 12],
							"children": [107, 108]
						},
						{
							"name": "Collar (Outside)",
							"origin": [8, 23, 8],
							"children": [109, 110, 111, 112]
						},
						{
							"name": "Studs",
							"origin": [8.75, 7.8125, 12],
							"children": [
								{
									"name": "group",
									"origin": [8.75, 7.8125, 12],
									"children": [113, 114, 115, 116]
								},
								{
									"name": "group",
									"origin": [8.75, 7.8125, 12],
									"children": [117, 118, 119, 120, 121]
								},
								{
									"name": "group",
									"origin": [8.75, 7.8125, 12],
									"children": [122, 123, 124, 125, 126]
								},
								{
									"name": "group",
									"origin": [8.75, 7.8125, 12],
									"children": [127, 128, 129, 130, 131]
								}
							]
						}
					]
				}
			]
		},
		{
			"name": "Stand",
			"origin": [8, 8, 8],
			"children": [
				{
					"name": "group",
					"origin": [8, 7.66667, 8],
					"children": [132, 133, 134, 135]
				},
				{
					"name": "octagon",
					"origin": [8, 8, 8],
					"children": [136, 137, 138, 139]
				},
				{
					"name": "octagon",
					"origin": [8, 8, 8],
					"children": [140, 141, 142, 143]
				}
			]
		}
	]
}