{
	"credit": "Made with Blockbench",
	"textures": {
		"0": "block/MizunoArchive/bone_block_side",
		"particle": "block/MizunoArchive/bone_block_side"
	},
	"elements": [
		{
			"from": [13, 0, 2],
			"to": [16, 1, 3],
			"faces": {
				"north": {"uv": [3, 5, 6, 8], "texture": "#0"},
				"east": {"uv": [3, 5, 6, 8], "texture": "#0"},
				"south": {"uv": [3, 5, 6, 8], "texture": "#0"},
				"west": {"uv": [3, 5, 6, 8], "texture": "#0"},
				"up": {"uv": [3, 5, 6, 8], "texture": "#0"},
				"down": {"uv": [3, 5, 6, 8], "texture": "#0"}
			}
		},
		{
			"from": [12, 0, 3],
			"to": [17, 1, 6],
			"faces": {
				"north": {"uv": [3, 5, 6, 8], "texture": "#0"},
				"east": {"uv": [3, 5, 6, 8], "texture": "#0"},
				"south": {"uv": [3, 5, 6, 8], "texture": "#0"},
				"west": {"uv": [3, 5, 6, 8], "texture": "#0"},
				"up": {"uv": [3, 5, 6, 8], "texture": "#0"},
				"down": {"uv": [3, 5, 6, 8], "texture": "#0"}
			}
		},
		{
			"from": [13, 0, 6],
			"to": [16, 1, 7],
			"faces": {
				"north": {"uv": [3, 5, 6, 8], "texture": "#0"},
				"east": {"uv": [3, 5, 6, 8], "texture": "#0"},
				"south": {"uv": [3, 5, 6, 8], "texture": "#0"},
				"west": {"uv": [3, 5, 6, 8], "texture": "#0"},
				"up": {"uv": [3, 5, 6, 8], "texture": "#0"},
				"down": {"uv": [3, 5, 6, 8], "texture": "#0"}
			}
		},
		{
			"from": [13, -1, 3],
			"to": [16, 2, 6],
			"faces": {
				"north": {"uv": [3, 5, 6, 8], "texture": "#0"},
				"east": {"uv": [3, 5, 6, 8], "texture": "#0"},
				"south": {"uv": [3, 5, 6, 8], "texture": "#0"},
				"west": {"uv": [3, 5, 6, 8], "texture": "#0"},
				"up": {"uv": [3, 5, 6, 8], "texture": "#0"},
				"down": {"uv": [3, 5, 6, 8], "texture": "#0"}
			}
		},
		{
			"from": [13, 0, 8],
			"to": [16, 1, 9],
			"faces": {
				"north": {"uv": [3, 5, 6, 8], "texture": "#0"},
				"east": {"uv": [3, 5, 6, 8], "texture": "#0"},
				"south": {"uv": [3, 5, 6, 8], "texture": "#0"},
				"west": {"uv": [3, 5, 6, 8], "texture": "#0"},
				"up": {"uv": [3, 5, 6, 8], "texture": "#0"},
				"down": {"uv": [3, 5, 6, 8], "texture": "#0"}
			}
		},
		{
			"from": [12, 0, 9],
			"to": [17, 1, 12],
			"faces": {
				"north": {"uv": [3, 5, 6, 8], "texture": "#0"},
				"east": {"uv": [3, 5, 6, 8], "texture": "#0"},
				"south": {"uv": [3, 5, 6, 8], "texture": "#0"},
				"west": {"uv": [3, 5, 6, 8], "texture": "#0"},
				"up": {"uv": [3, 5, 6, 8], "texture": "#0"},
				"down": {"uv": [3, 5, 6, 8], "texture": "#0"}
			}
		},
		{
			"from": [13, 0, 12],
			"to": [16, 1, 13],
			"faces": {
				"north": {"uv": [3, 5, 6, 8], "texture": "#0"},
				"east": {"uv": [3, 5, 6, 8], "texture": "#0"},
				"south": {"uv": [3, 5, 6, 8], "texture": "#0"},
				"west": {"uv": [3, 5, 6, 8], "texture": "#0"},
				"up": {"uv": [3, 5, 6, 8], "texture": "#0"},
				"down": {"uv": [3, 5, 6, 8], "texture": "#0"}
			}
		},
		{
			"from": [13, -1, 9],
			"to": [16, 2, 12],
			"faces": {
				"north": {"uv": [3, 5, 6, 8], "texture": "#0"},
				"east": {"uv": [3, 5, 6, 8], "texture": "#0"},
				"south": {"uv": [3, 5, 6, 8], "texture": "#0"},
				"west": {"uv": [3, 5, 6, 8], "texture": "#0"},
				"up": {"uv": [3, 5, 6, 8], "texture": "#0"},
				"down": {"uv": [3, 5, 6, 8], "texture": "#0"}
			}
		},
		{
			"from": [-1, 0, 2],
			"to": [2, 1, 3],
			"faces": {
				"north": {"uv": [3, 5, 6, 8], "texture": "#0"},
				"east": {"uv": [3, 5, 6, 8], "texture": "#0"},
				"south": {"uv": [3, 5, 6, 8], "texture": "#0"},
				"west": {"uv": [3, 5, 6, 8], "texture": "#0"},
				"up": {"uv": [3, 5, 6, 8], "texture": "#0"},
				"down": {"uv": [3, 5, 6, 8], "texture": "#0"}
			}
		},
		{
			"from": [-2, 0, 3],
			"to": [3, 1, 6],
			"faces": {
				"north": {"uv": [3, 5, 6, 8], "texture": "#0"},
				"east": {"uv": [3, 5, 6, 8], "texture": "#0"},
				"south": {"uv": [3, 5, 6, 8], "texture": "#0"},
				"west": {"uv": [3, 5, 6, 8], "texture": "#0"},
				"up": {"uv": [3, 5, 6, 8], "texture": "#0"},
				"down": {"uv": [3, 5, 6, 8], "texture": "#0"}
			}
		},
		{
			"from": [-1, 0, 6],
			"to": [2, 1, 7],
			"faces": {
				"north": {"uv": [3, 5, 6, 8], "texture": "#0"},
				"east": {"uv": [3, 5, 6, 8], "texture": "#0"},
				"south": {"uv": [3, 5, 6, 8], "texture": "#0"},
				"west": {"uv": [3, 5, 6, 8], "texture": "#0"},
				"up": {"uv": [3, 5, 6, 8], "texture": "#0"},
				"down": {"uv": [3, 5, 6, 8], "texture": "#0"}
			}
		},
		{
			"from": [-1, -1, 3],
			"to": [2, 2, 6],
			"faces": {
				"north": {"uv": [3, 5, 6, 8], "texture": "#0"},
				"east": {"uv": [3, 5, 6, 8], "texture": "#0"},
				"south": {"uv": [3, 5, 6, 8], "texture": "#0"},
				"west": {"uv": [3, 5, 6, 8], "texture": "#0"},
				"up": {"uv": [3, 5, 6, 8], "texture": "#0"},
				"down": {"uv": [3, 5, 6, 8], "texture": "#0"}
			}
		},
		{
			"from": [-1, 0, 8],
			"to": [2, 1, 9],
			"faces": {
				"north": {"uv": [3, 5, 6, 8], "texture": "#0"},
				"east": {"uv": [3, 5, 6, 8], "texture": "#0"},
				"south": {"uv": [3, 5, 6, 8], "texture": "#0"},
				"west": {"uv": [3, 5, 6, 8], "texture": "#0"},
				"up": {"uv": [3, 5, 6, 8], "texture": "#0"},
				"down": {"uv": [3, 5, 6, 8], "texture": "#0"}
			}
		},
		{
			"from": [-2, 0, 9],
			"to": [3, 1, 12],
			"faces": {
				"north": {"uv": [3, 5, 6, 8], "texture": "#0"},
				"east": {"uv": [3, 5, 6, 8], "texture": "#0"},
				"south": {"uv": [3, 5, 6, 8], "texture": "#0"},
				"west": {"uv": [3, 5, 6, 8], "texture": "#0"},
				"up": {"uv": [3, 5, 6, 8], "texture": "#0"},
				"down": {"uv": [3, 5, 6, 8], "texture": "#0"}
			}
		},
		{
			"from": [-1, 0, 12],
			"to": [2, 1, 13],
			"faces": {
				"north": {"uv": [3, 5, 6, 8], "texture": "#0"},
				"east": {"uv": [3, 5, 6, 8], "texture": "#0"},
				"south": {"uv": [3, 5, 6, 8], "texture": "#0"},
				"west": {"uv": [3, 5, 6, 8], "texture": "#0"},
				"up": {"uv": [3, 5, 6, 8], "texture": "#0"},
				"down": {"uv": [3, 5, 6, 8], "texture": "#0"}
			}
		},
		{
			"from": [-1, -1, 9],
			"to": [2, 2, 12],
			"faces": {
				"north": {"uv": [3, 5, 6, 8], "texture": "#0"},
				"east": {"uv": [3, 5, 6, 8], "texture": "#0"},
				"south": {"uv": [3, 5, 6, 8], "texture": "#0"},
				"west": {"uv": [3, 5, 6, 8], "texture": "#0"},
				"up": {"uv": [3, 5, 6, 8], "texture": "#0"},
				"down": {"uv": [3, 5, 6, 8], "texture": "#0"}
			}
		},
		{
			"from": [1, 0, 5],
			"to": [14, 1, 6],
			"faces": {
				"north": {"uv": [3, 5, 16, 8], "texture": "#0"},
				"east": {"uv": [3, 5, 16, 8], "texture": "#0"},
				"south": {"uv": [3, 5, 16, 8], "texture": "#0"},
				"west": {"uv": [3, 5, 16, 8], "texture": "#0"},
				"up": {"uv": [3, 5, 16, 8], "texture": "#0"},
				"down": {"uv": [3, 5, 16, 8], "texture": "#0"}
			}
		},
		{
			"from": [0, 0, 6],
			"to": [15, 1, 9],
			"faces": {
				"north": {"uv": [3, 5, 6, 8], "texture": "#0"},
				"east": {"uv": [3, 5, 6, 8], "texture": "#0"},
				"south": {"uv": [3, 5, 6, 8], "texture": "#0"},
				"west": {"uv": [3, 5, 6, 8], "texture": "#0"},
				"up": {"uv": [3, 5, 6, 8], "texture": "#0"},
				"down": {"uv": [3, 5, 6, 8], "texture": "#0"}
			}
		},
		{
			"from": [1, 0, 9],
			"to": [14, 1, 10],
			"faces": {
				"north": {"uv": [3, 5, 16, 8], "texture": "#0"},
				"east": {"uv": [3, 5, 16, 8], "texture": "#0"},
				"south": {"uv": [3, 5, 16, 8], "texture": "#0"},
				"west": {"uv": [3, 5, 16, 8], "texture": "#0"},
				"up": {"uv": [3, 5, 16, 8], "texture": "#0"},
				"down": {"uv": [3, 5, 16, 8], "texture": "#0"}
			}
		},
		{
			"from": [1, -1, 6],
			"to": [14, 2, 9],
			"faces": {
				"north": {"uv": [3, 5, 16, 8], "texture": "#0"},
				"east": {"uv": [3, 5, 16, 8], "texture": "#0"},
				"south": {"uv": [3, 5, 16, 8], "texture": "#0"},
				"west": {"uv": [3, 5, 16, 8], "texture": "#0"},
				"up": {"uv": [3, 5, 16, 8], "texture": "#0"},
				"down": {"uv": [3, 5, 16, 8], "texture": "#0"}
			}
		},
		{
			"from": [2, -1, 5],
			"to": [3, 2, 6],
			"faces": {
				"north": {"uv": [3, 5, 6, 8], "texture": "#0"},
				"east": {"uv": [3, 5, 6, 8], "texture": "#0"},
				"south": {"uv": [3, 5, 6, 8], "texture": "#0"},
				"west": {"uv": [3, 5, 6, 8], "texture": "#0"},
				"up": {"uv": [3, 5, 6, 8], "texture": "#0"},
				"down": {"uv": [3, 5, 6, 8], "texture": "#0"}
			}
		},
		{
			"from": [2, -1, 9],
			"to": [3, 2, 10],
			"faces": {
				"north": {"uv": [3, 5, 6, 8], "texture": "#0"},
				"east": {"uv": [3, 5, 6, 8], "texture": "#0"},
				"south": {"uv": [3, 5, 6, 8], "texture": "#0"},
				"west": {"uv": [3, 5, 6, 8], "texture": "#0"},
				"up": {"uv": [3, 5, 6, 8], "texture": "#0"},
				"down": {"uv": [3, 5, 6, 8], "texture": "#0"}
			}
		},
		{
			"from": [12, -1, 9],
			"to": [13, 2, 10],
			"faces": {
				"north": {"uv": [3, 5, 6, 8], "texture": "#0"},
				"east": {"uv": [3, 5, 6, 8], "texture": "#0"},
				"south": {"uv": [3, 5, 6, 8], "texture": "#0"},
				"west": {"uv": [3, 5, 6, 8], "texture": "#0"},
				"up": {"uv": [3, 5, 6, 8], "texture": "#0"},
				"down": {"uv": [3, 5, 6, 8], "texture": "#0"}
			}
		},
		{
			"from": [12, -1, 5],
			"to": [13, 2, 6],
			"faces": {
				"north": {"uv": [3, 5, 6, 8], "texture": "#0"},
				"east": {"uv": [3, 5, 6, 8], "texture": "#0"},
				"south": {"uv": [3, 5, 6, 8], "texture": "#0"},
				"west": {"uv": [3, 5, 6, 8], "texture": "#0"},
				"up": {"uv": [3, 5, 6, 8], "texture": "#0"},
				"down": {"uv": [3, 5, 6, 8], "texture": "#0"}
			}
		}
	],
	"display": {
		"thirdperson_righthand": {
			"rotation": [75, 45, 0],
			"translation": [2.25, 2.5, 2.25],
			"scale": [0.375, 0.375, 0.375]
		},
		"thirdperson_lefthand": {
			"rotation": [75, 45, 0],
			"translation": [2.25, 2.5, 2.25],
			"scale": [0.375, 0.375, 0.375]
		},
		"firstperson_righthand": {
			"rotation": [0, 45, 0],
			"translation": [0, 3.75, 0],
			"scale": [0.4, 0.4, 0.4]
		},
		"firstperson_lefthand": {
			"rotation": [0, 45, 0],
			"translation": [0, 3.75, 0],
			"scale": [0.4, 0.4, 0.4]
		},
		"ground": {
			"translation": [0, 2.25, 0],
			"scale": [0.58984, 0.73438, 0.65039]
		},
		"gui": {
			"rotation": [30, 225, 0],
			"translation": [0, 3.5, 0],
			"scale": [0.625, 0.625, 0.625]
		},
		"head": {
			"translation": [0.5, 15.5, 0]
		},
		"fixed": {
			"rotation": [90, 0, 0],
			"translation": [0.5, 0, 5.75],
			"scale": [1, 1.08984, 1]
		}
	}
}