{
	"credit": "Made with Blockbench",
	"textures": {
		"0": "block/MizunoArchive/spruce_planks",
		"1": "block/MizunoArchive/spruce_log",
		"2": "block/MizunoArchive/bone_block_side",
		"particle": "block/MizunoArchive/bone_block_side"
	},
	"elements": [
		{
			"from": [13, 8, -1],
			"to": [14, 10, 1],
			"faces": {
				"north": {"uv": [0, 4, 1, 6], "texture": "#0"},
				"east": {"uv": [0, 4, 1, 6], "texture": "#0"},
				"south": {"uv": [0, 4, 1, 6], "texture": "#0"},
				"west": {"uv": [0, 4, 1, 6], "texture": "#0"},
				"up": {"uv": [0, 4, 1, 6], "texture": "#0"},
				"down": {"uv": [0, 4, 1, 6], "texture": "#0"}
			}
		},
		{
			"from": [-1, 0, -1],
			"to": [2, 14, 1],
			"faces": {
				"north": {"uv": [0, 0, 3, 14], "texture": "#0"},
				"east": {"uv": [0, 0, 3, 14], "texture": "#0"},
				"south": {"uv": [0, 0, 3, 14], "texture": "#0"},
				"west": {"uv": [0, 0, 3, 14], "texture": "#0"},
				"up": {"uv": [0, 0, 3, 14], "texture": "#0"},
				"down": {"uv": [0, 0, 3, 14], "texture": "#0"}
			}
		},
		{
			"from": [14, 0, -1],
			"to": [17, 14, 1],
			"faces": {
				"north": {"uv": [0, 0, 3, 14], "texture": "#0"},
				"east": {"uv": [0, 0, 3, 14], "texture": "#0"},
				"south": {"uv": [0, 0, 3, 14], "texture": "#0"},
				"west": {"uv": [0, 0, 3, 14], "texture": "#0"},
				"up": {"uv": [0, 0, 3, 14], "texture": "#0"},
				"down": {"uv": [0, 0, 3, 14], "texture": "#0"}
			}
		},
		{
			"from": [2, 12, -1],
			"to": [14, 14, 1],
			"faces": {
				"north": {"uv": [2, 0, 14, 2], "texture": "#0"},
				"east": {"uv": [0, 0, 16, 16], "texture": "#0"},
				"south": {"uv": [0, 0, 16, 16], "texture": "#0"},
				"west": {"uv": [0, 0, 16, 16], "texture": "#0"},
				"up": {"uv": [0, 0, 16, 16], "texture": "#0"},
				"down": {"uv": [0, 0, 16, 16], "texture": "#0"}
			}
		},
		{
			"from": [2, 10, -1],
			"to": [4, 12, 1],
			"faces": {
				"north": {"uv": [14, 2, 16, 4], "texture": "#0"},
				"east": {"uv": [14, 2, 16, 4], "texture": "#0"},
				"south": {"uv": [14, 2, 16, 4], "texture": "#0"},
				"west": {"uv": [14, 2, 16, 4], "texture": "#0"},
				"up": {"uv": [14, 2, 16, 4], "texture": "#0"},
				"down": {"uv": [14, 2, 16, 4], "texture": "#0"}
			}
		},
		{
			"from": [12, 10, -1],
			"to": [14, 12, 1],
			"faces": {
				"north": {"uv": [0, 2, 2, 4], "texture": "#0"},
				"east": {"uv": [0, 2, 2, 4], "texture": "#0"},
				"south": {"uv": [0, 2, 2, 4], "texture": "#0"},
				"west": {"uv": [0, 2, 2, 4], "texture": "#0"},
				"up": {"uv": [0, 2, 2, 4], "texture": "#0"},
				"down": {"uv": [0, 2, 2, 4], "texture": "#0"}
			}
		},
		{
			"from": [4, 11, -1],
			"to": [6, 12, 1],
			"faces": {
				"north": {"uv": [6, 0, 8, 1], "texture": "#0"},
				"east": {"uv": [6, 0, 8, 1], "texture": "#0"},
				"south": {"uv": [6, 0, 8, 1], "texture": "#0"},
				"west": {"uv": [6, 0, 8, 1], "texture": "#0"},
				"up": {"uv": [6, 0, 8, 1], "texture": "#0"},
				"down": {"uv": [6, 0, 8, 1], "texture": "#0"}
			}
		},
		{
			"from": [10, 11, -1],
			"to": [12, 12, 1],
			"faces": {
				"north": {"uv": [2, 0, 4, 1], "texture": "#0"},
				"east": {"uv": [2, 0, 4, 1], "texture": "#0"},
				"south": {"uv": [2, 0, 4, 1], "texture": "#0"},
				"west": {"uv": [2, 0, 4, 1], "texture": "#0"},
				"up": {"uv": [2, 0, 4, 1], "texture": "#0"},
				"down": {"uv": [2, 0, 4, 1], "texture": "#0"}
			}
		},
		{
			"from": [2, 8, -1],
			"to": [3, 10, 1],
			"faces": {
				"north": {"uv": [14, 4, 15, 6], "texture": "#0"},
				"east": {"uv": [14, 4, 15, 6], "texture": "#0"},
				"south": {"uv": [14, 4, 15, 6], "texture": "#0"},
				"west": {"uv": [14, 4, 15, 6], "texture": "#0"},
				"up": {"uv": [14, 4, 15, 6], "texture": "#0"},
				"down": {"uv": [14, 4, 15, 6], "texture": "#0"}
			}
		},
		{
			"name": "Left Side",
			"from": [-1, 0, 0],
			"to": [1, 14, 16],
			"faces": {
				"north": {"uv": [0, 0, 16, 14], "texture": "#0"},
				"east": {"uv": [0, 0, 16, 14], "texture": "#0"},
				"south": {"uv": [0, 0, 16, 14], "texture": "#0"},
				"west": {"uv": [0, 0, 16, 14], "texture": "#0"},
				"up": {"uv": [0, 0, 16, 14], "texture": "#0"},
				"down": {"uv": [0, 0, 16, 14], "texture": "#0"}
			}
		},
		{
			"name": "Right Side",
			"from": [15, 0, 0],
			"to": [17, 14, 16],
			"faces": {
				"north": {"uv": [0, 0, 16, 14], "texture": "#0"},
				"east": {"uv": [0, 0, 16, 14], "texture": "#0"},
				"south": {"uv": [0, 0, 16, 14], "texture": "#0"},
				"west": {"uv": [0, 0, 16, 14], "texture": "#0"},
				"up": {"uv": [0, 0, 16, 14], "texture": "#0"},
				"down": {"uv": [0, 0, 16, 14], "texture": "#0"}
			}
		},
		{
			"name": "Back",
			"from": [-1, 0, 14],
			"to": [17, 14, 17],
			"faces": {
				"north": {"uv": [0, 0, 16, 14], "texture": "#0"},
				"east": {"uv": [0, 0, 2, 14], "texture": "#0"},
				"south": {"uv": [0, 0, 16, 14], "texture": "#0"},
				"west": {"uv": [0, 0, 2, 14], "texture": "#0"},
				"up": {"uv": [0, 0, 16, 14], "texture": "#0"},
				"down": {"uv": [0, 0, 16, 14], "texture": "#0"}
			}
		},
		{
			"from": [0, 14, -1],
			"to": [16, 15, 1],
			"faces": {
				"north": {"uv": [0, 3, 16, 4], "texture": "#0"},
				"east": {"uv": [0, 3, 16, 4], "texture": "#0"},
				"south": {"uv": [0, 3, 16, 4], "texture": "#0"},
				"west": {"uv": [0, 3, 16, 4], "texture": "#0"},
				"up": {"uv": [0, 3, 16, 4], "texture": "#0"},
				"down": {"uv": [0, 3, 16, 4], "texture": "#0"}
			}
		},
		{
			"from": [1, 15, -1],
			"to": [15, 16, 1],
			"faces": {
				"north": {"uv": [1, 4, 15, 5], "texture": "#0"},
				"east": {"uv": [1, 4, 15, 5], "texture": "#0"},
				"south": {"uv": [1, 4, 15, 5], "texture": "#0"},
				"west": {"uv": [1, 4, 15, 5], "texture": "#0"},
				"up": {"uv": [1, 4, 15, 5], "texture": "#0"},
				"down": {"uv": [1, 4, 15, 5], "texture": "#0"}
			}
		},
		{
			"from": [2, 16, -1],
			"to": [14, 17, 1],
			"faces": {
				"north": {"uv": [2, 5, 14, 6], "texture": "#0"},
				"east": {"uv": [2, 5, 14, 6], "texture": "#0"},
				"south": {"uv": [2, 5, 14, 6], "texture": "#0"},
				"west": {"uv": [2, 5, 14, 6], "texture": "#0"},
				"up": {"uv": [2, 5, 14, 6], "texture": "#0"},
				"down": {"uv": [2, 5, 14, 6], "texture": "#0"}
			}
		},
		{
			"from": [3, 17, -1],
			"to": [13, 18, 1],
			"faces": {
				"north": {"uv": [3, 4, 13, 5], "texture": "#0"},
				"east": {"uv": [3, 4, 13, 5], "texture": "#0"},
				"south": {"uv": [3, 4, 13, 5], "texture": "#0"},
				"west": {"uv": [3, 4, 13, 5], "texture": "#0"},
				"up": {"uv": [3, 4, 13, 5], "texture": "#0"},
				"down": {"uv": [3, 4, 13, 5], "texture": "#0"}
			}
		},
		{
			"from": [4, 18, -1],
			"to": [12, 19, 1],
			"faces": {
				"north": {"uv": [4, 7, 12, 8], "texture": "#0"},
				"east": {"uv": [4, 7, 12, 8], "texture": "#0"},
				"south": {"uv": [4, 7, 12, 8], "texture": "#0"},
				"west": {"uv": [4, 7, 12, 8], "texture": "#0"},
				"up": {"uv": [4, 7, 12, 8], "texture": "#0"},
				"down": {"uv": [4, 7, 12, 8], "texture": "#0"}
			}
		},
		{
			"from": [5, 19, -1],
			"to": [11, 20, 1],
			"faces": {
				"north": {"uv": [5, 8, 11, 9], "texture": "#0"},
				"east": {"uv": [5, 8, 11, 9], "texture": "#0"},
				"south": {"uv": [5, 8, 11, 9], "texture": "#0"},
				"west": {"uv": [5, 8, 11, 9], "texture": "#0"},
				"up": {"uv": [5, 8, 11, 9], "texture": "#0"},
				"down": {"uv": [5, 8, 11, 9], "texture": "#0"}
			}
		},
		{
			"from": [6, 20, -1],
			"to": [10, 21, 1],
			"faces": {
				"north": {"uv": [6, 9, 10, 10], "texture": "#0"},
				"east": {"uv": [6, 9, 10, 10], "texture": "#0"},
				"south": {"uv": [6, 9, 10, 10], "texture": "#0"},
				"west": {"uv": [6, 9, 10, 10], "texture": "#0"},
				"up": {"uv": [6, 9, 10, 10], "texture": "#0"},
				"down": {"uv": [6, 9, 10, 10], "texture": "#0"}
			}
		},
		{
			"from": [7, 21, -1],
			"to": [9, 22, 1],
			"faces": {
				"north": {"uv": [7, 8, 9, 9], "texture": "#0"},
				"east": {"uv": [7, 8, 9, 9], "texture": "#0"},
				"south": {"uv": [7, 8, 9, 9], "texture": "#0"},
				"west": {"uv": [7, 8, 9, 9], "texture": "#0"},
				"up": {"uv": [7, 8, 9, 9], "texture": "#0"},
				"down": {"uv": [7, 8, 9, 9], "texture": "#0"}
			}
		},
		{
			"from": [7, 21, 15],
			"to": [9, 22, 17],
			"faces": {
				"north": {"uv": [7, 8, 9, 9], "texture": "#0"},
				"east": {"uv": [7, 8, 9, 9], "texture": "#0"},
				"south": {"uv": [7, 8, 9, 9], "texture": "#0"},
				"west": {"uv": [7, 8, 9, 9], "texture": "#0"},
				"up": {"uv": [7, 8, 9, 9], "texture": "#0"},
				"down": {"uv": [7, 8, 9, 9], "texture": "#0"}
			}
		},
		{
			"from": [0, 14, 15],
			"to": [16, 15, 17],
			"faces": {
				"north": {"uv": [0, 3, 16, 4], "texture": "#0"},
				"east": {"uv": [0, 3, 16, 4], "texture": "#0"},
				"south": {"uv": [0, 3, 16, 4], "texture": "#0"},
				"west": {"uv": [0, 3, 16, 4], "texture": "#0"},
				"up": {"uv": [0, 3, 16, 4], "texture": "#0"},
				"down": {"uv": [0, 3, 16, 4], "texture": "#0"}
			}
		},
		{
			"from": [1, 15, 15],
			"to": [15, 16, 17],
			"faces": {
				"north": {"uv": [1, 4, 15, 5], "texture": "#0"},
				"east": {"uv": [1, 4, 15, 5], "texture": "#0"},
				"south": {"uv": [1, 4, 15, 5], "texture": "#0"},
				"west": {"uv": [1, 4, 15, 5], "texture": "#0"},
				"up": {"uv": [1, 4, 15, 5], "texture": "#0"},
				"down": {"uv": [1, 4, 15, 5], "texture": "#0"}
			}
		},
		{
			"from": [2, 16, 15],
			"to": [14, 17, 17],
			"faces": {
				"north": {"uv": [2, 5, 14, 6], "texture": "#0"},
				"east": {"uv": [2, 5, 14, 6], "texture": "#0"},
				"south": {"uv": [2, 5, 14, 6], "texture": "#0"},
				"west": {"uv": [2, 5, 14, 6], "texture": "#0"},
				"up": {"uv": [2, 5, 14, 6], "texture": "#0"},
				"down": {"uv": [2, 5, 14, 6], "texture": "#0"}
			}
		},
		{
			"from": [3, 17, 15],
			"to": [13, 18, 17],
			"faces": {
				"north": {"uv": [3, 4, 13, 5], "texture": "#0"},
				"east": {"uv": [3, 4, 13, 5], "texture": "#0"},
				"south": {"uv": [3, 4, 13, 5], "texture": "#0"},
				"west": {"uv": [3, 4, 13, 5], "texture": "#0"},
				"up": {"uv": [3, 4, 13, 5], "texture": "#0"},
				"down": {"uv": [3, 4, 13, 5], "texture": "#0"}
			}
		},
		{
			"from": [4, 18, 15],
			"to": [12, 19, 17],
			"faces": {
				"north": {"uv": [4, 7, 12, 8], "texture": "#0"},
				"east": {"uv": [4, 7, 12, 8], "texture": "#0"},
				"south": {"uv": [4, 7, 12, 8], "texture": "#0"},
				"west": {"uv": [4, 7, 12, 8], "texture": "#0"},
				"up": {"uv": [4, 7, 12, 8], "texture": "#0"},
				"down": {"uv": [4, 7, 12, 8], "texture": "#0"}
			}
		},
		{
			"from": [5, 19, 15],
			"to": [11, 20, 17],
			"faces": {
				"north": {"uv": [5, 8, 11, 9], "texture": "#0"},
				"east": {"uv": [5, 8, 11, 9], "texture": "#0"},
				"south": {"uv": [5, 8, 11, 9], "texture": "#0"},
				"west": {"uv": [5, 8, 11, 9], "texture": "#0"},
				"up": {"uv": [5, 8, 11, 9], "texture": "#0"},
				"down": {"uv": [5, 8, 11, 9], "texture": "#0"}
			}
		},
		{
			"from": [6, 20, 15],
			"to": [10, 21, 17],
			"faces": {
				"north": {"uv": [6, 9, 10, 10], "texture": "#0"},
				"east": {"uv": [6, 9, 10, 10], "texture": "#0"},
				"south": {"uv": [6, 9, 10, 10], "texture": "#0"},
				"west": {"uv": [6, 9, 10, 10], "texture": "#0"},
				"up": {"uv": [6, 9, 10, 10], "texture": "#0"},
				"down": {"uv": [6, 9, 10, 10], "texture": "#0"}
			}
		},
		{
			"name": "Roof Angle ",
			"from": [0.4, 26.2, -2],
			"to": [16.4, 27.2, 18],
			"rotation": {"angle": -45, "axis": "z", "origin": [-0.5, 16, 8]},
			"faces": {
				"north": {"uv": [0, 0, 1, 16], "rotation": 90, "texture": "#1"},
				"east": {"uv": [0, 0, 1, 16], "rotation": 90, "texture": "#1"},
				"south": {"uv": [0, 0, 1, 16], "rotation": 90, "texture": "#1"},
				"west": {"uv": [0, 0, 1, 16], "rotation": 90, "texture": "#1"},
				"up": {"uv": [0, 0, 16, 16], "rotation": 90, "texture": "#1"},
				"down": {"uv": [0, 0, 16, 16], "rotation": 90, "texture": "#1"}
			}
		},
		{
			"name": "Roof Angle2",
			"from": [-5.4, 14.2, -2],
			"to": [10.6, 15.2, 18],
			"rotation": {"angle": 45, "axis": "z", "origin": [-0.5, 16, 8]},
			"faces": {
				"north": {"uv": [0, 0, 1, 16], "rotation": 90, "texture": "#1"},
				"east": {"uv": [0, 0, 1, 16], "rotation": 90, "texture": "#1"},
				"south": {"uv": [0, 0, 1, 16], "rotation": 90, "texture": "#1"},
				"west": {"uv": [0, 0, 1, 16], "rotation": 90, "texture": "#1"},
				"up": {"uv": [0, 0, 16, 16], "rotation": 90, "texture": "#1"},
				"down": {"uv": [0, 0, 16, 16], "rotation": 90, "texture": "#1"}
			}
		},
		{
			"from": [2, 0, -2],
			"to": [3, 9, -1],
			"faces": {
				"north": {"uv": [0, 0, 1, 9], "texture": "#1"},
				"east": {"uv": [0, 0, 1, 9], "texture": "#1"},
				"south": {"uv": [0, 0, 1, 9], "texture": "#1"},
				"west": {"uv": [0, 0, 1, 9], "texture": "#1"},
				"up": {"uv": [0, 0, 1, 9], "texture": "#1"},
				"down": {"uv": [0, 0, 1, 9], "texture": "#1"}
			}
		},
		{
			"from": [3, 9, -2],
			"to": [4, 11, -1],
			"faces": {
				"north": {"uv": [0, 0, 1, 2], "texture": "#1"},
				"east": {"uv": [0, 0, 1, 2], "texture": "#1"},
				"south": {"uv": [0, 0, 1, 2], "texture": "#1"},
				"west": {"uv": [0, 0, 1, 2], "texture": "#1"},
				"up": {"uv": [0, 0, 1, 2], "texture": "#1"},
				"down": {"uv": [0, 0, 1, 2], "texture": "#1"}
			}
		},
		{
			"from": [4, 11, -2],
			"to": [6, 12, -1],
			"faces": {
				"north": {"uv": [0, 0, 2, 1], "texture": "#1"},
				"east": {"uv": [0, 0, 2, 1], "texture": "#1"},
				"south": {"uv": [0, 0, 2, 1], "texture": "#1"},
				"west": {"uv": [0, 0, 2, 1], "texture": "#1"},
				"up": {"uv": [0, 0, 2, 1], "texture": "#1"},
				"down": {"uv": [0, 0, 2, 1], "texture": "#1"}
			}
		},
		{
			"from": [6, 12, -2],
			"to": [10, 13, -1],
			"faces": {
				"north": {"uv": [0, 0, 4, 1], "texture": "#1"},
				"east": {"uv": [0, 0, 4, 1], "texture": "#1"},
				"south": {"uv": [0, 0, 4, 1], "texture": "#1"},
				"west": {"uv": [0, 0, 4, 1], "texture": "#1"},
				"up": {"uv": [0, 0, 4, 1], "texture": "#1"},
				"down": {"uv": [0, 0, 4, 1], "texture": "#1"}
			}
		},
		{
			"from": [10, 11, -2],
			"to": [12, 12, -1],
			"faces": {
				"north": {"uv": [2, 0, 0, 1], "texture": "#1"},
				"east": {"uv": [2, 0, 0, 1], "texture": "#1"},
				"south": {"uv": [2, 0, 0, 1], "texture": "#1"},
				"west": {"uv": [2, 0, 0, 1], "texture": "#1"},
				"up": {"uv": [2, 0, 0, 1], "texture": "#1"},
				"down": {"uv": [2, 0, 0, 1], "texture": "#1"}
			}
		},
		{
			"from": [13, 0, -2],
			"to": [14, 9, -1],
			"faces": {
				"north": {"uv": [1, 0, 0, 9], "texture": "#1"},
				"east": {"uv": [1, 0, 0, 9], "texture": "#1"},
				"south": {"uv": [1, 0, 0, 9], "texture": "#1"},
				"west": {"uv": [1, 0, 0, 9], "texture": "#1"},
				"up": {"uv": [1, 0, 0, 9], "texture": "#1"},
				"down": {"uv": [1, 0, 0, 9], "texture": "#1"}
			}
		},
		{
			"from": [12, 9, -2],
			"to": [13, 11, -1],
			"faces": {
				"north": {"uv": [1, 0, 0, 2], "texture": "#1"},
				"east": {"uv": [1, 0, 0, 2], "texture": "#1"},
				"south": {"uv": [1, 0, 0, 2], "texture": "#1"},
				"west": {"uv": [1, 0, 0, 2], "texture": "#1"},
				"up": {"uv": [1, 0, 0, 2], "texture": "#1"},
				"down": {"uv": [1, 0, 0, 2], "texture": "#1"}
			}
		},
		{
			"from": [6, 15.3, -2],
			"to": [10, 16.3, -1],
			"faces": {
				"north": {"uv": [2, 3, 6, 4], "texture": "#2"},
				"east": {"uv": [2, 3, 3, 4], "texture": "#2"},
				"south": {"uv": [2, 3, 6, 4], "texture": "#2"},
				"west": {"uv": [2, 3, 3, 4], "texture": "#2"},
				"up": {"uv": [2, 3, 6, 4], "texture": "#2"},
				"down": {"uv": [2, 3, 6, 4], "texture": "#2"}
			}
		},
		{
			"from": [9.8, 16.1, -2],
			"to": [10.8, 17.1, -1],
			"faces": {
				"north": {"uv": [2, 3, 3, 4], "texture": "#2"},
				"east": {"uv": [2, 3, 3, 4], "texture": "#2"},
				"south": {"uv": [2, 3, 3, 4], "texture": "#2"},
				"west": {"uv": [2, 3, 3, 4], "texture": "#2"},
				"up": {"uv": [2, 3, 3, 4], "texture": "#2"},
				"down": {"uv": [2, 3, 3, 4], "texture": "#2"}
			}
		},
		{
			"from": [9.8, 14.6, -2],
			"to": [10.8, 15.6, -1],
			"faces": {
				"north": {"uv": [2, 3, 3, 4], "texture": "#2"},
				"east": {"uv": [2, 3, 3, 4], "texture": "#2"},
				"south": {"uv": [2, 3, 3, 4], "texture": "#2"},
				"west": {"uv": [2, 3, 3, 4], "texture": "#2"},
				"up": {"uv": [2, 3, 3, 4], "texture": "#2"},
				"down": {"uv": [2, 3, 3, 4], "texture": "#2"}
			}
		},
		{
			"from": [5.2, 16.1, -2],
			"to": [6.2, 17.1, -1],
			"faces": {
				"north": {"uv": [2, 3, 3, 4], "texture": "#2"},
				"east": {"uv": [2, 3, 3, 4], "texture": "#2"},
				"south": {"uv": [2, 3, 3, 4], "texture": "#2"},
				"west": {"uv": [2, 3, 3, 4], "texture": "#2"},
				"up": {"uv": [2, 3, 3, 4], "texture": "#2"},
				"down": {"uv": [2, 3, 3, 4], "texture": "#2"}
			}
		},
		{
			"from": [5.2, 14.6, -2],
			"to": [6.2, 15.6, -1],
			"faces": {
				"north": {"uv": [2, 3, 3, 4], "texture": "#2"},
				"east": {"uv": [2, 3, 3, 4], "texture": "#2"},
				"south": {"uv": [2, 3, 3, 4], "texture": "#2"},
				"west": {"uv": [2, 3, 3, 4], "texture": "#2"},
				"up": {"uv": [2, 3, 3, 4], "texture": "#2"},
				"down": {"uv": [2, 3, 3, 4], "texture": "#2"}
			}
		},
		{
			"from": [5, 13.8, -1.4],
			"to": [11, 17.8, -1],
			"faces": {
				"north": {"uv": [3, 4, 5, 5], "texture": "#1"},
				"east": {"uv": [0, 2, 1, 4], "texture": "#1"},
				"south": {"uv": [0, 2, 1, 4], "texture": "#1"},
				"west": {"uv": [0, 2, 1, 4], "texture": "#1"},
				"up": {"uv": [0, 2, 1, 4], "texture": "#1"},
				"down": {"uv": [0, 2, 1, 4], "texture": "#1"}
			}
		},
		{
			"from": [4.4, 14.3, -1.4],
			"to": [11.7, 17.1, -1],
			"faces": {
				"north": {"uv": [3, 4, 5, 5], "texture": "#1"},
				"east": {"uv": [2, 3, 6, 4], "texture": "#1"},
				"south": {"uv": [2, 3, 6, 4], "texture": "#1"},
				"west": {"uv": [2, 3, 6, 4], "texture": "#1"},
				"up": {"uv": [2, 3, 6, 4], "texture": "#1"},
				"down": {"uv": [2, 3, 6, 4], "texture": "#1"}
			}
		}
	],
	"display": {
		"thirdperson_righthand": {
			"rotation": [75, 45, 0],
			"translation": [0, 2.5, 0],
			"scale": [0.375, 0.375, 0.375]
		},
		"thirdperson_lefthand": {
			"rotation": [75, 45, 0],
			"translation": [0, 2.5, 0],
			"scale": [0.375, 0.375, 0.375]
		},
		"firstperson_righthand": {
			"rotation": [0, 45, 0],
			"scale": [0.4, 0.4, 0.4]
		},
		"firstperson_lefthand": {
			"rotation": [0, 225, 0],
			"scale": [0.4, 0.4, 0.4]
		},
		"ground": {
			"scale": [0.48438, 0.55078, 0.53125]
		},
		"gui": {
			"rotation": [30, 225, 0],
			"translation": [0, -1, 0],
			"scale": [0.625, 0.625, 0.625]
		},
		"fixed": {
			"rotation": [-91.5, 0, 0],
			"translation": [0, 0, -16.25],
			"scale": [2.19141, 2.1582, 2.49414]
		}
	},
	"groups": [
		{
			"name": "birch_doghouse",
			"children": [
				{
					"name": "Front",
					"children": [0, 1, 2, 3, 4, 5, 6, 7, 8]
				},
				{
					"name": "Sides",
					"children": [9, 10, 11]
				},
				{
					"name": "Roof Triangles",
					"children": [12, 13, 14, 15, 16, 17, 18, 19, 20, 21, 22, 23, 24, 25, 26, 27]
				}, 28, 29,
				{
					"name": "Doorframe",
					"children": [30, 31, 32, 33, 34, 35, 36]
				}
			]
		}, 37, 38, 39, 40, 41, 42, 43]
}