{
	"credit": "Made with Blockbench",
	"textures": {
		"0": "block/MizunoArchive/red_concrete",
		"2": "block/MizunoArchive/coarse_dirt",
		"particle": "block/MizunoArchive/red_concrete"
	},
	"elements": [
		{
			"name": "Bottom of Bowl",
			"from": [5, 0, 6],
			"to": [11, 1, 10],
			"faces": {
				"north": {"uv": [0, 0, 6, 1], "texture": "#missing"},
				"east": {"uv": [0, 0, 4, 1], "texture": "#missing"},
				"south": {"uv": [0, 0, 6, 1], "texture": "#missing"},
				"west": {"uv": [0, 0, 4, 1], "texture": "#missing"},
				"up": {"uv": [0, 0, 6, 4], "texture": "#0"},
				"down": {"uv": [0, 0, 6, 4], "texture": "#missing"}
			}
		},
		{
			"name": "Bottom of Bowl",
			"from": [6, 0, 5],
			"to": [10, 1, 11],
			"faces": {
				"north": {"uv": [0, 0, 4, 1], "texture": "#missing"},
				"east": {"uv": [0, 0, 6, 1], "texture": "#missing"},
				"south": {"uv": [0, 0, 4, 1], "texture": "#missing"},
				"west": {"uv": [0, 0, 6, 1], "texture": "#missing"},
				"up": {"uv": [0, 0, 4, 6], "texture": "#0"},
				"down": {"uv": [0, 0, 4, 6], "texture": "#missing"}
			}
		},
		{
			"from": [6, 2, 3],
			"to": [10, 4, 4],
			"faces": {
				"north": {"uv": [0, 2, 4, 4], "texture": "#0"},
				"east": {"uv": [0, 2, 4, 4], "texture": "#0"},
				"south": {"uv": [0, 2, 4, 4], "texture": "#0"},
				"west": {"uv": [0, 2, 4, 4], "texture": "#0"},
				"up": {"uv": [0, 2, 4, 4], "texture": "#0"},
				"down": {"uv": [0, 2, 4, 4], "texture": "#0"}
			}
		},
		{
			"from": [3, 2, 6],
			"to": [4, 4, 10],
			"faces": {
				"north": {"uv": [0, 2, 1, 4], "texture": "#0"},
				"east": {"uv": [0, 2, 1, 4], "texture": "#0"},
				"south": {"uv": [0, 2, 1, 4], "texture": "#0"},
				"west": {"uv": [0, 2, 1, 4], "texture": "#0"},
				"up": {"uv": [0, 2, 1, 4], "texture": "#0"},
				"down": {"uv": [0, 2, 1, 4], "texture": "#0"}
			}
		},
		{
			"from": [12, 2, 6],
			"to": [13, 4, 10],
			"faces": {
				"north": {"uv": [0, 2, 1, 4], "texture": "#0"},
				"east": {"uv": [0, 2, 1, 4], "texture": "#0"},
				"south": {"uv": [0, 2, 1, 4], "texture": "#0"},
				"west": {"uv": [0, 2, 1, 4], "texture": "#0"},
				"up": {"uv": [0, 2, 1, 4], "texture": "#0"},
				"down": {"uv": [0, 2, 1, 4], "texture": "#0"}
			}
		},
		{
			"from": [6, 2, 12],
			"to": [10, 4, 13],
			"faces": {
				"north": {"uv": [0, 2, 4, 4], "texture": "#0"},
				"east": {"uv": [0, 2, 4, 4], "texture": "#0"},
				"south": {"uv": [0, 2, 4, 4], "texture": "#0"},
				"west": {"uv": [0, 2, 4, 4], "texture": "#0"},
				"up": {"uv": [0, 2, 4, 4], "texture": "#0"},
				"down": {"uv": [0, 2, 4, 4], "texture": "#0"}
			}
		},
		{
			"from": [10, 2, 4],
			"to": [12, 4, 5],
			"faces": {
				"north": {"uv": [0, 2, 2, 4], "texture": "#0"},
				"east": {"uv": [0, 2, 2, 4], "texture": "#0"},
				"south": {"uv": [0, 2, 2, 4], "texture": "#0"},
				"west": {"uv": [0, 2, 2, 4], "texture": "#0"},
				"up": {"uv": [0, 2, 2, 4], "texture": "#0"},
				"down": {"uv": [0, 2, 2, 4], "texture": "#0"}
			}
		},
		{
			"from": [4, 2, 4],
			"to": [6, 4, 5],
			"faces": {
				"north": {"uv": [0, 2, 2, 4], "texture": "#0"},
				"east": {"uv": [0, 2, 2, 4], "texture": "#0"},
				"south": {"uv": [0, 2, 2, 4], "texture": "#0"},
				"west": {"uv": [0, 2, 2, 4], "texture": "#0"},
				"up": {"uv": [0, 2, 2, 4], "texture": "#0"},
				"down": {"uv": [0, 2, 2, 4], "texture": "#0"}
			}
		},
		{
			"from": [4, 2, 11],
			"to": [6, 4, 12],
			"faces": {
				"north": {"uv": [0, 2, 2, 4], "texture": "#0"},
				"east": {"uv": [0, 2, 2, 4], "texture": "#0"},
				"south": {"uv": [0, 2, 2, 4], "texture": "#0"},
				"west": {"uv": [0, 2, 2, 4], "texture": "#0"},
				"up": {"uv": [0, 2, 2, 4], "texture": "#0"},
				"down": {"uv": [0, 2, 2, 4], "texture": "#0"}
			}
		},
		{
			"from": [10, 2, 11],
			"to": [12, 4, 12],
			"faces": {
				"north": {"uv": [0, 2, 2, 4], "texture": "#0"},
				"east": {"uv": [0, 2, 2, 4], "texture": "#0"},
				"south": {"uv": [0, 2, 2, 4], "texture": "#0"},
				"west": {"uv": [0, 2, 2, 4], "texture": "#0"},
				"up": {"uv": [0, 2, 2, 4], "texture": "#0"},
				"down": {"uv": [0, 2, 2, 4], "texture": "#0"}
			}
		},
		{
			"from": [4, 2, 10],
			"to": [5, 4, 12],
			"faces": {
				"north": {"uv": [0, 2, 1, 4], "texture": "#0"},
				"east": {"uv": [0, 2, 1, 4], "texture": "#0"},
				"south": {"uv": [0, 2, 1, 4], "texture": "#0"},
				"west": {"uv": [0, 2, 1, 4], "texture": "#0"},
				"up": {"uv": [0, 2, 1, 4], "texture": "#0"},
				"down": {"uv": [0, 2, 1, 4], "texture": "#0"}
			}
		},
		{
			"from": [11, 2, 10],
			"to": [12, 4, 12],
			"faces": {
				"north": {"uv": [0, 2, 1, 4], "texture": "#0"},
				"east": {"uv": [0, 2, 1, 4], "texture": "#0"},
				"south": {"uv": [0, 2, 1, 4], "texture": "#0"},
				"west": {"uv": [0, 2, 1, 4], "texture": "#0"},
				"up": {"uv": [0, 2, 1, 4], "texture": "#0"},
				"down": {"uv": [0, 2, 1, 4], "texture": "#0"}
			}
		},
		{
			"from": [11, 2, 4],
			"to": [12, 4, 6],
			"faces": {
				"north": {"uv": [0, 2, 1, 4], "texture": "#0"},
				"east": {"uv": [0, 2, 1, 4], "texture": "#0"},
				"south": {"uv": [0, 2, 1, 4], "texture": "#0"},
				"west": {"uv": [0, 2, 1, 4], "texture": "#0"},
				"up": {"uv": [0, 2, 1, 4], "texture": "#0"},
				"down": {"uv": [0, 2, 1, 4], "texture": "#0"}
			}
		},
		{
			"from": [4, 2, 4],
			"to": [5, 4, 6],
			"faces": {
				"north": {"uv": [0, 2, 1, 4], "texture": "#0"},
				"east": {"uv": [0, 2, 1, 4], "texture": "#0"},
				"south": {"uv": [0, 2, 1, 4], "texture": "#0"},
				"west": {"uv": [0, 2, 1, 4], "texture": "#0"},
				"up": {"uv": [0, 2, 1, 4], "texture": "#0"},
				"down": {"uv": [0, 2, 1, 4], "texture": "#0"}
			}
		},
		{
			"from": [6, 0, 4],
			"to": [10, 2, 5],
			"faces": {
				"north": {"uv": [0, 2, 4, 4], "texture": "#0"},
				"east": {"uv": [0, 2, 4, 4], "texture": "#0"},
				"south": {"uv": [0, 2, 4, 4], "texture": "#0"},
				"west": {"uv": [0, 2, 4, 4], "texture": "#0"},
				"up": {"uv": [0, 2, 4, 4], "texture": "#0"},
				"down": {"uv": [0, 2, 4, 4], "texture": "#0"}
			}
		},
		{
			"from": [4, 0, 6],
			"to": [5, 2, 10],
			"faces": {
				"north": {"uv": [0, 2, 1, 4], "texture": "#0"},
				"east": {"uv": [0, 2, 1, 4], "texture": "#0"},
				"south": {"uv": [0, 2, 1, 4], "texture": "#0"},
				"west": {"uv": [0, 2, 1, 4], "texture": "#0"},
				"up": {"uv": [0, 2, 1, 4], "texture": "#0"},
				"down": {"uv": [0, 2, 1, 4], "texture": "#0"}
			}
		},
		{
			"from": [11, 0, 6],
			"to": [12, 2, 10],
			"faces": {
				"north": {"uv": [0, 2, 1, 4], "texture": "#0"},
				"east": {"uv": [0, 2, 1, 4], "texture": "#0"},
				"south": {"uv": [0, 2, 1, 4], "texture": "#0"},
				"west": {"uv": [0, 2, 1, 4], "texture": "#0"},
				"up": {"uv": [0, 2, 1, 4], "texture": "#0"},
				"down": {"uv": [0, 2, 1, 4], "texture": "#0"}
			}
		},
		{
			"from": [6, 0, 11],
			"to": [10, 2, 12],
			"faces": {
				"north": {"uv": [0, 2, 4, 4], "texture": "#0"},
				"east": {"uv": [0, 2, 4, 4], "texture": "#0"},
				"south": {"uv": [0, 2, 4, 4], "texture": "#0"},
				"west": {"uv": [0, 2, 4, 4], "texture": "#0"},
				"up": {"uv": [0, 2, 4, 4], "texture": "#0"},
				"down": {"uv": [0, 2, 4, 4], "texture": "#0"}
			}
		},
		{
			"from": [10, 0, 5],
			"to": [11, 2, 6],
			"faces": {
				"north": {"uv": [0, 2, 1, 4], "texture": "#0"},
				"east": {"uv": [0, 2, 1, 4], "texture": "#0"},
				"south": {"uv": [0, 2, 1, 4], "texture": "#0"},
				"west": {"uv": [0, 2, 1, 4], "texture": "#0"},
				"up": {"uv": [0, 2, 1, 4], "texture": "#0"},
				"down": {"uv": [0, 2, 1, 4], "texture": "#0"}
			}
		},
		{
			"from": [5, 0, 5],
			"to": [6, 2, 6],
			"faces": {
				"north": {"uv": [0, 2, 1, 4], "texture": "#0"},
				"east": {"uv": [0, 2, 1, 4], "texture": "#0"},
				"south": {"uv": [0, 2, 1, 4], "texture": "#0"},
				"west": {"uv": [0, 2, 1, 4], "texture": "#0"},
				"up": {"uv": [0, 2, 1, 4], "texture": "#0"},
				"down": {"uv": [0, 2, 1, 4], "texture": "#0"}
			}
		},
		{
			"from": [5, 0, 10],
			"to": [6, 2, 11],
			"faces": {
				"north": {"uv": [0, 2, 1, 4], "texture": "#0"},
				"east": {"uv": [0, 2, 1, 4], "texture": "#0"},
				"south": {"uv": [0, 2, 1, 4], "texture": "#0"},
				"west": {"uv": [0, 2, 1, 4], "texture": "#0"},
				"up": {"uv": [0, 2, 1, 4], "texture": "#0"},
				"down": {"uv": [0, 2, 1, 4], "texture": "#0"}
			}
		},
		{
			"from": [10, 0, 10],
			"to": [11, 2, 11],
			"faces": {
				"north": {"uv": [0, 2, 1, 4], "texture": "#0"},
				"east": {"uv": [0, 2, 1, 4], "texture": "#0"},
				"south": {"uv": [0, 2, 1, 4], "texture": "#0"},
				"west": {"uv": [0, 2, 1, 4], "texture": "#0"},
				"up": {"uv": [0, 2, 1, 4], "texture": "#0"},
				"down": {"uv": [0, 2, 1, 4], "texture": "#0"}
			}
		},
		{
			"from": [7, 1, 3],
			"to": [9, 2, 4],
			"faces": {
				"north": {"uv": [0, 2, 2, 3], "texture": "#0"},
				"east": {"uv": [0, 2, 2, 3], "texture": "#0"},
				"south": {"uv": [0, 2, 2, 3], "texture": "#0"},
				"west": {"uv": [0, 2, 2, 3], "texture": "#0"},
				"up": {"uv": [0, 2, 2, 3], "texture": "#0"},
				"down": {"uv": [0, 2, 2, 3], "texture": "#0"}
			}
		},
		{
			"from": [12, 1, 7],
			"to": [13, 2, 9],
			"faces": {
				"north": {"uv": [0, 2, 1, 3], "texture": "#0"},
				"east": {"uv": [0, 2, 1, 3], "texture": "#0"},
				"south": {"uv": [0, 2, 1, 3], "texture": "#0"},
				"west": {"uv": [0, 2, 1, 3], "texture": "#0"},
				"up": {"uv": [0, 2, 1, 3], "texture": "#0"},
				"down": {"uv": [0, 2, 1, 3], "texture": "#0"}
			}
		},
		{
			"from": [7, 1, 12],
			"to": [9, 2, 13],
			"faces": {
				"north": {"uv": [0, 2, 2, 3], "texture": "#0"},
				"east": {"uv": [0, 2, 2, 3], "texture": "#0"},
				"south": {"uv": [0, 2, 2, 3], "texture": "#0"},
				"west": {"uv": [0, 2, 2, 3], "texture": "#0"},
				"up": {"uv": [0, 2, 2, 3], "texture": "#0"},
				"down": {"uv": [0, 2, 2, 3], "texture": "#0"}
			}
		},
		{
			"from": [3, 1, 7],
			"to": [4, 2, 9],
			"faces": {
				"north": {"uv": [0, 2, 1, 3], "texture": "#0"},
				"east": {"uv": [0, 2, 1, 3], "texture": "#0"},
				"south": {"uv": [0, 2, 1, 3], "texture": "#0"},
				"west": {"uv": [0, 2, 1, 3], "texture": "#0"},
				"up": {"uv": [0, 2, 1, 3], "texture": "#0"},
				"down": {"uv": [0, 2, 1, 3], "texture": "#0"}
			}
		},
		{
			"from": [4, 1, 5],
			"to": [5, 2, 6],
			"faces": {
				"north": {"uv": [0, 2, 1, 3], "texture": "#0"},
				"east": {"uv": [0, 2, 1, 3], "texture": "#0"},
				"south": {"uv": [0, 2, 1, 3], "texture": "#0"},
				"west": {"uv": [0, 2, 1, 3], "texture": "#0"},
				"up": {"uv": [0, 2, 1, 3], "texture": "#0"},
				"down": {"uv": [0, 2, 1, 3], "texture": "#0"}
			}
		},
		{
			"from": [5, 1, 4],
			"to": [6, 2, 5],
			"faces": {
				"north": {"uv": [0, 2, 1, 3], "texture": "#0"},
				"east": {"uv": [0, 2, 1, 3], "texture": "#0"},
				"south": {"uv": [0, 2, 1, 3], "texture": "#0"},
				"west": {"uv": [0, 2, 1, 3], "texture": "#0"},
				"up": {"uv": [0, 2, 1, 3], "texture": "#0"},
				"down": {"uv": [0, 2, 1, 3], "texture": "#0"}
			}
		},
		{
			"from": [11, 1, 5],
			"to": [12, 2, 6],
			"faces": {
				"north": {"uv": [0, 2, 1, 3], "texture": "#0"},
				"east": {"uv": [0, 2, 1, 3], "texture": "#0"},
				"south": {"uv": [0, 2, 1, 3], "texture": "#0"},
				"west": {"uv": [0, 2, 1, 3], "texture": "#0"},
				"up": {"uv": [0, 2, 1, 3], "texture": "#0"},
				"down": {"uv": [0, 2, 1, 3], "texture": "#0"}
			}
		},
		{
			"from": [10, 1, 4],
			"to": [11, 2, 5],
			"faces": {
				"north": {"uv": [0, 2, 1, 3], "texture": "#0"},
				"east": {"uv": [0, 2, 1, 3], "texture": "#0"},
				"south": {"uv": [0, 2, 1, 3], "texture": "#0"},
				"west": {"uv": [0, 2, 1, 3], "texture": "#0"},
				"up": {"uv": [0, 2, 1, 3], "texture": "#0"},
				"down": {"uv": [0, 2, 1, 3], "texture": "#0"}
			}
		},
		{
			"from": [10, 1, 11],
			"to": [11, 2, 12],
			"faces": {
				"north": {"uv": [0, 2, 1, 3], "texture": "#0"},
				"east": {"uv": [0, 2, 1, 3], "texture": "#0"},
				"south": {"uv": [0, 2, 1, 3], "texture": "#0"},
				"west": {"uv": [0, 2, 1, 3], "texture": "#0"},
				"up": {"uv": [0, 2, 1, 3], "texture": "#0"},
				"down": {"uv": [0, 2, 1, 3], "texture": "#0"}
			}
		},
		{
			"from": [11, 1, 10],
			"to": [12, 2, 11],
			"faces": {
				"north": {"uv": [0, 2, 1, 3], "texture": "#0"},
				"east": {"uv": [0, 2, 1, 3], "texture": "#0"},
				"south": {"uv": [0, 2, 1, 3], "texture": "#0"},
				"west": {"uv": [0, 2, 1, 3], "texture": "#0"},
				"up": {"uv": [0, 2, 1, 3], "texture": "#0"},
				"down": {"uv": [0, 2, 1, 3], "texture": "#0"}
			}
		},
		{
			"from": [4, 1, 10],
			"to": [5, 2, 11],
			"faces": {
				"north": {"uv": [0, 2, 1, 3], "texture": "#0"},
				"east": {"uv": [0, 2, 1, 3], "texture": "#0"},
				"south": {"uv": [0, 2, 1, 3], "texture": "#0"},
				"west": {"uv": [0, 2, 1, 3], "texture": "#0"},
				"up": {"uv": [0, 2, 1, 3], "texture": "#0"},
				"down": {"uv": [0, 2, 1, 3], "texture": "#0"}
			}
		},
		{
			"from": [5, 1, 11],
			"to": [6, 2, 12],
			"faces": {
				"north": {"uv": [0, 2, 1, 3], "texture": "#0"},
				"east": {"uv": [0, 2, 1, 3], "texture": "#0"},
				"south": {"uv": [0, 2, 1, 3], "texture": "#0"},
				"west": {"uv": [0, 2, 1, 3], "texture": "#0"},
				"up": {"uv": [0, 2, 1, 3], "texture": "#0"},
				"down": {"uv": [0, 2, 1, 3], "texture": "#0"}
			}
		},
		{
			"from": [6, 4, 11],
			"to": [7, 5, 12],
			"faces": {
				"north": {"uv": [3, 0, 5, 2], "texture": "#2"},
				"east": {"uv": [3, 0, 5, 2], "texture": "#2"},
				"south": {"uv": [3, 0, 5, 2], "texture": "#2"},
				"west": {"uv": [3, 0, 5, 2], "texture": "#2"},
				"up": {"uv": [3, 0, 5, 2], "texture": "#2"},
				"down": {"uv": [3, 0, 5, 2], "texture": "#2"}
			}
		},
		{
			"from": [5, 4, 6],
			"to": [6, 5, 7],
			"faces": {
				"north": {"uv": [3, 0, 5, 2], "texture": "#2"},
				"east": {"uv": [3, 0, 5, 2], "texture": "#2"},
				"south": {"uv": [3, 0, 5, 2], "texture": "#2"},
				"west": {"uv": [3, 0, 5, 2], "texture": "#2"},
				"up": {"uv": [3, 0, 5, 2], "texture": "#2"},
				"down": {"uv": [3, 0, 5, 2], "texture": "#2"}
			}
		},
		{
			"from": [6, 4, 5],
			"to": [8, 5, 6],
			"faces": {
				"north": {"uv": [3, 0, 5, 2], "texture": "#2"},
				"east": {"uv": [3, 0, 5, 2], "texture": "#2"},
				"south": {"uv": [3, 0, 5, 2], "texture": "#2"},
				"west": {"uv": [3, 0, 5, 2], "texture": "#2"},
				"up": {"uv": [3, 0, 5, 2], "texture": "#2"},
				"down": {"uv": [3, 0, 5, 2], "texture": "#2"}
			}
		},
		{
			"from": [9, 4, 6],
			"to": [10, 5, 7],
			"faces": {
				"north": {"uv": [0, 0, 2, 2], "texture": "#2"},
				"east": {"uv": [0, 0, 2, 2], "texture": "#2"},
				"south": {"uv": [0, 0, 2, 2], "texture": "#2"},
				"west": {"uv": [0, 0, 2, 2], "texture": "#2"},
				"up": {"uv": [0, 0, 2, 2], "texture": "#2"},
				"down": {"uv": [0, 0, 2, 2], "texture": "#2"}
			}
		},
		{
			"from": [10, 4, 7],
			"to": [11, 5, 8],
			"faces": {
				"north": {"uv": [0, 0, 2, 2], "texture": "#2"},
				"east": {"uv": [0, 0, 2, 2], "texture": "#2"},
				"south": {"uv": [0, 0, 2, 2], "texture": "#2"},
				"west": {"uv": [0, 0, 2, 2], "texture": "#2"},
				"up": {"uv": [0, 0, 2, 2], "texture": "#2"},
				"down": {"uv": [0, 0, 2, 2], "texture": "#2"}
			}
		},
		{
			"from": [10, 4, 9],
			"to": [11, 5, 10],
			"faces": {
				"north": {"uv": [3, 0, 5, 2], "texture": "#2"},
				"east": {"uv": [3, 0, 5, 2], "texture": "#2"},
				"south": {"uv": [3, 0, 5, 2], "texture": "#2"},
				"west": {"uv": [3, 0, 5, 2], "texture": "#2"},
				"up": {"uv": [3, 0, 5, 2], "texture": "#2"},
				"down": {"uv": [3, 0, 5, 2], "texture": "#2"}
			}
		},
		{
			"from": [8, 4, 10],
			"to": [10, 5, 11],
			"faces": {
				"north": {"uv": [3, 0, 5, 2], "texture": "#2"},
				"east": {"uv": [3, 0, 5, 2], "texture": "#2"},
				"south": {"uv": [3, 0, 5, 2], "texture": "#2"},
				"west": {"uv": [3, 0, 5, 2], "texture": "#2"},
				"up": {"uv": [3, 0, 5, 2], "texture": "#2"},
				"down": {"uv": [3, 0, 5, 2], "texture": "#2"}
			}
		},
		{
			"from": [8, 4, 9],
			"to": [9, 5, 10],
			"faces": {
				"north": {"uv": [3, 0, 5, 2], "texture": "#2"},
				"east": {"uv": [3, 0, 5, 2], "texture": "#2"},
				"south": {"uv": [3, 0, 5, 2], "texture": "#2"},
				"west": {"uv": [3, 0, 5, 2], "texture": "#2"},
				"up": {"uv": [3, 0, 5, 2], "texture": "#2"},
				"down": {"uv": [3, 0, 5, 2], "texture": "#2"}
			}
		},
		{
			"from": [6, 4, 8],
			"to": [7, 5, 9],
			"faces": {
				"north": {"uv": [0, 0, 2, 2], "texture": "#2"},
				"east": {"uv": [0, 0, 2, 2], "texture": "#2"},
				"south": {"uv": [0, 0, 2, 2], "texture": "#2"},
				"west": {"uv": [0, 0, 2, 2], "texture": "#2"},
				"up": {"uv": [0, 0, 2, 2], "texture": "#2"},
				"down": {"uv": [0, 0, 2, 2], "texture": "#2"}
			}
		},
		{
			"from": [5, 4, 9],
			"to": [6, 5, 10],
			"faces": {
				"north": {"uv": [0, 0, 2, 2], "texture": "#2"},
				"east": {"uv": [0, 0, 2, 2], "texture": "#2"},
				"south": {"uv": [0, 0, 2, 2], "texture": "#2"},
				"west": {"uv": [0, 0, 2, 2], "texture": "#2"},
				"up": {"uv": [0, 0, 2, 2], "texture": "#2"},
				"down": {"uv": [0, 0, 2, 2], "texture": "#2"}
			}
		},
		{
			"from": [4, 3, 6],
			"to": [5, 4, 7],
			"faces": {
				"north": {"uv": [3, 0, 5, 2], "texture": "#2"},
				"east": {"uv": [3, 0, 5, 2], "texture": "#2"},
				"south": {"uv": [3, 0, 5, 2], "texture": "#2"},
				"west": {"uv": [3, 0, 5, 2], "texture": "#2"},
				"up": {"uv": [3, 0, 5, 2], "rotation": 90, "texture": "#2"},
				"down": {"uv": [3, 0, 5, 2], "rotation": 270, "texture": "#2"}
			}
		},
		{
			"from": [9, 3, 5],
			"to": [10, 4, 6],
			"faces": {
				"north": {"uv": [3, 0, 5, 2], "texture": "#2"},
				"east": {"uv": [3, 0, 5, 2], "texture": "#2"},
				"south": {"uv": [3, 0, 5, 2], "texture": "#2"},
				"west": {"uv": [3, 0, 5, 2], "texture": "#2"},
				"up": {"uv": [3, 0, 5, 2], "rotation": 90, "texture": "#2"},
				"down": {"uv": [3, 0, 5, 2], "rotation": 270, "texture": "#2"}
			}
		},
		{
			"from": [10, 3, 6],
			"to": [11, 4, 8],
			"faces": {
				"north": {"uv": [3, 0, 5, 2], "texture": "#2"},
				"east": {"uv": [3, 0, 5, 2], "texture": "#2"},
				"south": {"uv": [3, 0, 5, 2], "texture": "#2"},
				"west": {"uv": [3, 0, 5, 2], "texture": "#2"},
				"up": {"uv": [3, 0, 5, 2], "rotation": 90, "texture": "#2"},
				"down": {"uv": [3, 0, 5, 2], "rotation": 270, "texture": "#2"}
			}
		},
		{
			"from": [9, 3, 9],
			"to": [10, 4, 10],
			"faces": {
				"north": {"uv": [0, 0, 2, 2], "texture": "#2"},
				"east": {"uv": [0, 0, 2, 2], "texture": "#2"},
				"south": {"uv": [0, 0, 2, 2], "texture": "#2"},
				"west": {"uv": [0, 0, 2, 2], "texture": "#2"},
				"up": {"uv": [0, 0, 2, 2], "rotation": 90, "texture": "#2"},
				"down": {"uv": [0, 0, 2, 2], "rotation": 270, "texture": "#2"}
			}
		},
		{
			"from": [8, 3, 10],
			"to": [9, 4, 11],
			"faces": {
				"north": {"uv": [0, 0, 2, 2], "texture": "#2"},
				"east": {"uv": [0, 0, 2, 2], "texture": "#2"},
				"south": {"uv": [0, 0, 2, 2], "texture": "#2"},
				"west": {"uv": [0, 0, 2, 2], "texture": "#2"},
				"up": {"uv": [0, 0, 2, 2], "rotation": 90, "texture": "#2"},
				"down": {"uv": [0, 0, 2, 2], "rotation": 270, "texture": "#2"}
			}
		},
		{
			"from": [6, 3, 10],
			"to": [7, 4, 11],
			"faces": {
				"north": {"uv": [3, 0, 5, 2], "texture": "#2"},
				"east": {"uv": [3, 0, 5, 2], "texture": "#2"},
				"south": {"uv": [3, 0, 5, 2], "texture": "#2"},
				"west": {"uv": [3, 0, 5, 2], "texture": "#2"},
				"up": {"uv": [3, 0, 5, 2], "rotation": 90, "texture": "#2"},
				"down": {"uv": [3, 0, 5, 2], "rotation": 270, "texture": "#2"}
			}
		},
		{
			"from": [5, 3, 8],
			"to": [6, 4, 10],
			"faces": {
				"north": {"uv": [3, 0, 5, 2], "texture": "#2"},
				"east": {"uv": [3, 0, 5, 2], "texture": "#2"},
				"south": {"uv": [3, 0, 5, 2], "texture": "#2"},
				"west": {"uv": [3, 0, 5, 2], "texture": "#2"},
				"up": {"uv": [3, 0, 5, 2], "rotation": 90, "texture": "#2"},
				"down": {"uv": [3, 0, 5, 2], "rotation": 270, "texture": "#2"}
			}
		},
		{
			"from": [6, 3, 8],
			"to": [7, 4, 9],
			"faces": {
				"north": {"uv": [3, 0, 5, 2], "texture": "#2"},
				"east": {"uv": [3, 0, 5, 2], "texture": "#2"},
				"south": {"uv": [3, 0, 5, 2], "texture": "#2"},
				"west": {"uv": [3, 0, 5, 2], "texture": "#2"},
				"up": {"uv": [3, 0, 5, 2], "rotation": 90, "texture": "#2"},
				"down": {"uv": [3, 0, 5, 2], "rotation": 270, "texture": "#2"}
			}
		},
		{
			"from": [7, 3, 6],
			"to": [8, 4, 7],
			"faces": {
				"north": {"uv": [0, 0, 2, 2], "texture": "#2"},
				"east": {"uv": [0, 0, 2, 2], "texture": "#2"},
				"south": {"uv": [0, 0, 2, 2], "texture": "#2"},
				"west": {"uv": [0, 0, 2, 2], "texture": "#2"},
				"up": {"uv": [0, 0, 2, 2], "rotation": 90, "texture": "#2"},
				"down": {"uv": [0, 0, 2, 2], "rotation": 270, "texture": "#2"}
			}
		},
		{
			"from": [6, 3, 5],
			"to": [7, 4, 6],
			"faces": {
				"north": {"uv": [0, 0, 2, 2], "texture": "#2"},
				"east": {"uv": [0, 0, 2, 2], "texture": "#2"},
				"south": {"uv": [0, 0, 2, 2], "texture": "#2"},
				"west": {"uv": [0, 0, 2, 2], "texture": "#2"},
				"up": {"uv": [0, 0, 2, 2], "rotation": 90, "texture": "#2"},
				"down": {"uv": [0, 0, 2, 2], "rotation": 270, "texture": "#2"}
			}
		},
		{
			"from": [5, 2, 10],
			"to": [6, 3, 11],
			"faces": {
				"north": {"uv": [3, 0, 5, 2], "texture": "#2"},
				"east": {"uv": [3, 0, 5, 2], "texture": "#2"},
				"south": {"uv": [3, 0, 5, 2], "texture": "#2"},
				"west": {"uv": [3, 0, 5, 2], "texture": "#2"},
				"up": {"uv": [5, 2, 7, 4], "rotation": 90, "texture": "#2"},
				"down": {"uv": [3, 0, 5, 2], "rotation": 270, "texture": "#2"}
			}
		},
		{
			"from": [10, 2, 10],
			"to": [11, 3, 11],
			"faces": {
				"north": {"uv": [3, 0, 5, 2], "texture": "#2"},
				"east": {"uv": [3, 0, 5, 2], "texture": "#2"},
				"south": {"uv": [3, 0, 5, 2], "texture": "#2"},
				"west": {"uv": [3, 0, 5, 2], "texture": "#2"},
				"up": {"uv": [5, 2, 7, 4], "rotation": 90, "texture": "#2"},
				"down": {"uv": [3, 0, 5, 2], "rotation": 270, "texture": "#2"}
			}
		},
		{
			"from": [10, 2, 5],
			"to": [11, 3, 6],
			"faces": {
				"north": {"uv": [3, 0, 5, 2], "texture": "#2"},
				"east": {"uv": [3, 0, 5, 2], "texture": "#2"},
				"south": {"uv": [3, 0, 5, 2], "texture": "#2"},
				"west": {"uv": [3, 0, 5, 2], "texture": "#2"},
				"up": {"uv": [5, 2, 7, 4], "rotation": 90, "texture": "#2"},
				"down": {"uv": [3, 0, 5, 2], "rotation": 270, "texture": "#2"}
			}
		},
		{
			"from": [5, 2, 5],
			"to": [6, 3, 6],
			"faces": {
				"north": {"uv": [3, 0, 5, 2], "texture": "#2"},
				"east": {"uv": [3, 0, 5, 2], "texture": "#2"},
				"south": {"uv": [3, 0, 5, 2], "texture": "#2"},
				"west": {"uv": [3, 0, 5, 2], "texture": "#2"},
				"up": {"uv": [8, 7, 10, 9], "rotation": 90, "texture": "#2"},
				"down": {"uv": [3, 0, 5, 2], "rotation": 270, "texture": "#2"}
			}
		},
		{
			"from": [11, 3, 6],
			"to": [12, 4, 7],
			"faces": {
				"north": {"uv": [6, 9, 8, 7], "rotation": 90, "texture": "#2"},
				"east": {"uv": [6, 9, 8, 7], "rotation": 90, "texture": "#2"},
				"south": {"uv": [6, 9, 8, 7], "rotation": 90, "texture": "#2"},
				"west": {"uv": [6, 9, 8, 7], "rotation": 90, "texture": "#2"},
				"up": {"uv": [6, 9, 8, 7], "rotation": 90, "texture": "#2"},
				"down": {"uv": [6, 9, 8, 7], "rotation": 90, "texture": "#2"}
			}
		},
		{
			"from": [6, 3, 5],
			"to": [7, 4, 6],
			"faces": {
				"north": {"uv": [6, 9, 8, 7], "rotation": 90, "texture": "#2"},
				"east": {"uv": [6, 9, 8, 7], "rotation": 90, "texture": "#2"},
				"south": {"uv": [6, 9, 8, 7], "rotation": 90, "texture": "#2"},
				"west": {"uv": [6, 9, 8, 7], "rotation": 90, "texture": "#2"},
				"up": {"uv": [6, 9, 8, 7], "rotation": 90, "texture": "#2"},
				"down": {"uv": [6, 9, 8, 7], "rotation": 90, "texture": "#2"}
			}
		},
		{
			"from": [5, 3, 6],
			"to": [6, 4, 8],
			"faces": {
				"north": {"uv": [6, 9, 8, 7], "rotation": 90, "texture": "#2"},
				"east": {"uv": [6, 9, 8, 7], "rotation": 90, "texture": "#2"},
				"south": {"uv": [6, 9, 8, 7], "rotation": 90, "texture": "#2"},
				"west": {"uv": [6, 9, 8, 7], "rotation": 90, "texture": "#2"},
				"up": {"uv": [6, 9, 8, 7], "rotation": 90, "texture": "#2"},
				"down": {"uv": [6, 9, 8, 7], "rotation": 90, "texture": "#2"}
			}
		},
		{
			"from": [6, 3, 9],
			"to": [7, 4, 10],
			"faces": {
				"north": {"uv": [6, 9, 8, 7], "rotation": 90, "texture": "#2"},
				"east": {"uv": [6, 9, 8, 7], "rotation": 90, "texture": "#2"},
				"south": {"uv": [6, 9, 8, 7], "rotation": 90, "texture": "#2"},
				"west": {"uv": [6, 9, 8, 7], "rotation": 90, "texture": "#2"},
				"up": {"uv": [6, 9, 8, 7], "rotation": 90, "texture": "#2"},
				"down": {"uv": [6, 9, 8, 7], "rotation": 90, "texture": "#2"}
			}
		},
		{
			"from": [7, 3, 10],
			"to": [8, 4, 11],
			"faces": {
				"north": {"uv": [6, 9, 8, 7], "rotation": 90, "texture": "#2"},
				"east": {"uv": [6, 9, 8, 7], "rotation": 90, "texture": "#2"},
				"south": {"uv": [6, 9, 8, 7], "rotation": 90, "texture": "#2"},
				"west": {"uv": [6, 9, 8, 7], "rotation": 90, "texture": "#2"},
				"up": {"uv": [6, 9, 8, 7], "rotation": 90, "texture": "#2"},
				"down": {"uv": [6, 9, 8, 7], "rotation": 90, "texture": "#2"}
			}
		},
		{
			"from": [9, 3, 10],
			"to": [10, 4, 11],
			"faces": {
				"north": {"uv": [6, 9, 8, 7], "rotation": 90, "texture": "#2"},
				"east": {"uv": [6, 9, 8, 7], "rotation": 90, "texture": "#2"},
				"south": {"uv": [6, 9, 8, 7], "rotation": 90, "texture": "#2"},
				"west": {"uv": [6, 9, 8, 7], "rotation": 90, "texture": "#2"},
				"up": {"uv": [6, 9, 8, 7], "rotation": 90, "texture": "#2"},
				"down": {"uv": [6, 9, 8, 7], "rotation": 90, "texture": "#2"}
			}
		},
		{
			"from": [10, 3, 8],
			"to": [11, 4, 10],
			"faces": {
				"north": {"uv": [6, 9, 8, 7], "rotation": 90, "texture": "#2"},
				"east": {"uv": [6, 9, 8, 7], "rotation": 90, "texture": "#2"},
				"south": {"uv": [6, 9, 8, 7], "rotation": 90, "texture": "#2"},
				"west": {"uv": [6, 9, 8, 7], "rotation": 90, "texture": "#2"},
				"up": {"uv": [6, 9, 8, 7], "rotation": 90, "texture": "#2"},
				"down": {"uv": [6, 9, 8, 7], "rotation": 90, "texture": "#2"}
			}
		},
		{
			"from": [9, 3, 8],
			"to": [10, 4, 9],
			"faces": {
				"north": {"uv": [6, 9, 8, 7], "rotation": 90, "texture": "#2"},
				"east": {"uv": [6, 9, 8, 7], "rotation": 90, "texture": "#2"},
				"south": {"uv": [6, 9, 8, 7], "rotation": 90, "texture": "#2"},
				"west": {"uv": [6, 9, 8, 7], "rotation": 90, "texture": "#2"},
				"up": {"uv": [6, 9, 8, 7], "rotation": 90, "texture": "#2"},
				"down": {"uv": [6, 9, 8, 7], "rotation": 90, "texture": "#2"}
			}
		},
		{
			"from": [8, 3, 6],
			"to": [9, 4, 7],
			"faces": {
				"north": {"uv": [6, 9, 8, 7], "rotation": 90, "texture": "#2"},
				"east": {"uv": [6, 9, 8, 7], "rotation": 90, "texture": "#2"},
				"south": {"uv": [6, 9, 8, 7], "rotation": 90, "texture": "#2"},
				"west": {"uv": [6, 9, 8, 7], "rotation": 90, "texture": "#2"},
				"up": {"uv": [6, 9, 8, 7], "rotation": 90, "texture": "#2"},
				"down": {"uv": [6, 9, 8, 7], "rotation": 90, "texture": "#2"}
			}
		},
		{
			"from": [9, 3, 5],
			"to": [10, 4, 6],
			"faces": {
				"north": {"uv": [6, 9, 8, 7], "rotation": 90, "texture": "#2"},
				"east": {"uv": [6, 9, 8, 7], "rotation": 90, "texture": "#2"},
				"south": {"uv": [6, 9, 8, 7], "rotation": 90, "texture": "#2"},
				"west": {"uv": [6, 9, 8, 7], "rotation": 90, "texture": "#2"},
				"up": {"uv": [6, 9, 8, 7], "rotation": 90, "texture": "#2"},
				"down": {"uv": [6, 9, 8, 7], "rotation": 90, "texture": "#2"}
			}
		},
		{
			"from": [8, 3, 7],
			"to": [9, 4, 8],
			"faces": {
				"north": {"uv": [6, 9, 8, 7], "rotation": 90, "texture": "#2"},
				"east": {"uv": [6, 9, 8, 7], "rotation": 90, "texture": "#2"},
				"south": {"uv": [6, 9, 8, 7], "rotation": 90, "texture": "#2"},
				"west": {"uv": [6, 9, 8, 7], "rotation": 90, "texture": "#2"},
				"up": {"uv": [6, 9, 8, 7], "rotation": 90, "texture": "#2"},
				"down": {"uv": [6, 9, 8, 7], "rotation": 90, "texture": "#2"}
			}
		},
		{
			"from": [6, 2, 4],
			"to": [10, 3, 12],
			"faces": {
				"north": {"uv": [6, 9, 14, 5], "rotation": 90, "texture": "#2"},
				"east": {"uv": [6, 9, 14, 5], "rotation": 90, "texture": "#2"},
				"south": {"uv": [6, 9, 14, 5], "rotation": 90, "texture": "#2"},
				"west": {"uv": [6, 9, 14, 5], "rotation": 90, "texture": "#2"},
				"up": {"uv": [6, 9, 14, 5], "rotation": 90, "texture": "#2"},
				"down": {"uv": [6, 9, 14, 5], "rotation": 90, "texture": "#2"}
			}
		},
		{
			"from": [4, 2, 6],
			"to": [12, 3, 10],
			"faces": {
				"north": {"uv": [6, 9, 14, 5], "rotation": 90, "texture": "#2"},
				"east": {"uv": [6, 9, 14, 5], "rotation": 90, "texture": "#2"},
				"south": {"uv": [6, 9, 14, 5], "rotation": 90, "texture": "#2"},
				"west": {"uv": [6, 9, 14, 5], "rotation": 90, "texture": "#2"},
				"up": {"uv": [6, 9, 14, 5], "rotation": 180, "texture": "#2"},
				"down": {"uv": [6, 9, 14, 5], "texture": "#2"}
			}
		}
	],
	"display": {
		"thirdperson_righthand": {
			"rotation": [75, 45, 0],
			"translation": [0, 2.5, 2.5],
			"scale": [0.64258, 0.625, 0.78125]
		},
		"thirdperson_lefthand": {
			"rotation": [75, 45, 0],
			"translation": [0, 2.5, 2.5],
			"scale": [0.64258, 0.625, 0.78125]
		},
		"firstperson_righthand": {
			"rotation": [0, 45, 0],
			"translation": [0, 3, 0],
			"scale": [0.66758, 0.48984, 0.57969]
		},
		"firstperson_lefthand": {
			"rotation": [0, 45, 0],
			"translation": [0, 3, 0],
			"scale": [0.66758, 0.48984, 0.57969]
		},
		"ground": {
			"translation": [0, 3.75, 0]
		},
		"gui": {
			"rotation": [30, 225, 0],
			"scale": [0.625, 0.625, 0.625]
		},
		"head": {
			"translation": [0, 14.25, 0]
		},
		"fixed": {
			"rotation": [-90, 0, 0],
			"translation": [0, 0, -16.75],
			"scale": [2, 2, 2]
		}
	},
	"groups": [
		{
			"name": "Bowl",
			"children": [0, 1, 2, 3, 4, 5, 6, 7, 8, 9, 10, 11, 12, 13, 14, 15, 16, 17, 18, 19, 20, 21, 22, 23, 24, 25, 26, 27, 28, 29, 30, 31, 32, 33]
		},
		{
			"name": "Top Layer Food",
			"children": [34, 35, 36, 37, 38, 39, 40, 41, 42, 43]
		},
		{
			"name": "Top Layer Food2",
			"children": [44, 45, 46, 47, 48, 49, 50, 51, 52, 53, 54, 55, 56, 57]
		},
		{
			"name": "Top Layer Food3",
			"children": [58, 59, 60, 61, 62, 63, 64, 65, 66, 67, 68, 69, 70]
		}
	]
}