{
	"credit": "Made with Blockbench",
	"textures": {
		"0": "Desktop/halo_bunny",
		"1": "Desktop/HaloGradient"
	},
	"elements": [
		{
			"from": [8.50204, 12.45126, 2.51314],
			"to": [9.50613, 13.66025, 3.06539],
			"rotation": {"angle": -22.5, "axis": "x", "origin": [8.9815, 13.43617, 3.64012]},
			"faces": {
				"north": {"uv": [5, 0, 6.00409, 2.20899], "texture": "#0"},
				"east": {"uv": [5, 0, 5.55225, 2.20899], "texture": "#0"},
				"south": {"uv": [5, 0, 6.00409, 2.20899], "texture": "#0"},
				"west": {"uv": [5, 0, 5.55225, 2.20899], "texture": "#0"},
				"up": {"uv": [5, 0, 6.00409, 0.55225], "texture": "#0"},
				"down": {"uv": [5, 0, 6.00409, 0.55225], "texture": "#0"}
			}
		},
		{
			"from": [8.50204, 11.20179, 2.9338],
			"to": [9.50613, 12.30629, 3.48605],
			"rotation": {"angle": 0, "axis": "x", "origin": [8.9815, 13.43617, 3.64012]},
			"faces": {
				"north": {"uv": [5, 0, 6.00409, 1.1045], "texture": "#0"},
				"east": {"uv": [5, 0, 5.55225, 1.1045], "texture": "#0"},
				"south": {"uv": [5, 0, 6.00409, 1.1045], "texture": "#0"},
				"west": {"uv": [5, 0, 5.55225, 1.1045], "texture": "#0"},
				"up": {"uv": [5, 0, 6.00409, 0.55225], "texture": "#0"},
				"down": {"uv": [5, 0, 6.00409, 0.55225], "texture": "#0"}
			}
		},
		{
			"from": [8.50432, 12.58029, 2.35874],
			"to": [9.50841, 13.68478, 2.91099],
			"rotation": {"angle": 22.5, "axis": "x", "origin": [8.98378, 12.51163, 4.02119]},
			"faces": {
				"north": {"uv": [5, 0, 6.00409, 1.10449], "texture": "#0"},
				"east": {"uv": [5, 0, 5.55225, 1.10449], "texture": "#0"},
				"south": {"uv": [5, 0, 6.00409, 1.10449], "texture": "#0"},
				"west": {"uv": [5, 0, 5.55225, 1.10449], "texture": "#0"},
				"up": {"uv": [5, 0, 6.00409, 0.55225], "texture": "#0"},
				"down": {"uv": [5, 0, 6.00409, 0.55225], "texture": "#0"}
			}
		},
		{
			"from": [8.50432, 13.71828, 2.94449],
			"to": [9.50841, 14.27053, 4.04898],
			"rotation": {"angle": 22.5, "axis": "x", "origin": [8.98378, 12.51163, 4.02119]},
			"faces": {
				"north": {"uv": [5, 0, 6.00409, 0.55225], "texture": "#0"},
				"east": {"uv": [5, 0, 6.10449, 0.55225], "texture": "#0"},
				"south": {"uv": [5, 0, 6.00409, 0.55225], "texture": "#0"},
				"west": {"uv": [5, 0, 6.10449, 0.55225], "texture": "#0"},
				"up": {"uv": [5, 0, 6.00409, 1.10449], "texture": "#0"},
				"down": {"uv": [5, 0, 6.00409, 1.10449], "texture": "#0"}
			}
		},
		{
			"from": [8.50204, 13.0035, 4.35126],
			"to": [9.50613, 13.66025, 4.9035],
			"rotation": {"angle": -22.5, "axis": "x", "origin": [8.9815, 13.43617, 3.64012]},
			"faces": {
				"north": {"uv": [5, 0, 6.00409, 1.65675], "texture": "#0"},
				"east": {"uv": [5, 0, 5.55224, 1.65675], "texture": "#0"},
				"south": {"uv": [5, 0, 6.00409, 1.65675], "texture": "#0"},
				"west": {"uv": [5, 0, 5.55224, 1.65675], "texture": "#0"},
				"up": {"uv": [5, 0, 6.00409, 0.55224], "texture": "#0"},
				"down": {"uv": [5, 0, 6.00409, 0.55224], "texture": "#0"}
			}
		},
		{
			"from": [8.50204, 12.41542, 4.42066],
			"to": [9.50613, 13.51992, 4.97291],
			"rotation": {"angle": 0, "axis": "x", "origin": [8.9815, 13.43617, 3.64012]},
			"faces": {
				"north": {"uv": [5, 0, 6.00409, 1.1045], "texture": "#0"},
				"east": {"uv": [5, 0, 5.55225, 1.1045], "texture": "#0"},
				"south": {"uv": [5, 0, 6.00409, 1.1045], "texture": "#0"},
				"west": {"uv": [5, 0, 5.55225, 1.1045], "texture": "#0"},
				"up": {"uv": [5, 0, 6.00409, 0.55225], "texture": "#0"},
				"down": {"uv": [5, 0, 6.00409, 0.55225], "texture": "#0"}
			}
		},
		{
			"from": [8.50204, 11.62253, 4.70983],
			"to": [9.50613, 13.00315, 5.26208],
			"rotation": {"angle": 22.5, "axis": "x", "origin": [8.9815, 13.43617, 3.64012]},
			"faces": {
				"north": {"uv": [5, 0, 6.00409, 1.38062], "texture": "#0"},
				"east": {"uv": [5, 0, 5.55225, 1.38062], "texture": "#0"},
				"south": {"uv": [5, 0, 6.00409, 1.38062], "texture": "#0"},
				"west": {"uv": [5, 0, 5.55225, 1.38062], "texture": "#0"},
				"up": {"uv": [5, 0, 6.00409, 0.55225], "texture": "#0"},
				"down": {"uv": [5, 0, 6.00409, 0.55225], "texture": "#0"}
			}
		},
		{
			"from": [8.50432, 13.96446, 3.6752],
			"to": [9.50841, 14.51671, 4.50358],
			"rotation": {"angle": -22.5, "axis": "x", "origin": [8.98378, 12.51163, 4.02119]},
			"faces": {
				"north": {"uv": [5, 0, 6.00409, 0.55225], "texture": "#0"},
				"east": {"uv": [5, 0, 5.82838, 0.55225], "texture": "#0"},
				"south": {"uv": [5, 0, 6.00409, 0.55225], "texture": "#0"},
				"west": {"uv": [5, 0, 5.82838, 0.55225], "texture": "#0"},
				"up": {"uv": [5, 0, 6.00409, 0.82838], "texture": "#0"},
				"down": {"uv": [5, 0, 6.00409, 0.82838], "texture": "#0"}
			}
		},
		{
			"from": [8.52715, 12.32857, 2.99291],
			"to": [9.25511, 13.889, 4.42373],
			"rotation": {"angle": -22.5, "axis": "x", "origin": [8.9815, 13.43617, 3.64012]},
			"faces": {
				"north": {"uv": [5, 0, 5.72796, 2.56043], "texture": "#0"},
				"east": {"uv": [1.75, 3.5, 3.18082, 6.06043], "texture": "#0"},
				"south": {"uv": [5, 0, 5.72796, 2.56043], "texture": "#0"},
				"west": {"uv": [5, 0, 6.43082, 2.56043], "texture": "#0"},
				"up": {"uv": [5, 0, 5.72796, 1.43082], "texture": "#0"},
				"down": {"uv": [5, 0, 5.72796, 1.43082], "texture": "#0"}
			}
		},
		{
			"from": [8.53, 11.52338, 3.85496],
			"to": [9.25796, 12.9789, 4.78374],
			"rotation": {"angle": 22.5, "axis": "x", "origin": [8.9815, 13.43617, 3.64012]},
			"faces": {
				"north": {"uv": [5, 0, 5.72796, 1.35552], "texture": "#0"},
				"east": {"uv": [13.5, 7.5, 14.428, 8.606], "texture": "#0"},
				"south": {"uv": [5, 0, 5.72796, 1.35552], "texture": "#0"},
				"west": {"uv": [5, 0, 5.92878, 1.35552], "texture": "#0"},
				"up": {"uv": [5, 0, 5.72796, 0.92878], "texture": "#0"},
				"down": {"uv": [5, 0, 5.72796, 0.92878], "texture": "#0"}
			}
		},
		{
			"from": [6.49387, 12.20023, 3.2411],
			"to": [7.49796, 13.40923, 3.79335],
			"rotation": {"angle": 0, "axis": "x", "origin": [6.99591, 12.75248, 3.51722]},
			"faces": {
				"north": {"uv": [5, 0, 6.00409, 2.209], "texture": "#0"},
				"east": {"uv": [5, 0, 5.55225, 2.209], "texture": "#0"},
				"south": {"uv": [5, 0, 6.00409, 2.209], "texture": "#0"},
				"west": {"uv": [5, 0, 5.55225, 2.209], "texture": "#0"},
				"up": {"uv": [5, 0, 6.00409, 0.55225], "texture": "#0"},
				"down": {"uv": [5, 0, 6.00409, 0.55225], "texture": "#0"}
			}
		},
		{
			"from": [6.49387, 11.13778, 3.02976],
			"to": [7.49796, 12.24227, 3.58201],
			"rotation": {"angle": 22.5, "axis": "x", "origin": [6.99591, 11.69002, 3.58201]},
			"faces": {
				"north": {"uv": [5, 0, 6.00409, 1.10449], "texture": "#0"},
				"east": {"uv": [5, 0, 5.55225, 1.10449], "texture": "#0"},
				"south": {"uv": [5, 0, 6.00409, 1.10449], "texture": "#0"},
				"west": {"uv": [5, 0, 5.55225, 1.10449], "texture": "#0"},
				"up": {"uv": [5, 0, 6.00409, 0.55225], "texture": "#0"},
				"down": {"uv": [5, 0, 6.00409, 0.55225], "texture": "#0"}
			}
		},
		{
			"from": [6.49562, 13.05223, 3.54897],
			"to": [7.49971, 14.15673, 4.10122],
			"rotation": {"angle": 45, "axis": "x", "origin": [6.99766, 13.60448, 3.8251]},
			"faces": {
				"north": {"uv": [5, 0, 6.00409, 1.1045], "texture": "#0"},
				"east": {"uv": [5, 0, 5.55225, 1.1045], "texture": "#0"},
				"south": {"uv": [5, 0, 6.00409, 1.1045], "texture": "#0"},
				"west": {"uv": [5, 0, 5.55225, 1.1045], "texture": "#0"},
				"up": {"uv": [5, 0, 6.00409, 0.55225], "texture": "#0"},
				"down": {"uv": [5, 0, 6.00409, 0.55225], "texture": "#0"}
			}
		},
		{
			"from": [6.49562, 13.32835, 4.49172],
			"to": [7.49971, 13.8806, 5.59622],
			"rotation": {"angle": 45, "axis": "x", "origin": [6.99766, 13.60448, 5.04397]},
			"faces": {
				"north": {"uv": [5, 0, 6.00409, 0.55225], "texture": "#0"},
				"east": {"uv": [5, 0, 6.1045, 0.55225], "texture": "#0"},
				"south": {"uv": [5, 0, 6.00409, 0.55225], "texture": "#0"},
				"west": {"uv": [5, 0, 6.1045, 0.55225], "texture": "#0"},
				"up": {"uv": [5, 0, 6.00409, 1.1045], "texture": "#0"},
				"down": {"uv": [5, 0, 6.00409, 1.1045], "texture": "#0"}
			}
		},
		{
			"from": [6.49387, 12.75248, 5.07922],
			"to": [7.49796, 13.40923, 5.63147],
			"rotation": {"angle": 0, "axis": "x", "origin": [6.99591, 13.85698, 5.35534]},
			"faces": {
				"north": {"uv": [5, 0, 6.00409, 1.65675], "texture": "#0"},
				"east": {"uv": [5, 0, 5.55225, 1.65675], "texture": "#0"},
				"south": {"uv": [5, 0, 6.00409, 1.65675], "texture": "#0"},
				"west": {"uv": [5, 0, 5.55225, 1.65675], "texture": "#0"},
				"up": {"uv": [5, 0, 6.00409, 0.55225], "texture": "#0"},
				"down": {"uv": [5, 0, 6.00409, 0.55225], "texture": "#0"}
			}
		},
		{
			"from": [6.49387, 11.79569, 4.8889],
			"to": [7.49796, 12.90019, 5.44115],
			"rotation": {"angle": 22.5, "axis": "x", "origin": [6.99591, 12.34794, 5.16503]},
			"faces": {
				"north": {"uv": [5, 0, 6.00409, 1.1045], "texture": "#0"},
				"east": {"uv": [5, 0, 5.55225, 1.1045], "texture": "#0"},
				"south": {"uv": [5, 0, 6.00409, 1.1045], "texture": "#0"},
				"west": {"uv": [5, 0, 5.55225, 1.1045], "texture": "#0"},
				"up": {"uv": [5, 0, 6.00409, 0.55225], "texture": "#0"},
				"down": {"uv": [5, 0, 6.00409, 0.55225], "texture": "#0"}
			}
		},
		{
			"from": [6.49387, 10.70844, 4.34692],
			"to": [7.49796, 12.08906, 4.89917],
			"rotation": {"angle": 45, "axis": "x", "origin": [6.99591, 11.53681, 4.62305]},
			"faces": {
				"north": {"uv": [5, 0, 6.00409, 1.38062], "texture": "#0"},
				"east": {"uv": [5, 0, 5.55225, 1.38062], "texture": "#0"},
				"south": {"uv": [5, 0, 6.00409, 1.38062], "texture": "#0"},
				"west": {"uv": [5, 0, 5.55225, 1.38062], "texture": "#0"},
				"up": {"uv": [5, 0, 6.00409, 0.55225], "texture": "#0"},
				"down": {"uv": [5, 0, 6.00409, 0.55225], "texture": "#0"}
			}
		},
		{
			"from": [6.49562, 13.63798, 4.02035],
			"to": [7.49971, 14.19023, 4.84872],
			"rotation": {"angle": 0, "axis": "x", "origin": [6.99766, 13.9141, 4.5726]},
			"faces": {
				"north": {"uv": [5, 0, 6.00409, 0.55225], "texture": "#0"},
				"east": {"uv": [5, 0, 5.82837, 0.55225], "texture": "#0"},
				"south": {"uv": [5, 0, 6.00409, 0.55225], "texture": "#0"},
				"west": {"uv": [5, 0, 5.82837, 0.55225], "texture": "#0"},
				"up": {"uv": [5, 0, 6.00409, 0.82837], "texture": "#0"},
				"down": {"uv": [5, 0, 6.00409, 0.82837], "texture": "#0"}
			}
		},
		{
			"from": [6.74489, 12.07755, 3.72087],
			"to": [7.47285, 13.63798, 5.1517],
			"rotation": {"angle": 0, "axis": "x", "origin": [6.99591, 14.36185, 4.57435]},
			"faces": {
				"north": {"uv": [5, 0, 5.72796, 2.56043], "texture": "#0"},
				"east": {"uv": [5, 0, 6.43083, 2.56043], "texture": "#0"},
				"south": {"uv": [5, 0, 5.72796, 2.56043], "texture": "#0"},
				"west": {"uv": [1.75, 3.25, 3.18083, 5.81043], "texture": "#0"},
				"up": {"uv": [5, 0, 5.72796, 1.43083], "texture": "#0"},
				"down": {"uv": [5, 0, 5.72796, 1.43083], "texture": "#0"}
			}
		},
		{
			"from": [6.73, 11.27469, 4.72496],
			"to": [7.45796, 12.73021, 5.65374],
			"rotation": {"angle": 45, "axis": "x", "origin": [7.12142, 13.35776, 4.43628]},
			"faces": {
				"north": {"uv": [5, 0, 5.72796, 1.35552], "texture": "#0"},
				"east": {"uv": [5, 0, 5.92878, 1.35552], "texture": "#0"},
				"south": {"uv": [5, 0, 5.72796, 1.35552], "texture": "#0"},
				"west": {"uv": [13.5, 7.5, 14.428, 8.606], "texture": "#0"},
				"up": {"uv": [13.5, 7.5, 14.227, 8.428], "texture": "#0"},
				"down": {"uv": [5, 0, 5.72796, 0.92878], "texture": "#0"}
			}
		},
		{
			"from": [9.25511, 1.97547, 3.88324],
			"to": [11.01226, 4.3074, 5.48978],
			"rotation": {"angle": 0, "axis": "y", "origin": [2.22649, 12.01635, 11.51431]},
			"faces": {
				"north": {"uv": [5, 0, 6.75715, 2.33193], "texture": "#0"},
				"east": {"uv": [5, 0, 6.60654, 2.33193], "texture": "#0"},
				"south": {"uv": [5, 0, 6.75715, 2.33193], "texture": "#0"},
				"west": {"uv": [5, 0, 6.60654, 2.33193], "texture": "#0"},
				"up": {"uv": [5, 0, 6.75715, 1.60654], "texture": "#0"},
				"down": {"uv": [5, 0, 6.75715, 1.60654], "texture": "#0"}
			}
		},
		{
			"from": [9.26684, 2.82895, 4.88733],
			"to": [11.00053, 4.73671, 6.09223],
			"rotation": {"angle": 22.5, "axis": "x", "origin": [10.13369, 4.23467, 5.08814]},
			"faces": {
				"north": {"uv": [5, 0, 6.73369, 1.90776], "texture": "#0"},
				"east": {"uv": [5, 0, 6.2049, 1.90776], "texture": "#0"},
				"south": {"uv": [5, 0, 6.73369, 1.90776], "texture": "#0"},
				"west": {"uv": [5, 0, 6.2049, 1.90776], "texture": "#0"},
				"up": {"uv": [5, 0, 6.73369, 1.2049], "texture": "#0"},
				"down": {"uv": [5, 0, 6.73369, 1.2049], "texture": "#0"}
			}
		},
		{
			"from": [9.26684, 3.31016, 3.07237],
			"to": [11.00053, 4.9167, 4.27727],
			"rotation": {"angle": -45, "axis": "x", "origin": [10.13369, 4.31425, 3.67482]},
			"faces": {
				"north": {"uv": [5, 0, 6.73369, 1.60654], "texture": "#0"},
				"east": {"uv": [5, 0, 6.2049, 1.60654], "texture": "#0"},
				"south": {"uv": [5, 0, 6.73369, 1.60654], "texture": "#0"},
				"west": {"uv": [5, 0, 6.2049, 1.60654], "texture": "#0"},
				"up": {"uv": [5, 0, 6.73369, 1.2049], "texture": "#0"},
				"down": {"uv": [5, 0, 6.73369, 1.2049], "texture": "#0"}
			}
		},
		{
			"from": [9.25511, 4.31425, 2.82282],
			"to": [11.01226, 5.82038, 6.20793],
			"rotation": {"angle": 0, "axis": "x", "origin": [10.13369, 5.31834, 5.20384]},
			"faces": {
				"north": {"uv": [5, 0, 6.75715, 1.50613], "texture": "#0"},
				"east": {"uv": [5, 0, 8.38511, 1.50613], "texture": "#0"},
				"south": {"uv": [5, 0, 6.75715, 1.50613], "texture": "#0"},
				"west": {"uv": [5, 0, 8.38511, 1.50613], "texture": "#0"},
				"up": {"uv": [5, 0, 6.75715, 3.38511], "texture": "#0"},
				"down": {"uv": [5, 0, 6.75715, 3.38511], "texture": "#0"}
			}
		},
		{
			"from": [9.26684, 4.88982, 4.46339],
			"to": [11.00053, 6.39595, 5.96952],
			"rotation": {"angle": -45, "axis": "x", "origin": [10.13369, 5.64288, 4.96543]},
			"faces": {
				"north": {"uv": [5, 0, 6.73369, 1.50613], "texture": "#0"},
				"east": {"uv": [5, 0, 6.50613, 1.50613], "texture": "#0"},
				"south": {"uv": [5, 0, 6.73369, 1.50613], "texture": "#0"},
				"west": {"uv": [5, 0, 6.50613, 1.50613], "texture": "#0"},
				"up": {"uv": [5, 0, 6.73369, 1.50613], "texture": "#0"},
				"down": {"uv": [5, 0, 6.73369, 1.50613], "texture": "#0"}
			}
		},
		{
			"from": [9.26684, 5.06732, 3.13475],
			"to": [11.00053, 6.57345, 4.64088],
			"rotation": {"angle": -45, "axis": "x", "origin": [10.13369, 5.82038, 3.88782]},
			"faces": {
				"north": {"uv": [5, 0, 6.73369, 1.50613], "texture": "#0"},
				"east": {"uv": [5, 0, 6.50613, 1.50613], "texture": "#0"},
				"south": {"uv": [5, 0, 6.73369, 1.50613], "texture": "#0"},
				"west": {"uv": [5, 0, 6.50613, 1.50613], "texture": "#0"},
				"up": {"uv": [5, 0, 6.73369, 1.50613], "texture": "#0"},
				"down": {"uv": [5, 0, 6.73369, 1.50613], "texture": "#0"}
			}
		},
		{
			"from": [9.25511, 6.259, 3.88782],
			"to": [11.01226, 6.88538, 5.14293],
			"rotation": {"angle": 0, "axis": "x", "origin": [10.13369, 6.13231, 4.64088]},
			"faces": {
				"north": {"uv": [5, 0, 6.75715, 0.62638], "texture": "#0"},
				"east": {"uv": [5, 0, 6.25511, 0.62638], "texture": "#0"},
				"south": {"uv": [5, 0, 6.75715, 0.62638], "texture": "#0"},
				"west": {"uv": [5, 0, 6.25511, 0.62638], "texture": "#0"},
				"up": {"uv": [5, 0, 6.75715, 1.25511], "texture": "#0"},
				"down": {"uv": [5, 0, 6.75715, 1.25511], "texture": "#0"}
			}
		},
		{
			"from": [9.26684, -2.87321, 6.21479],
			"to": [11.00053, -0.86504, 7.72093],
			"rotation": {"angle": 22.5, "axis": "x", "origin": [2.22649, 6.16358, 13.74545]},
			"faces": {
				"north": {"uv": [5, 0, 6.73369, 2.00817], "texture": "#0"},
				"east": {"uv": [5, 0, 6.50614, 2.00817], "texture": "#0"},
				"south": {"uv": [5, 0, 6.73369, 2.00817], "texture": "#0"},
				"west": {"uv": [5, 0, 6.50614, 2.00817], "texture": "#0"},
				"up": {"uv": [5, 0, 6.73369, 1.50614], "texture": "#0"},
				"down": {"uv": [5, 0, 6.73369, 1.50614], "texture": "#0"}
			}
		},
		{
			"from": [9.25511, -0.0327, 2.46209],
			"to": [11.01226, 0.97138, 4.72128],
			"rotation": {"angle": 0, "axis": "x", "origin": [10.13369, 1.12425, 2.71311]},
			"faces": {
				"north": {"uv": [5, 0, 6.75715, 1.00408], "texture": "#0"},
				"east": {"uv": [0, 0.75, 2.259, 1.754], "texture": "#0"},
				"south": {"uv": [5, 0, 6.75715, 1.00408], "texture": "#0"},
				"west": {"uv": [2.75, 1, 5.009, 2.004], "texture": "#0"},
				"up": {"uv": [5, 0, 6.75715, 2.25919], "texture": "#0"},
				"down": {"uv": [1.5, 0.5, 3.257, 2.759], "texture": "#0"}
			}
		},
		{
			"from": [9.25511, -0.0327, 1.96004],
			"to": [11.01226, 0.46934, 2.46209],
			"rotation": {"angle": 0, "axis": "x", "origin": [10.13369, 1.12425, 3.21515]},
			"faces": {
				"north": {"uv": [1.5, 1.75, 3.257, 2.252], "texture": "#0"},
				"east": {"uv": [2.25, 1.25, 2.752, 1.752], "texture": "#0"},
				"south": {"uv": [5, 0, 6.75715, 0.50204], "texture": "#0"},
				"west": {"uv": [2.25, 1.25, 2.752, 1.752], "texture": "#0"},
				"up": {"uv": [5, 0, 6.75715, 0.50205], "texture": "#0"},
				"down": {"uv": [1.5, 2, 3.257, 2.502], "texture": "#0"}
			}
		},
		{
			"from": [9.26684, 0.21832, 2.06402],
			"to": [11.00053, 0.72036, 2.77402],
			"rotation": {"angle": -45, "axis": "x", "origin": [10.13369, 0.46934, 2.31504]},
			"faces": {
				"north": {"uv": [5, 0, 6.73369, 0.50204], "texture": "#0"},
				"east": {"uv": [5, 0, 5.71, 0.50204], "texture": "#0"},
				"south": {"uv": [5, 0, 6.73369, 0.50204], "texture": "#0"},
				"west": {"uv": [5, 0, 5.71, 0.50204], "texture": "#0"},
				"up": {"uv": [5, 0, 6.73369, 0.71], "texture": "#0"},
				"down": {"uv": [5, 0, 6.73369, 0.71], "texture": "#0"}
			}
		},
		{
			"from": [4.98774, 1.97547, 3.88324],
			"to": [6.74489, 4.3074, 5.48978],
			"rotation": {"angle": 0, "axis": "y", "origin": [13.77351, 12.01635, 11.51431]},
			"faces": {
				"north": {"uv": [5, 0, 6.75715, 2.33193], "texture": "#0"},
				"east": {"uv": [5, 0, 6.60654, 2.33193], "texture": "#0"},
				"south": {"uv": [5, 0, 6.75715, 2.33193], "texture": "#0"},
				"west": {"uv": [5, 0, 6.60654, 2.33193], "texture": "#0"},
				"up": {"uv": [5, 0, 6.75715, 1.60654], "texture": "#0"},
				"down": {"uv": [5, 0, 6.75715, 1.60654], "texture": "#0"}
			}
		},
		{
			"from": [4.99947, 2.82895, 4.88733],
			"to": [6.73316, 4.73671, 6.09223],
			"rotation": {"angle": 22.5, "axis": "x", "origin": [5.86631, 4.23467, 5.08814]},
			"faces": {
				"north": {"uv": [5, 0, 6.73369, 1.90776], "texture": "#0"},
				"east": {"uv": [5, 0, 6.2049, 1.90776], "texture": "#0"},
				"south": {"uv": [5, 0, 6.73369, 1.90776], "texture": "#0"},
				"west": {"uv": [5, 0, 6.2049, 1.90776], "texture": "#0"},
				"up": {"uv": [5, 0, 6.73369, 1.2049], "texture": "#0"},
				"down": {"uv": [5, 0, 6.73369, 1.2049], "texture": "#0"}
			}
		},
		{
			"from": [4.99947, 3.31016, 3.07237],
			"to": [6.73316, 4.9167, 4.27727],
			"rotation": {"angle": -45, "axis": "x", "origin": [5.86631, 4.31425, 3.67482]},
			"faces": {
				"north": {"uv": [5, 0, 6.73369, 1.60654], "texture": "#0"},
				"east": {"uv": [5, 0, 6.2049, 1.60654], "texture": "#0"},
				"south": {"uv": [5, 0, 6.73369, 1.60654], "texture": "#0"},
				"west": {"uv": [5, 0, 6.2049, 1.60654], "texture": "#0"},
				"up": {"uv": [5, 0, 6.73369, 1.2049], "texture": "#0"},
				"down": {"uv": [5, 0, 6.73369, 1.2049], "texture": "#0"}
			}
		},
		{
			"from": [4.98774, 4.31425, 2.82282],
			"to": [6.74489, 5.82038, 6.20793],
			"rotation": {"angle": 0, "axis": "x", "origin": [5.86631, 5.31834, 5.20384]},
			"faces": {
				"north": {"uv": [5, 0, 6.75715, 1.50613], "texture": "#0"},
				"east": {"uv": [5, 0, 8.38511, 1.50613], "texture": "#0"},
				"south": {"uv": [5, 0, 6.75715, 1.50613], "texture": "#0"},
				"west": {"uv": [5, 0, 8.38511, 1.50613], "texture": "#0"},
				"up": {"uv": [5, 0, 6.75715, 3.38511], "texture": "#0"},
				"down": {"uv": [5, 0, 6.75715, 3.38511], "texture": "#0"}
			}
		},
		{
			"from": [4.99947, 4.88982, 4.46339],
			"to": [6.73316, 6.39595, 5.96952],
			"rotation": {"angle": -45, "axis": "x", "origin": [5.86631, 5.64288, 4.96543]},
			"faces": {
				"north": {"uv": [5, 0, 6.73369, 1.50613], "texture": "#0"},
				"east": {"uv": [5, 0, 6.50613, 1.50613], "texture": "#0"},
				"south": {"uv": [5, 0, 6.73369, 1.50613], "texture": "#0"},
				"west": {"uv": [5, 0, 6.50613, 1.50613], "texture": "#0"},
				"up": {"uv": [5, 0, 6.73369, 1.50613], "texture": "#0"},
				"down": {"uv": [5, 0, 6.73369, 1.50613], "texture": "#0"}
			}
		},
		{
			"from": [4.99947, 5.06732, 3.13475],
			"to": [6.73316, 6.57345, 4.64088],
			"rotation": {"angle": -45, "axis": "x", "origin": [5.86631, 5.82038, 3.88782]},
			"faces": {
				"north": {"uv": [5, 0, 6.73369, 1.50613], "texture": "#0"},
				"east": {"uv": [5, 0, 6.50613, 1.50613], "texture": "#0"},
				"south": {"uv": [5, 0, 6.73369, 1.50613], "texture": "#0"},
				"west": {"uv": [5, 0, 6.50613, 1.50613], "texture": "#0"},
				"up": {"uv": [5, 0, 6.73369, 1.50613], "texture": "#0"},
				"down": {"uv": [5, 0, 6.73369, 1.50613], "texture": "#0"}
			}
		},
		{
			"from": [4.98774, 6.259, 3.88782],
			"to": [6.74489, 6.88538, 5.14293],
			"rotation": {"angle": 0, "axis": "x", "origin": [5.86631, 6.13231, 4.64088]},
			"faces": {
				"north": {"uv": [5, 0, 6.75715, 0.62638], "texture": "#0"},
				"east": {"uv": [5, 0, 6.25511, 0.62638], "texture": "#0"},
				"south": {"uv": [5, 0, 6.75715, 0.62638], "texture": "#0"},
				"west": {"uv": [5, 0, 6.25511, 0.62638], "texture": "#0"},
				"up": {"uv": [5, 0, 6.75715, 1.25511], "texture": "#0"},
				"down": {"uv": [5, 0, 6.75715, 1.25511], "texture": "#0"}
			}
		},
		{
			"from": [4.99947, -2.87321, 6.21479],
			"to": [6.73316, -0.86504, 7.72093],
			"rotation": {"angle": 22.5, "axis": "x", "origin": [13.77351, 6.16358, 13.74545]},
			"faces": {
				"north": {"uv": [5, 0, 6.73369, 2.00817], "texture": "#0"},
				"east": {"uv": [5, 0, 6.50614, 2.00817], "texture": "#0"},
				"south": {"uv": [5, 0, 6.73369, 2.00817], "texture": "#0"},
				"west": {"uv": [5, 0, 6.50614, 2.00817], "texture": "#0"},
				"up": {"uv": [5, 0, 6.73369, 1.50614], "texture": "#0"},
				"down": {"uv": [5, 0, 6.73369, 1.50614], "texture": "#0"}
			}
		},
		{
			"from": [4.98774, -0.0327, 2.46209],
			"to": [6.74489, 0.97138, 4.72128],
			"rotation": {"angle": 0, "axis": "x", "origin": [5.86631, 1.12425, 2.71311]},
			"faces": {
				"north": {"uv": [5, 0, 6.75715, 1.00408], "texture": "#0"},
				"east": {"uv": [0, 0.75, 2.259, 1.754], "texture": "#0"},
				"south": {"uv": [5, 0, 6.75715, 1.00408], "texture": "#0"},
				"west": {"uv": [2.75, 1, 5.009, 2.004], "texture": "#0"},
				"up": {"uv": [5, 0, 6.75715, 2.25919], "texture": "#0"},
				"down": {"uv": [1.5, 0.5, 3.257, 2.759], "texture": "#0"}
			}
		},
		{
			"from": [4.98774, -0.0327, 1.96004],
			"to": [6.74489, 0.46934, 2.46209],
			"rotation": {"angle": 0, "axis": "x", "origin": [5.86631, 1.12425, 3.21515]},
			"faces": {
				"north": {"uv": [1.5, 1.75, 3.257, 2.252], "texture": "#0"},
				"east": {"uv": [2.25, 1.25, 2.752, 1.752], "texture": "#0"},
				"south": {"uv": [5, 0, 6.75715, 0.50204], "texture": "#0"},
				"west": {"uv": [2.25, 1.25, 2.752, 1.752], "texture": "#0"},
				"up": {"uv": [5, 0, 6.75715, 0.50205], "texture": "#0"},
				"down": {"uv": [1.5, 2, 3.257, 2.502], "texture": "#0"}
			}
		},
		{
			"from": [4.99947, 0.21832, 2.06402],
			"to": [6.73316, 0.72036, 2.77402],
			"rotation": {"angle": -45, "axis": "x", "origin": [5.86631, 0.46934, 2.31504]},
			"faces": {
				"north": {"uv": [5, 0, 6.73369, 0.50204], "texture": "#0"},
				"east": {"uv": [5, 0, 5.71, 0.50204], "texture": "#0"},
				"south": {"uv": [5, 0, 6.73369, 0.50204], "texture": "#0"},
				"west": {"uv": [5, 0, 5.71, 0.50204], "texture": "#0"},
				"up": {"uv": [5, 0, 6.73369, 0.71], "texture": "#0"},
				"down": {"uv": [5, 0, 6.73369, 0.71], "texture": "#0"}
			}
		},
		{
			"from": [10.52195, 1.15438, 10.0286],
			"to": [12.50667, 2.47978, 12.5278],
			"rotation": {"angle": -45, "axis": "x", "origin": [11.51431, 1.59618, 11.72]},
			"faces": {
				"north": {"uv": [5, 0, 6.98472, 1.3254], "texture": "#0"},
				"east": {"uv": [5, 0, 7.4992, 1.3254], "texture": "#0"},
				"south": {"uv": [5, 0, 6.98472, 1.3254], "texture": "#0"},
				"west": {"uv": [5, 0, 7.4992, 1.3254], "texture": "#0"},
				"up": {"uv": [5, 0, 6.98472, 2.4992], "texture": "#0"},
				"down": {"uv": [5, 0, 6.98472, 2.4992], "texture": "#0"}
			}
		},
		{
			"from": [10.51022, 0.08779, 6.41841],
			"to": [12.5184, 1.85498, 10.8364],
			"rotation": {"angle": 0, "axis": "y", "origin": [4.48569, 7.15657, 12.6036]},
			"faces": {
				"north": {"uv": [5, 0, 7.00818, 1.76719], "texture": "#0"},
				"east": {"uv": [5, 7.75, 9.418, 9.517], "texture": "#0"},
				"south": {"uv": [5, 0, 7.00818, 1.76719], "texture": "#0"},
				"west": {"uv": [5, 5, 9.418, 6.767], "texture": "#0"},
				"up": {"uv": [5, 0, 7.00818, 4.41799], "texture": "#0"},
				"down": {"uv": [1.5, 1.75, 3.508, 6.168], "texture": "#0"}
			}
		},
		{
			"from": [10.51022, 1.85498, 8.18561],
			"to": [12.5184, 3.62218, 12.6036],
			"rotation": {"angle": 0, "axis": "y", "origin": [4.48569, 8.92376, 16.13799]},
			"faces": {
				"north": {"uv": [5, 0, 7.00818, 1.7672], "texture": "#0"},
				"east": {"uv": [5, 0, 9.41799, 1.7672], "texture": "#0"},
				"south": {"uv": [5, 0, 7.00818, 1.7672], "texture": "#0"},
				"west": {"uv": [5, 0, 9.41799, 1.7672], "texture": "#0"},
				"up": {"uv": [5, 0, 7.00818, 4.41799], "texture": "#0"},
				"down": {"uv": [5, 0, 7.00818, 4.41799], "texture": "#0"}
			}
		},
		{
			"from": [10.51022, 3.62218, 9.06921],
			"to": [12.5184, 4.50577, 11.72],
			"rotation": {"angle": 0, "axis": "y", "origin": [4.48569, 8.92376, 16.13799]},
			"faces": {
				"north": {"uv": [5, 0, 7.00818, 0.88359], "texture": "#0"},
				"east": {"uv": [5, 0, 7.65079, 0.88359], "texture": "#0"},
				"south": {"uv": [5, 0, 7.00818, 0.88359], "texture": "#0"},
				"west": {"uv": [5, 0, 7.65079, 0.88359], "texture": "#0"},
				"up": {"uv": [5, 0, 7.00818, 2.65079], "texture": "#0"},
				"down": {"uv": [5, 0, 7.00818, 2.65079], "texture": "#0"}
			}
		},
		{
			"from": [10.51022, 0.08779, 5.53482],
			"to": [12.5184, 0.97138, 6.41841],
			"rotation": {"angle": 0, "axis": "y", "origin": [4.48569, 7.15657, 11.72]},
			"faces": {
				"north": {"uv": [5, 6.75, 5.884, 7.634], "texture": "#0"},
				"east": {"uv": [5, 6.75, 5.884, 7.634], "texture": "#0"},
				"south": {"uv": [5, 0, 7.00818, 0.88359], "texture": "#0"},
				"west": {"uv": [5, 6.75, 5.884, 7.634], "texture": "#0"},
				"up": {"uv": [5, 0, 7.00818, 0.88359], "texture": "#0"},
				"down": {"uv": [1.5, 3, 3.508, 3.884], "texture": "#0"}
			}
		},
		{
			"from": [10.52195, 3.18038, 8.36861],
			"to": [12.50667, 4.06398, 9.6182],
			"rotation": {"angle": -45, "axis": "x", "origin": [11.51431, 3.62218, 8.81041]},
			"faces": {
				"north": {"uv": [5, 0, 6.98472, 0.8836], "texture": "#0"},
				"east": {"uv": [5, 0, 6.24959, 0.8836], "texture": "#0"},
				"south": {"uv": [5, 0, 6.98472, 0.8836], "texture": "#0"},
				"west": {"uv": [5, 0, 6.24959, 0.8836], "texture": "#0"},
				"up": {"uv": [5, 0, 6.98472, 1.24959], "texture": "#0"},
				"down": {"uv": [5, 0, 6.98472, 1.24959], "texture": "#0"}
			}
		},
		{
			"from": [10.52195, 3.30978, 11.2246],
			"to": [12.50667, 4.19337, 12.4742],
			"rotation": {"angle": 45, "axis": "x", "origin": [11.51431, 3.75158, 11.8494]},
			"faces": {
				"north": {"uv": [5, 0, 6.98472, 0.88359], "texture": "#0"},
				"east": {"uv": [5, 0, 6.2496, 0.88359], "texture": "#0"},
				"south": {"uv": [5, 0, 6.98472, 0.88359], "texture": "#0"},
				"west": {"uv": [5, 0, 6.2496, 0.88359], "texture": "#0"},
				"up": {"uv": [5, 0, 6.98472, 1.2496], "texture": "#0"},
				"down": {"uv": [5, 0, 6.98472, 1.2496], "texture": "#0"}
			}
		},
		{
			"from": [10.52195, 0.52959, 5.71782],
			"to": [12.50667, 1.41318, 6.96741],
			"rotation": {"angle": -45, "axis": "x", "origin": [11.51431, 0.97138, 6.15961]},
			"faces": {
				"north": {"uv": [5, 0, 6.98472, 0.88359], "texture": "#0"},
				"east": {"uv": [2, 1.5, 3.25, 2.384], "rotation": 90, "texture": "#0"},
				"south": {"uv": [5, 0, 6.98472, 0.88359], "texture": "#0"},
				"west": {"uv": [2, 1.5, 3.25, 2.384], "rotation": 90, "texture": "#0"},
				"up": {"uv": [1.25, 1, 3.235, 2.25], "rotation": 180, "texture": "#0"},
				"down": {"uv": [5, 0, 6.98472, 1.24959], "texture": "#0"}
			}
		},
		{
			"from": [3.49333, 1.15438, 10.0286],
			"to": [5.47805, 2.47978, 12.5278],
			"rotation": {"angle": -45, "axis": "x", "origin": [4.48569, 1.59618, 11.72]},
			"faces": {
				"north": {"uv": [5, 0, 6.98472, 1.3254], "texture": "#0"},
				"east": {"uv": [5, 0, 7.4992, 1.3254], "texture": "#0"},
				"south": {"uv": [5, 0, 6.98472, 1.3254], "texture": "#0"},
				"west": {"uv": [5, 0, 7.4992, 1.3254], "texture": "#0"},
				"up": {"uv": [5, 0, 6.98472, 2.4992], "texture": "#0"},
				"down": {"uv": [5, 0, 6.98472, 2.4992], "texture": "#0"}
			}
		},
		{
			"from": [3.4816, 0.08779, 6.41841],
			"to": [5.48978, 1.85498, 10.8364],
			"rotation": {"angle": 0, "axis": "y", "origin": [11.51431, 7.15657, 12.6036]},
			"faces": {
				"north": {"uv": [5, 6.75, 5.884, 7.634], "texture": "#0"},
				"east": {"uv": [5, 7.75, 9.418, 9.517], "texture": "#0"},
				"south": {"uv": [5, 0, 7.00818, 1.76719], "texture": "#0"},
				"west": {"uv": [5, 5, 9.418, 6.767], "texture": "#0"},
				"up": {"uv": [5, 0, 7.00818, 4.41799], "texture": "#0"},
				"down": {"uv": [1.5, 1.75, 3.508, 6.168], "texture": "#0"}
			}
		},
		{
			"from": [3.4816, 1.85498, 8.18561],
			"to": [5.48978, 3.62218, 12.6036],
			"rotation": {"angle": 0, "axis": "y", "origin": [11.51431, 8.92376, 16.13799]},
			"faces": {
				"north": {"uv": [5, 0, 7.00818, 1.7672], "texture": "#0"},
				"east": {"uv": [5, 0, 9.41799, 1.7672], "texture": "#0"},
				"south": {"uv": [5, 0, 7.00818, 1.7672], "texture": "#0"},
				"west": {"uv": [5, 0, 9.41799, 1.7672], "texture": "#0"},
				"up": {"uv": [5, 0, 7.00818, 4.41799], "texture": "#0"},
				"down": {"uv": [5, 0, 7.00818, 4.41799], "texture": "#0"}
			}
		},
		{
			"from": [3.4816, 3.62218, 9.06921],
			"to": [5.48978, 4.50577, 11.72],
			"rotation": {"angle": 0, "axis": "y", "origin": [11.51431, 8.92376, 16.13799]},
			"faces": {
				"north": {"uv": [5, 0, 7.00818, 0.88359], "texture": "#0"},
				"east": {"uv": [5, 0, 7.65079, 0.88359], "texture": "#0"},
				"south": {"uv": [5, 0, 7.00818, 0.88359], "texture": "#0"},
				"west": {"uv": [5, 0, 7.65079, 0.88359], "texture": "#0"},
				"up": {"uv": [5, 0, 7.00818, 2.65079], "texture": "#0"},
				"down": {"uv": [5, 0, 7.00818, 2.65079], "texture": "#0"}
			}
		},
		{
			"from": [3.4816, 0.08779, 5.53482],
			"to": [5.48978, 0.97138, 6.41841],
			"rotation": {"angle": 0, "axis": "y", "origin": [11.51431, 7.15657, 11.72]},
			"faces": {
				"north": {"uv": [5, 6.75, 5.884, 7.634], "texture": "#0"},
				"east": {"uv": [5, 6.75, 5.884, 7.634], "texture": "#0"},
				"south": {"uv": [5, 0, 7.00818, 0.88359], "texture": "#0"},
				"west": {"uv": [5, 6.75, 5.884, 7.634], "texture": "#0"},
				"up": {"uv": [5, 6.75, 5.884, 7.634], "texture": "#0"},
				"down": {"uv": [1.5, 3, 3.508, 3.884], "texture": "#0"}
			}
		},
		{
			"from": [3.49333, 3.18038, 8.36861],
			"to": [5.47805, 4.06398, 9.6182],
			"rotation": {"angle": -45, "axis": "x", "origin": [4.48569, 3.62218, 8.81041]},
			"faces": {
				"north": {"uv": [5, 0, 6.98472, 0.8836], "texture": "#0"},
				"east": {"uv": [5, 0, 6.24959, 0.8836], "texture": "#0"},
				"south": {"uv": [5, 0, 6.98472, 0.8836], "texture": "#0"},
				"west": {"uv": [5, 0, 6.24959, 0.8836], "texture": "#0"},
				"up": {"uv": [5, 0, 6.98472, 1.24959], "texture": "#0"},
				"down": {"uv": [5, 0, 6.98472, 1.24959], "texture": "#0"}
			}
		},
		{
			"from": [3.49333, 3.30978, 11.2246],
			"to": [5.47805, 4.19337, 12.4742],
			"rotation": {"angle": 45, "axis": "x", "origin": [4.48569, 3.75158, 11.8494]},
			"faces": {
				"north": {"uv": [5, 0, 6.98472, 0.88359], "texture": "#0"},
				"east": {"uv": [5, 0, 6.2496, 0.88359], "texture": "#0"},
				"south": {"uv": [5, 0, 6.98472, 0.88359], "texture": "#0"},
				"west": {"uv": [5, 0, 6.2496, 0.88359], "texture": "#0"},
				"up": {"uv": [5, 0, 6.98472, 1.2496], "texture": "#0"},
				"down": {"uv": [5, 0, 6.98472, 1.2496], "texture": "#0"}
			}
		},
		{
			"from": [3.49333, 0.52959, 5.71782],
			"to": [5.47805, 1.41318, 6.96741],
			"rotation": {"angle": -45, "axis": "x", "origin": [4.48569, 0.97138, 6.15961]},
			"faces": {
				"north": {"uv": [5, 0, 6.98472, 0.88359], "texture": "#0"},
				"east": {"uv": [2, 1.5, 3.25, 2.384], "rotation": 90, "texture": "#0"},
				"south": {"uv": [5, 0, 6.98472, 0.88359], "texture": "#0"},
				"west": {"uv": [2, 1.5, 3.25, 2.384], "rotation": 90, "texture": "#0"},
				"up": {"uv": [1.25, 1, 3.235, 2.25], "rotation": 180, "texture": "#0"},
				"down": {"uv": [5, 0, 6.98472, 1.24959], "texture": "#0"}
			}
		},
		{
			"from": [6.99591, 1.22241, 12.5184],
			"to": [9.00409, 3.23058, 13.52248],
			"rotation": {"angle": 22.5, "axis": "x", "origin": [8, 2.22649, 13.39697]},
			"faces": {
				"north": {"uv": [0, 0, 2, 2], "texture": "#missing"},
				"east": {"uv": [2, 3.5, 3, 5.5], "texture": "#0"},
				"south": {"uv": [0, 0, 2, 2], "texture": "#missing"},
				"west": {"uv": [2, 3.5, 3, 5.5], "texture": "#0"},
				"up": {"uv": [1.5, 4.5, 3.5, 5.5], "texture": "#0"},
				"down": {"uv": [1.5, 4.5, 3.5, 5.5], "texture": "#0"}
			}
		},
		{
			"from": [7.00764, 2.38145, 13.28689],
			"to": [8.99236, 3.13452, 14.29098],
			"rotation": {"angle": -22.5, "axis": "x", "origin": [8, 2.13043, 14.16547]},
			"faces": {
				"north": {"uv": [0, 0, 2, 0.75], "texture": "#missing"},
				"east": {"uv": [2, 3.5, 3, 4.25], "texture": "#0"},
				"south": {"uv": [1.25, 3.25, 3.25, 4], "texture": "#0"},
				"west": {"uv": [2, 3.5, 3, 4.25], "texture": "#0"},
				"up": {"uv": [0, 0, 2, 1], "texture": "#missing"},
				"down": {"uv": [0, 0, 2, 1], "texture": "#missing"}
			}
		},
		{
			"from": [7.00764, 1.35668, 12.9079],
			"to": [8.99236, 2.36077, 13.66096],
			"rotation": {"angle": -22.5, "axis": "x", "origin": [8, 1.85873, 13.28443]},
			"faces": {
				"north": {"uv": [0, 0, 2, 1], "rotation": 180, "texture": "#missing"},
				"east": {"uv": [2, 3.5, 3, 4.25], "rotation": 270, "texture": "#0"},
				"south": {"uv": [0, 0, 2, 1], "texture": "#missing"},
				"west": {"uv": [2, 3.5, 2.75, 4.5], "texture": "#0"},
				"up": {"uv": [0, 0, 2, 0.75], "rotation": 180, "texture": "#missing"},
				"down": {"uv": [1.25, 3.25, 3.25, 4], "texture": "#0"}
			}
		},
		{
			"from": [6.99591, 1.70245, 13.00265],
			"to": [9.00409, 2.64563, 14.00673],
			"rotation": {"angle": 22.5, "axis": "x", "origin": [8, 2.07899, 13.50469]},
			"faces": {
				"north": {"uv": [0, 0, 2, 0.93934], "texture": "#missing"},
				"east": {"uv": [2, 3.5, 3, 4.43934], "texture": "#0"},
				"south": {"uv": [1.5, 3.5, 3.5, 4.439], "texture": "#0"},
				"west": {"uv": [2, 3.5, 3, 4.43934], "texture": "#0"},
				"up": {"uv": [0, 0, 2, 1], "texture": "#missing"},
				"down": {"uv": [0, 0, 2, 1], "texture": "#missing"}
			}
		},
		{
			"from": [5.99182, 7.49796, 3.98365],
			"to": [10.00818, 10.51022, 4.98774],
			"rotation": {"angle": 0, "axis": "y", "origin": [15.53066, 15.53066, 12.01635]},
			"faces": {
				"north": {"uv": [4.5, 0, 8.51635, 3.01226], "texture": "#0"},
				"east": {"uv": [4.5, 0, 5.50409, 3.01226], "texture": "#0"},
				"south": {"uv": [9.5, 7.5, 13.516, 10.512], "texture": "#0"},
				"west": {"uv": [4.5, 0, 5.50409, 3.01226], "texture": "#0"},
				"up": {"uv": [4.5, 0, 8.51635, 1.00409], "texture": "#0"},
				"down": {"uv": [4.5, 0, 8.51635, 1.00409], "texture": "#0"}
			}
		},
		{
			"from": [5.99182, 7.49796, 0.97138],
			"to": [10.00818, 10.51022, 3.98365],
			"rotation": {"angle": 0, "axis": "y", "origin": [15.53066, 15.53066, 10.00818]},
			"faces": {
				"north": {"uv": [4.75, 0, 7.76226, 3.01226], "texture": "#0"},
				"east": {"uv": [4.75, 0, 7.76226, 3.01226], "texture": "#0"},
				"south": {"uv": [4.75, 0, 7.76226, 3.01226], "texture": "#0"},
				"west": {"uv": [4.75, 0, 7.76226, 3.01226], "texture": "#0"},
				"up": {"uv": [4.75, 0, 7.76226, 3.01226], "texture": "#0"},
				"down": {"uv": [4.75, 0, 7.76226, 3.01226], "texture": "#0"}
			}
		},
		{
			"from": [5.99182, 10.51022, 1.97547],
			"to": [10.00818, 11.51431, 3.98365],
			"rotation": {"angle": 0, "axis": "y", "origin": [15.53066, 15.53066, 10.00818]},
			"faces": {
				"north": {"uv": [4.5, 0, 8.51635, 1.00409], "texture": "#0"},
				"east": {"uv": [4.5, 0, 6.50818, 1.00409], "texture": "#0"},
				"south": {"uv": [4.5, 0, 8.51635, 1.00409], "texture": "#0"},
				"west": {"uv": [4.5, 0, 6.50818, 1.00409], "texture": "#0"},
				"up": {"uv": [4.5, 0, 8.51635, 2.00818], "texture": "#0"},
				"down": {"uv": [4.5, 0, 8.51635, 2.00818], "texture": "#0"}
			}
		},
		{
			"from": [6.49387, 8, -1.03679],
			"to": [9.50613, 9.50613, 0.97138],
			"rotation": {"angle": 0, "axis": "y", "origin": [15.53066, 15.53066, 10.00818]},
			"faces": {
				"north": {"uv": [0, 8, 3, 9.5], "texture": "#0"},
				"east": {"uv": [0, 0, 2, 1.5], "texture": "#0"},
				"south": {"uv": [0, 0, 3, 1.5], "texture": "#0"},
				"west": {"uv": [0, 0, 2, 1.5], "texture": "#0"},
				"up": {"uv": [4.75, 0, 7.762, 2.259], "texture": "#0"},
				"down": {"uv": [0, 9.5, 3, 11.5], "texture": "#0"}
			}
		},
		{
			"from": [6.8955, 7.54816, -0.63516],
			"to": [9.30531, 8.75307, 0.97138],
			"rotation": {"angle": 0, "axis": "y", "origin": [14.12494, 2.72854, 8.20082]},
			"faces": {
				"north": {"uv": [0, 13, 3, 11.5], "texture": "#0"},
				"east": {"uv": [0.5, 11, 2.5, 9.5], "texture": "#0"},
				"south": {"uv": [0, 1.5, 3, 0], "texture": "#0"},
				"west": {"uv": [0.5, 11, 2.5, 9.5], "texture": "#0"},
				"up": {"uv": [0, 2, 3, 0], "texture": "#0"},
				"down": {"uv": [0.5, 11, 2.5, 9.5], "texture": "#0"}
			}
		},
		{
			"from": [6.8955, 6.85651, 1.03462],
			"to": [9.30531, 8.06142, 2.64117],
			"rotation": {"angle": 0, "axis": "y", "origin": [14.12494, 2.03689, 9.8706]},
			"faces": {
				"north": {"uv": [4.5, 0, 6.90981, 1.20491], "texture": "#0"},
				"east": {"uv": [4.5, 0, 6.10654, 1.20491], "texture": "#0"},
				"south": {"uv": [4.5, 0, 6.90981, 1.20491], "texture": "#0"},
				"west": {"uv": [4.5, 0, 6.10654, 1.20491], "texture": "#0"},
				"up": {"uv": [4.5, 0, 6.90981, 1.60654], "texture": "#0"},
				"down": {"uv": [4.5, 0, 6.90981, 1.60654], "texture": "#0"}
			}
		},
		{
			"from": [6.51887, 9.10682, -0.75764],
			"to": [9.48113, 10.1109, 1.50156],
			"rotation": {"angle": -22.5, "axis": "x", "origin": [8, 9.10682, 0.62298]},
			"faces": {
				"north": {"uv": [4.25, 0, 7.26226, 1.00409], "texture": "#0"},
				"east": {"uv": [5, 0, 7.2592, 1.00409], "texture": "#0"},
				"south": {"uv": [5.25, 0, 8.262, 1.004], "texture": "#0"},
				"west": {"uv": [5.75, 0, 8.0092, 1.00409], "texture": "#0"},
				"up": {"uv": [10.25, 12.75, 13.262, 14.759], "texture": "#0"},
				"down": {"uv": [5, 0, 8.012, 2.259], "texture": "#0"}
			}
		},
		{
			"from": [6.88223, 7.06434, -0.41183],
			"to": [9.31858, 7.86761, 1.39553],
			"rotation": {"angle": 22.5, "axis": "x", "origin": [8.10041, 7.86761, 0.69266]},
			"faces": {
				"north": {"uv": [0, 13, 3, 12], "texture": "#0"},
				"east": {"uv": [2.75, 9, 5, 8], "texture": "#0"},
				"south": {"uv": [0, 1, 3, 0], "texture": "#0"},
				"west": {"uv": [3, 10, 5.25, 9], "texture": "#0"},
				"up": {"uv": [4.5, 0, 6.10654, 1.20491], "texture": "#0"},
				"down": {"uv": [0, 14.5, 3, 12.25], "rotation": 180, "texture": "#0"}
			}
		},
		{
			"from": [6.00355, 10.45192, 0.99553],
			"to": [9.98472, 11.45601, 2.41553],
			"rotation": {"angle": -45, "axis": "x", "origin": [7.49796, 10.95397, 2.12513]},
			"faces": {
				"north": {"uv": [0, 0, 4, 1], "texture": "#missing"},
				"east": {"uv": [4.5, 0, 5.91999, 1.00409], "texture": "#0"},
				"south": {"uv": [0, 0, 4, 1], "texture": "#missing"},
				"west": {"uv": [4.5, 0, 5.91999, 1.00409], "texture": "#0"},
				"up": {"uv": [4.5, 0, 8.48116, 1.41999], "texture": "#0"},
				"down": {"uv": [0, 0, 4, 1.41421], "texture": "#missing"}
			}
		},
		{
			"from": [6.01528, 7.18804, 1.10946],
			"to": [9.99645, 8.19212, 3.53355],
			"rotation": {"angle": 22.5, "axis": "x", "origin": [8, 7.69008, 1.81946]},
			"faces": {
				"north": {"uv": [4.5, 0, 8.48116, 1.00409], "texture": "#0"},
				"east": {"uv": [4.5, 0, 6.92408, 1.00409], "texture": "#0"},
				"south": {"uv": [4.5, 0, 8.48116, 1.00409], "texture": "#0"},
				"west": {"uv": [4.5, 0, 6.92408, 1.00409], "texture": "#0"},
				"up": {"uv": [4.5, 0, 8.48116, 2.42408], "texture": "#0"},
				"down": {"uv": [4.5, 0, 8.48116, 2.42408], "texture": "#0"}
			}
		},
		{
			"from": [6.00355, 8.44315, 4.12173],
			"to": [9.98472, 9.44723, 6.54581],
			"rotation": {"angle": 45, "axis": "x", "origin": [8, 8.94519, 4.83172]},
			"faces": {
				"north": {"uv": [4.5, 0, 8.48116, 1.00409], "texture": "#0"},
				"east": {"uv": [11, 8.75, 13.424, 9.752], "texture": "#0"},
				"south": {"uv": [4.5, 0, 8.48116, 1.00409], "texture": "#0"},
				"west": {"uv": [9.5, 8.75, 11.924, 9.753], "texture": "#0"},
				"up": {"uv": [9.25, 10.75, 13.231, 13.174], "texture": "#0"},
				"down": {"uv": [4.5, 0, 8.48116, 2.42408], "texture": "#0"}
			}
		},
		{
			"from": [6.00355, 10.15522, 3.4207],
			"to": [9.98472, 11.15931, 4.84069],
			"rotation": {"angle": 45, "axis": "x", "origin": [8, 10.65727, 4.13069]},
			"faces": {
				"north": {"uv": [4.5, 0, 8.48116, 1.00409], "texture": "#0"},
				"east": {"uv": [4.5, 0, 5.91999, 1.00409], "texture": "#0"},
				"south": {"uv": [4.5, 0, 8.48116, 1.00409], "texture": "#0"},
				"west": {"uv": [4.5, 0, 5.91999, 1.00409], "texture": "#0"},
				"up": {"uv": [5, 0, 8.98117, 1.41999], "texture": "#0"},
				"down": {"uv": [4.5, 0, 8.48116, 1.41999], "texture": "#0"}
			}
		},
		{
			"name": "Nose",
			"from": [7.94511, 9.20408, -1.08403],
			"to": [8.65489, 9.55341, -0.18036],
			"rotation": {"angle": 22.5, "axis": "z", "origin": [8.3, 9.37875, -0.63219]},
			"faces": {
				"north": {"uv": [11, 12.25, 11.71, 12.599], "texture": "#0"},
				"east": {"uv": [11, 12.25, 11.71, 12.599], "texture": "#0"},
				"south": {"uv": [11, 12.25, 11.71, 12.599], "texture": "#0"},
				"west": {"uv": [11, 12.25, 11.71, 12.599], "texture": "#0"},
				"up": {"uv": [11, 12.25, 11.71, 12.599], "texture": "#0"},
				"down": {"uv": [11, 12.25, 11.71, 12.599], "texture": "#0"}
			}
		},
		{
			"name": "Nose",
			"from": [7.95609, 9.28826, -1.15222],
			"to": [8.52391, 9.41773, -0.42929],
			"rotation": {"angle": 22.5, "axis": "z", "origin": [8.24, 9.278, -0.79075]},
			"faces": {
				"north": {"uv": [6.75, 1, 7.31783, 1.12947], "texture": "#0"},
				"east": {"uv": [5.5, 0.75, 6.22294, 0.87947], "texture": "#0"},
				"south": {"uv": [6.25, 1.75, 6.81783, 1.87947], "texture": "#0"},
				"west": {"uv": [5.75, 0.5, 6.47294, 0.62947], "texture": "#0"},
				"up": {"uv": [5.75, 0.5, 6.31783, 1.22294], "texture": "#0"},
				"down": {"uv": [5.5, 1, 6.06783, 1.72294], "texture": "#0"}
			}
		},
		{
			"name": "Nose",
			"from": [7.34511, 9.20408, -1.08403],
			"to": [8.05489, 9.55341, -0.18036],
			"rotation": {"angle": -22.5, "axis": "z", "origin": [7.7, 9.37875, -0.63219]},
			"faces": {
				"north": {"uv": [11, 12.25, 11.71, 12.599], "texture": "#0"},
				"east": {"uv": [11, 12.25, 11.71, 12.599], "texture": "#0"},
				"south": {"uv": [11, 12.25, 11.71, 12.599], "texture": "#0"},
				"west": {"uv": [11, 12.25, 11.71, 12.599], "texture": "#0"},
				"up": {"uv": [11, 12.25, 11.71, 12.599], "texture": "#0"},
				"down": {"uv": [11, 12.25, 11.71, 12.599], "texture": "#0"}
			}
		},
		{
			"name": "Nose",
			"from": [7.47609, 9.28826, -1.15222],
			"to": [8.04391, 9.41773, -0.42929],
			"rotation": {"angle": -22.5, "axis": "z", "origin": [7.76, 9.278, -0.79075]},
			"faces": {
				"north": {"uv": [6.75, 1, 7.31783, 1.12947], "texture": "#0"},
				"east": {"uv": [5.5, 0.75, 6.22294, 0.87947], "texture": "#0"},
				"south": {"uv": [6.25, 1.75, 6.81783, 1.87947], "texture": "#0"},
				"west": {"uv": [5.75, 0.5, 6.47294, 0.62947], "texture": "#0"},
				"up": {"uv": [5.75, 0.5, 6.31783, 1.22294], "texture": "#0"},
				"down": {"uv": [5.5, 1, 6.06783, 1.72294], "texture": "#0"}
			}
		},
		{
			"name": "Nose",
			"from": [7.82533, 8.6945, -1.08403],
			"to": [8.17467, 9.40429, -0.18036],
			"rotation": {"angle": 0, "axis": "z", "origin": [8, 9.0494, -0.63219]},
			"faces": {
				"north": {"uv": [11, 12.25, 11.71, 12.599], "texture": "#0"},
				"east": {"uv": [11, 12.25, 11.71, 12.599], "texture": "#0"},
				"south": {"uv": [11, 12.25, 11.71, 12.599], "texture": "#0"},
				"west": {"uv": [11, 12.25, 11.71, 12.599], "texture": "#0"},
				"up": {"uv": [11, 12.25, 11.71, 12.599], "texture": "#0"},
				"down": {"uv": [11, 12.25, 11.71, 12.599], "texture": "#0"}
			}
		},
		{
			"name": "Nose",
			"from": [7.93527, 8.1556, -1.15222],
			"to": [8.06473, 9.32343, -0.42929],
			"rotation": {"angle": 0, "axis": "z", "origin": [8, 9.03952, -0.79075]},
			"faces": {
				"north": {"uv": [6.75, 1, 7.41783, 1.12947], "rotation": 270, "texture": "#0"},
				"east": {"uv": [5.5, 0.75, 6.16783, 1.47294], "rotation": 90, "texture": "#0"},
				"south": {"uv": [6.25, 1.75, 6.91783, 1.87947], "rotation": 90, "texture": "#0"},
				"west": {"uv": [5.75, 0.5, 6.41783, 1.22294], "rotation": 90, "texture": "#0"},
				"up": {"uv": [5.75, 0.5, 6.47294, 0.62947], "rotation": 90, "texture": "#0"},
				"down": {"uv": [5.5, 1, 6.22294, 1.12947], "rotation": 90, "texture": "#0"}
			}
		},
		{
			"from": [5.48978, 4.48569, 2.97956],
			"to": [10.51022, 7.49333, 3.98365],
			"rotation": {"angle": 0, "axis": "y", "origin": [13.52248, 9.50613, 13.02044]},
			"faces": {
				"north": {"uv": [0, 0, 5, 2.996], "texture": "#0"},
				"east": {"uv": [5.75, 0, 6.75, 2.996], "texture": "#0"},
				"south": {"uv": [0, 0, 5, 2.99539], "texture": "#0"},
				"west": {"uv": [5.75, 0, 6.75, 2.996], "texture": "#0"},
				"up": {"uv": [0, 0, 5, 1], "texture": "#0"},
				"down": {"uv": [0, 0, 5, 1], "texture": "#0"}
			}
		},
		{
			"from": [5.48978, 1.46316, 6.86615],
			"to": [10.51022, 6.49387, 12.01635],
			"rotation": {"angle": 0, "axis": "y", "origin": [13.52248, 8.50204, 19.04497]},
			"faces": {
				"north": {"uv": [5, 0, 10.129, 5.01], "texture": "#0"},
				"east": {"uv": [10.25, 1.75, 15.4, 6.781], "texture": "#0"},
				"south": {"uv": [5, 0, 10.129, 5.01], "texture": "#0"},
				"west": {"uv": [5, 1.5, 10.129, 6.51], "texture": "#0"},
				"up": {"uv": [5, 0, 10.129, 5.01], "texture": "#0"},
				"down": {"uv": [0, 6.5, 5, 8], "texture": "#0"}
			}
		},
		{
			"from": [5.48978, 2.47752, 12.01635],
			"to": [10.51022, 5.48978, 13.02044],
			"rotation": {"angle": 0, "axis": "y", "origin": [13.52248, 8.50204, 20.04906]},
			"faces": {
				"north": {"uv": [5, 0, 10, 3.18269], "texture": "#0"},
				"east": {"uv": [5.25, 0, 6.25, 3], "texture": "#0"},
				"south": {"uv": [5.25, 0, 10.25, 3], "texture": "#0"},
				"west": {"uv": [5.25, 0, 6.25, 3], "texture": "#0"},
				"up": {"uv": [5, 0, 10, 3.18269], "texture": "#0"},
				"down": {"uv": [5, 0, 10, 3.18269], "texture": "#0"}
			}
		},
		{
			"from": [5.50151, 5.16524, 11.46601],
			"to": [10.49849, 6.16932, 12.88601],
			"rotation": {"angle": 45, "axis": "x", "origin": [8, 5.66728, 12.13294]},
			"faces": {
				"north": {"uv": [5, 0, 10, 3.18269], "texture": "#0"},
				"east": {"uv": [6, 0.25, 7.41421, 1.25], "texture": "#0"},
				"south": {"uv": [5, 0, 10, 1], "texture": "#0"},
				"west": {"uv": [6, 0.25, 7.41421, 1.25], "texture": "#0"},
				"up": {"uv": [5, 0, 10, 1.41421], "texture": "#0"},
				"down": {"uv": [5, 0, 10, 3.18269], "texture": "#0"}
			}
		},
		{
			"from": [5.50151, 1.79797, 11.46601],
			"to": [10.49849, 2.80206, 12.88601],
			"rotation": {"angle": -45, "axis": "x", "origin": [8, 2.30002, 12.13294]},
			"faces": {
				"north": {"uv": [5, 0, 10, 3.18269], "texture": "#0"},
				"east": {"uv": [5.5, 1.25, 6.91421, 2.25], "texture": "#0"},
				"south": {"uv": [5, 0, 10, 3.18269], "texture": "#0"},
				"west": {"uv": [5.5, 1.25, 6.91421, 2.25], "texture": "#0"},
				"up": {"uv": [5, 0, 10, 3.18269], "texture": "#0"},
				"down": {"uv": [0, 0, 5, 2.996], "texture": "#0"}
			}
		},
		{
			"from": [5.51324, 5.37633, 6.73828],
			"to": [10.48676, 7.2841, 11.97381],
			"rotation": {"angle": 22.5, "axis": "x", "origin": [8, 6.78205, 10.00871]},
			"faces": {
				"north": {"uv": [5, 1, 10.21421, 2.9], "texture": "#0"},
				"east": {"uv": [5, 1, 10.21421, 2.9], "texture": "#0"},
				"south": {"uv": [5, 0, 10, 1.9], "texture": "#0"},
				"west": {"uv": [5, 1, 10.21421, 2.9], "texture": "#0"},
				"up": {"uv": [5, 0, 10, 5], "texture": "#0"},
				"down": {"uv": [5, 1, 10.21421, 2.9], "texture": "#0"}
			}
		},
		{
			"from": [5.52497, 3.4816, 3.98365],
			"to": [10.47503, 8.49742, 7.17935],
			"rotation": {"angle": 0, "axis": "y", "origin": [13.52248, 9.50613, 13.02044]},
			"faces": {
				"north": {"uv": [5, 0, 8.183, 4.995], "texture": "#0"},
				"east": {"uv": [5, 0, 8.183, 4.995], "texture": "#0"},
				"south": {"uv": [5, 0, 10, 4.99539], "texture": "#0"},
				"west": {"uv": [5, 0, 8.183, 4.995], "texture": "#0"},
				"up": {"uv": [9.25, 12.75, 14.25, 15.933], "texture": "#0"},
				"down": {"uv": [5, 0, 8.183, 4.995], "texture": "#0"}
			}
		},
		{
			"from": [5.50151, 1.62047, 3.33456],
			"to": [10.49849, 5.04864, 4.84069],
			"rotation": {"angle": -45, "axis": "x", "origin": [8, 4.33865, 3.8366]},
			"faces": {
				"north": {"uv": [0, 3, 5, 6.414], "rotation": 180, "texture": "#0"},
				"east": {"uv": [5, 0, 8.41421, 1.5], "rotation": 270, "texture": "#0"},
				"south": {"uv": [0, 0, 5, 3.41421], "texture": "#0"},
				"west": {"uv": [5, 0, 8.41421, 1.5], "rotation": 270, "texture": "#0"},
				"up": {"uv": [0, 0, 5, 1], "rotation": 180, "texture": "#0"},
				"down": {"uv": [0, 0, 5, 1], "texture": "#0"}
			}
		},
		{
			"from": [5.50151, 6.99129, 3.18751],
			"to": [10.49849, 7.99537, 4.60751],
			"rotation": {"angle": -45, "axis": "x", "origin": [6.49387, 7.49333, 3.68956]},
			"faces": {
				"north": {"uv": [5, 0, 10, 3.18269], "texture": "#0"},
				"east": {"uv": [5.75, 1.25, 7.16421, 2.25], "texture": "#0"},
				"south": {"uv": [5, 0, 10, 3.18269], "texture": "#0"},
				"west": {"uv": [5.75, 1.25, 7.16421, 2.25], "texture": "#0"},
				"up": {"uv": [5, 0, 10, 1.41421], "texture": "#0"},
				"down": {"uv": [5, 0, 10, 3.18269], "texture": "#0"}
			}
		},
		{
			"from": [5.51324, 1.75847, 5.54172],
			"to": [10.48676, 3.75987, 7.12192],
			"rotation": {"angle": 22.5, "axis": "x", "origin": [8, 2.25373, 6.25172]},
			"faces": {
				"north": {"uv": [0, 0, 5, 0.99325], "texture": "#0"},
				"east": {"uv": [5, 4.75, 6.573, 6.743], "texture": "#0"},
				"south": {"uv": [0, 0, 5, 0.99325], "texture": "#0"},
				"west": {"uv": [7.75, 7.5, 9.323, 9.493], "texture": "#0"},
				"up": {"uv": [0, 0, 5, 1.57376], "texture": "#0"},
				"down": {"uv": [0, 6.5, 5, 8], "rotation": 180, "texture": "#0"}
			}
		},
		{
			"from": [5.975, 9, 1.25],
			"to": [5.975, 11, 3.25],
			"rotation": {"angle": 0, "axis": "y", "origin": [12.975, 17, 9.25]},
			"faces": {
				"north": {"uv": [11, 8, 11, 8], "texture": "#0"},
				"east": {"uv": [10.5, 7.75, 12.5, 9.75], "texture": "#0"},
				"south": {"uv": [10.5, 7.5, 10.5, 9.5], "texture": "#0"},
				"west": {"uv": [3, 10, 5, 12], "texture": "#0"},
				"up": {"uv": [10.25, 7.5, 10.25, 9.5], "texture": "#0"},
				"down": {"uv": [10.25, 7, 10.25, 9], "texture": "#0"}
			}
		},
		{
			"from": [10.025, 9, 1.25],
			"to": [10.025, 11, 3.25],
			"rotation": {"angle": 0, "axis": "y", "origin": [3.025, 17, 9.25]},
			"faces": {
				"north": {"uv": [11, 8, 11, 8], "texture": "#0"},
				"east": {"uv": [5, 10, 3, 12], "texture": "#0"},
				"south": {"uv": [10.5, 7.5, 10.5, 9.5], "texture": "#0"},
				"west": {"uv": [15.5, 7, 13.5, 9], "texture": "#0"},
				"up": {"uv": [10.25, 7.5, 10.25, 9.5], "texture": "#0"},
				"down": {"uv": [10.25, 7, 10.25, 9], "texture": "#0"}
			}
		},
		{
			"from": [-11, 10, 21],
			"to": [15, 16, 21],
			"rotation": {"angle": 0, "axis": "y", "origin": [-3, 8, 29]},
			"faces": {
				"north": {"uv": [0, 0, 16, 16], "texture": "#1"},
				"east": {"uv": [0, 0, 0, 8], "texture": "#1"},
				"south": {"uv": [0, 0, 16, 8], "texture": "#1"},
				"west": {"uv": [0, 0, 0, 8], "texture": "#1"},
				"up": {"uv": [0, 0, 16, 0], "texture": "#1"},
				"down": {"uv": [0, 0, 16, 0], "texture": "#1"}
			}
		}
	],
	"groups": [
		{
			"name": "Halo",
			"origin": [8, 8, 8],
			"children": [
				{
					"name": "Ear",
					"origin": [7.125, 13.33595, 4.45079],
					"children": [0, 1, 2, 3, 4, 5, 6, 7, 8, 9]
				},
				{
					"name": "Ear",
					"origin": [7.125, 13.33595, 4.45079],
					"children": [10, 11, 12, 13, 14, 15, 16, 17, 18, 19]
				},
				{
					"name": "Front Leg",
					"origin": [5.375, 1.15224, 4.73463],
					"children": [20, 21, 22, 23, 24, 25, 26, 27, 28, 29, 30]
				},
				{
					"name": "Front Leg",
					"origin": [5.375, 1.15224, 4.73463],
					"children": [31, 32, 33, 34, 35, 36, 37, 38, 39, 40, 41]
				},
				{
					"name": "Leg",
					"origin": [1, 1, 0.70711],
					"children": [42, 43, 44, 45, 46, 47, 48, 49]
				},
				{
					"name": "Leg",
					"origin": [1, 1, 0.70711],
					"children": [50, 51, 52, 53, 54, 55, 56, 57]
				},
				{
					"name": "Tail",
					"origin": [7.5, 2.10309, 15.48228],
					"children": [58, 59, 60, 61]
				},
				{
					"name": "Head",
					"origin": [15, 17.25, 8.75],
					"children": [62, 63, 64, 65, 66, 67, 68, 69, 70, 71, 72, 73, 74, 75, 76, 77, 78, 79]
				},
				{
					"name": "Body",
					"origin": [13, 10, 15],
					"children": [80, 81, 82, 83, 84, 85, 86, 87, 88, 89]
				}
			]
		}, 90, 91, 92]
}