{
	"credit": "Made with Blockbench",
	"textures": {
		"0": "block/halo_bunny"
	},
	"elements": [
		{
			"from": [8.26106, 6.51466, 5.14683],
			"to": [8.78319, 7.14333, 5.434],
			"rotation": {"angle": -22.5, "axis": "x", "origin": [8.51038, 7.02681, 5.73286]},
			"faces": {
				"north": {"uv": [5, 0, 6.00409, 2.20899], "texture": "#0"},
				"east": {"uv": [5, 0, 5.55225, 2.20899], "texture": "#0"},
				"south": {"uv": [5, 0, 6.00409, 2.20899], "texture": "#0"},
				"west": {"uv": [5, 0, 5.55225, 2.20899], "texture": "#0"},
				"up": {"uv": [5, 0, 6.00409, 0.55225], "texture": "#0"},
				"down": {"uv": [5, 0, 6.00409, 0.55225], "texture": "#0"}
			}
		},
		{
			"from": [8.26106, 5.86493, 5.36558],
			"to": [8.78319, 6.43927, 5.65275],
			"rotation": {"angle": 0, "axis": "x", "origin": [8.51038, 7.02681, 5.73286]},
			"faces": {
				"north": {"uv": [5, 0, 6.00409, 1.1045], "texture": "#0"},
				"east": {"uv": [5, 0, 5.55225, 1.1045], "texture": "#0"},
				"south": {"uv": [5, 0, 6.00409, 1.1045], "texture": "#0"},
				"west": {"uv": [5, 0, 5.55225, 1.1045], "texture": "#0"},
				"up": {"uv": [5, 0, 6.00409, 0.55225], "texture": "#0"},
				"down": {"uv": [5, 0, 6.00409, 0.55225], "texture": "#0"}
			}
		},
		{
			"from": [8.26225, 6.58175, 5.06654],
			"to": [8.78437, 7.15609, 5.35371],
			"rotation": {"angle": 22.5, "axis": "x", "origin": [8.51157, 6.54605, 5.93102]},
			"faces": {
				"north": {"uv": [5, 0, 6.00409, 1.10449], "texture": "#0"},
				"east": {"uv": [5, 0, 5.55225, 1.10449], "texture": "#0"},
				"south": {"uv": [5, 0, 6.00409, 1.10449], "texture": "#0"},
				"west": {"uv": [5, 0, 5.55225, 1.10449], "texture": "#0"},
				"up": {"uv": [5, 0, 6.00409, 0.55225], "texture": "#0"},
				"down": {"uv": [5, 0, 6.00409, 0.55225], "texture": "#0"}
			}
		},
		{
			"from": [8.26225, 7.17351, 5.37113],
			"to": [8.78437, 7.46068, 5.94547],
			"rotation": {"angle": 22.5, "axis": "x", "origin": [8.51157, 6.54605, 5.93102]},
			"faces": {
				"north": {"uv": [5, 0, 6.00409, 0.55225], "texture": "#0"},
				"east": {"uv": [5, 0, 6.10449, 0.55225], "texture": "#0"},
				"south": {"uv": [5, 0, 6.00409, 0.55225], "texture": "#0"},
				"west": {"uv": [5, 0, 6.10449, 0.55225], "texture": "#0"},
				"up": {"uv": [5, 0, 6.00409, 1.10449], "texture": "#0"},
				"down": {"uv": [5, 0, 6.00409, 1.10449], "texture": "#0"}
			}
		},
		{
			"from": [8.26106, 6.80182, 6.10266],
			"to": [8.78319, 7.14333, 6.38982],
			"rotation": {"angle": -22.5, "axis": "x", "origin": [8.51038, 7.02681, 5.73286]},
			"faces": {
				"north": {"uv": [5, 0, 6.00409, 1.65675], "texture": "#0"},
				"east": {"uv": [5, 0, 5.55224, 1.65675], "texture": "#0"},
				"south": {"uv": [5, 0, 6.00409, 1.65675], "texture": "#0"},
				"west": {"uv": [5, 0, 5.55224, 1.65675], "texture": "#0"},
				"up": {"uv": [5, 0, 6.00409, 0.55224], "texture": "#0"},
				"down": {"uv": [5, 0, 6.00409, 0.55224], "texture": "#0"}
			}
		},
		{
			"from": [8.26106, 6.49602, 6.13874],
			"to": [8.78319, 7.07036, 6.42591],
			"rotation": {"angle": 0, "axis": "x", "origin": [8.51038, 7.02681, 5.73286]},
			"faces": {
				"north": {"uv": [5, 0, 6.00409, 1.1045], "texture": "#0"},
				"east": {"uv": [5, 0, 5.55225, 1.1045], "texture": "#0"},
				"south": {"uv": [5, 0, 6.00409, 1.1045], "texture": "#0"},
				"west": {"uv": [5, 0, 5.55225, 1.1045], "texture": "#0"},
				"up": {"uv": [5, 0, 6.00409, 0.55225], "texture": "#0"},
				"down": {"uv": [5, 0, 6.00409, 0.55225], "texture": "#0"}
			}
		},
		{
			"from": [8.26106, 6.08372, 6.28911],
			"to": [8.78319, 6.80164, 6.57628],
			"rotation": {"angle": 22.5, "axis": "x", "origin": [8.51038, 7.02681, 5.73286]},
			"faces": {
				"north": {"uv": [5, 0, 6.00409, 1.38062], "texture": "#0"},
				"east": {"uv": [5, 0, 5.55225, 1.38062], "texture": "#0"},
				"south": {"uv": [5, 0, 6.00409, 1.38062], "texture": "#0"},
				"west": {"uv": [5, 0, 5.55225, 1.38062], "texture": "#0"},
				"up": {"uv": [5, 0, 6.00409, 0.55225], "texture": "#0"},
				"down": {"uv": [5, 0, 6.00409, 0.55225], "texture": "#0"}
			}
		},
		{
			"from": [8.26225, 7.30152, 5.7511],
			"to": [8.78437, 7.58869, 6.18186],
			"rotation": {"angle": -22.5, "axis": "x", "origin": [8.51157, 6.54605, 5.93102]},
			"faces": {
				"north": {"uv": [5, 0, 6.00409, 0.55225], "texture": "#0"},
				"east": {"uv": [5, 0, 5.82838, 0.55225], "texture": "#0"},
				"south": {"uv": [5, 0, 6.00409, 0.55225], "texture": "#0"},
				"west": {"uv": [5, 0, 5.82838, 0.55225], "texture": "#0"},
				"up": {"uv": [5, 0, 6.00409, 0.82838], "texture": "#0"},
				"down": {"uv": [5, 0, 6.00409, 0.82838], "texture": "#0"}
			}
		},
		{
			"from": [8.27412, 6.45086, 5.39631],
			"to": [8.65266, 7.26228, 6.14034],
			"rotation": {"angle": -22.5, "axis": "x", "origin": [8.51038, 7.02681, 5.73286]},
			"faces": {
				"north": {"uv": [5, 0, 5.72796, 2.56043], "texture": "#0"},
				"east": {"uv": [1.75, 3.5, 3.18082, 6.06043], "texture": "#0"},
				"south": {"uv": [5, 0, 5.72796, 2.56043], "texture": "#0"},
				"west": {"uv": [5, 0, 6.43082, 2.56043], "texture": "#0"},
				"up": {"uv": [5, 0, 5.72796, 1.43082], "texture": "#0"},
				"down": {"uv": [5, 0, 5.72796, 1.43082], "texture": "#0"}
			}
		},
		{
			"from": [8.2756, 6.03216, 5.84458],
			"to": [8.65414, 6.78903, 6.32754],
			"rotation": {"angle": 22.5, "axis": "x", "origin": [8.51038, 7.02681, 5.73286]},
			"faces": {
				"north": {"uv": [5, 0, 5.72796, 1.35552], "texture": "#0"},
				"east": {"uv": [13.5, 7.5, 14.428, 8.606], "texture": "#0"},
				"south": {"uv": [5, 0, 5.72796, 1.35552], "texture": "#0"},
				"west": {"uv": [5, 0, 5.92878, 1.35552], "texture": "#0"},
				"up": {"uv": [5, 0, 5.72796, 0.92878], "texture": "#0"},
				"down": {"uv": [5, 0, 5.72796, 0.92878], "texture": "#0"}
			}
		},
		{
			"from": [7.21681, 6.38412, 5.52537],
			"to": [7.73894, 7.0128, 5.81254],
			"rotation": {"angle": 0, "axis": "x", "origin": [7.47787, 6.67129, 5.66895]},
			"faces": {
				"north": {"uv": [5, 0, 6.00409, 2.209], "texture": "#0"},
				"east": {"uv": [5, 0, 5.55225, 2.209], "texture": "#0"},
				"south": {"uv": [5, 0, 6.00409, 2.209], "texture": "#0"},
				"west": {"uv": [5, 0, 5.55225, 2.209], "texture": "#0"},
				"up": {"uv": [5, 0, 6.00409, 0.55225], "texture": "#0"},
				"down": {"uv": [5, 0, 6.00409, 0.55225], "texture": "#0"}
			}
		},
		{
			"from": [7.21681, 5.83165, 5.41548],
			"to": [7.73894, 6.40598, 5.70265],
			"rotation": {"angle": 22.5, "axis": "x", "origin": [7.47787, 6.11881, 5.70265]},
			"faces": {
				"north": {"uv": [5, 0, 6.00409, 1.10449], "texture": "#0"},
				"east": {"uv": [5, 0, 5.55225, 1.10449], "texture": "#0"},
				"south": {"uv": [5, 0, 6.00409, 1.10449], "texture": "#0"},
				"west": {"uv": [5, 0, 5.55225, 1.10449], "texture": "#0"},
				"up": {"uv": [5, 0, 6.00409, 0.55225], "texture": "#0"},
				"down": {"uv": [5, 0, 6.00409, 0.55225], "texture": "#0"}
			}
		},
		{
			"from": [7.21772, 6.82716, 5.68546],
			"to": [7.73985, 7.4015, 5.97263],
			"rotation": {"angle": 45, "axis": "x", "origin": [7.47878, 7.11433, 5.82905]},
			"faces": {
				"north": {"uv": [5, 0, 6.00409, 1.1045], "texture": "#0"},
				"east": {"uv": [5, 0, 5.55225, 1.1045], "texture": "#0"},
				"south": {"uv": [5, 0, 6.00409, 1.1045], "texture": "#0"},
				"west": {"uv": [5, 0, 5.55225, 1.1045], "texture": "#0"},
				"up": {"uv": [5, 0, 6.00409, 0.55225], "texture": "#0"},
				"down": {"uv": [5, 0, 6.00409, 0.55225], "texture": "#0"}
			}
		},
		{
			"from": [7.21772, 6.97074, 6.17569],
			"to": [7.73985, 7.25791, 6.75003],
			"rotation": {"angle": 45, "axis": "x", "origin": [7.47878, 7.11433, 6.46286]},
			"faces": {
				"north": {"uv": [5, 0, 6.00409, 0.55225], "texture": "#0"},
				"east": {"uv": [5, 0, 6.1045, 0.55225], "texture": "#0"},
				"south": {"uv": [5, 0, 6.00409, 0.55225], "texture": "#0"},
				"west": {"uv": [5, 0, 6.1045, 0.55225], "texture": "#0"},
				"up": {"uv": [5, 0, 6.00409, 1.1045], "texture": "#0"},
				"down": {"uv": [5, 0, 6.00409, 1.1045], "texture": "#0"}
			}
		},
		{
			"from": [7.21681, 6.67129, 6.48119],
			"to": [7.73894, 7.0128, 6.76836],
			"rotation": {"angle": 0, "axis": "x", "origin": [7.47787, 7.24563, 6.62478]},
			"faces": {
				"north": {"uv": [5, 0, 6.00409, 1.65675], "texture": "#0"},
				"east": {"uv": [5, 0, 5.55225, 1.65675], "texture": "#0"},
				"south": {"uv": [5, 0, 6.00409, 1.65675], "texture": "#0"},
				"west": {"uv": [5, 0, 5.55225, 1.65675], "texture": "#0"},
				"up": {"uv": [5, 0, 6.00409, 0.55225], "texture": "#0"},
				"down": {"uv": [5, 0, 6.00409, 0.55225], "texture": "#0"}
			}
		},
		{
			"from": [7.21681, 6.17376, 6.38223],
			"to": [7.73894, 6.7481, 6.6694],
			"rotation": {"angle": 22.5, "axis": "x", "origin": [7.47787, 6.46093, 6.52582]},
			"faces": {
				"north": {"uv": [5, 0, 6.00409, 1.1045], "texture": "#0"},
				"east": {"uv": [5, 0, 5.55225, 1.1045], "texture": "#0"},
				"south": {"uv": [5, 0, 6.00409, 1.1045], "texture": "#0"},
				"west": {"uv": [5, 0, 5.55225, 1.1045], "texture": "#0"},
				"up": {"uv": [5, 0, 6.00409, 0.55225], "texture": "#0"},
				"down": {"uv": [5, 0, 6.00409, 0.55225], "texture": "#0"}
			}
		},
		{
			"from": [7.21681, 5.60839, 6.1004],
			"to": [7.73894, 6.32631, 6.38757],
			"rotation": {"angle": 45, "axis": "x", "origin": [7.47787, 6.03914, 6.24399]},
			"faces": {
				"north": {"uv": [5, 0, 6.00409, 1.38062], "texture": "#0"},
				"east": {"uv": [5, 0, 5.55225, 1.38062], "texture": "#0"},
				"south": {"uv": [5, 0, 6.00409, 1.38062], "texture": "#0"},
				"west": {"uv": [5, 0, 5.55225, 1.38062], "texture": "#0"},
				"up": {"uv": [5, 0, 6.00409, 0.55225], "texture": "#0"},
				"down": {"uv": [5, 0, 6.00409, 0.55225], "texture": "#0"}
			}
		},
		{
			"from": [7.21772, 7.13175, 5.93058],
			"to": [7.73985, 7.41892, 6.36133],
			"rotation": {"angle": 0, "axis": "x", "origin": [7.47878, 7.27533, 6.21775]},
			"faces": {
				"north": {"uv": [5, 0, 6.00409, 0.55225], "texture": "#0"},
				"east": {"uv": [5, 0, 5.82837, 0.55225], "texture": "#0"},
				"south": {"uv": [5, 0, 6.00409, 0.55225], "texture": "#0"},
				"west": {"uv": [5, 0, 5.82837, 0.55225], "texture": "#0"},
				"up": {"uv": [5, 0, 6.00409, 0.82837], "texture": "#0"},
				"down": {"uv": [5, 0, 6.00409, 0.82837], "texture": "#0"}
			}
		},
		{
			"from": [7.34734, 6.32033, 5.77485],
			"to": [7.72588, 7.13175, 6.51888],
			"rotation": {"angle": 0, "axis": "x", "origin": [7.47787, 7.50816, 6.21866]},
			"faces": {
				"north": {"uv": [5, 0, 5.72796, 2.56043], "texture": "#0"},
				"east": {"uv": [5, 0, 6.43083, 2.56043], "texture": "#0"},
				"south": {"uv": [5, 0, 5.72796, 2.56043], "texture": "#0"},
				"west": {"uv": [1.75, 3.25, 3.18083, 5.81043], "texture": "#0"},
				"up": {"uv": [5, 0, 5.72796, 1.43083], "texture": "#0"},
				"down": {"uv": [5, 0, 5.72796, 1.43083], "texture": "#0"}
			}
		},
		{
			"from": [7.3396, 5.90284, 6.29698],
			"to": [7.71814, 6.65971, 6.77994],
			"rotation": {"angle": 45, "axis": "x", "origin": [7.54314, 6.98604, 6.14687]},
			"faces": {
				"north": {"uv": [5, 0, 5.72796, 1.35552], "texture": "#0"},
				"east": {"uv": [5, 0, 5.92878, 1.35552], "texture": "#0"},
				"south": {"uv": [5, 0, 5.72796, 1.35552], "texture": "#0"},
				"west": {"uv": [13.5, 7.5, 14.428, 8.606], "texture": "#0"},
				"up": {"uv": [13.5, 7.5, 14.227, 8.428], "texture": "#0"},
				"down": {"uv": [5, 0, 5.72796, 0.92878], "texture": "#0"}
			}
		},
		{
			"from": [8.65266, 1.06724, 5.85928],
			"to": [9.56638, 2.27985, 6.69469],
			"rotation": {"angle": 0, "axis": "y", "origin": [4.99777, 6.2885, 9.82744]},
			"faces": {
				"north": {"uv": [5, 0, 6.75715, 2.33193], "texture": "#0"},
				"east": {"uv": [5, 0, 6.60654, 2.33193], "texture": "#0"},
				"south": {"uv": [5, 0, 6.75715, 2.33193], "texture": "#0"},
				"west": {"uv": [5, 0, 6.60654, 2.33193], "texture": "#0"},
				"up": {"uv": [5, 0, 6.75715, 1.60654], "texture": "#0"},
				"down": {"uv": [5, 0, 6.75715, 1.60654], "texture": "#0"}
			}
		},
		{
			"from": [8.65876, 1.51105, 6.38141],
			"to": [9.56028, 2.50309, 7.00796],
			"rotation": {"angle": 22.5, "axis": "x", "origin": [9.10952, 2.24203, 6.48583]},
			"faces": {
				"north": {"uv": [5, 0, 6.73369, 1.90776], "texture": "#0"},
				"east": {"uv": [5, 0, 6.2049, 1.90776], "texture": "#0"},
				"south": {"uv": [5, 0, 6.73369, 1.90776], "texture": "#0"},
				"west": {"uv": [5, 0, 6.2049, 1.90776], "texture": "#0"},
				"up": {"uv": [5, 0, 6.73369, 1.2049], "texture": "#0"},
				"down": {"uv": [5, 0, 6.73369, 1.2049], "texture": "#0"}
			}
		},
		{
			"from": [8.65876, 1.76128, 5.43763],
			"to": [9.56028, 2.59668, 6.06418],
			"rotation": {"angle": -45, "axis": "x", "origin": [9.10952, 2.28341, 5.75091]},
			"faces": {
				"north": {"uv": [5, 0, 6.73369, 1.60654], "texture": "#0"},
				"east": {"uv": [5, 0, 6.2049, 1.60654], "texture": "#0"},
				"south": {"uv": [5, 0, 6.73369, 1.60654], "texture": "#0"},
				"west": {"uv": [5, 0, 6.2049, 1.60654], "texture": "#0"},
				"up": {"uv": [5, 0, 6.73369, 1.2049], "texture": "#0"},
				"down": {"uv": [5, 0, 6.73369, 1.2049], "texture": "#0"}
			}
		},
		{
			"from": [8.65266, 2.28341, 5.30787],
			"to": [9.56638, 3.0666, 7.06812],
			"rotation": {"angle": 0, "axis": "x", "origin": [9.10952, 2.80554, 6.546]},
			"faces": {
				"north": {"uv": [5, 0, 6.75715, 1.50613], "texture": "#0"},
				"east": {"uv": [5, 0, 8.38511, 1.50613], "texture": "#0"},
				"south": {"uv": [5, 0, 6.75715, 1.50613], "texture": "#0"},
				"west": {"uv": [5, 0, 8.38511, 1.50613], "texture": "#0"},
				"up": {"uv": [5, 0, 6.75715, 3.38511], "texture": "#0"},
				"down": {"uv": [5, 0, 6.75715, 3.38511], "texture": "#0"}
			}
		},
		{
			"from": [8.65876, 2.58271, 6.16096],
			"to": [9.56028, 3.36589, 6.94415],
			"rotation": {"angle": -45, "axis": "x", "origin": [9.10952, 2.9743, 6.42202]},
			"faces": {
				"north": {"uv": [5, 0, 6.73369, 1.50613], "texture": "#0"},
				"east": {"uv": [5, 0, 6.50613, 1.50613], "texture": "#0"},
				"south": {"uv": [5, 0, 6.73369, 1.50613], "texture": "#0"},
				"west": {"uv": [5, 0, 6.50613, 1.50613], "texture": "#0"},
				"up": {"uv": [5, 0, 6.73369, 1.50613], "texture": "#0"},
				"down": {"uv": [5, 0, 6.73369, 1.50613], "texture": "#0"}
			}
		},
		{
			"from": [8.65876, 2.67501, 5.47007],
			"to": [9.56028, 3.45819, 6.25326],
			"rotation": {"angle": -45, "axis": "x", "origin": [9.10952, 3.0666, 5.86167]},
			"faces": {
				"north": {"uv": [5, 0, 6.73369, 1.50613], "texture": "#0"},
				"east": {"uv": [5, 0, 6.50613, 1.50613], "texture": "#0"},
				"south": {"uv": [5, 0, 6.73369, 1.50613], "texture": "#0"},
				"west": {"uv": [5, 0, 6.50613, 1.50613], "texture": "#0"},
				"up": {"uv": [5, 0, 6.73369, 1.50613], "texture": "#0"},
				"down": {"uv": [5, 0, 6.73369, 1.50613], "texture": "#0"}
			}
		},
		{
			"from": [8.65266, 3.29468, 5.86167],
			"to": [9.56638, 3.6204, 6.51432],
			"rotation": {"angle": 0, "axis": "x", "origin": [9.10952, 3.2288, 6.25326]},
			"faces": {
				"north": {"uv": [5, 0, 6.75715, 0.62638], "texture": "#0"},
				"east": {"uv": [5, 0, 6.25511, 0.62638], "texture": "#0"},
				"south": {"uv": [5, 0, 6.75715, 0.62638], "texture": "#0"},
				"west": {"uv": [5, 0, 6.25511, 0.62638], "texture": "#0"},
				"up": {"uv": [5, 0, 6.75715, 1.25511], "texture": "#0"},
				"down": {"uv": [5, 0, 6.75715, 1.25511], "texture": "#0"}
			}
		},
		{
			"from": [8.65876, -1.45407, 7.07169],
			"to": [9.56028, -0.40982, 7.85488],
			"rotation": {"angle": 22.5, "axis": "x", "origin": [4.99777, 3.24506, 10.98763]},
			"faces": {
				"north": {"uv": [5, 0, 6.73369, 2.00817], "texture": "#0"},
				"east": {"uv": [5, 0, 6.50614, 2.00817], "texture": "#0"},
				"south": {"uv": [5, 0, 6.73369, 2.00817], "texture": "#0"},
				"west": {"uv": [5, 0, 6.50614, 2.00817], "texture": "#0"},
				"up": {"uv": [5, 0, 6.73369, 1.50614], "texture": "#0"},
				"down": {"uv": [5, 0, 6.73369, 1.50614], "texture": "#0"}
			}
		},
		{
			"from": [8.65266, 0.023, 5.12029],
			"to": [9.56638, 0.54512, 6.29507],
			"rotation": {"angle": 0, "axis": "x", "origin": [9.10952, 0.62461, 5.25082]},
			"faces": {
				"north": {"uv": [5, 0, 6.75715, 1.00408], "texture": "#0"},
				"east": {"uv": [0, 0.75, 2.259, 1.754], "texture": "#0"},
				"south": {"uv": [5, 0, 6.75715, 1.00408], "texture": "#0"},
				"west": {"uv": [2.75, 1, 5.009, 2.004], "texture": "#0"},
				"up": {"uv": [5, 0, 6.75715, 2.25919], "texture": "#0"},
				"down": {"uv": [1.5, 0.5, 3.257, 2.759], "texture": "#0"}
			}
		},
		{
			"from": [8.65266, 0.023, 4.85922],
			"to": [9.56638, 0.28406, 5.12029],
			"rotation": {"angle": 0, "axis": "x", "origin": [9.10952, 0.62461, 5.51188]},
			"faces": {
				"north": {"uv": [1.5, 1.75, 3.257, 2.252], "texture": "#0"},
				"east": {"uv": [2.25, 1.25, 2.752, 1.752], "texture": "#0"},
				"south": {"uv": [5, 0, 6.75715, 0.50204], "texture": "#0"},
				"west": {"uv": [2.25, 1.25, 2.752, 1.752], "texture": "#0"},
				"up": {"uv": [5, 0, 6.75715, 0.50205], "texture": "#0"},
				"down": {"uv": [1.5, 2, 3.257, 2.502], "texture": "#0"}
			}
		},
		{
			"from": [8.65876, 0.15353, 4.91329],
			"to": [9.56028, 0.41459, 5.28249],
			"rotation": {"angle": -45, "axis": "x", "origin": [9.10952, 0.28406, 5.04382]},
			"faces": {
				"north": {"uv": [5, 0, 6.73369, 0.50204], "texture": "#0"},
				"east": {"uv": [5, 0, 5.71, 0.50204], "texture": "#0"},
				"south": {"uv": [5, 0, 6.73369, 0.50204], "texture": "#0"},
				"west": {"uv": [5, 0, 5.71, 0.50204], "texture": "#0"},
				"up": {"uv": [5, 0, 6.73369, 0.71], "texture": "#0"},
				"down": {"uv": [5, 0, 6.73369, 0.71], "texture": "#0"}
			}
		},
		{
			"from": [6.43362, 1.06724, 5.85928],
			"to": [7.34734, 2.27985, 6.69469],
			"rotation": {"angle": 0, "axis": "y", "origin": [11.00223, 6.2885, 9.82744]},
			"faces": {
				"north": {"uv": [5, 0, 6.75715, 2.33193], "texture": "#0"},
				"east": {"uv": [5, 0, 6.60654, 2.33193], "texture": "#0"},
				"south": {"uv": [5, 0, 6.75715, 2.33193], "texture": "#0"},
				"west": {"uv": [5, 0, 6.60654, 2.33193], "texture": "#0"},
				"up": {"uv": [5, 0, 6.75715, 1.60654], "texture": "#0"},
				"down": {"uv": [5, 0, 6.75715, 1.60654], "texture": "#0"}
			}
		},
		{
			"from": [6.43972, 1.51105, 6.38141],
			"to": [7.34124, 2.50309, 7.00796],
			"rotation": {"angle": 22.5, "axis": "x", "origin": [6.89048, 2.24203, 6.48583]},
			"faces": {
				"north": {"uv": [5, 0, 6.73369, 1.90776], "texture": "#0"},
				"east": {"uv": [5, 0, 6.2049, 1.90776], "texture": "#0"},
				"south": {"uv": [5, 0, 6.73369, 1.90776], "texture": "#0"},
				"west": {"uv": [5, 0, 6.2049, 1.90776], "texture": "#0"},
				"up": {"uv": [5, 0, 6.73369, 1.2049], "texture": "#0"},
				"down": {"uv": [5, 0, 6.73369, 1.2049], "texture": "#0"}
			}
		},
		{
			"from": [6.43972, 1.76128, 5.43763],
			"to": [7.34124, 2.59668, 6.06418],
			"rotation": {"angle": -45, "axis": "x", "origin": [6.89048, 2.28341, 5.75091]},
			"faces": {
				"north": {"uv": [5, 0, 6.73369, 1.60654], "texture": "#0"},
				"east": {"uv": [5, 0, 6.2049, 1.60654], "texture": "#0"},
				"south": {"uv": [5, 0, 6.73369, 1.60654], "texture": "#0"},
				"west": {"uv": [5, 0, 6.2049, 1.60654], "texture": "#0"},
				"up": {"uv": [5, 0, 6.73369, 1.2049], "texture": "#0"},
				"down": {"uv": [5, 0, 6.73369, 1.2049], "texture": "#0"}
			}
		},
		{
			"from": [6.43362, 2.28341, 5.30787],
			"to": [7.34734, 3.0666, 7.06812],
			"rotation": {"angle": 0, "axis": "x", "origin": [6.89048, 2.80554, 6.546]},
			"faces": {
				"north": {"uv": [5, 0, 6.75715, 1.50613], "texture": "#0"},
				"east": {"uv": [5, 0, 8.38511, 1.50613], "texture": "#0"},
				"south": {"uv": [5, 0, 6.75715, 1.50613], "texture": "#0"},
				"west": {"uv": [5, 0, 8.38511, 1.50613], "texture": "#0"},
				"up": {"uv": [5, 0, 6.75715, 3.38511], "texture": "#0"},
				"down": {"uv": [5, 0, 6.75715, 3.38511], "texture": "#0"}
			}
		},
		{
			"from": [6.43972, 2.58271, 6.16096],
			"to": [7.34124, 3.36589, 6.94415],
			"rotation": {"angle": -45, "axis": "x", "origin": [6.89048, 2.9743, 6.42202]},
			"faces": {
				"north": {"uv": [5, 0, 6.73369, 1.50613], "texture": "#0"},
				"east": {"uv": [5, 0, 6.50613, 1.50613], "texture": "#0"},
				"south": {"uv": [5, 0, 6.73369, 1.50613], "texture": "#0"},
				"west": {"uv": [5, 0, 6.50613, 1.50613], "texture": "#0"},
				"up": {"uv": [5, 0, 6.73369, 1.50613], "texture": "#0"},
				"down": {"uv": [5, 0, 6.73369, 1.50613], "texture": "#0"}
			}
		},
		{
			"from": [6.43972, 2.67501, 5.47007],
			"to": [7.34124, 3.45819, 6.25326],
			"rotation": {"angle": -45, "axis": "x", "origin": [6.89048, 3.0666, 5.86167]},
			"faces": {
				"north": {"uv": [5, 0, 6.73369, 1.50613], "texture": "#0"},
				"east": {"uv": [5, 0, 6.50613, 1.50613], "texture": "#0"},
				"south": {"uv": [5, 0, 6.73369, 1.50613], "texture": "#0"},
				"west": {"uv": [5, 0, 6.50613, 1.50613], "texture": "#0"},
				"up": {"uv": [5, 0, 6.73369, 1.50613], "texture": "#0"},
				"down": {"uv": [5, 0, 6.73369, 1.50613], "texture": "#0"}
			}
		},
		{
			"from": [6.43362, 3.29468, 5.86167],
			"to": [7.34734, 3.6204, 6.51432],
			"rotation": {"angle": 0, "axis": "x", "origin": [6.89048, 3.2288, 6.25326]},
			"faces": {
				"north": {"uv": [5, 0, 6.75715, 0.62638], "texture": "#0"},
				"east": {"uv": [5, 0, 6.25511, 0.62638], "texture": "#0"},
				"south": {"uv": [5, 0, 6.75715, 0.62638], "texture": "#0"},
				"west": {"uv": [5, 0, 6.25511, 0.62638], "texture": "#0"},
				"up": {"uv": [5, 0, 6.75715, 1.25511], "texture": "#0"},
				"down": {"uv": [5, 0, 6.75715, 1.25511], "texture": "#0"}
			}
		},
		{
			"from": [6.43972, -1.45407, 7.07169],
			"to": [7.34124, -0.40982, 7.85488],
			"rotation": {"angle": 22.5, "axis": "x", "origin": [11.00223, 3.24506, 10.98763]},
			"faces": {
				"north": {"uv": [5, 0, 6.73369, 2.00817], "texture": "#0"},
				"east": {"uv": [5, 0, 6.50614, 2.00817], "texture": "#0"},
				"south": {"uv": [5, 0, 6.73369, 2.00817], "texture": "#0"},
				"west": {"uv": [5, 0, 6.50614, 2.00817], "texture": "#0"},
				"up": {"uv": [5, 0, 6.73369, 1.50614], "texture": "#0"},
				"down": {"uv": [5, 0, 6.73369, 1.50614], "texture": "#0"}
			}
		},
		{
			"from": [6.43362, 0.023, 5.12029],
			"to": [7.34734, 0.54512, 6.29507],
			"rotation": {"angle": 0, "axis": "x", "origin": [6.89048, 0.62461, 5.25082]},
			"faces": {
				"north": {"uv": [5, 0, 6.75715, 1.00408], "texture": "#0"},
				"east": {"uv": [0, 0.75, 2.259, 1.754], "texture": "#0"},
				"south": {"uv": [5, 0, 6.75715, 1.00408], "texture": "#0"},
				"west": {"uv": [2.75, 1, 5.009, 2.004], "texture": "#0"},
				"up": {"uv": [5, 0, 6.75715, 2.25919], "texture": "#0"},
				"down": {"uv": [1.5, 0.5, 3.257, 2.759], "texture": "#0"}
			}
		},
		{
			"from": [6.43362, 0.023, 4.85922],
			"to": [7.34734, 0.28406, 5.12029],
			"rotation": {"angle": 0, "axis": "x", "origin": [6.89048, 0.62461, 5.51188]},
			"faces": {
				"north": {"uv": [1.5, 1.75, 3.257, 2.252], "texture": "#0"},
				"east": {"uv": [2.25, 1.25, 2.752, 1.752], "texture": "#0"},
				"south": {"uv": [5, 0, 6.75715, 0.50204], "texture": "#0"},
				"west": {"uv": [2.25, 1.25, 2.752, 1.752], "texture": "#0"},
				"up": {"uv": [5, 0, 6.75715, 0.50205], "texture": "#0"},
				"down": {"uv": [1.5, 2, 3.257, 2.502], "texture": "#0"}
			}
		},
		{
			"from": [6.43972, 0.15353, 4.91329],
			"to": [7.34124, 0.41459, 5.28249],
			"rotation": {"angle": -45, "axis": "x", "origin": [6.89048, 0.28406, 5.04382]},
			"faces": {
				"north": {"uv": [5, 0, 6.73369, 0.50204], "texture": "#0"},
				"east": {"uv": [5, 0, 5.71, 0.50204], "texture": "#0"},
				"south": {"uv": [5, 0, 6.73369, 0.50204], "texture": "#0"},
				"west": {"uv": [5, 0, 5.71, 0.50204], "texture": "#0"},
				"up": {"uv": [5, 0, 6.73369, 0.71], "texture": "#0"},
				"down": {"uv": [5, 0, 6.73369, 0.71], "texture": "#0"}
			}
		},
		{
			"from": [9.31141, 0.64028, 9.05487],
			"to": [10.34347, 1.32949, 10.35446],
			"rotation": {"angle": -45, "axis": "x", "origin": [9.82744, 0.87001, 9.9344]},
			"faces": {
				"north": {"uv": [5, 0, 6.98472, 1.3254], "texture": "#0"},
				"east": {"uv": [5, 0, 7.4992, 1.3254], "texture": "#0"},
				"south": {"uv": [5, 0, 6.98472, 1.3254], "texture": "#0"},
				"west": {"uv": [5, 0, 7.4992, 1.3254], "texture": "#0"},
				"up": {"uv": [5, 0, 6.98472, 2.4992], "texture": "#0"},
				"down": {"uv": [5, 0, 6.98472, 2.4992], "texture": "#0"}
			}
		},
		{
			"from": [9.30531, 0.08565, 7.17757],
			"to": [10.34957, 1.00459, 9.47493],
			"rotation": {"angle": 0, "axis": "y", "origin": [6.17256, 3.76142, 10.39387]},
			"faces": {
				"north": {"uv": [5, 0, 7.00818, 1.76719], "texture": "#0"},
				"east": {"uv": [5, 7.75, 9.418, 9.517], "texture": "#0"},
				"south": {"uv": [5, 0, 7.00818, 1.76719], "texture": "#0"},
				"west": {"uv": [5, 5, 9.418, 6.767], "texture": "#0"},
				"up": {"uv": [5, 0, 7.00818, 4.41799], "texture": "#0"},
				"down": {"uv": [1.5, 1.75, 3.508, 6.168], "texture": "#0"}
			}
		},
		{
			"from": [9.30531, 1.00459, 8.09652],
			"to": [10.34957, 1.92353, 10.39387],
			"rotation": {"angle": 0, "axis": "y", "origin": [6.17256, 4.68036, 12.23175]},
			"faces": {
				"north": {"uv": [5, 0, 7.00818, 1.7672], "texture": "#0"},
				"east": {"uv": [5, 0, 9.41799, 1.7672], "texture": "#0"},
				"south": {"uv": [5, 0, 7.00818, 1.7672], "texture": "#0"},
				"west": {"uv": [5, 0, 9.41799, 1.7672], "texture": "#0"},
				"up": {"uv": [5, 0, 7.00818, 4.41799], "texture": "#0"},
				"down": {"uv": [5, 0, 7.00818, 4.41799], "texture": "#0"}
			}
		},
		{
			"from": [9.30531, 1.92353, 8.55599],
			"to": [10.34957, 2.383, 9.9344],
			"rotation": {"angle": 0, "axis": "y", "origin": [6.17256, 4.68036, 12.23175]},
			"faces": {
				"north": {"uv": [5, 0, 7.00818, 0.88359], "texture": "#0"},
				"east": {"uv": [5, 0, 7.65079, 0.88359], "texture": "#0"},
				"south": {"uv": [5, 0, 7.00818, 0.88359], "texture": "#0"},
				"west": {"uv": [5, 0, 7.65079, 0.88359], "texture": "#0"},
				"up": {"uv": [5, 0, 7.00818, 2.65079], "texture": "#0"},
				"down": {"uv": [5, 0, 7.00818, 2.65079], "texture": "#0"}
			}
		},
		{
			"from": [9.30531, 0.08565, 6.71811],
			"to": [10.34957, 0.54512, 7.17757],
			"rotation": {"angle": 0, "axis": "y", "origin": [6.17256, 3.76142, 9.9344]},
			"faces": {
				"north": {"uv": [5, 6.75, 5.884, 7.634], "texture": "#0"},
				"east": {"uv": [5, 6.75, 5.884, 7.634], "texture": "#0"},
				"south": {"uv": [5, 0, 7.00818, 0.88359], "texture": "#0"},
				"west": {"uv": [5, 6.75, 5.884, 7.634], "texture": "#0"},
				"up": {"uv": [5, 0, 7.00818, 0.88359], "texture": "#0"},
				"down": {"uv": [1.5, 3, 3.508, 3.884], "texture": "#0"}
			}
		},
		{
			"from": [9.31141, 1.6938, 8.19168],
			"to": [10.34347, 2.15327, 8.84146],
			"rotation": {"angle": -45, "axis": "x", "origin": [9.82744, 1.92353, 8.42141]},
			"faces": {
				"north": {"uv": [5, 0, 6.98472, 0.8836], "texture": "#0"},
				"east": {"uv": [5, 0, 6.24959, 0.8836], "texture": "#0"},
				"south": {"uv": [5, 0, 6.98472, 0.8836], "texture": "#0"},
				"west": {"uv": [5, 0, 6.24959, 0.8836], "texture": "#0"},
				"up": {"uv": [5, 0, 6.98472, 1.24959], "texture": "#0"},
				"down": {"uv": [5, 0, 6.98472, 1.24959], "texture": "#0"}
			}
		},
		{
			"from": [9.31141, 1.76109, 9.67679],
			"to": [10.34347, 2.22055, 10.32658],
			"rotation": {"angle": 45, "axis": "x", "origin": [9.82744, 1.99082, 10.00169]},
			"faces": {
				"north": {"uv": [5, 0, 6.98472, 0.88359], "texture": "#0"},
				"east": {"uv": [5, 0, 6.2496, 0.88359], "texture": "#0"},
				"south": {"uv": [5, 0, 6.98472, 0.88359], "texture": "#0"},
				"west": {"uv": [5, 0, 6.2496, 0.88359], "texture": "#0"},
				"up": {"uv": [5, 0, 6.98472, 1.2496], "texture": "#0"},
				"down": {"uv": [5, 0, 6.98472, 1.2496], "texture": "#0"}
			}
		},
		{
			"from": [9.31141, 0.31539, 6.81327],
			"to": [10.34347, 0.77485, 7.46305],
			"rotation": {"angle": -45, "axis": "x", "origin": [9.82744, 0.54512, 7.043]},
			"faces": {
				"north": {"uv": [5, 0, 6.98472, 0.88359], "texture": "#0"},
				"east": {"uv": [2, 1.5, 3.25, 2.384], "rotation": 90, "texture": "#0"},
				"south": {"uv": [5, 0, 6.98472, 0.88359], "texture": "#0"},
				"west": {"uv": [2, 1.5, 3.25, 2.384], "rotation": 90, "texture": "#0"},
				"up": {"uv": [1.25, 1, 3.235, 2.25], "rotation": 180, "texture": "#0"},
				"down": {"uv": [5, 0, 6.98472, 1.24959], "texture": "#0"}
			}
		},
		{
			"from": [5.65653, 0.64028, 9.05487],
			"to": [6.68859, 1.32949, 10.35446],
			"rotation": {"angle": -45, "axis": "x", "origin": [6.17256, 0.87001, 9.9344]},
			"faces": {
				"north": {"uv": [5, 0, 6.98472, 1.3254], "texture": "#0"},
				"east": {"uv": [5, 0, 7.4992, 1.3254], "texture": "#0"},
				"south": {"uv": [5, 0, 6.98472, 1.3254], "texture": "#0"},
				"west": {"uv": [5, 0, 7.4992, 1.3254], "texture": "#0"},
				"up": {"uv": [5, 0, 6.98472, 2.4992], "texture": "#0"},
				"down": {"uv": [5, 0, 6.98472, 2.4992], "texture": "#0"}
			}
		},
		{
			"from": [5.65043, 0.08565, 7.17757],
			"to": [6.69469, 1.00459, 9.47493],
			"rotation": {"angle": 0, "axis": "y", "origin": [9.82744, 3.76142, 10.39387]},
			"faces": {
				"north": {"uv": [5, 6.75, 5.884, 7.634], "texture": "#0"},
				"east": {"uv": [5, 7.75, 9.418, 9.517], "texture": "#0"},
				"south": {"uv": [5, 0, 7.00818, 1.76719], "texture": "#0"},
				"west": {"uv": [5, 5, 9.418, 6.767], "texture": "#0"},
				"up": {"uv": [5, 0, 7.00818, 4.41799], "texture": "#0"},
				"down": {"uv": [1.5, 1.75, 3.508, 6.168], "texture": "#0"}
			}
		},
		{
			"from": [5.65043, 1.00459, 8.09652],
			"to": [6.69469, 1.92353, 10.39387],
			"rotation": {"angle": 0, "axis": "y", "origin": [9.82744, 4.68036, 12.23175]},
			"faces": {
				"north": {"uv": [5, 0, 7.00818, 1.7672], "texture": "#0"},
				"east": {"uv": [5, 0, 9.41799, 1.7672], "texture": "#0"},
				"south": {"uv": [5, 0, 7.00818, 1.7672], "texture": "#0"},
				"west": {"uv": [5, 0, 9.41799, 1.7672], "texture": "#0"},
				"up": {"uv": [5, 0, 7.00818, 4.41799], "texture": "#0"},
				"down": {"uv": [5, 0, 7.00818, 4.41799], "texture": "#0"}
			}
		},
		{
			"from": [5.65043, 1.92353, 8.55599],
			"to": [6.69469, 2.383, 9.9344],
			"rotation": {"angle": 0, "axis": "y", "origin": [9.82744, 4.68036, 12.23175]},
			"faces": {
				"north": {"uv": [5, 0, 7.00818, 0.88359], "texture": "#0"},
				"east": {"uv": [5, 0, 7.65079, 0.88359], "texture": "#0"},
				"south": {"uv": [5, 0, 7.00818, 0.88359], "texture": "#0"},
				"west": {"uv": [5, 0, 7.65079, 0.88359], "texture": "#0"},
				"up": {"uv": [5, 0, 7.00818, 2.65079], "texture": "#0"},
				"down": {"uv": [5, 0, 7.00818, 2.65079], "texture": "#0"}
			}
		},
		{
			"from": [5.65043, 0.08565, 6.71811],
			"to": [6.69469, 0.54512, 7.17757],
			"rotation": {"angle": 0, "axis": "y", "origin": [9.82744, 3.76142, 9.9344]},
			"faces": {
				"north": {"uv": [5, 6.75, 5.884, 7.634], "texture": "#0"},
				"east": {"uv": [5, 6.75, 5.884, 7.634], "texture": "#0"},
				"south": {"uv": [5, 0, 7.00818, 0.88359], "texture": "#0"},
				"west": {"uv": [5, 6.75, 5.884, 7.634], "texture": "#0"},
				"up": {"uv": [5, 6.75, 5.884, 7.634], "texture": "#0"},
				"down": {"uv": [1.5, 3, 3.508, 3.884], "texture": "#0"}
			}
		},
		{
			"from": [5.65653, 1.6938, 8.19168],
			"to": [6.68859, 2.15327, 8.84146],
			"rotation": {"angle": -45, "axis": "x", "origin": [6.17256, 1.92353, 8.42141]},
			"faces": {
				"north": {"uv": [5, 0, 6.98472, 0.8836], "texture": "#0"},
				"east": {"uv": [5, 0, 6.24959, 0.8836], "texture": "#0"},
				"south": {"uv": [5, 0, 6.98472, 0.8836], "texture": "#0"},
				"west": {"uv": [5, 0, 6.24959, 0.8836], "texture": "#0"},
				"up": {"uv": [5, 0, 6.98472, 1.24959], "texture": "#0"},
				"down": {"uv": [5, 0, 6.98472, 1.24959], "texture": "#0"}
			}
		},
		{
			"from": [5.65653, 1.76109, 9.67679],
			"to": [6.68859, 2.22055, 10.32658],
			"rotation": {"angle": 45, "axis": "x", "origin": [6.17256, 1.99082, 10.00169]},
			"faces": {
				"north": {"uv": [5, 0, 6.98472, 0.88359], "texture": "#0"},
				"east": {"uv": [5, 0, 6.2496, 0.88359], "texture": "#0"},
				"south": {"uv": [5, 0, 6.98472, 0.88359], "texture": "#0"},
				"west": {"uv": [5, 0, 6.2496, 0.88359], "texture": "#0"},
				"up": {"uv": [5, 0, 6.98472, 1.2496], "texture": "#0"},
				"down": {"uv": [5, 0, 6.98472, 1.2496], "texture": "#0"}
			}
		},
		{
			"from": [5.65653, 0.31539, 6.81327],
			"to": [6.68859, 0.77485, 7.46305],
			"rotation": {"angle": -45, "axis": "x", "origin": [6.17256, 0.54512, 7.043]},
			"faces": {
				"north": {"uv": [5, 0, 6.98472, 0.88359], "texture": "#0"},
				"east": {"uv": [2, 1.5, 3.25, 2.384], "rotation": 90, "texture": "#0"},
				"south": {"uv": [5, 0, 6.98472, 0.88359], "texture": "#0"},
				"west": {"uv": [2, 1.5, 3.25, 2.384], "rotation": 90, "texture": "#0"},
				"up": {"uv": [1.25, 1, 3.235, 2.25], "rotation": 180, "texture": "#0"},
				"down": {"uv": [5, 0, 6.98472, 1.24959], "texture": "#0"}
			}
		},
		{
			"from": [7.47787, 0.67565, 10.34957],
			"to": [8.52213, 1.7199, 10.87169],
			"rotation": {"angle": 22.5, "axis": "x", "origin": [8, 1.19777, 10.80642]},
			"faces": {
				"north": {"uv": [0, 0, 2, 2], "texture": "#missing"},
				"east": {"uv": [2, 3.5, 3, 5.5], "texture": "#0"},
				"south": {"uv": [0, 0, 2, 2], "texture": "#missing"},
				"west": {"uv": [2, 3.5, 3, 5.5], "texture": "#0"},
				"up": {"uv": [1.5, 4.5, 3.5, 5.5], "texture": "#0"},
				"down": {"uv": [1.5, 4.5, 3.5, 5.5], "texture": "#0"}
			}
		},
		{
			"from": [7.48397, 1.27835, 10.74918],
			"to": [8.51603, 1.66995, 11.27131],
			"rotation": {"angle": -22.5, "axis": "x", "origin": [8, 1.14782, 11.20604]},
			"faces": {
				"north": {"uv": [0, 0, 2, 0.75], "texture": "#missing"},
				"east": {"uv": [2, 3.5, 3, 4.25], "texture": "#0"},
				"south": {"uv": [1.25, 3.25, 3.25, 4], "texture": "#0"},
				"west": {"uv": [2, 3.5, 3, 4.25], "texture": "#0"},
				"up": {"uv": [0, 0, 2, 1], "texture": "#missing"},
				"down": {"uv": [0, 0, 2, 1], "texture": "#missing"}
			}
		},
		{
			"from": [7.48397, 0.74547, 10.55211],
			"to": [8.51603, 1.2676, 10.9437],
			"rotation": {"angle": -22.5, "axis": "x", "origin": [8, 1.00654, 10.7479]},
			"faces": {
				"north": {"uv": [0, 0, 2, 1], "rotation": 180, "texture": "#missing"},
				"east": {"uv": [2, 3.5, 3, 4.25], "rotation": 270, "texture": "#0"},
				"south": {"uv": [0, 0, 2, 1], "texture": "#missing"},
				"west": {"uv": [2, 3.5, 2.75, 4.5], "texture": "#0"},
				"up": {"uv": [0, 0, 2, 0.75], "rotation": 180, "texture": "#missing"},
				"down": {"uv": [1.25, 3.25, 3.25, 4], "texture": "#0"}
			}
		},
		{
			"from": [7.47787, 0.92527, 10.60138],
			"to": [8.52213, 1.41573, 11.1235],
			"rotation": {"angle": 22.5, "axis": "x", "origin": [8, 1.12107, 10.86244]},
			"faces": {
				"north": {"uv": [0, 0, 2, 0.93934], "texture": "#missing"},
				"east": {"uv": [2, 3.5, 3, 4.43934], "texture": "#0"},
				"south": {"uv": [1.5, 3.5, 3.5, 4.439], "texture": "#0"},
				"west": {"uv": [2, 3.5, 3, 4.43934], "texture": "#0"},
				"up": {"uv": [0, 0, 2, 1], "texture": "#missing"},
				"down": {"uv": [0, 0, 2, 1], "texture": "#missing"}
			}
		},
		{
			"from": [6.95575, 3.93894, 5.9115],
			"to": [9.04425, 5.50531, 6.43362],
			"rotation": {"angle": 0, "axis": "y", "origin": [11.91594, 8.11594, 10.0885]},
			"faces": {
				"north": {"uv": [4.5, 0, 8.51635, 3.01226], "texture": "#0"},
				"east": {"uv": [4.5, 0, 5.50409, 3.01226], "texture": "#0"},
				"south": {"uv": [9.5, 7.5, 13.516, 10.512], "texture": "#0"},
				"west": {"uv": [4.5, 0, 5.50409, 3.01226], "texture": "#0"},
				"up": {"uv": [4.5, 0, 8.51635, 1.00409], "texture": "#0"},
				"down": {"uv": [4.5, 0, 8.51635, 1.00409], "texture": "#0"}
			}
		},
		{
			"from": [6.95575, 3.93894, 4.34512],
			"to": [9.04425, 5.50531, 5.9115],
			"rotation": {"angle": 0, "axis": "y", "origin": [11.91594, 8.11594, 9.04425]},
			"faces": {
				"north": {"uv": [4.75, 0, 7.76226, 3.01226], "texture": "#0"},
				"east": {"uv": [4.75, 0, 7.76226, 3.01226], "texture": "#0"},
				"south": {"uv": [4.75, 0, 7.76226, 3.01226], "texture": "#0"},
				"west": {"uv": [4.75, 0, 7.76226, 3.01226], "texture": "#0"},
				"up": {"uv": [4.75, 0, 7.76226, 3.01226], "texture": "#0"},
				"down": {"uv": [4.75, 0, 7.76226, 3.01226], "texture": "#0"}
			}
		},
		{
			"from": [6.95575, 5.50531, 4.86724],
			"to": [9.04425, 6.02744, 5.9115],
			"rotation": {"angle": 0, "axis": "y", "origin": [11.91594, 8.11594, 9.04425]},
			"faces": {
				"north": {"uv": [4.5, 0, 8.51635, 1.00409], "texture": "#0"},
				"east": {"uv": [4.5, 0, 6.50818, 1.00409], "texture": "#0"},
				"south": {"uv": [4.5, 0, 8.51635, 1.00409], "texture": "#0"},
				"west": {"uv": [4.5, 0, 6.50818, 1.00409], "texture": "#0"},
				"up": {"uv": [4.5, 0, 8.51635, 2.00818], "texture": "#0"},
				"down": {"uv": [4.5, 0, 8.51635, 2.00818], "texture": "#0"}
			}
		},
		{
			"from": [7.21681, 4.2, 3.30087],
			"to": [8.78319, 4.98319, 4.34512],
			"rotation": {"angle": 0, "axis": "y", "origin": [11.91594, 8.11594, 9.04425]},
			"faces": {
				"north": {"uv": [0, 8, 3, 9.5], "texture": "#0"},
				"east": {"uv": [0, 0, 2, 1.5], "texture": "#0"},
				"south": {"uv": [0, 0, 3, 1.5], "texture": "#0"},
				"west": {"uv": [0, 0, 2, 1.5], "texture": "#0"},
				"up": {"uv": [4.75, 0, 7.762, 2.259], "texture": "#0"},
				"down": {"uv": [0, 9.5, 3, 11.5], "texture": "#0"}
			}
		},
		{
			"from": [7.42566, 3.96504, 3.50972],
			"to": [8.67876, 4.5916, 4.34512],
			"rotation": {"angle": 0, "axis": "y", "origin": [11.18497, 1.45884, 8.10443]},
			"faces": {
				"north": {"uv": [0, 13, 3, 11.5], "texture": "#0"},
				"east": {"uv": [0.5, 11, 2.5, 9.5], "texture": "#0"},
				"south": {"uv": [0, 1.5, 3, 0], "texture": "#0"},
				"west": {"uv": [0.5, 11, 2.5, 9.5], "texture": "#0"},
				"up": {"uv": [0, 2, 3, 0], "texture": "#0"},
				"down": {"uv": [0.5, 11, 2.5, 9.5], "texture": "#0"}
			}
		},
		{
			"from": [7.42566, 3.60539, 4.378],
			"to": [8.67876, 4.23194, 5.21341],
			"rotation": {"angle": 0, "axis": "y", "origin": [11.18497, 1.09918, 8.97271]},
			"faces": {
				"north": {"uv": [4.5, 0, 6.90981, 1.20491], "texture": "#0"},
				"east": {"uv": [4.5, 0, 6.10654, 1.20491], "texture": "#0"},
				"south": {"uv": [4.5, 0, 6.90981, 1.20491], "texture": "#0"},
				"west": {"uv": [4.5, 0, 6.10654, 1.20491], "texture": "#0"},
				"up": {"uv": [4.5, 0, 6.90981, 1.60654], "texture": "#0"},
				"down": {"uv": [4.5, 0, 6.90981, 1.60654], "texture": "#0"}
			}
		},
		{
			"from": [7.22981, 4.77555, 3.44603],
			"to": [8.77019, 5.29767, 4.62081],
			"rotation": {"angle": -22.5, "axis": "x", "origin": [8, 4.77555, 4.16395]},
			"faces": {
				"north": {"uv": [4.25, 0, 7.26226, 1.00409], "texture": "#0"},
				"east": {"uv": [5, 0, 7.2592, 1.00409], "texture": "#0"},
				"south": {"uv": [5.25, 0, 8.262, 1.004], "texture": "#0"},
				"west": {"uv": [5.75, 0, 8.0092, 1.00409], "texture": "#0"},
				"up": {"uv": [10.25, 12.75, 13.262, 14.759], "texture": "#0"},
				"down": {"uv": [5, 0, 8.012, 2.259], "texture": "#0"}
			}
		},
		{
			"from": [7.41876, 3.71346, 3.62585],
			"to": [8.68566, 4.13116, 4.56568],
			"rotation": {"angle": 22.5, "axis": "x", "origin": [8.05221, 4.13116, 4.20018]},
			"faces": {
				"north": {"uv": [0, 13, 3, 12], "texture": "#0"},
				"east": {"uv": [2.75, 9, 5, 8], "texture": "#0"},
				"south": {"uv": [0, 1, 3, 0], "texture": "#0"},
				"west": {"uv": [3, 10, 5.25, 9], "texture": "#0"},
				"up": {"uv": [4.5, 0, 6.10654, 1.20491], "texture": "#0"},
				"down": {"uv": [0, 14.5, 3, 12.25], "rotation": 180, "texture": "#0"}
			}
		},
		{
			"from": [6.96185, 5.475, 4.35768],
			"to": [9.03205, 5.99713, 5.09608],
			"rotation": {"angle": -45, "axis": "x", "origin": [7.73894, 5.73606, 4.94507]},
			"faces": {
				"north": {"uv": [0, 0, 4, 1], "texture": "#missing"},
				"east": {"uv": [4.5, 0, 5.91999, 1.00409], "texture": "#0"},
				"south": {"uv": [0, 0, 4, 1], "texture": "#missing"},
				"west": {"uv": [4.5, 0, 5.91999, 1.00409], "texture": "#0"},
				"up": {"uv": [4.5, 0, 8.48116, 1.41999], "texture": "#0"},
				"down": {"uv": [0, 0, 4, 1.41421], "texture": "#missing"}
			}
		},
		{
			"from": [6.96795, 3.77778, 4.41692],
			"to": [9.03815, 4.2999, 5.67745],
			"rotation": {"angle": 22.5, "axis": "x", "origin": [8, 4.03884, 4.78612]},
			"faces": {
				"north": {"uv": [4.5, 0, 8.48116, 1.00409], "texture": "#0"},
				"east": {"uv": [4.5, 0, 6.92408, 1.00409], "texture": "#0"},
				"south": {"uv": [4.5, 0, 8.48116, 1.00409], "texture": "#0"},
				"west": {"uv": [4.5, 0, 6.92408, 1.00409], "texture": "#0"},
				"up": {"uv": [4.5, 0, 8.48116, 2.42408], "texture": "#0"},
				"down": {"uv": [4.5, 0, 8.48116, 2.42408], "texture": "#0"}
			}
		},
		{
			"from": [6.96185, 4.43044, 5.9833],
			"to": [9.03205, 4.95256, 7.24382],
			"rotation": {"angle": 45, "axis": "x", "origin": [8, 4.6915, 6.35249]},
			"faces": {
				"north": {"uv": [4.5, 0, 8.48116, 1.00409], "texture": "#0"},
				"east": {"uv": [11, 8.75, 13.424, 9.752], "texture": "#0"},
				"south": {"uv": [4.5, 0, 8.48116, 1.00409], "texture": "#0"},
				"west": {"uv": [9.5, 8.75, 11.924, 9.753], "texture": "#0"},
				"up": {"uv": [9.25, 10.75, 13.231, 13.174], "texture": "#0"},
				"down": {"uv": [4.5, 0, 8.48116, 2.42408], "texture": "#0"}
			}
		},
		{
			"from": [6.96185, 5.32071, 5.61876],
			"to": [9.03205, 5.84284, 6.35716],
			"rotation": {"angle": 45, "axis": "x", "origin": [8, 5.58178, 5.98796]},
			"faces": {
				"north": {"uv": [4.5, 0, 8.48116, 1.00409], "texture": "#0"},
				"east": {"uv": [4.5, 0, 5.91999, 1.00409], "texture": "#0"},
				"south": {"uv": [4.5, 0, 8.48116, 1.00409], "texture": "#0"},
				"west": {"uv": [4.5, 0, 5.91999, 1.00409], "texture": "#0"},
				"up": {"uv": [5, 0, 8.98117, 1.41999], "texture": "#0"},
				"down": {"uv": [4.5, 0, 8.48116, 1.41999], "texture": "#0"}
			}
		},
		{
			"name": "Nose",
			"from": [7.97146, 4.82612, 3.2763],
			"to": [8.34054, 5.00777, 3.74621],
			"rotation": {"angle": 22.5, "axis": "z", "origin": [8.156, 4.91695, 3.51126]},
			"faces": {
				"north": {"uv": [11, 12.25, 11.71, 12.599], "texture": "#0"},
				"east": {"uv": [11, 12.25, 11.71, 12.599], "texture": "#0"},
				"south": {"uv": [11, 12.25, 11.71, 12.599], "texture": "#0"},
				"west": {"uv": [11, 12.25, 11.71, 12.599], "texture": "#0"},
				"up": {"uv": [11, 12.25, 11.71, 12.599], "texture": "#0"},
				"down": {"uv": [11, 12.25, 11.71, 12.599], "texture": "#0"}
			}
		},
		{
			"name": "Nose",
			"from": [7.97717, 4.8699, 3.24085],
			"to": [8.27243, 4.93722, 3.61677],
			"rotation": {"angle": 22.5, "axis": "z", "origin": [8.1248, 4.86456, 3.42881]},
			"faces": {
				"north": {"uv": [6.75, 1, 7.31783, 1.12947], "texture": "#0"},
				"east": {"uv": [5.5, 0.75, 6.22294, 0.87947], "texture": "#0"},
				"south": {"uv": [6.25, 1.75, 6.81783, 1.87947], "texture": "#0"},
				"west": {"uv": [5.75, 0.5, 6.47294, 0.62947], "texture": "#0"},
				"up": {"uv": [5.75, 0.5, 6.31783, 1.22294], "texture": "#0"},
				"down": {"uv": [5.5, 1, 6.06783, 1.72294], "texture": "#0"}
			}
		},
		{
			"name": "Nose",
			"from": [7.65946, 4.82612, 3.2763],
			"to": [8.02854, 5.00777, 3.74621],
			"rotation": {"angle": -22.5, "axis": "z", "origin": [7.844, 4.91695, 3.51126]},
			"faces": {
				"north": {"uv": [11, 12.25, 11.71, 12.599], "texture": "#0"},
				"east": {"uv": [11, 12.25, 11.71, 12.599], "texture": "#0"},
				"south": {"uv": [11, 12.25, 11.71, 12.599], "texture": "#0"},
				"west": {"uv": [11, 12.25, 11.71, 12.599], "texture": "#0"},
				"up": {"uv": [11, 12.25, 11.71, 12.599], "texture": "#0"},
				"down": {"uv": [11, 12.25, 11.71, 12.599], "texture": "#0"}
			}
		},
		{
			"name": "Nose",
			"from": [7.72757, 4.8699, 3.24085],
			"to": [8.02283, 4.93722, 3.61677],
			"rotation": {"angle": -22.5, "axis": "z", "origin": [7.8752, 4.86456, 3.42881]},
			"faces": {
				"north": {"uv": [6.75, 1, 7.31783, 1.12947], "texture": "#0"},
				"east": {"uv": [5.5, 0.75, 6.22294, 0.87947], "texture": "#0"},
				"south": {"uv": [6.25, 1.75, 6.81783, 1.87947], "texture": "#0"},
				"west": {"uv": [5.75, 0.5, 6.47294, 0.62947], "texture": "#0"},
				"up": {"uv": [5.75, 0.5, 6.31783, 1.22294], "texture": "#0"},
				"down": {"uv": [5.5, 1, 6.06783, 1.72294], "texture": "#0"}
			}
		},
		{
			"name": "Nose",
			"from": [7.90917, 4.56114, 3.2763],
			"to": [8.09083, 4.93023, 3.74621],
			"rotation": {"angle": 0, "axis": "z", "origin": [8, 4.74569, 3.51126]},
			"faces": {
				"north": {"uv": [11, 12.25, 11.71, 12.599], "texture": "#0"},
				"east": {"uv": [11, 12.25, 11.71, 12.599], "texture": "#0"},
				"south": {"uv": [11, 12.25, 11.71, 12.599], "texture": "#0"},
				"west": {"uv": [11, 12.25, 11.71, 12.599], "texture": "#0"},
				"up": {"uv": [11, 12.25, 11.71, 12.599], "texture": "#0"},
				"down": {"uv": [11, 12.25, 11.71, 12.599], "texture": "#0"}
			}
		},
		{
			"name": "Nose",
			"from": [7.96634, 4.28091, 3.24085],
			"to": [8.03366, 4.88818, 3.61677],
			"rotation": {"angle": 0, "axis": "z", "origin": [8, 4.74055, 3.42881]},
			"faces": {
				"north": {"uv": [6.75, 1, 7.41783, 1.12947], "rotation": 270, "texture": "#0"},
				"east": {"uv": [5.5, 0.75, 6.16783, 1.47294], "rotation": 90, "texture": "#0"},
				"south": {"uv": [6.25, 1.75, 6.91783, 1.87947], "rotation": 90, "texture": "#0"},
				"west": {"uv": [5.75, 0.5, 6.41783, 1.22294], "rotation": 90, "texture": "#0"},
				"up": {"uv": [5.75, 0.5, 6.47294, 0.62947], "rotation": 90, "texture": "#0"},
				"down": {"uv": [5.5, 1, 6.22294, 1.12947], "rotation": 90, "texture": "#0"}
			}
		},
		{
			"from": [6.69469, 2.37256, 5.38937],
			"to": [9.30531, 3.93653, 5.9115],
			"rotation": {"angle": 0, "axis": "y", "origin": [10.87169, 4.98319, 10.61063]},
			"faces": {
				"north": {"uv": [0, 0, 5, 2.996], "texture": "#0"},
				"east": {"uv": [5.75, 0, 6.75, 2.996], "texture": "#0"},
				"south": {"uv": [0, 0, 5, 2.99539], "texture": "#0"},
				"west": {"uv": [5.75, 0, 6.75, 2.996], "texture": "#0"},
				"up": {"uv": [0, 0, 5, 1], "texture": "#0"},
				"down": {"uv": [0, 0, 5, 1], "texture": "#0"}
			}
		},
		{
			"from": [6.69469, 0.80084, 7.4104],
			"to": [9.30531, 3.41681, 10.0885],
			"rotation": {"angle": 0, "axis": "y", "origin": [10.87169, 4.46106, 13.74338]},
			"faces": {
				"north": {"uv": [5, 0, 10.129, 5.01], "texture": "#0"},
				"east": {"uv": [10.25, 1.75, 15.4, 6.781], "texture": "#0"},
				"south": {"uv": [5, 0, 10.129, 5.01], "texture": "#0"},
				"west": {"uv": [5, 1.5, 10.129, 6.51], "texture": "#0"},
				"up": {"uv": [5, 0, 10.129, 5.01], "texture": "#0"},
				"down": {"uv": [0, 6.5, 5, 8], "texture": "#0"}
			}
		},
		{
			"from": [6.69469, 1.32831, 10.0885],
			"to": [9.30531, 2.89469, 10.61063],
			"rotation": {"angle": 0, "axis": "y", "origin": [10.87169, 4.46106, 14.26551]},
			"faces": {
				"north": {"uv": [5, 0, 10, 3.18269], "texture": "#0"},
				"east": {"uv": [5.25, 0, 6.25, 3], "texture": "#0"},
				"south": {"uv": [5.25, 0, 10.25, 3], "texture": "#0"},
				"west": {"uv": [5.25, 0, 6.25, 3], "texture": "#0"},
				"up": {"uv": [5, 0, 10, 3.18269], "texture": "#0"},
				"down": {"uv": [5, 0, 10, 3.18269], "texture": "#0"}
			}
		},
		{
			"from": [6.70079, 2.72592, 9.80233],
			"to": [9.29921, 3.24805, 10.54073],
			"rotation": {"angle": 45, "axis": "x", "origin": [8, 2.98699, 10.14913]},
			"faces": {
				"north": {"uv": [5, 0, 10, 3.18269], "texture": "#0"},
				"east": {"uv": [6, 0.25, 7.41421, 1.25], "texture": "#0"},
				"south": {"uv": [5, 0, 10, 1], "texture": "#0"},
				"west": {"uv": [6, 0.25, 7.41421, 1.25], "texture": "#0"},
				"up": {"uv": [5, 0, 10, 1.41421], "texture": "#0"},
				"down": {"uv": [5, 0, 10, 3.18269], "texture": "#0"}
			}
		},
		{
			"from": [6.70079, 0.97494, 9.80233],
			"to": [9.29921, 1.49707, 10.54073],
			"rotation": {"angle": -45, "axis": "x", "origin": [8, 1.23601, 10.14913]},
			"faces": {
				"north": {"uv": [5, 0, 10, 3.18269], "texture": "#0"},
				"east": {"uv": [5.5, 1.25, 6.91421, 2.25], "texture": "#0"},
				"south": {"uv": [5, 0, 10, 3.18269], "texture": "#0"},
				"west": {"uv": [5.5, 1.25, 6.91421, 2.25], "texture": "#0"},
				"up": {"uv": [5, 0, 10, 3.18269], "texture": "#0"},
				"down": {"uv": [0, 0, 5, 2.996], "texture": "#0"}
			}
		},
		{
			"from": [6.70688, 2.83569, 7.34391],
			"to": [9.29312, 3.82773, 10.06638],
			"rotation": {"angle": 22.5, "axis": "x", "origin": [8, 3.56667, 9.04453]},
			"faces": {
				"north": {"uv": [5, 1, 10.21421, 2.9], "texture": "#0"},
				"east": {"uv": [5, 1, 10.21421, 2.9], "texture": "#0"},
				"south": {"uv": [5, 0, 10, 1.9], "texture": "#0"},
				"west": {"uv": [5, 1, 10.21421, 2.9], "texture": "#0"},
				"up": {"uv": [5, 0, 10, 5], "texture": "#0"},
				"down": {"uv": [5, 1, 10.21421, 2.9], "texture": "#0"}
			}
		},
		{
			"from": [6.71298, 1.85043, 5.9115],
			"to": [9.28702, 4.45866, 7.57326],
			"rotation": {"angle": 0, "axis": "y", "origin": [10.87169, 4.98319, 10.61063]},
			"faces": {
				"north": {"uv": [5, 0, 8.183, 4.995], "texture": "#0"},
				"east": {"uv": [5, 0, 8.183, 4.995], "texture": "#0"},
				"south": {"uv": [5, 0, 10, 4.99539], "texture": "#0"},
				"west": {"uv": [5, 0, 8.183, 4.995], "texture": "#0"},
				"up": {"uv": [9.25, 12.75, 14.25, 15.933], "texture": "#0"},
				"down": {"uv": [5, 0, 8.183, 4.995], "texture": "#0"}
			}
		},
		{
			"from": [6.70079, 0.88264, 5.57397],
			"to": [9.29921, 2.66529, 6.35716],
			"rotation": {"angle": -45, "axis": "x", "origin": [8, 2.2961, 5.83503]},
			"faces": {
				"north": {"uv": [0, 3, 5, 6.414], "rotation": 180, "texture": "#0"},
				"east": {"uv": [5, 0, 8.41421, 1.5], "rotation": 270, "texture": "#0"},
				"south": {"uv": [0, 0, 5, 3.41421], "texture": "#0"},
				"west": {"uv": [5, 0, 8.41421, 1.5], "rotation": 270, "texture": "#0"},
				"up": {"uv": [0, 0, 5, 1], "rotation": 180, "texture": "#0"},
				"down": {"uv": [0, 0, 5, 1], "texture": "#0"}
			}
		},
		{
			"from": [6.70079, 3.67547, 5.49751],
			"to": [9.29921, 4.19759, 6.23591],
			"rotation": {"angle": -45, "axis": "x", "origin": [7.21681, 3.93653, 5.75857]},
			"faces": {
				"north": {"uv": [5, 0, 10, 3.18269], "texture": "#0"},
				"east": {"uv": [5.75, 1.25, 7.16421, 2.25], "texture": "#0"},
				"south": {"uv": [5, 0, 10, 3.18269], "texture": "#0"},
				"west": {"uv": [5.75, 1.25, 7.16421, 2.25], "texture": "#0"},
				"up": {"uv": [5, 0, 10, 1.41421], "texture": "#0"},
				"down": {"uv": [5, 0, 10, 3.18269], "texture": "#0"}
			}
		},
		{
			"from": [6.70688, 0.9544, 6.72169],
			"to": [9.29312, 1.99513, 7.5434],
			"rotation": {"angle": 22.5, "axis": "x", "origin": [8, 1.21194, 7.09089]},
			"faces": {
				"north": {"uv": [0, 0, 5, 0.99325], "texture": "#0"},
				"east": {"uv": [5, 4.75, 6.573, 6.743], "texture": "#0"},
				"south": {"uv": [0, 0, 5, 0.99325], "texture": "#0"},
				"west": {"uv": [7.75, 7.5, 9.323, 9.493], "texture": "#0"},
				"up": {"uv": [0, 0, 5, 1.57376], "texture": "#0"},
				"down": {"uv": [0, 6.5, 5, 8], "rotation": 180, "texture": "#0"}
			}
		},
		{
			"from": [6.947, 4.72, 4.49],
			"to": [6.947, 5.76, 5.53],
			"rotation": {"angle": 0, "axis": "y", "origin": [10.587, 8.88, 8.65]},
			"faces": {
				"north": {"uv": [11, 8, 11, 8], "texture": "#0"},
				"east": {"uv": [10.5, 7.75, 12.5, 9.75], "texture": "#0"},
				"south": {"uv": [10.5, 7.5, 10.5, 9.5], "texture": "#0"},
				"west": {"uv": [3, 10, 5, 12], "texture": "#0"},
				"up": {"uv": [10.25, 7.5, 10.25, 9.5], "texture": "#0"},
				"down": {"uv": [10.25, 7, 10.25, 9], "texture": "#0"}
			}
		},
		{
			"from": [9.053, 4.72, 4.49],
			"to": [9.053, 5.76, 5.53],
			"rotation": {"angle": 0, "axis": "y", "origin": [5.413, 8.88, 8.65]},
			"faces": {
				"north": {"uv": [11, 8, 11, 8], "texture": "#0"},
				"east": {"uv": [5, 10, 3, 12], "texture": "#0"},
				"south": {"uv": [10.5, 7.5, 10.5, 9.5], "texture": "#0"},
				"west": {"uv": [15.5, 7, 13.5, 9], "texture": "#0"},
				"up": {"uv": [10.25, 7.5, 10.25, 9.5], "texture": "#0"},
				"down": {"uv": [10.25, 7, 10.25, 9], "texture": "#0"}
			}
		}
	],
	"display": {
		"thirdperson_righthand": {
			"rotation": [72.75, 75.75, 0],
			"translation": [0, 2.25, 5.75]
		},
		"thirdperson_lefthand": {
			"rotation": [72.75, 75.75, 0],
			"translation": [0, 2.25, 5.75]
		},
		"firstperson_righthand": {
			"rotation": [0, 45.25, 0],
			"translation": [3, 6.5, 0]
		},
		"firstperson_lefthand": {
			"rotation": [0, 45.25, 0],
			"translation": [3, 6.5, 0]
		},
		"ground": {
			"translation": [0, 4.25, 0]
		},
		"gui": {
			"rotation": [30, 225, 0],
			"translation": [0, 4.25, 0],
			"scale": [1.34766, 1.34766, 1.34766]
		},
		"head": {
			"translation": [0, 16.5, 0],
			"scale": [1.19336, 1.19336, 1.19336]
		},
		"fixed": {
			"rotation": [-90, 0, 0],
			"translation": [0, 0, -15],
			"scale": [2, 2, 2]
		}
	},
	"groups": [
		{
			"name": "Halo",
			"origin": [8, 8, 8],
			"children": [
				{
					"name": "Ear",
					"origin": [7.125, 13.33595, 4.45079],
					"children": [0, 1, 2, 3, 4, 5, 6, 7, 8, 9]
				},
				{
					"name": "Ear",
					"origin": [7.125, 13.33595, 4.45079],
					"children": [10, 11, 12, 13, 14, 15, 16, 17, 18, 19]
				},
				{
					"name": "Front Leg",
					"origin": [5.375, 1.15224, 4.73463],
					"children": [20, 21, 22, 23, 24, 25, 26, 27, 28, 29, 30]
				},
				{
					"name": "Front Leg",
					"origin": [5.375, 1.15224, 4.73463],
					"children": [31, 32, 33, 34, 35, 36, 37, 38, 39, 40, 41]
				},
				{
					"name": "Leg",
					"origin": [1, 1, 0.70711],
					"children": [42, 43, 44, 45, 46, 47, 48, 49]
				},
				{
					"name": "Leg",
					"origin": [1, 1, 0.70711],
					"children": [50, 51, 52, 53, 54, 55, 56, 57]
				},
				{
					"name": "Tail",
					"origin": [7.5, 2.10309, 15.48228],
					"children": [58, 59, 60, 61]
				},
				{
					"name": "Head",
					"origin": [15, 17.25, 8.75],
					"children": [62, 63, 64, 65, 66, 67, 68, 69, 70, 71, 72, 73, 74, 75, 76, 77, 78, 79]
				},
				{
					"name": "Body",
					"origin": [13, 10, 15],
					"children": [80, 81, 82, 83, 84, 85, 86, 87, 88, 89]
				},
				{
					"name": "Eyes",
					"origin": [3.025, 17, 9.25],
					"children": [90, 91]
				}
			]
		}
	]
}