{
	"credit": "Made with Blockbench",
	"texture_size": [64, 64],
	"textures": {
		"0": "block/chains",
		"1": "block/Birdcage_small",
		"particle": "block/chains"
	},
	"elements": [
		{
			"from": [1.26875, 0.06848, 1.52092],
			"to": [14.79875, 2.73348, 15.05092],
			"rotation": {"angle": 0, "axis": "y", "origin": [8.03375, 6.83348, 8.28592]},
			"faces": {
				"north": {"uv": [0, 4, 4.125, 4.75], "texture": "#1"},
				"east": {"uv": [0, 4, 4.125, 4.75], "texture": "#1"},
				"south": {"uv": [0, 4, 4.125, 4.75], "texture": "#1"},
				"west": {"uv": [0, 4, 4.125, 4.75], "texture": "#1"},
				"up": {"uv": [4.125, 5, 8.25, 9.125], "texture": "#1"},
				"down": {"uv": [0, 5, 4.125, 9.125], "texture": "#1"}
			}
		},
		{
			"from": [0.44875, 2.73348, 0.70092],
			"to": [15.61875, 3.55348, 1.93092],
			"rotation": {"angle": 0, "axis": "y", "origin": [8.03375, 9.29348, 8.28592]},
			"faces": {
				"north": {"uv": [0, 4.75, 4.625, 5], "texture": "#1"},
				"east": {"uv": [0, 4.75, 0.375, 5], "texture": "#1"},
				"south": {"uv": [0, 4.75, 4.625, 5], "texture": "#1"},
				"west": {"uv": [0, 4.75, 4.625, 5], "texture": "#1"},
				"up": {"uv": [0, 4.75, 4.625, 5], "texture": "#1"},
				"down": {"uv": [0, 4.75, 4.625, 5], "texture": "#1"}
			}
		},
		{
			"from": [14.38875, 2.73348, 1.93092],
			"to": [15.61875, 3.55348, 14.64092],
			"rotation": {"angle": 0, "axis": "y", "origin": [8.03375, 9.29348, 8.28592]},
			"faces": {
				"north": {"uv": [0, 4.75, 4.625, 5], "texture": "#1"},
				"east": {"uv": [0, 4.75, 4.625, 5], "texture": "#1"},
				"south": {"uv": [0, 4.75, 4.625, 5], "texture": "#1"},
				"west": {"uv": [0, 4.75, 4.625, 5], "texture": "#1"},
				"up": {"uv": [0, 4.75, 4.625, 5], "rotation": 90, "texture": "#1"},
				"down": {"uv": [0, 4.75, 4.625, 5], "texture": "#1"}
			}
		},
		{
			"from": [0.44875, 2.73348, 14.64092],
			"to": [15.61875, 3.55348, 15.87092],
			"rotation": {"angle": 0, "axis": "y", "origin": [8.03375, 9.29348, 8.28592]},
			"faces": {
				"north": {"uv": [0, 4.75, 4.625, 5], "texture": "#1"},
				"east": {"uv": [0, 4.75, 0.375, 5], "texture": "#1"},
				"south": {"uv": [0, 4.75, 4.625, 5], "texture": "#1"},
				"west": {"uv": [0, 4.75, 0.375, 5], "texture": "#1"},
				"up": {"uv": [0, 4.75, 4.625, 5], "texture": "#1"},
				"down": {"uv": [0, 4.75, 4.625, 5], "texture": "#1"}
			}
		},
		{
			"from": [0.44875, 2.73348, 1.93092],
			"to": [1.67875, 3.55348, 14.64092],
			"rotation": {"angle": 0, "axis": "y", "origin": [8.03375, 9.29348, 8.28592]},
			"faces": {
				"north": {"uv": [0, 4.75, 3.875, 5], "texture": "#1"},
				"east": {"uv": [0, 4.75, 3.875, 5], "texture": "#1"},
				"south": {"uv": [11.625, 3.625, 11.875, 4.5], "rotation": 270, "texture": "#1"},
				"west": {"uv": [0, 4.75, 3.875, 5], "texture": "#1"},
				"up": {"uv": [0, 4.75, 3.875, 5], "rotation": 90, "texture": "#1"},
				"down": {"uv": [0, 4.75, 3.875, 5], "texture": "#1"}
			}
		},
		{
			"from": [0.85875, 12.98348, 10.6178],
			"to": [15.20875, 13.39348, 11.0278],
			"rotation": {"angle": 0, "axis": "y", "origin": [8.03375, 19.13348, 17.7928]},
			"faces": {
				"north": {"uv": [0, 9.125, 4.625, 9.25], "texture": "#1"},
				"east": {"uv": [0, 9.125, 0.125, 9.25], "texture": "#1"},
				"south": {"uv": [0, 9.125, 4.625, 9.25], "texture": "#1"},
				"west": {"uv": [0, 9.125, 0.125, 9.25], "texture": "#1"},
				"up": {"uv": [0, 9.125, 4.625, 9.25], "texture": "#1"},
				"down": {"uv": [0, 9.125, 4.625, 9.25], "texture": "#1"}
			}
		},
		{
			"from": [0.85875, 9.70348, 5.56967],
			"to": [15.20875, 10.11348, 5.97967],
			"rotation": {"angle": 0, "axis": "y", "origin": [8.03375, 15.85348, 12.74467]},
			"faces": {
				"north": {"uv": [0, 9.125, 4.625, 9.25], "texture": "#1"},
				"east": {"uv": [0, 9.125, 0.125, 9.25], "texture": "#1"},
				"south": {"uv": [0, 9.125, 4.625, 9.25], "texture": "#1"},
				"west": {"uv": [0, 9.125, 0.125, 9.25], "texture": "#1"},
				"up": {"uv": [0, 9.125, 4.625, 9.25], "texture": "#1"},
				"down": {"uv": [0, 9.125, 4.625, 9.25], "texture": "#1"}
			}
		},
		{
			"from": [3.15168, 4.77938, 13.06857],
			"to": [6.20208, 6.30458, 15.10217],
			"rotation": {"angle": 0, "axis": "y", "origin": [10.26928, 13.93058, 22.21977]},
			"faces": {
				"north": {"uv": [8.25, 1, 9, 1.375], "texture": "#1"},
				"east": {"uv": [9, 1, 9.5, 1.375], "texture": "#1"},
				"south": {"uv": [8.25, 1, 9, 1.375], "texture": "#1"},
				"west": {"uv": [9, 1, 9.5, 1.375], "texture": "#1"},
				"up": {"uv": [8.25, 1.375, 9.5, 3], "rotation": 90, "texture": "#1"},
				"down": {"uv": [8.25, 1, 9, 1.375], "texture": "#1"}
			}
		},
		{
			"from": [3.15168, 6.30458, 13.06857],
			"to": [6.20208, 6.81298, 13.32277],
			"rotation": {"angle": 0, "axis": "y", "origin": [10.26928, 13.93058, 22.21977]},
			"faces": {
				"north": {"uv": [9.125, 1, 9.5, 1.125], "texture": "#1"},
				"east": {"uv": [9.125, 1, 9.5, 1.125], "texture": "#1"},
				"south": {"uv": [9.125, 1, 9.5, 1.125], "texture": "#1"},
				"west": {"uv": [9.125, 1, 9.5, 1.125], "texture": "#1"},
				"up": {"uv": [9.125, 1, 9.5, 1.125], "texture": "#1"},
				"down": {"uv": [9.125, 1, 9.5, 1.125], "texture": "#1"}
			}
		},
		{
			"from": [3.15168, 6.30458, 13.32277],
			"to": [3.40588, 6.81298, 14.84797],
			"rotation": {"angle": 0, "axis": "y", "origin": [4.16848, 6.55878, 14.84797]},
			"faces": {
				"north": {"uv": [9.125, 1, 9.5, 1.125], "texture": "#1"},
				"east": {"uv": [9.125, 1, 9.5, 1.125], "texture": "#1"},
				"south": {"uv": [9.125, 1, 9.5, 1.125], "texture": "#1"},
				"west": {"uv": [9.125, 1, 9.5, 1.125], "texture": "#1"},
				"up": {"uv": [9.125, 1, 9.5, 1.125], "texture": "#1"},
				"down": {"uv": [9.125, 1, 9.5, 1.125], "texture": "#1"}
			}
		},
		{
			"from": [3.15168, 6.30458, 14.84797],
			"to": [6.20208, 6.81298, 15.10217],
			"rotation": {"angle": 0, "axis": "y", "origin": [10.26928, 13.93058, 23.99917]},
			"faces": {
				"north": {"uv": [9.125, 1, 9.5, 1.125], "texture": "#1"},
				"east": {"uv": [9.125, 1, 9.5, 1.125], "texture": "#1"},
				"south": {"uv": [9.125, 1, 9.5, 1.125], "texture": "#1"},
				"west": {"uv": [9.125, 1, 9.5, 1.125], "texture": "#1"},
				"up": {"uv": [9.125, 1, 9.5, 1.125], "texture": "#1"},
				"down": {"uv": [9.125, 1, 9.5, 1.125], "texture": "#1"}
			}
		},
		{
			"from": [5.94788, 6.30458, 13.32277],
			"to": [6.20208, 6.81298, 14.84797],
			"rotation": {"angle": 0, "axis": "y", "origin": [5.18528, 6.55878, 14.84797]},
			"faces": {
				"north": {"uv": [9.125, 1, 9.5, 1.125], "texture": "#1"},
				"east": {"uv": [9.125, 1, 9.5, 1.125], "texture": "#1"},
				"south": {"uv": [9.125, 1, 9.5, 1.125], "texture": "#1"},
				"west": {"uv": [9.125, 1, 9.5, 1.125], "texture": "#1"},
				"up": {"uv": [9.125, 1, 9.5, 1.125], "texture": "#1"},
				"down": {"uv": [9.125, 1, 9.5, 1.125], "texture": "#1"}
			}
		},
		{
			"from": [5.69368, 4.77938, 12.30597],
			"to": [6.20208, 5.28778, 13.32277],
			"rotation": {"angle": -22.5, "axis": "x", "origin": [4.67688, 5.03358, 12.56017]},
			"faces": {
				"north": {"uv": [9, 1, 9.5, 1.375], "texture": "#1"},
				"east": {"uv": [9.125, 1.125, 9.25, 1.375], "rotation": 90, "texture": "#1"},
				"south": {"uv": [9, 1, 9.5, 1.375], "texture": "#1"},
				"west": {"uv": [9.125, 1.125, 9.25, 1.375], "rotation": 270, "texture": "#1"},
				"up": {"uv": [9.125, 1.125, 9.25, 1.375], "texture": "#1"},
				"down": {"uv": [9.125, 1.125, 9.25, 1.375], "texture": "#1"}
			}
		},
		{
			"from": [3.15168, 4.77938, 12.30597],
			"to": [3.66008, 5.28778, 13.32277],
			"rotation": {"angle": -22.5, "axis": "x", "origin": [4.67688, 5.03358, 12.56017]},
			"faces": {
				"north": {"uv": [9.125, 1.125, 9.25, 1.375], "texture": "#1"},
				"east": {"uv": [9.125, 1.125, 9.25, 1.375], "rotation": 90, "texture": "#1"},
				"south": {"uv": [9.125, 1.125, 9.25, 1.375], "texture": "#1"},
				"west": {"uv": [9.125, 1.125, 9.25, 1.375], "rotation": 270, "texture": "#1"},
				"up": {"uv": [9.125, 1.125, 9.25, 1.375], "texture": "#1"},
				"down": {"uv": [9.125, 1.125, 9.25, 1.375], "texture": "#1"}
			}
		},
		{
			"from": [3.15168, 4.77938, 11.79757],
			"to": [6.20208, 5.28778, 12.30597],
			"rotation": {"angle": -22.5, "axis": "x", "origin": [4.67688, 5.03358, 12.56017]},
			"faces": {
				"north": {"uv": [9.375, 1, 9.5, 1.125], "texture": "#1"},
				"east": {"uv": [9.375, 1, 9.5, 1.125], "texture": "#1"},
				"south": {"uv": [9.375, 1, 9.5, 1.125], "texture": "#1"},
				"west": {"uv": [9.375, 1, 9.5, 1.125], "texture": "#1"},
				"up": {"uv": [9.375, 1, 9.5, 1.125], "texture": "#1"},
				"down": {"uv": [9.375, 1, 9.5, 1.125], "texture": "#1"}
			}
		},
		{
			"from": [9.86543, 4.77938, 13.06857],
			"to": [12.91582, 6.30458, 15.10217],
			"rotation": {"angle": 0, "axis": "y", "origin": [5.79823, 13.93058, 22.21977]},
			"faces": {
				"north": {"uv": [10.25, 1, 9.5, 1.375], "texture": "#1"},
				"east": {"uv": [10.75, 1, 10.25, 1.375], "texture": "#1"},
				"south": {"uv": [10.25, 1, 9.5, 1.375], "texture": "#1"},
				"west": {"uv": [10.75, 1, 10.25, 1.375], "texture": "#1"},
				"up": {"uv": [9.5, 3, 10.75, 1.375], "rotation": 90, "texture": "#1"},
				"down": {"uv": [10.25, 1, 9.5, 1.375], "texture": "#1"}
			}
		},
		{
			"from": [9.86543, 6.30458, 13.06857],
			"to": [12.91582, 6.81298, 13.32277],
			"rotation": {"angle": 0, "axis": "y", "origin": [5.79823, 13.93058, 22.21977]},
			"faces": {
				"north": {"uv": [10.75, 1, 10.375, 1.125], "texture": "#1"},
				"east": {"uv": [10.75, 1, 10.375, 1.125], "texture": "#1"},
				"south": {"uv": [10.75, 1, 10.375, 1.125], "texture": "#1"},
				"west": {"uv": [10.75, 1, 10.375, 1.125], "texture": "#1"},
				"up": {"uv": [10.75, 1, 10.375, 1.125], "texture": "#1"},
				"down": {"uv": [10.75, 1, 10.375, 1.125], "texture": "#1"}
			}
		},
		{
			"from": [12.66163, 6.30458, 13.32277],
			"to": [12.91582, 6.81298, 14.84797],
			"rotation": {"angle": 0, "axis": "y", "origin": [11.89903, 6.55878, 14.84797]},
			"faces": {
				"north": {"uv": [10.75, 1, 10.375, 1.125], "texture": "#1"},
				"east": {"uv": [10.75, 1, 10.375, 1.125], "texture": "#1"},
				"south": {"uv": [10.75, 1, 10.375, 1.125], "texture": "#1"},
				"west": {"uv": [10.75, 1, 10.375, 1.125], "texture": "#1"},
				"up": {"uv": [10.75, 1, 10.375, 1.125], "texture": "#1"},
				"down": {"uv": [10.75, 1, 10.375, 1.125], "texture": "#1"}
			}
		},
		{
			"from": [9.86543, 6.30458, 14.84797],
			"to": [12.91582, 6.81298, 15.10217],
			"rotation": {"angle": 0, "axis": "y", "origin": [5.79823, 13.93058, 23.99917]},
			"faces": {
				"north": {"uv": [10.75, 1, 10.375, 1.125], "texture": "#1"},
				"east": {"uv": [10.75, 1, 10.375, 1.125], "texture": "#1"},
				"south": {"uv": [10.75, 1, 10.375, 1.125], "texture": "#1"},
				"west": {"uv": [10.75, 1, 10.375, 1.125], "texture": "#1"},
				"up": {"uv": [10.75, 1, 10.375, 1.125], "texture": "#1"},
				"down": {"uv": [10.75, 1, 10.375, 1.125], "texture": "#1"}
			}
		},
		{
			"from": [9.86543, 6.30458, 13.32277],
			"to": [10.11962, 6.81298, 14.84797],
			"rotation": {"angle": 0, "axis": "y", "origin": [10.88222, 6.55878, 14.84797]},
			"faces": {
				"north": {"uv": [10.75, 1, 10.375, 1.125], "texture": "#1"},
				"east": {"uv": [10.75, 1, 10.375, 1.125], "texture": "#1"},
				"south": {"uv": [10.75, 1, 10.375, 1.125], "texture": "#1"},
				"west": {"uv": [10.75, 1, 10.375, 1.125], "texture": "#1"},
				"up": {"uv": [10.75, 1, 10.375, 1.125], "texture": "#1"},
				"down": {"uv": [10.75, 1, 10.375, 1.125], "texture": "#1"}
			}
		},
		{
			"from": [9.86543, 4.77938, 12.30597],
			"to": [10.37383, 5.28778, 13.32277],
			"rotation": {"angle": -22.5, "axis": "x", "origin": [11.39063, 5.03358, 12.56017]},
			"faces": {
				"north": {"uv": [9.5, 1, 9, 1.375], "texture": "#1"},
				"east": {"uv": [10.375, 1.375, 10.5, 1.125], "rotation": 270, "texture": "#1"},
				"south": {"uv": [9.5, 1, 9, 1.375], "texture": "#1"},
				"west": {"uv": [10.375, 1.375, 10.5, 1.125], "rotation": 90, "texture": "#1"},
				"up": {"uv": [10.5, 1.125, 10.375, 1.375], "texture": "#1"},
				"down": {"uv": [9.25, 1.125, 9.125, 1.375], "texture": "#1"}
			}
		},
		{
			"from": [12.40743, 4.77938, 12.30597],
			"to": [12.91582, 5.28778, 13.32277],
			"rotation": {"angle": -22.5, "axis": "x", "origin": [11.39063, 5.03358, 12.56017]},
			"faces": {
				"north": {"uv": [9.25, 1.125, 9.125, 1.375], "texture": "#1"},
				"east": {"uv": [10.375, 1.375, 10.5, 1.125], "rotation": 270, "texture": "#1"},
				"south": {"uv": [9.25, 1.125, 9.125, 1.375], "texture": "#1"},
				"west": {"uv": [10.375, 1.375, 10.5, 1.125], "rotation": 90, "texture": "#1"},
				"up": {"uv": [10.5, 1.125, 10.375, 1.375], "texture": "#1"},
				"down": {"uv": [9.25, 1.125, 9.125, 1.375], "texture": "#1"}
			}
		},
		{
			"from": [9.86543, 4.77938, 11.79757],
			"to": [12.91582, 5.28778, 12.30597],
			"rotation": {"angle": -22.5, "axis": "x", "origin": [11.39063, 5.03358, 12.56017]},
			"faces": {
				"north": {"uv": [10.5, 1, 10.375, 1.125], "texture": "#1"},
				"east": {"uv": [10.5, 1, 10.375, 1.125], "texture": "#1"},
				"south": {"uv": [10.5, 1, 10.375, 1.125], "texture": "#1"},
				"west": {"uv": [10.5, 1, 10.375, 1.125], "texture": "#1"},
				"up": {"uv": [10.5, 1, 10.375, 1.125], "texture": "#1"},
				"down": {"uv": [10.5, 1, 10.375, 1.125], "texture": "#1"}
			}
		},
		{
			"from": [1.06375, 3.55348, 1.31592],
			"to": [15.00375, 16.67348, 1.31592],
			"rotation": {"angle": 0, "axis": "y", "origin": [7.62375, 10.11348, 7.87592]},
			"faces": {
				"north": {"uv": [4.125, 0, 8.25, 4], "texture": "#1"},
				"east": {"uv": [4.125, 0, 8.25, 4], "texture": "#1"},
				"south": {"uv": [4.125, 0, 8.25, 4], "texture": "#1"},
				"west": {"uv": [4.125, 0, 8.25, 4], "texture": "#1"},
				"up": {"uv": [4.125, 0, 8.25, 4], "texture": "#1"},
				"down": {"uv": [4.125, 0, 8.25, 4], "texture": "#1"}
			}
		},
		{
			"from": [1.06375, 3.55348, 1.31592],
			"to": [1.06375, 16.67348, 15.25592],
			"rotation": {"angle": 0, "axis": "y", "origin": [7.62375, 10.11348, 7.87592]},
			"faces": {
				"north": {"uv": [0, 0, 4.125, 4], "texture": "#1"},
				"east": {"uv": [0, 0, 4.125, 4], "texture": "#1"},
				"south": {"uv": [0, 0, 4.125, 4], "texture": "#1"},
				"west": {"uv": [0, 0, 4.125, 4], "texture": "#1"},
				"up": {"uv": [0, 0, 4.125, 4], "texture": "#1"},
				"down": {"uv": [0, 0, 4.125, 4], "texture": "#1"}
			}
		},
		{
			"from": [1.06375, 16.67348, 1.31592],
			"to": [1.06375, 20.15848, 15.25592],
			"rotation": {"angle": 0, "axis": "y", "origin": [7.62375, 19.95348, 7.87592]},
			"faces": {
				"north": {"uv": [8.25, 0, 12.375, 0.9375], "texture": "#1"},
				"east": {"uv": [8.25, 0, 12.375, 0.9375], "texture": "#1"},
				"south": {"uv": [8.25, 0, 12.375, 0.9375], "texture": "#1"},
				"west": {"uv": [8.25, 0, 12.375, 0.9375], "texture": "#1"},
				"up": {"uv": [8.25, 0, 12.375, 0.9375], "texture": "#1"},
				"down": {"uv": [8.25, 0, 12.375, 0.9375], "texture": "#1"}
			}
		},
		{
			"from": [1.06375, 10.11348, 4.03398],
			"to": [15.00375, 15.03348, 4.03398],
			"rotation": {"angle": 45, "axis": "x", "origin": [7.62375, 16.67348, 10.59398]},
			"faces": {
				"north": {"uv": [0, 0, 4.125, 2], "texture": "#1"},
				"east": {"uv": [0, 0, 4.125, 2], "texture": "#1"},
				"south": {"uv": [0, 0, 4.125, 2], "texture": "#1"},
				"west": {"uv": [0, 0, 4.125, 2], "texture": "#1"},
				"up": {"uv": [0, 0, 4.125, 2], "texture": "#1"},
				"down": {"uv": [0, 0, 4.125, 2], "texture": "#1"}
			}
		},
		{
			"from": [15.00375, 3.55348, 1.31592],
			"to": [15.00375, 16.67348, 15.25592],
			"rotation": {"angle": 0, "axis": "y", "origin": [8.44375, 10.11348, 7.87592]},
			"faces": {
				"north": {"uv": [0, 0, 4.125, 4], "texture": "#1"},
				"east": {"uv": [0, 0, 4.125, 4], "texture": "#1"},
				"south": {"uv": [0, 0, 4.125, 4], "texture": "#1"},
				"west": {"uv": [0, 0, 4.125, 4], "texture": "#1"},
				"up": {"uv": [0, 0, 4.125, 4], "texture": "#1"},
				"down": {"uv": [0, 0, 4.125, 4], "texture": "#1"}
			}
		},
		{
			"from": [15.00375, 16.67348, 1.31592],
			"to": [15.00375, 20.15848, 15.25592],
			"rotation": {"angle": 0, "axis": "y", "origin": [8.44375, 19.95348, 7.87592]},
			"faces": {
				"north": {"uv": [8.25, 0, 12.375, 0.9375], "texture": "#1"},
				"east": {"uv": [8.25, 0, 12.375, 0.9375], "texture": "#1"},
				"south": {"uv": [8.25, 0, 12.375, 0.9375], "texture": "#1"},
				"west": {"uv": [8.25, 0, 12.375, 0.9375], "texture": "#1"},
				"up": {"uv": [8.25, 0, 12.375, 0.9375], "texture": "#1"},
				"down": {"uv": [8.25, 0, 12.375, 0.9375], "texture": "#1"}
			}
		},
		{
			"from": [1.06375, 3.55348, 15.25592],
			"to": [15.00375, 16.67348, 15.25592],
			"rotation": {"angle": 0, "axis": "y", "origin": [7.62375, 10.11348, 8.69592]},
			"faces": {
				"north": {"uv": [0, 0, 4.125, 4], "texture": "#1"},
				"east": {"uv": [0, 0, 4.125, 4], "texture": "#1"},
				"south": {"uv": [0, 0, 4.125, 4], "texture": "#1"},
				"west": {"uv": [0, 0, 4.125, 4], "texture": "#1"},
				"up": {"uv": [0, 0, 4.125, 4], "texture": "#1"},
				"down": {"uv": [0, 0, 4.125, 4], "texture": "#1"}
			}
		},
		{
			"from": [1.06375, 10.11348, 12.53786],
			"to": [15.00375, 15.03348, 12.53786],
			"rotation": {"angle": -45, "axis": "x", "origin": [7.62375, 16.67348, 5.97786]},
			"faces": {
				"north": {"uv": [0, 0, 4.125, 2], "texture": "#1"},
				"east": {"uv": [0, 0, 4.125, 2], "texture": "#1"},
				"south": {"uv": [0, 0, 4.125, 2], "texture": "#1"},
				"west": {"uv": [0, 0, 4.125, 2], "texture": "#1"},
				"up": {"uv": [0, 0, 4.125, 2], "texture": "#1"},
				"down": {"uv": [0, 0, 4.125, 2], "texture": "#1"}
			}
		},
		{
			"from": [1.06375, 20.15162, 4.79629],
			"to": [15.00375, 20.15104, 11.77614],
			"rotation": {"angle": 0, "axis": "x", "origin": [8.03375, 20.15162, 9.31614]},
			"faces": {
				"north": {"uv": [0, 0.125, 4.125, 2], "texture": "#1"},
				"east": {"uv": [0, 0.125, 4.125, 2], "texture": "#1"},
				"south": {"uv": [0, 0.125, 4.125, 2], "texture": "#1"},
				"west": {"uv": [0, 0.125, 4.125, 2], "texture": "#1"},
				"up": {"uv": [0, 0.125, 4.125, 2], "texture": "#1"},
				"down": {"uv": [0, 0.125, 4.125, 2], "texture": "#1"}
			}
		},
		{
			"from": [6.06375, 30.15162, 6.29629],
			"to": [10.00375, 31.15104, 10.27614],
			"rotation": {"angle": 0, "axis": "x", "origin": [8.03375, 20.15162, 9.31614]},
			"faces": {
				"north": {"uv": [0, 6.125, 4.125, 8], "texture": "#1"},
				"east": {"uv": [0, 6.125, 4.125, 8], "texture": "#1"},
				"south": {"uv": [0, 6.125, 4.125, 8], "texture": "#1"},
				"west": {"uv": [0, 6.125, 4.125, 8], "texture": "#1"},
				"up": {"uv": [0, 6.125, 4.125, 8], "texture": "#1"},
				"down": {"uv": [0, 6.125, 4.125, 8], "texture": "#1"}
			}
		},
		{
			"from": [5.56375, 30.65162, 5.79629],
			"to": [10.50375, 31.15104, 10.77614],
			"rotation": {"angle": 0, "axis": "x", "origin": [8.03375, 20.15162, 9.31614]},
			"faces": {
				"north": {"uv": [0, 6.125, 4.125, 8], "texture": "#1"},
				"east": {"uv": [0, 6.125, 4.125, 8], "texture": "#1"},
				"south": {"uv": [0, 6.125, 4.125, 8], "texture": "#1"},
				"west": {"uv": [0, 6.125, 4.125, 8], "texture": "#1"},
				"up": {"uv": [0, 6.125, 4.125, 8], "texture": "#1"},
				"down": {"uv": [0, 6.125, 4.125, 8], "texture": "#1"}
			}
		},
		{
			"from": [14.97812, 17.91805, 0.8004],
			"to": [14.97812, 18.32805, 5.7204],
			"rotation": {"angle": -45, "axis": "x", "origin": [14.97812, 18.12305, 3.0554]},
			"faces": {
				"north": {"uv": [0.5, 0, 1.875, 0.125], "texture": "#1"},
				"east": {"uv": [0.5, 0, 1.875, 0.125], "texture": "#1"},
				"south": {"uv": [0.5, 0, 1.875, 0.125], "texture": "#1"},
				"west": {"uv": [0.5, 0, 1.875, 0.125], "texture": "#1"},
				"up": {"uv": [0.5, 0, 1.875, 0.125], "texture": "#1"},
				"down": {"uv": [0.5, 0, 1.875, 0.125], "texture": "#1"}
			}
		},
		{
			"from": [1.08938, 17.91805, 0.8004],
			"to": [1.08938, 18.32805, 5.7204],
			"rotation": {"angle": -45, "axis": "x", "origin": [1.08938, 18.12305, 3.0554]},
			"faces": {
				"north": {"uv": [0.5, 0, 1.875, 0.125], "texture": "#1"},
				"east": {"uv": [0.5, 0, 1.875, 0.125], "texture": "#1"},
				"south": {"uv": [0.5, 0, 1.875, 0.125], "texture": "#1"},
				"west": {"uv": [0.5, 0, 1.875, 0.125], "texture": "#1"},
				"up": {"uv": [0.5, 0, 1.875, 0.125], "texture": "#1"},
				"down": {"uv": [0.5, 0, 1.875, 0.125], "texture": "#1"}
			}
		},
		{
			"from": [14.97812, 17.91805, 10.85144],
			"to": [14.97812, 18.32805, 15.77144],
			"rotation": {"angle": 45, "axis": "x", "origin": [14.97812, 18.12305, 13.51644]},
			"faces": {
				"north": {"uv": [0.5, 0, 1.875, 0.125], "texture": "#1"},
				"east": {"uv": [0.5, 0, 1.875, 0.125], "texture": "#1"},
				"south": {"uv": [0.5, 0, 1.875, 0.125], "texture": "#1"},
				"west": {"uv": [0.5, 0, 1.875, 0.125], "texture": "#1"},
				"up": {"uv": [0.5, 0, 1.875, 0.125], "texture": "#1"},
				"down": {"uv": [0.5, 0, 1.875, 0.125], "texture": "#1"}
			}
		},
		{
			"from": [1.08938, 17.91805, 10.85144],
			"to": [1.08938, 18.32805, 15.77144],
			"rotation": {"angle": 45, "axis": "x", "origin": [1.08938, 18.12305, 13.51644]},
			"faces": {
				"north": {"uv": [0.5, 0, 1.875, 0.125], "texture": "#1"},
				"east": {"uv": [0.5, 0, 1.875, 0.125], "texture": "#1"},
				"south": {"uv": [0.5, 0, 1.875, 0.125], "texture": "#1"},
				"west": {"uv": [0.5, 0, 1.875, 0.125], "texture": "#1"},
				"up": {"uv": [0.5, 0, 1.875, 0.125], "texture": "#1"},
				"down": {"uv": [0.5, 0, 1.875, 0.125], "texture": "#1"}
			}
		},
		{
			"from": [5.16375, 7.85848, 1.05967],
			"to": [5.67625, 8.67848, 1.31592],
			"rotation": {"angle": 0, "axis": "y", "origin": [11.31375, 14.41848, 7.26092]},
			"faces": {
				"north": {"uv": [0, 0, 0.25, 0.125], "rotation": 90, "texture": "#1"},
				"east": {"uv": [0, 0, 0.25, 0.125], "rotation": 90, "texture": "#1"},
				"south": {"uv": [0, 0, 0.25, 0.125], "rotation": 90, "texture": "#1"},
				"west": {"uv": [0, 0, 0.25, 0.125], "rotation": 90, "texture": "#1"},
				"up": {"uv": [0, 0, 0.25, 0.125], "rotation": 90, "texture": "#1"},
				"down": {"uv": [0, 0, 0.25, 0.125], "rotation": 90, "texture": "#1"}
			}
		},
		{
			"from": [5.36875, 10.11348, 4.59592],
			"to": [7.00875, 11.54848, 6.23592],
			"rotation": {"angle": -22.5, "axis": "x", "origin": [6.18875, 11.34348, 5.41592]},
			"faces": {
				"north": {"uv": [8.375, 3.625, 9.25, 4.5], "texture": "#1"},
				"east": {"uv": [9.25, 3.625, 10.125, 4.5], "texture": "#1"},
				"south": {"uv": [10.125, 3.625, 11, 4.5], "texture": "#1"},
				"west": {"uv": [9.25, 3.625, 10.125, 4.5], "texture": "#1"},
				"up": {"uv": [10, 3.375, 10.875, 3.5], "texture": "#1"},
				"down": {"uv": [8.375, 3.625, 9.25, 4.5], "texture": "#1"}
			}
		},
		{
			"from": [5.36875, 11.54848, 4.59592],
			"to": [7.00875, 12.36848, 6.03092],
			"rotation": {"angle": -22.5, "axis": "x", "origin": [6.18875, 11.34348, 5.41592]},
			"faces": {
				"north": {"uv": [8.375, 3.125, 9.25, 3.625], "texture": "#1"},
				"east": {"uv": [10.875, 3.125, 11.625, 3.625], "texture": "#1"},
				"south": {"uv": [10, 3.125, 10.875, 3.625], "texture": "#1"},
				"west": {"uv": [9.25, 3.125, 10, 3.625], "texture": "#1"},
				"up": {"uv": [8.375, 3.625, 9.25, 4.625], "texture": "#1"},
				"down": {"uv": [0, 0, 0.5, 0.4375], "texture": "#1"}
			}
		},
		{
			"name": "Wing Right",
			"from": [4.95875, 10.80693, 4.37532],
			"to": [5.36875, 12.03693, 6.83532],
			"rotation": {"angle": 45, "axis": "x", "origin": [5.16375, 11.42193, 5.60532]},
			"faces": {
				"north": {"uv": [8.375, 4.5, 8.625, 5.375], "texture": "#1"},
				"east": {"uv": [8.375, 4.5, 10.125, 5.375], "texture": "#1"},
				"south": {"uv": [9.875, 4.5, 10.125, 5.375], "texture": "#1"},
				"west": {"uv": [8.375, 4.5, 10.125, 5.375], "texture": "#1"},
				"up": {"uv": [8.375, 4.5, 10.125, 4.75], "rotation": 270, "texture": "#1"},
				"down": {"uv": [8.375, 5.125, 10.125, 5.375], "rotation": 270, "texture": "#1"}
			}
		},
		{
			"name": "Wing Left",
			"from": [7.00875, 10.80693, 4.37532],
			"to": [7.41875, 12.03693, 6.83532],
			"rotation": {"angle": 45, "axis": "x", "origin": [7.21375, 11.42193, 5.60532]},
			"faces": {
				"north": {"uv": [8.375, 4.5, 8.625, 5.375], "texture": "#1"},
				"east": {"uv": [8.375, 5.375, 10.125, 6.25], "rotation": 180, "texture": "#1"},
				"south": {"uv": [9.875, 5.375, 10.125, 6.25], "rotation": 180, "texture": "#1"},
				"west": {"uv": [8.375, 4.5, 10.125, 5.375], "texture": "#1"},
				"up": {"uv": [8.375, 6, 10.125, 6.25], "rotation": 270, "texture": "#1"},
				"down": {"uv": [8.375, 5.375, 10.125, 5.625], "rotation": 270, "texture": "#1"}
			}
		},
		{
			"from": [5.36875, 12.16348, 4.00655],
			"to": [7.00875, 13.59848, 5.44155],
			"rotation": {"angle": 0, "axis": "x", "origin": [6.18875, 13.39348, 4.82655]},
			"faces": {
				"north": {"uv": [12.25, 4.25, 13.25, 5.375], "rotation": 90, "texture": "#1"},
				"east": {"uv": [15, 3.125, 16, 4.25], "texture": "#1"},
				"south": {"uv": [12.25, 3.125, 13.25, 4.25], "rotation": 90, "texture": "#1"},
				"west": {"uv": [14, 3.125, 15, 4.25], "texture": "#1"},
				"up": {"uv": [13.125, 3.125, 14, 4.25], "rotation": 90, "texture": "#1"},
				"down": {"uv": [13.125, 3.125, 14, 4.25], "rotation": 270, "texture": "#1"}
			}
		},
		{
			"from": [5.77875, 12.57348, 3.72467],
			"to": [6.59875, 13.18848, 4.00655],
			"rotation": {"angle": 0, "axis": "x", "origin": [6.18875, 13.39348, 4.82655]},
			"faces": {
				"north": {"uv": [11.625, 3.125, 12.125, 3.625], "rotation": 90, "texture": "#1"},
				"east": {"uv": [11.625, 3.5, 12.125, 3.625], "rotation": 90, "texture": "#1"},
				"south": {"uv": [11.625, 3.125, 12.125, 3.625], "rotation": 90, "texture": "#1"},
				"west": {"uv": [11.625, 3.5, 12.125, 3.625], "rotation": 90, "texture": "#1"},
				"up": {"uv": [11.625, 3.125, 11.75, 3.625], "rotation": 90, "texture": "#1"},
				"down": {"uv": [12, 3.125, 12.125, 3.625], "rotation": 90, "texture": "#1"}
			}
		},
		{
			"from": [5.88125, 12.0866, 3.72467],
			"to": [6.49625, 12.7016, 4.33967],
			"rotation": {"angle": 22.5, "axis": "x", "origin": [6.29125, 12.9066, 4.54467]},
			"faces": {
				"north": {"uv": [11.75, 4.5, 12.25, 5], "rotation": 90, "texture": "#1"},
				"east": {"uv": [11.75, 4.5, 12.25, 5], "rotation": 90, "texture": "#1"},
				"south": {"uv": [11.75, 4.5, 12.25, 5], "rotation": 90, "texture": "#1"},
				"west": {"uv": [11.75, 4.5, 12.25, 5], "rotation": 90, "texture": "#1"},
				"up": {"uv": [11.25, 4.5, 11.75, 5], "rotation": 90, "texture": "#1"},
				"down": {"uv": [11.25, 4.5, 11.75, 5], "rotation": 90, "texture": "#1"}
			}
		},
		{
			"from": [5.38797, 10.14383, 6.18911],
			"to": [6.98953, 10.55383, 7.82911],
			"rotation": {"angle": 22.5, "axis": "x", "origin": [6.18875, 10.34883, 7.41911]},
			"faces": {
				"north": {"uv": [11, 4.25, 11.875, 4.5], "texture": "#1"},
				"east": {"uv": [11.625, 3.625, 11.875, 4.5], "rotation": 90, "texture": "#1"},
				"south": {"uv": [11, 4.25, 11.875, 4.5], "texture": "#1"},
				"west": {"uv": [11, 3.625, 11.25, 4.5], "rotation": 270, "texture": "#1"},
				"up": {"uv": [11, 3.625, 11.875, 4.5], "texture": "#1"},
				"down": {"uv": [11, 3.625, 11.875, 4.5], "rotation": 180, "texture": "#1"}
			}
		},
		{
			"from": [5.79797, 10.14383, 7.82911],
			"to": [6.57953, 10.55383, 9.46911],
			"rotation": {"angle": 22.5, "axis": "x", "origin": [6.18875, 10.34883, 7.41911]},
			"faces": {
				"north": {"uv": [11.875, 3.625, 12.25, 3.75], "rotation": 270, "texture": "#1"},
				"east": {"uv": [11.875, 3.625, 12.125, 4.5], "rotation": 90, "texture": "#1"},
				"south": {"uv": [11.875, 4.375, 12.25, 4.5], "rotation": 270, "texture": "#1"},
				"west": {"uv": [11.875, 3.625, 12.125, 4.5], "rotation": 270, "texture": "#1"},
				"up": {"uv": [11.875, 3.625, 12.25, 4.5], "texture": "#1"},
				"down": {"uv": [11.875, 3.625, 12.25, 4.5], "rotation": 180, "texture": "#1"}
			}
		},
		{
			"from": [10.28875, 13.39348, 9.51592],
			"to": [11.92875, 14.82848, 11.15592],
			"rotation": {"angle": -22.5, "axis": "x", "origin": [11.10875, 14.62348, 10.33592]},
			"faces": {
				"north": {"uv": [8.375, 6.75, 9.25, 7.625], "texture": "#1"},
				"east": {"uv": [9.25, 6.75, 10.125, 7.625], "texture": "#1"},
				"south": {"uv": [10.125, 6.75, 11, 7.625], "texture": "#1"},
				"west": {"uv": [9.25, 6.75, 10.125, 7.625], "texture": "#1"},
				"up": {"uv": [10, 6.5, 10.875, 6.625], "texture": "#1"},
				"down": {"uv": [8.375, 6.75, 9.25, 7.625], "texture": "#1"}
			}
		},
		{
			"from": [10.28875, 14.82848, 9.51592],
			"to": [11.92875, 15.64848, 10.95092],
			"rotation": {"angle": -22.5, "axis": "x", "origin": [11.10875, 14.62348, 10.33592]},
			"faces": {
				"north": {"uv": [8.375, 6.25, 9.25, 6.75], "texture": "#1"},
				"east": {"uv": [10.875, 6.25, 11.625, 6.75], "texture": "#1"},
				"south": {"uv": [10, 6.25, 10.875, 6.75], "texture": "#1"},
				"west": {"uv": [9.25, 6.25, 10, 6.75], "texture": "#1"},
				"up": {"uv": [8.375, 6.75, 9.25, 7.75], "texture": "#1"},
				"down": {"uv": [0, 0, 0.5, 0.4375], "texture": "#1"}
			}
		},
		{
			"name": "Wing Right",
			"from": [9.87875, 14.08693, 9.29532],
			"to": [10.28875, 15.31693, 11.75532],
			"rotation": {"angle": 45, "axis": "x", "origin": [10.08375, 14.70193, 10.52532]},
			"faces": {
				"north": {"uv": [8.375, 7.625, 8.625, 8.5], "texture": "#1"},
				"east": {"uv": [8.375, 7.625, 10.125, 8.5], "texture": "#1"},
				"south": {"uv": [9.875, 7.625, 10.125, 8.5], "texture": "#1"},
				"west": {"uv": [8.375, 7.625, 10.125, 8.5], "texture": "#1"},
				"up": {"uv": [8.375, 7.625, 10.125, 7.875], "rotation": 270, "texture": "#1"},
				"down": {"uv": [8.375, 8.25, 10.125, 8.5], "rotation": 270, "texture": "#1"}
			}
		},
		{
			"name": "Wing Left",
			"from": [11.92875, 14.08693, 9.29532],
			"to": [12.33875, 15.31693, 11.75532],
			"rotation": {"angle": 45, "axis": "x", "origin": [12.13375, 14.70193, 10.52532]},
			"faces": {
				"north": {"uv": [8.375, 8.5, 8.625, 9.375], "texture": "#1"},
				"east": {"uv": [8.375, 8.5, 10.125, 9.375], "rotation": 180, "texture": "#1"},
				"south": {"uv": [9.875, 8.5, 10.125, 9.375], "rotation": 180, "texture": "#1"},
				"west": {"uv": [8.375, 7.625, 10.125, 8.5], "texture": "#1"},
				"up": {"uv": [8.375, 9.125, 10.125, 9.375], "rotation": 270, "texture": "#1"},
				"down": {"uv": [8.375, 8.5, 10.125, 8.75], "rotation": 270, "texture": "#1"}
			}
		},
		{
			"from": [10.28875, 15.44348, 8.92655],
			"to": [11.92875, 16.87848, 10.36155],
			"rotation": {"angle": 0, "axis": "x", "origin": [11.10875, 16.67348, 9.74655]},
			"faces": {
				"north": {"uv": [12.25, 7.375, 13.25, 8.5], "rotation": 90, "texture": "#1"},
				"east": {"uv": [15, 6.25, 16, 7.375], "texture": "#1"},
				"south": {"uv": [12.25, 6.25, 13.25, 7.375], "rotation": 90, "texture": "#1"},
				"west": {"uv": [14, 6.25, 15, 7.375], "texture": "#1"},
				"up": {"uv": [13.125, 6.25, 14, 7.375], "rotation": 90, "texture": "#1"},
				"down": {"uv": [13.125, 6.25, 14, 7.375], "rotation": 270, "texture": "#1"}
			}
		},
		{
			"from": [10.69875, 15.85348, 8.64467],
			"to": [11.51875, 16.46848, 8.92655],
			"rotation": {"angle": 0, "axis": "x", "origin": [11.10875, 16.67348, 9.74655]},
			"faces": {
				"north": {"uv": [11.625, 3.125, 12.125, 3.625], "rotation": 90, "texture": "#1"},
				"east": {"uv": [11.625, 3.5, 12.125, 3.625], "rotation": 90, "texture": "#1"},
				"south": {"uv": [11.625, 3.125, 12.125, 3.625], "rotation": 90, "texture": "#1"},
				"west": {"uv": [11.625, 3.5, 12.125, 3.625], "rotation": 90, "texture": "#1"},
				"up": {"uv": [11.625, 3.125, 11.75, 3.625], "rotation": 90, "texture": "#1"},
				"down": {"uv": [12, 3.125, 12.125, 3.625], "rotation": 90, "texture": "#1"}
			}
		},
		{
			"from": [10.80125, 15.3666, 8.64467],
			"to": [11.41625, 15.9816, 9.25967],
			"rotation": {"angle": 22.5, "axis": "x", "origin": [11.21125, 16.1866, 9.46467]},
			"faces": {
				"north": {"uv": [11.75, 4.5, 12.25, 5], "rotation": 90, "texture": "#1"},
				"east": {"uv": [11.75, 4.5, 12.25, 5], "rotation": 90, "texture": "#1"},
				"south": {"uv": [11.75, 4.5, 12.25, 5], "rotation": 90, "texture": "#1"},
				"west": {"uv": [11.75, 4.5, 12.25, 5], "rotation": 90, "texture": "#1"},
				"up": {"uv": [11.25, 4.5, 11.75, 5], "rotation": 90, "texture": "#1"},
				"down": {"uv": [11.25, 4.5, 11.75, 5], "rotation": 90, "texture": "#1"}
			}
		},
		{
			"from": [10.30797, 13.42383, 11.10911],
			"to": [11.90953, 13.83383, 12.74911],
			"rotation": {"angle": 22.5, "axis": "x", "origin": [11.10875, 13.62883, 12.33911]},
			"faces": {
				"north": {"uv": [11, 4.25, 11.875, 4.5], "texture": "#1"},
				"east": {"uv": [11.625, 6.75, 11.875, 7.625], "rotation": 90, "texture": "#1"},
				"south": {"uv": [11, 7.375, 11.875, 7.625], "texture": "#1"},
				"west": {"uv": [11, 6.75, 11.25, 7.625], "rotation": 270, "texture": "#1"},
				"up": {"uv": [11, 6.75, 11.875, 7.625], "texture": "#1"},
				"down": {"uv": [11.125, 6.75, 12, 7.625], "rotation": 180, "texture": "#1"}
			}
		},
		{
			"from": [10.71797, 13.42383, 12.74911],
			"to": [11.49953, 13.83383, 14.38911],
			"rotation": {"angle": 22.5, "axis": "x", "origin": [11.10875, 13.62883, 12.33911]},
			"faces": {
				"north": {"uv": [11.875, 3.625, 12.25, 3.75], "rotation": 270, "texture": "#1"},
				"east": {"uv": [11.875, 6.75, 12.125, 7.625], "rotation": 90, "texture": "#1"},
				"south": {"uv": [11.875, 7.5, 12.25, 7.625], "rotation": 270, "texture": "#1"},
				"west": {"uv": [11.875, 6.75, 12.125, 7.625], "rotation": 270, "texture": "#1"},
				"up": {"uv": [11.875, 6.75, 12.25, 7.625], "texture": "#1"},
				"down": {"uv": [11.875, 6.75, 12.25, 7.625], "rotation": 180, "texture": "#1"}
			}
		},
		{
			"from": [6.8906, 20.078, 8.25],
			"to": [9.1094, 27.9728, 8.25],
			"rotation": {"angle": 0, "axis": "y", "origin": [13.547, 21.086, 13.9168]},
			"faces": {
				"north": {"uv": [2, 1, 3.99975, 10.99975], "texture": "#0"},
				"east": {"uv": [2, 1, 3.99975, 10.99975], "texture": "#0"},
				"south": {"uv": [2, 1, 3.99975, 10.99975], "texture": "#0"},
				"west": {"uv": [2, 1, 3.99975, 10.99975], "texture": "#0"},
				"up": {"uv": [2, 1, 3.99975, 10.99975], "texture": "#0"},
				"down": {"uv": [2, 1, 3.99975, 10.99975], "texture": "#0"}
			}
		},
		{
			"from": [6.8906, 28.578, 8.25],
			"to": [9.1094, 30.9728, 8.25],
			"rotation": {"angle": 0, "axis": "y", "origin": [13.547, 21.086, 13.9168]},
			"faces": {
				"north": {"uv": [2, 1, 3.99925, 3.99875], "texture": "#0"},
				"east": {"uv": [2, 1, 3.99925, 3.99875], "texture": "#0"},
				"south": {"uv": [2, 1, 3.99925, 3.99875], "texture": "#0"},
				"west": {"uv": [2, 1, 3.99925, 3.99875], "texture": "#0"},
				"up": {"uv": [2, 1, 3.99925, 3.99875], "texture": "#0"},
				"down": {"uv": [2, 1, 3.99925, 3.99875], "texture": "#0"}
			}
		},
		{
			"from": [8, 19.8372, 7.1406],
			"to": [8, 29.452, 9.3594],
			"rotation": {"angle": 0, "axis": "y", "origin": [8, 21.086, 8]},
			"faces": {
				"north": {"uv": [2, 1, 4, 13], "texture": "#0"},
				"east": {"uv": [2, 1, 4, 13], "texture": "#0"},
				"south": {"uv": [2, 1, 4, 13], "texture": "#0"},
				"west": {"uv": [2, 1, 4, 13], "texture": "#0"},
				"up": {"uv": [2, 1, 4, 13], "texture": "#0"},
				"down": {"uv": [2, 1, 4, 13], "texture": "#0"}
			}
		}
	],
	"display": {
		"thirdperson_righthand": {
			"rotation": [75, 45, 0],
			"translation": [0, -1.5, -6.25],
			"scale": [0.55664, 0.55664, 0.55664]
		},
		"thirdperson_lefthand": {
			"rotation": [75, 45, 0],
			"translation": [0, -1.5, -6.25],
			"scale": [0.55664, 0.55664, 0.55664]
		},
		"firstperson_righthand": {
			"rotation": [8, 13.75, -7.75],
			"translation": [2, 1.75, 0],
			"scale": [0.4, 0.4, 0.4]
		},
		"firstperson_lefthand": {
			"rotation": [8, 13.75, -7.75],
			"translation": [2, 1.75, 0],
			"scale": [0.4, 0.4, 0.4]
		},
		"ground": {
			"translation": [0, 2.5, 0],
			"scale": [0.75195, 0.75195, 0.75195]
		},
		"gui": {
			"rotation": [16, -138, 0],
			"translation": [0.5, -2.5, 0],
			"scale": [0.46289, 0.46289, 0.46289]
		},
		"head": {
			"translation": [0, 14.75, 0]
		},
		"fixed": {
			"rotation": [90, 0, 0],
			"translation": [0, 0, -45.25],
			"scale": [2, 2, 2]
		}
	},
	"groups": [
		{
			"name": "Bottom",
			"origin": [8, 11, 8],
			"children": [0, 1, 2, 3, 4]
		},
		{
			"name": "Perches",
			"origin": [8, 19, 13.4375],
			"children": [5, 6]
		},
		{
			"name": "Birb Food",
			"origin": [2.5, 5.25, 13.9375],
			"children": [7, 8, 9, 10, 11, 12, 13, 14]
		},
		{
			"name": "Birb Water",
			"origin": [2.5, 5.25, 13.9375],
			"children": [15, 16, 17, 18, 19, 20, 21, 22]
		},
		{
			"name": "Cage",
			"origin": [8, 24.24164, 9.25636],
			"children": [23, 24, 25, 26, 27, 28, 29, 30, 31, 32, 33, 34, 35, 36, 37, 38]
		},
		{
			"name": "BlueBudgie",
			"origin": [-10, 0.28701, 13.44291],
			"children": [39, 40, 41, 42, 43, 44, 45, 46, 47]
		},
		{
			"name": "BlueBudgie",
			"origin": [-10, 0.28701, 13.44291],
			"children": [48, 49, 50, 51, 52, 53, 54, 55, 56]
		},
		{
			"name": "chain_medium",
			"origin": [8, 8, 8],
			"children": [
				{
					"name": "group",
					"origin": [8, 8, 8],
					"children": []
				},
				{
					"name": "group",
					"origin": [8, 8, 8],
					"children": [57, 58, 59]
				}
			]
		}
	]
}