{
	"credit": "Made with Blockbench",
	"textures": {
		"1": "block/MizunoArchive/iron_bars"
	},
	"elements": [
		{
			"from": [7, 0, 7],
			"to": [9, 16, 9],
			"faces": {
				"north": {"uv": [10, 9, 11, 12], "texture": "#1"},
				"east": {"uv": [10, 9, 11, 12], "texture": "#1"},
				"south": {"uv": [10, 9, 11, 12], "texture": "#1"},
				"west": {"uv": [10, 9, 11, 12], "texture": "#1"},
				"up": {"uv": [10, 9, 11, 12], "texture": "#1"},
				"down": {"uv": [10, 9, 11, 12], "texture": "#1"}
			}
		},
		{
			"from": [6, 7, 7],
			"to": [7, 11, 9],
			"faces": {
				"north": {"uv": [7, 0, 8, 3], "texture": "#1"},
				"east": {"uv": [7, 0, 8, 3], "texture": "#1"},
				"south": {"uv": [7, 0, 8, 3], "texture": "#1"},
				"west": {"uv": [7, 0, 8, 3], "texture": "#1"},
				"up": {"uv": [7, 0, 8, 3], "texture": "#1"},
				"down": {"uv": [7, 0, 8, 3], "texture": "#1"}
			}
		},
		{
			"from": [5, 4, 7],
			"to": [6, 7, 9],
			"faces": {
				"north": {"uv": [7, 0, 8, 3], "texture": "#1"},
				"east": {"uv": [7, 0, 8, 3], "texture": "#1"},
				"south": {"uv": [7, 0, 8, 3], "texture": "#1"},
				"west": {"uv": [7, 0, 8, 3], "texture": "#1"},
				"up": {"uv": [7, 0, 8, 3], "texture": "#1"},
				"down": {"uv": [7, 0, 8, 3], "texture": "#1"}
			}
		},
		{
			"from": [4, 2, 7],
			"to": [5, 4, 9],
			"faces": {
				"north": {"uv": [7, 0, 8, 3], "texture": "#1"},
				"east": {"uv": [7, 0, 8, 3], "texture": "#1"},
				"south": {"uv": [7, 0, 8, 3], "texture": "#1"},
				"west": {"uv": [7, 0, 8, 3], "texture": "#1"},
				"up": {"uv": [7, 0, 8, 3], "texture": "#1"},
				"down": {"uv": [7, 0, 8, 3], "texture": "#1"}
			}
		},
		{
			"from": [3, 1, 7],
			"to": [4, 2, 9],
			"faces": {
				"north": {"uv": [7, 0, 8, 3], "texture": "#1"},
				"east": {"uv": [7, 0, 8, 3], "texture": "#1"},
				"south": {"uv": [7, 0, 8, 3], "texture": "#1"},
				"west": {"uv": [7, 0, 8, 3], "texture": "#1"},
				"up": {"uv": [7, 0, 8, 3], "texture": "#1"},
				"down": {"uv": [7, 0, 8, 3], "texture": "#1"}
			}
		},
		{
			"from": [0, 0, 7],
			"to": [3, 1, 9],
			"faces": {
				"north": {"uv": [7, 0, 8, 3], "texture": "#1"},
				"east": {"uv": [7, 0, 8, 3], "texture": "#1"},
				"south": {"uv": [7, 0, 8, 3], "texture": "#1"},
				"west": {"uv": [7, 0, 8, 3], "texture": "#1"},
				"up": {"uv": [7, 0, 8, 3], "texture": "#1"},
				"down": {"uv": [7, 0, 8, 3], "texture": "#1"}
			}
		},
		{
			"from": [-1, 1, 7],
			"to": [0, 2, 9],
			"faces": {
				"north": {"uv": [7, 0, 8, 3], "texture": "#1"},
				"east": {"uv": [7, 0, 8, 3], "texture": "#1"},
				"south": {"uv": [7, 0, 8, 3], "texture": "#1"},
				"west": {"uv": [7, 0, 8, 3], "texture": "#1"},
				"up": {"uv": [7, 0, 8, 3], "texture": "#1"},
				"down": {"uv": [7, 0, 8, 3], "texture": "#1"}
			}
		},
		{
			"from": [-2, 2, 7],
			"to": [-1, 4, 9],
			"faces": {
				"north": {"uv": [7, 0, 8, 3], "texture": "#1"},
				"east": {"uv": [7, 0, 8, 3], "texture": "#1"},
				"south": {"uv": [7, 0, 8, 3], "texture": "#1"},
				"west": {"uv": [7, 0, 8, 3], "texture": "#1"},
				"up": {"uv": [7, 0, 8, 3], "texture": "#1"},
				"down": {"uv": [7, 0, 8, 3], "texture": "#1"}
			}
		},
		{
			"from": [-1, 4, 7],
			"to": [0, 5, 9],
			"faces": {
				"north": {"uv": [7, 0, 8, 3], "texture": "#1"},
				"east": {"uv": [7, 0, 8, 3], "texture": "#1"},
				"south": {"uv": [7, 0, 8, 3], "texture": "#1"},
				"west": {"uv": [7, 0, 8, 3], "texture": "#1"},
				"up": {"uv": [7, 0, 8, 3], "texture": "#1"},
				"down": {"uv": [7, 0, 8, 3], "texture": "#1"}
			}
		},
		{
			"from": [6, 13, 7],
			"to": [7, 15, 9],
			"faces": {
				"north": {"uv": [7, 0, 8, 3], "texture": "#1"},
				"east": {"uv": [7, 0, 8, 3], "texture": "#1"},
				"south": {"uv": [7, 0, 8, 3], "texture": "#1"},
				"west": {"uv": [7, 0, 8, 3], "texture": "#1"},
				"up": {"uv": [7, 0, 8, 3], "texture": "#1"},
				"down": {"uv": [7, 0, 8, 3], "texture": "#1"}
			}
		},
		{
			"from": [5, 15, 7],
			"to": [6, 16, 9],
			"faces": {
				"north": {"uv": [7, 0, 8, 3], "texture": "#1"},
				"east": {"uv": [7, 0, 8, 3], "texture": "#1"},
				"south": {"uv": [7, 0, 8, 3], "texture": "#1"},
				"west": {"uv": [7, 0, 8, 3], "texture": "#1"},
				"up": {"uv": [7, 0, 8, 3], "texture": "#1"},
				"down": {"uv": [7, 0, 8, 3], "texture": "#1"}
			}
		},
		{
			"from": [7, 7, 6],
			"to": [9, 11, 7],
			"faces": {
				"north": {"uv": [7, 0, 8, 3], "rotation": 90, "texture": "#1"},
				"east": {"uv": [7, 0, 8, 3], "rotation": 90, "texture": "#1"},
				"south": {"uv": [7, 0, 8, 3], "rotation": 90, "texture": "#1"},
				"west": {"uv": [7, 0, 8, 3], "rotation": 90, "texture": "#1"},
				"up": {"uv": [7, 0, 8, 3], "rotation": 90, "texture": "#1"},
				"down": {"uv": [7, 0, 8, 3], "rotation": 90, "texture": "#1"}
			}
		},
		{
			"from": [7, 4, 5],
			"to": [9, 7, 6],
			"faces": {
				"north": {"uv": [7, 0, 8, 3], "rotation": 90, "texture": "#1"},
				"east": {"uv": [7, 0, 8, 3], "rotation": 90, "texture": "#1"},
				"south": {"uv": [7, 0, 8, 3], "rotation": 90, "texture": "#1"},
				"west": {"uv": [7, 0, 8, 3], "rotation": 90, "texture": "#1"},
				"up": {"uv": [7, 0, 8, 3], "rotation": 90, "texture": "#1"},
				"down": {"uv": [7, 0, 8, 3], "rotation": 90, "texture": "#1"}
			}
		},
		{
			"from": [7, 2, 4],
			"to": [9, 4, 5],
			"faces": {
				"north": {"uv": [7, 0, 8, 3], "rotation": 90, "texture": "#1"},
				"east": {"uv": [7, 0, 8, 3], "rotation": 90, "texture": "#1"},
				"south": {"uv": [7, 0, 8, 3], "rotation": 90, "texture": "#1"},
				"west": {"uv": [7, 0, 8, 3], "rotation": 90, "texture": "#1"},
				"up": {"uv": [7, 0, 8, 3], "rotation": 90, "texture": "#1"},
				"down": {"uv": [7, 0, 8, 3], "rotation": 90, "texture": "#1"}
			}
		},
		{
			"from": [7, 1, 3],
			"to": [9, 2, 4],
			"faces": {
				"north": {"uv": [7, 0, 8, 3], "rotation": 90, "texture": "#1"},
				"east": {"uv": [7, 0, 8, 3], "rotation": 90, "texture": "#1"},
				"south": {"uv": [7, 0, 8, 3], "rotation": 90, "texture": "#1"},
				"west": {"uv": [7, 0, 8, 3], "rotation": 90, "texture": "#1"},
				"up": {"uv": [7, 0, 8, 3], "rotation": 90, "texture": "#1"},
				"down": {"uv": [7, 0, 8, 3], "rotation": 90, "texture": "#1"}
			}
		},
		{
			"from": [7, 0, 0],
			"to": [9, 1, 3],
			"faces": {
				"north": {"uv": [7, 0, 8, 3], "rotation": 90, "texture": "#1"},
				"east": {"uv": [7, 0, 8, 3], "rotation": 90, "texture": "#1"},
				"south": {"uv": [7, 0, 8, 3], "rotation": 90, "texture": "#1"},
				"west": {"uv": [7, 0, 8, 3], "rotation": 90, "texture": "#1"},
				"up": {"uv": [7, 0, 8, 3], "rotation": 90, "texture": "#1"},
				"down": {"uv": [7, 0, 8, 3], "rotation": 90, "texture": "#1"}
			}
		},
		{
			"from": [7, 1, -1],
			"to": [9, 2, 0],
			"faces": {
				"north": {"uv": [7, 0, 8, 3], "rotation": 90, "texture": "#1"},
				"east": {"uv": [7, 0, 8, 3], "rotation": 90, "texture": "#1"},
				"south": {"uv": [7, 0, 8, 3], "rotation": 90, "texture": "#1"},
				"west": {"uv": [7, 0, 8, 3], "rotation": 90, "texture": "#1"},
				"up": {"uv": [7, 0, 8, 3], "rotation": 90, "texture": "#1"},
				"down": {"uv": [7, 0, 8, 3], "rotation": 90, "texture": "#1"}
			}
		},
		{
			"from": [7, 2, -2],
			"to": [9, 4, -1],
			"faces": {
				"north": {"uv": [7, 0, 8, 3], "rotation": 90, "texture": "#1"},
				"east": {"uv": [7, 0, 8, 3], "rotation": 90, "texture": "#1"},
				"south": {"uv": [7, 0, 8, 3], "rotation": 90, "texture": "#1"},
				"west": {"uv": [7, 0, 8, 3], "rotation": 90, "texture": "#1"},
				"up": {"uv": [7, 0, 8, 3], "rotation": 90, "texture": "#1"},
				"down": {"uv": [7, 0, 8, 3], "rotation": 90, "texture": "#1"}
			}
		},
		{
			"from": [7, 4, -1],
			"to": [9, 5, 0],
			"faces": {
				"north": {"uv": [7, 0, 8, 3], "rotation": 90, "texture": "#1"},
				"east": {"uv": [7, 0, 8, 3], "rotation": 90, "texture": "#1"},
				"south": {"uv": [7, 0, 8, 3], "rotation": 90, "texture": "#1"},
				"west": {"uv": [7, 0, 8, 3], "rotation": 90, "texture": "#1"},
				"up": {"uv": [7, 0, 8, 3], "rotation": 90, "texture": "#1"},
				"down": {"uv": [7, 0, 8, 3], "rotation": 90, "texture": "#1"}
			}
		},
		{
			"from": [7, 13, 6],
			"to": [9, 15, 7],
			"faces": {
				"north": {"uv": [7, 0, 8, 3], "rotation": 90, "texture": "#1"},
				"east": {"uv": [7, 0, 8, 3], "rotation": 90, "texture": "#1"},
				"south": {"uv": [7, 0, 8, 3], "rotation": 90, "texture": "#1"},
				"west": {"uv": [7, 0, 8, 3], "rotation": 90, "texture": "#1"},
				"up": {"uv": [7, 0, 8, 3], "rotation": 90, "texture": "#1"},
				"down": {"uv": [7, 0, 8, 3], "rotation": 90, "texture": "#1"}
			}
		},
		{
			"from": [7, 15, 5],
			"to": [9, 16, 6],
			"faces": {
				"north": {"uv": [7, 0, 8, 3], "rotation": 90, "texture": "#1"},
				"east": {"uv": [7, 0, 8, 3], "rotation": 90, "texture": "#1"},
				"south": {"uv": [7, 0, 8, 3], "rotation": 90, "texture": "#1"},
				"west": {"uv": [7, 0, 8, 3], "rotation": 90, "texture": "#1"},
				"up": {"uv": [7, 0, 8, 3], "rotation": 90, "texture": "#1"},
				"down": {"uv": [7, 0, 8, 3], "rotation": 90, "texture": "#1"}
			}
		},
		{
			"from": [9, 7, 7],
			"to": [10, 11, 9],
			"faces": {
				"north": {"uv": [7, 0, 8, 3], "rotation": 180, "texture": "#1"},
				"east": {"uv": [7, 0, 8, 3], "rotation": 180, "texture": "#1"},
				"south": {"uv": [7, 0, 8, 3], "rotation": 180, "texture": "#1"},
				"west": {"uv": [7, 0, 8, 3], "rotation": 180, "texture": "#1"},
				"up": {"uv": [7, 0, 8, 3], "rotation": 180, "texture": "#1"},
				"down": {"uv": [7, 0, 8, 3], "rotation": 180, "texture": "#1"}
			}
		},
		{
			"from": [10, 4, 7],
			"to": [11, 7, 9],
			"faces": {
				"north": {"uv": [7, 0, 8, 3], "rotation": 180, "texture": "#1"},
				"east": {"uv": [7, 0, 8, 3], "rotation": 180, "texture": "#1"},
				"south": {"uv": [7, 0, 8, 3], "rotation": 180, "texture": "#1"},
				"west": {"uv": [7, 0, 8, 3], "rotation": 180, "texture": "#1"},
				"up": {"uv": [7, 0, 8, 3], "rotation": 180, "texture": "#1"},
				"down": {"uv": [7, 0, 8, 3], "rotation": 180, "texture": "#1"}
			}
		},
		{
			"from": [11, 2, 7],
			"to": [12, 4, 9],
			"faces": {
				"north": {"uv": [7, 0, 8, 3], "rotation": 180, "texture": "#1"},
				"east": {"uv": [7, 0, 8, 3], "rotation": 180, "texture": "#1"},
				"south": {"uv": [7, 0, 8, 3], "rotation": 180, "texture": "#1"},
				"west": {"uv": [7, 0, 8, 3], "rotation": 180, "texture": "#1"},
				"up": {"uv": [7, 0, 8, 3], "rotation": 180, "texture": "#1"},
				"down": {"uv": [7, 0, 8, 3], "rotation": 180, "texture": "#1"}
			}
		},
		{
			"from": [12, 1, 7],
			"to": [13, 2, 9],
			"faces": {
				"north": {"uv": [7, 0, 8, 3], "rotation": 180, "texture": "#1"},
				"east": {"uv": [7, 0, 8, 3], "rotation": 180, "texture": "#1"},
				"south": {"uv": [7, 0, 8, 3], "rotation": 180, "texture": "#1"},
				"west": {"uv": [7, 0, 8, 3], "rotation": 180, "texture": "#1"},
				"up": {"uv": [7, 0, 8, 3], "rotation": 180, "texture": "#1"},
				"down": {"uv": [7, 0, 8, 3], "rotation": 180, "texture": "#1"}
			}
		},
		{
			"from": [13, 0, 7],
			"to": [16, 1, 9],
			"faces": {
				"north": {"uv": [7, 0, 8, 3], "rotation": 180, "texture": "#1"},
				"east": {"uv": [7, 0, 8, 3], "rotation": 180, "texture": "#1"},
				"south": {"uv": [7, 0, 8, 3], "rotation": 180, "texture": "#1"},
				"west": {"uv": [7, 0, 8, 3], "rotation": 180, "texture": "#1"},
				"up": {"uv": [7, 0, 8, 3], "rotation": 180, "texture": "#1"},
				"down": {"uv": [7, 0, 8, 3], "rotation": 180, "texture": "#1"}
			}
		},
		{
			"from": [16, 1, 7],
			"to": [17, 2, 9],
			"faces": {
				"north": {"uv": [7, 0, 8, 3], "rotation": 180, "texture": "#1"},
				"east": {"uv": [7, 0, 8, 3], "rotation": 180, "texture": "#1"},
				"south": {"uv": [7, 0, 8, 3], "rotation": 180, "texture": "#1"},
				"west": {"uv": [7, 0, 8, 3], "rotation": 180, "texture": "#1"},
				"up": {"uv": [7, 0, 8, 3], "rotation": 180, "texture": "#1"},
				"down": {"uv": [7, 0, 8, 3], "rotation": 180, "texture": "#1"}
			}
		},
		{
			"from": [17, 2, 7],
			"to": [18, 4, 9],
			"faces": {
				"north": {"uv": [7, 0, 8, 3], "rotation": 180, "texture": "#1"},
				"east": {"uv": [7, 0, 8, 3], "rotation": 180, "texture": "#1"},
				"south": {"uv": [7, 0, 8, 3], "rotation": 180, "texture": "#1"},
				"west": {"uv": [7, 0, 8, 3], "rotation": 180, "texture": "#1"},
				"up": {"uv": [7, 0, 8, 3], "rotation": 180, "texture": "#1"},
				"down": {"uv": [7, 0, 8, 3], "rotation": 180, "texture": "#1"}
			}
		},
		{
			"from": [16, 4, 7],
			"to": [17, 5, 9],
			"faces": {
				"north": {"uv": [7, 0, 8, 3], "rotation": 180, "texture": "#1"},
				"east": {"uv": [7, 0, 8, 3], "rotation": 180, "texture": "#1"},
				"south": {"uv": [7, 0, 8, 3], "rotation": 180, "texture": "#1"},
				"west": {"uv": [7, 0, 8, 3], "rotation": 180, "texture": "#1"},
				"up": {"uv": [7, 0, 8, 3], "rotation": 180, "texture": "#1"},
				"down": {"uv": [7, 0, 8, 3], "rotation": 180, "texture": "#1"}
			}
		},
		{
			"from": [9, 13, 7],
			"to": [10, 15, 9],
			"faces": {
				"north": {"uv": [7, 0, 8, 3], "rotation": 180, "texture": "#1"},
				"east": {"uv": [7, 0, 8, 3], "rotation": 180, "texture": "#1"},
				"south": {"uv": [7, 0, 8, 3], "rotation": 180, "texture": "#1"},
				"west": {"uv": [7, 0, 8, 3], "rotation": 180, "texture": "#1"},
				"up": {"uv": [7, 0, 8, 3], "rotation": 180, "texture": "#1"},
				"down": {"uv": [7, 0, 8, 3], "rotation": 180, "texture": "#1"}
			}
		},
		{
			"from": [10, 15, 7],
			"to": [11, 16, 9],
			"faces": {
				"north": {"uv": [7, 0, 8, 3], "rotation": 180, "texture": "#1"},
				"east": {"uv": [7, 0, 8, 3], "rotation": 180, "texture": "#1"},
				"south": {"uv": [7, 0, 8, 3], "rotation": 180, "texture": "#1"},
				"west": {"uv": [7, 0, 8, 3], "rotation": 180, "texture": "#1"},
				"up": {"uv": [7, 0, 8, 3], "rotation": 180, "texture": "#1"},
				"down": {"uv": [7, 0, 8, 3], "rotation": 180, "texture": "#1"}
			}
		},
		{
			"from": [7, 7, 9],
			"to": [9, 11, 10],
			"faces": {
				"north": {"uv": [7, 0, 8, 3], "rotation": 270, "texture": "#1"},
				"east": {"uv": [7, 0, 8, 3], "rotation": 270, "texture": "#1"},
				"south": {"uv": [7, 0, 8, 3], "rotation": 270, "texture": "#1"},
				"west": {"uv": [7, 0, 8, 3], "rotation": 270, "texture": "#1"},
				"up": {"uv": [7, 0, 8, 3], "rotation": 270, "texture": "#1"},
				"down": {"uv": [7, 0, 8, 3], "rotation": 270, "texture": "#1"}
			}
		},
		{
			"from": [7, 4, 10],
			"to": [9, 7, 11],
			"faces": {
				"north": {"uv": [7, 0, 8, 3], "rotation": 270, "texture": "#1"},
				"east": {"uv": [7, 0, 8, 3], "rotation": 270, "texture": "#1"},
				"south": {"uv": [7, 0, 8, 3], "rotation": 270, "texture": "#1"},
				"west": {"uv": [7, 0, 8, 3], "rotation": 270, "texture": "#1"},
				"up": {"uv": [7, 0, 8, 3], "rotation": 270, "texture": "#1"},
				"down": {"uv": [7, 0, 8, 3], "rotation": 270, "texture": "#1"}
			}
		},
		{
			"from": [7, 2, 11],
			"to": [9, 4, 12],
			"faces": {
				"north": {"uv": [7, 0, 8, 3], "rotation": 270, "texture": "#1"},
				"east": {"uv": [7, 0, 8, 3], "rotation": 270, "texture": "#1"},
				"south": {"uv": [7, 0, 8, 3], "rotation": 270, "texture": "#1"},
				"west": {"uv": [7, 0, 8, 3], "rotation": 270, "texture": "#1"},
				"up": {"uv": [7, 0, 8, 3], "rotation": 270, "texture": "#1"},
				"down": {"uv": [7, 0, 8, 3], "rotation": 270, "texture": "#1"}
			}
		},
		{
			"from": [7, 1, 12],
			"to": [9, 2, 13],
			"faces": {
				"north": {"uv": [7, 0, 8, 3], "rotation": 270, "texture": "#1"},
				"east": {"uv": [7, 0, 8, 3], "rotation": 270, "texture": "#1"},
				"south": {"uv": [7, 0, 8, 3], "rotation": 270, "texture": "#1"},
				"west": {"uv": [7, 0, 8, 3], "rotation": 270, "texture": "#1"},
				"up": {"uv": [7, 0, 8, 3], "rotation": 270, "texture": "#1"},
				"down": {"uv": [7, 0, 8, 3], "rotation": 270, "texture": "#1"}
			}
		},
		{
			"from": [7, 0, 13],
			"to": [9, 1, 16],
			"faces": {
				"north": {"uv": [7, 0, 8, 3], "rotation": 270, "texture": "#1"},
				"east": {"uv": [7, 0, 8, 3], "rotation": 270, "texture": "#1"},
				"south": {"uv": [7, 0, 8, 3], "rotation": 270, "texture": "#1"},
				"west": {"uv": [7, 0, 8, 3], "rotation": 270, "texture": "#1"},
				"up": {"uv": [7, 0, 8, 3], "rotation": 270, "texture": "#1"},
				"down": {"uv": [7, 0, 8, 3], "rotation": 270, "texture": "#1"}
			}
		},
		{
			"from": [7, 1, 16],
			"to": [9, 2, 17],
			"faces": {
				"north": {"uv": [7, 0, 8, 3], "rotation": 270, "texture": "#1"},
				"east": {"uv": [7, 0, 8, 3], "rotation": 270, "texture": "#1"},
				"south": {"uv": [7, 0, 8, 3], "rotation": 270, "texture": "#1"},
				"west": {"uv": [7, 0, 8, 3], "rotation": 270, "texture": "#1"},
				"up": {"uv": [7, 0, 8, 3], "rotation": 270, "texture": "#1"},
				"down": {"uv": [7, 0, 8, 3], "rotation": 270, "texture": "#1"}
			}
		},
		{
			"from": [7, 2, 17],
			"to": [9, 4, 18],
			"faces": {
				"north": {"uv": [7, 0, 8, 3], "rotation": 270, "texture": "#1"},
				"east": {"uv": [7, 0, 8, 3], "rotation": 270, "texture": "#1"},
				"south": {"uv": [7, 0, 8, 3], "rotation": 270, "texture": "#1"},
				"west": {"uv": [7, 0, 8, 3], "rotation": 270, "texture": "#1"},
				"up": {"uv": [7, 0, 8, 3], "rotation": 270, "texture": "#1"},
				"down": {"uv": [7, 0, 8, 3], "rotation": 270, "texture": "#1"}
			}
		},
		{
			"from": [7, 4, 16],
			"to": [9, 5, 17],
			"faces": {
				"north": {"uv": [7, 0, 8, 3], "rotation": 270, "texture": "#1"},
				"east": {"uv": [7, 0, 8, 3], "rotation": 270, "texture": "#1"},
				"south": {"uv": [7, 0, 8, 3], "rotation": 270, "texture": "#1"},
				"west": {"uv": [7, 0, 8, 3], "rotation": 270, "texture": "#1"},
				"up": {"uv": [7, 0, 8, 3], "rotation": 270, "texture": "#1"},
				"down": {"uv": [7, 0, 8, 3], "rotation": 270, "texture": "#1"}
			}
		},
		{
			"from": [7, 13, 9],
			"to": [9, 15, 10],
			"faces": {
				"north": {"uv": [7, 0, 8, 3], "rotation": 270, "texture": "#1"},
				"east": {"uv": [7, 0, 8, 3], "rotation": 270, "texture": "#1"},
				"south": {"uv": [7, 0, 8, 3], "rotation": 270, "texture": "#1"},
				"west": {"uv": [7, 0, 8, 3], "rotation": 270, "texture": "#1"},
				"up": {"uv": [7, 0, 8, 3], "rotation": 270, "texture": "#1"},
				"down": {"uv": [7, 0, 8, 3], "rotation": 270, "texture": "#1"}
			}
		},
		{
			"from": [7, 15, 10],
			"to": [9, 16, 11],
			"faces": {
				"north": {"uv": [7, 0, 8, 3], "rotation": 270, "texture": "#1"},
				"east": {"uv": [7, 0, 8, 3], "rotation": 270, "texture": "#1"},
				"south": {"uv": [7, 0, 8, 3], "rotation": 270, "texture": "#1"},
				"west": {"uv": [7, 0, 8, 3], "rotation": 270, "texture": "#1"},
				"up": {"uv": [7, 0, 8, 3], "rotation": 270, "texture": "#1"},
				"down": {"uv": [7, 0, 8, 3], "rotation": 270, "texture": "#1"}
			}
		},
		{
			"name": "Round thingy",
			"from": [6, 11, 5],
			"to": [10, 13, 11],
			"faces": {
				"north": {"uv": [10, 9, 11, 12], "texture": "#1"},
				"east": {"uv": [10, 9, 11, 12], "texture": "#1"},
				"south": {"uv": [10, 9, 11, 12], "texture": "#1"},
				"west": {"uv": [10, 9, 11, 12], "texture": "#1"},
				"up": {"uv": [10, 9, 11, 12], "texture": "#1"},
				"down": {"uv": [10, 9, 11, 12], "texture": "#1"}
			}
		},
		{
			"name": "Round thingy",
			"from": [5, 11, 6],
			"to": [11, 13, 10],
			"faces": {
				"north": {"uv": [10, 9, 11, 12], "texture": "#1"},
				"east": {"uv": [10, 9, 11, 12], "texture": "#1"},
				"south": {"uv": [10, 9, 11, 12], "texture": "#1"},
				"west": {"uv": [10, 9, 11, 12], "texture": "#1"},
				"up": {"uv": [10, 9, 11, 12], "texture": "#1"},
				"down": {"uv": [10, 9, 11, 12], "texture": "#1"}
			}
		}
	],
	"display": {
		"thirdperson_righthand": {
			"rotation": [75, 45, 0],
			"translation": [0, 2.5, 0],
			"scale": [0.375, 0.375, 0.375]
		},
		"thirdperson_lefthand": {
			"rotation": [75, 45, 0],
			"translation": [0, 2.5, 0],
			"scale": [0.375, 0.375, 0.375]
		},
		"firstperson_righthand": {
			"rotation": [0, 45, 0],
			"scale": [0.4, 0.4, 0.4]
		},
		"firstperson_lefthand": {
			"rotation": [0, 225, 0],
			"scale": [0.4, 0.4, 0.4]
		},
		"ground": {
			"translation": [0, 2.25, 0],
			"scale": [0.67188, 0.75, 0.80078]
		},
		"fixed": {
			"rotation": [-90.5, 92, 0],
			"translation": [0, 0, -15],
			"scale": [2, 2, 2]
		}
	},
	"groups": [0,
		{
			"name": "Foot",
			"origin": [8, 8, 8],
			"children": [1, 2, 3, 4, 5, 6, 7, 8, 9, 10]
		},
		{
			"name": "Foot2",
			"origin": [8, 8, 8],
			"children": [11, 12, 13, 14, 15, 16, 17, 18, 19, 20]
		},
		{
			"name": "Foot3",
			"origin": [8, 8, 8],
			"children": [21, 22, 23, 24, 25, 26, 27, 28, 29, 30]
		},
		{
			"name": "Foot4",
			"origin": [8, 8, 8],
			"children": [31, 32, 33, 34, 35, 36, 37, 38, 39, 40]
		}, 41, 42]
}