{
	"credit": "Made with Blockbench",
	"texture_size": [32, 32],
	"textures": {
		"1": "block/Collars_black",
		"4": "block/MizunoArchive/oak_planks",
		"5": "block/Collars_leather",
		"2_1": "block/Collars_pink",
		"3_1": "block/Collars_red",
		"4_1": "block/Collars_white",
		"particle": "block/MizunoArchive/oak_planks"
	},
	"elements": [
		{
			"from": [13.375, 23.5, -4.5],
			"to": [14.125, 24.25, -0.5],
			"rotation": {"angle": 22.5, "axis": "x", "origin": [13.625, 23.75, -2.5]},
			"faces": {
				"north": {"uv": [0, 3, 1, 4], "texture": "#4"},
				"east": {"uv": [0, 3, 4, 4], "texture": "#4"},
				"south": {"uv": [0, 3, 1, 4], "texture": "#4"},
				"west": {"uv": [0, 3, 4, 4], "texture": "#4"},
				"up": {"uv": [0, 3, 4, 4], "texture": "#4"},
				"down": {"uv": [0, 3, 4, 4], "texture": "#4"}
			}
		},
		{
			"from": [1.875, 23.5, -4.5],
			"to": [2.625, 24.25, -0.5],
			"rotation": {"angle": 22.5, "axis": "x", "origin": [2.375, 23.75, -2.5]},
			"faces": {
				"north": {"uv": [0, 3, 1, 4], "texture": "#4"},
				"east": {"uv": [0, 3, 4, 4], "texture": "#4"},
				"south": {"uv": [0, 3, 1, 4], "texture": "#4"},
				"west": {"uv": [0, 3, 4, 4], "texture": "#4"},
				"up": {"uv": [0, 3, 4, 4], "texture": "#4"},
				"down": {"uv": [0, 3, 4, 4], "texture": "#4"}
			}
		},
		{
			"from": [10.623, 26.5, -4.5],
			"to": [11.373, 27.25, -0.5],
			"rotation": {"angle": 22.5, "axis": "x", "origin": [10.873, 26.75, -2.5]},
			"faces": {
				"north": {"uv": [0, 3, 1, 4], "texture": "#4"},
				"east": {"uv": [0, 3, 4, 4], "texture": "#4"},
				"south": {"uv": [0, 3, 1, 4], "texture": "#4"},
				"west": {"uv": [0, 3, 4, 4], "texture": "#4"},
				"up": {"uv": [0, 3, 4, 4], "texture": "#4"},
				"down": {"uv": [0, 3, 4, 4], "texture": "#4"}
			}
		},
		{
			"from": [7.623, 23.5, -4.5],
			"to": [8.373, 24.25, -0.5],
			"rotation": {"angle": 22.5, "axis": "x", "origin": [7.873, 23.75, -2.5]},
			"faces": {
				"north": {"uv": [0, 3, 1, 4], "texture": "#4"},
				"east": {"uv": [0, 3, 4, 4], "texture": "#4"},
				"south": {"uv": [0, 3, 1, 4], "texture": "#4"},
				"west": {"uv": [0, 3, 4, 4], "texture": "#4"},
				"up": {"uv": [0, 3, 4, 4], "texture": "#4"},
				"down": {"uv": [0, 3, 4, 4], "texture": "#4"}
			}
		},
		{
			"from": [4.623, 26.5, -4.5],
			"to": [5.373, 27.25, -0.5],
			"rotation": {"angle": 22.5, "axis": "x", "origin": [4.873, 26.75, -2.5]},
			"faces": {
				"north": {"uv": [0, 3, 1, 4], "texture": "#4"},
				"east": {"uv": [0, 3, 4, 4], "texture": "#4"},
				"south": {"uv": [0, 3, 1, 4], "texture": "#4"},
				"west": {"uv": [0, 3, 4, 4], "texture": "#4"},
				"up": {"uv": [0, 3, 4, 4], "texture": "#4"},
				"down": {"uv": [0, 3, 4, 4], "texture": "#4"}
			}
		},
		{
			"from": [1, 22, -1],
			"to": [15, 28, 0],
			"rotation": {"angle": 0, "axis": "y", "origin": [11, 28, 7]},
			"faces": {
				"north": {"uv": [0, 4, 14, 15], "texture": "#4"},
				"east": {"uv": [0, 4, 1, 7], "texture": "#4"},
				"south": {"uv": [0, 4, 14, 15], "texture": "#4"},
				"west": {"uv": [0, 4, 1, 7], "texture": "#4"},
				"up": {"uv": [0, 14, 14, 15], "texture": "#4"},
				"down": {"uv": [0, 14, 14, 15], "texture": "#4"}
			}
		},
		{
			"from": [1, 28, -1],
			"to": [15, 29, 0],
			"rotation": {"angle": 0, "axis": "y", "origin": [11, 29, 7]},
			"faces": {
				"north": {"uv": [0, 3, 14, 4], "texture": "#4"},
				"east": {"uv": [0, 3, 14, 4], "texture": "#4"},
				"south": {"uv": [0, 3, 14, 4], "texture": "#4"},
				"west": {"uv": [0, 3, 14, 4], "texture": "#4"},
				"up": {"uv": [0, 3, 14, 4], "texture": "#4"},
				"down": {"uv": [0, 3, 14, 4], "texture": "#4"}
			}
		},
		{
			"from": [1, 21, -1],
			"to": [15, 22, 0],
			"rotation": {"angle": 0, "axis": "y", "origin": [11, 22, 7]},
			"faces": {
				"north": {"uv": [0, 3, 14, 4], "texture": "#4"},
				"east": {"uv": [0, 3, 14, 4], "texture": "#4"},
				"south": {"uv": [0, 3, 14, 4], "texture": "#4"},
				"west": {"uv": [0, 3, 14, 4], "texture": "#4"},
				"up": {"uv": [0, 3, 14, 4], "texture": "#4"},
				"down": {"uv": [0, 3, 14, 4], "texture": "#4"}
			}
		},
		{
			"from": [0, 22, -1],
			"to": [1, 28, 0],
			"rotation": {"angle": 0, "axis": "y", "origin": [5, 28, 7]},
			"faces": {
				"north": {"uv": [0, 3, 6, 4], "rotation": 90, "texture": "#4"},
				"east": {"uv": [0, 3, 6, 4], "rotation": 90, "texture": "#4"},
				"south": {"uv": [0, 3, 6, 4], "rotation": 90, "texture": "#4"},
				"west": {"uv": [0, 3, 6, 4], "rotation": 90, "texture": "#4"},
				"up": {"uv": [0, 3, 6, 4], "rotation": 90, "texture": "#4"},
				"down": {"uv": [0, 3, 6, 4], "rotation": 90, "texture": "#4"}
			}
		},
		{
			"from": [2.77817, 22.70711, -0.98437],
			"to": [3.77817, 24.12132, -0.01562],
			"rotation": {"angle": -45, "axis": "z", "origin": [7.77817, 28.70711, 7]},
			"faces": {
				"north": {"uv": [0, 3, 0.5, 3.707], "texture": "#4"},
				"east": {"uv": [0, 3, 0.5, 3.707], "texture": "#4"},
				"south": {"uv": [0, 3, 0.5, 3.707], "texture": "#4"},
				"west": {"uv": [0, 3, 0.5, 3.707], "texture": "#4"},
				"up": {"uv": [0, 3, 0.5, 3.707], "texture": "#4"},
				"down": {"uv": [0, 3, 0.5, 3.707], "texture": "#4"}
			}
		},
		{
			"from": [2.77817, 25.87868, -0.98437],
			"to": [3.77817, 27.29289, -0.01562],
			"rotation": {"angle": 45, "axis": "z", "origin": [7.77817, 21.29289, 7]},
			"faces": {
				"north": {"uv": [0, 3, 0.5, 3.707], "texture": "#4"},
				"east": {"uv": [0, 3, 0.5, 3.707], "texture": "#4"},
				"south": {"uv": [0, 3, 0.5, 3.707], "texture": "#4"},
				"west": {"uv": [0, 3, 0.5, 3.707], "texture": "#4"},
				"up": {"uv": [0, 3, 0.5, 3.707], "texture": "#4"},
				"down": {"uv": [0, 3, 0.5, 3.707], "texture": "#4"}
			}
		},
		{
			"from": [12.22183, 25.87868, -0.98437],
			"to": [13.22183, 27.29289, -0.01562],
			"rotation": {"angle": -45, "axis": "z", "origin": [8.22183, 21.29289, 7]},
			"faces": {
				"north": {"uv": [0, 3, 0.5, 3.707], "texture": "#4"},
				"east": {"uv": [0, 3, 0.5, 3.707], "texture": "#4"},
				"south": {"uv": [0, 3, 0.5, 3.707], "texture": "#4"},
				"west": {"uv": [0, 3, 0.5, 3.707], "texture": "#4"},
				"up": {"uv": [0, 3, 0.5, 3.707], "texture": "#4"},
				"down": {"uv": [0, 3, 0.5, 3.707], "texture": "#4"}
			}
		},
		{
			"from": [15, 22, -1],
			"to": [16, 28, 0],
			"rotation": {"angle": 0, "axis": "y", "origin": [11, 28, 7]},
			"faces": {
				"north": {"uv": [0, 3, 6, 4], "rotation": 90, "texture": "#4"},
				"east": {"uv": [0, 4.5, 1, 14.5], "texture": "#4"},
				"south": {"uv": [0, 4.5, 1, 14.5], "texture": "#4"},
				"west": {"uv": [0, 4.5, 1, 14.5], "texture": "#4"},
				"up": {"uv": [0, 4.5, 1, 14.5], "texture": "#4"},
				"down": {"uv": [0, 4.5, 1, 14.5], "texture": "#4"}
			}
		},
		{
			"from": [12.22183, 22.70711, -0.98437],
			"to": [13.22183, 24.12132, -0.01562],
			"rotation": {"angle": 45, "axis": "z", "origin": [8.22183, 28.70711, 7]},
			"faces": {
				"north": {"uv": [0, 3, 0.5, 3.707], "texture": "#4"},
				"east": {"uv": [0, 3, 0.5, 3.707], "texture": "#4"},
				"south": {"uv": [0, 3, 0.5, 3.707], "texture": "#4"},
				"west": {"uv": [0, 3, 0.5, 3.707], "texture": "#4"},
				"up": {"uv": [0, 3, 0.5, 3.707], "texture": "#4"},
				"down": {"uv": [0, 3, 0.5, 3.707], "texture": "#4"}
			}
		},
		{
			"from": [13.45631, 3.01825, -1.52625],
			"to": [14.05369, 3.237, -1.21375],
			"rotation": {"angle": 0, "axis": "z", "origin": [13.80369, 3.12763, -1.37]},
			"faces": {
				"north": {"uv": [8.5, 0, 9, 0.5], "rotation": 180, "texture": "#2_1"},
				"east": {"uv": [8.5, 0, 9, 0.5], "rotation": 180, "texture": "#2_1"},
				"south": {"uv": [8.5, 0, 9, 0.5], "rotation": 180, "texture": "#2_1"},
				"west": {"uv": [8.5, 0, 9, 0.5], "rotation": 180, "texture": "#2_1"},
				"up": {"uv": [8.5, 0, 9, 0.5], "rotation": 180, "texture": "#2_1"},
				"down": {"uv": [8.5, 0, 9, 0.5], "rotation": 180, "texture": "#2_1"}
			}
		},
		{
			"from": [13.505, 4.55762, -1.62],
			"to": [13.995, 20.63762, -1.13],
			"rotation": {"angle": 0, "axis": "x", "origin": [13.625, 23.72762, -1.87]},
			"faces": {
				"north": {"uv": [0, 11, 7.5, 11.5], "rotation": 90, "texture": "#2_1"},
				"east": {"uv": [0, 11, 7.5, 11.5], "rotation": 90, "texture": "#2_1"},
				"south": {"uv": [0, 11, 7.5, 11.5], "rotation": 90, "texture": "#2_1"},
				"west": {"uv": [0, 11, 7.5, 11.5], "rotation": 90, "texture": "#2_1"},
				"up": {"uv": [0, 11, 7.5, 11.5], "rotation": 90, "texture": "#2_1"},
				"down": {"uv": [0, 11, 7.5, 11.5], "rotation": 90, "texture": "#2_1"}
			}
		},
		{
			"from": [12.78546, 20.4528, -1.62],
			"to": [13.27546, 23.01655, -1.13],
			"rotation": {"angle": 22.5, "axis": "z", "origin": [13.15546, 22.27655, -1.5]},
			"faces": {
				"north": {"uv": [1.5, 8.5, 3, 9], "rotation": 90, "texture": "#2_1"},
				"east": {"uv": [1.5, 8.5, 3, 9], "rotation": 90, "texture": "#2_1"},
				"south": {"uv": [1.5, 8.5, 3, 9], "rotation": 90, "texture": "#2_1"},
				"west": {"uv": [1.5, 8.5, 3, 9], "rotation": 90, "texture": "#2_1"},
				"up": {"uv": [1.5, 8.5, 3, 9], "rotation": 90, "texture": "#2_1"},
				"down": {"uv": [1.5, 8.5, 3, 9], "rotation": 90, "texture": "#2_1"}
			}
		},
		{
			"from": [14.22454, 20.4528, -1.62],
			"to": [14.71454, 23.01655, -1.13],
			"rotation": {"angle": -22.5, "axis": "z", "origin": [14.34454, 22.27655, -1.5]},
			"faces": {
				"north": {"uv": [1.5, 8.5, 3, 9], "rotation": 90, "texture": "#2_1"},
				"east": {"uv": [1.5, 8.5, 3, 9], "rotation": 90, "texture": "#2_1"},
				"south": {"uv": [1.5, 8.5, 3, 9], "rotation": 90, "texture": "#2_1"},
				"west": {"uv": [1.5, 8.5, 3, 9], "rotation": 90, "texture": "#2_1"},
				"up": {"uv": [1.5, 8.5, 3, 9], "rotation": 90, "texture": "#2_1"},
				"down": {"uv": [1.5, 8.5, 3, 9], "rotation": 90, "texture": "#2_1"}
			}
		},
		{
			"from": [12.53044, 22.81863, -1.62],
			"to": [13.02044, 23.92863, -1.13],
			"rotation": {"angle": 0, "axis": "z", "origin": [12.90044, 23.92863, -1.5]},
			"faces": {
				"north": {"uv": [1.5, 8.5, 2, 9], "rotation": 90, "texture": "#2_1"},
				"east": {"uv": [1.5, 8.5, 2, 9], "rotation": 90, "texture": "#2_1"},
				"south": {"uv": [1.5, 8.5, 2, 9], "rotation": 90, "texture": "#2_1"},
				"west": {"uv": [1.5, 8.5, 2, 9], "rotation": 90, "texture": "#2_1"},
				"up": {"uv": [1.5, 8.5, 2, 9], "rotation": 90, "texture": "#2_1"},
				"down": {"uv": [1.5, 8.5, 2, 9], "rotation": 90, "texture": "#2_1"}
			}
		},
		{
			"from": [14.47956, 22.81863, -1.62],
			"to": [14.96956, 23.92863, -1.13],
			"rotation": {"angle": 0, "axis": "z", "origin": [14.59956, 23.92863, -1.5]},
			"faces": {
				"north": {"uv": [1.5, 8.5, 2, 9], "rotation": 90, "texture": "#2_1"},
				"east": {"uv": [1.5, 8.5, 2, 9], "rotation": 90, "texture": "#2_1"},
				"south": {"uv": [1.5, 8.5, 2, 9], "rotation": 90, "texture": "#2_1"},
				"west": {"uv": [1.5, 8.5, 2, 9], "rotation": 90, "texture": "#2_1"},
				"up": {"uv": [1.5, 8.5, 2, 9], "rotation": 90, "texture": "#2_1"},
				"down": {"uv": [1.5, 8.5, 2, 9], "rotation": 90, "texture": "#2_1"}
			}
		},
		{
			"from": [12.81452, 23.50445, -1.62],
			"to": [13.30452, 24.61445, -1.13],
			"rotation": {"angle": -45, "axis": "z", "origin": [13.18452, 24.05945, -1.5]},
			"faces": {
				"north": {"uv": [2, 8.5, 2.5, 9], "rotation": 90, "texture": "#2_1"},
				"east": {"uv": [2, 8.5, 2.5, 9], "rotation": 90, "texture": "#2_1"},
				"south": {"uv": [2, 8.5, 2.5, 9], "rotation": 90, "texture": "#2_1"},
				"west": {"uv": [2, 8.5, 2.5, 9], "rotation": 90, "texture": "#2_1"},
				"up": {"uv": [2, 8.5, 2.5, 9], "rotation": 90, "texture": "#2_1"},
				"down": {"uv": [2, 8.5, 2.5, 9], "rotation": 90, "texture": "#2_1"}
			}
		},
		{
			"from": [13.31533, 24.22352, -1.62],
			"to": [14.18467, 24.71352, -1.13],
			"rotation": {"angle": 0, "axis": "z", "origin": [13.87033, 24.34352, -1.5]},
			"faces": {
				"north": {"uv": [2, 8.5, 2.5, 9], "rotation": 90, "texture": "#2_1"},
				"east": {"uv": [2, 8.5, 2.5, 9], "rotation": 90, "texture": "#2_1"},
				"south": {"uv": [2, 8.5, 2.5, 9], "rotation": 90, "texture": "#2_1"},
				"west": {"uv": [2, 8.5, 2.5, 9], "rotation": 90, "texture": "#2_1"},
				"up": {"uv": [2, 8.5, 2.5, 9], "rotation": 90, "texture": "#2_1"},
				"down": {"uv": [2, 8.5, 2.5, 9], "rotation": 90, "texture": "#2_1"}
			}
		},
		{
			"from": [14.19548, 23.50445, -1.62],
			"to": [14.68548, 24.61445, -1.13],
			"rotation": {"angle": 45, "axis": "z", "origin": [14.31548, 24.05945, -1.5]},
			"faces": {
				"north": {"uv": [2, 8.5, 2.5, 9], "rotation": 90, "texture": "#2_1"},
				"east": {"uv": [2, 8.5, 2.5, 9], "rotation": 90, "texture": "#2_1"},
				"south": {"uv": [2, 8.5, 2.5, 9], "rotation": 90, "texture": "#2_1"},
				"west": {"uv": [2, 8.5, 2.5, 9], "rotation": 90, "texture": "#2_1"},
				"up": {"uv": [2, 8.5, 2.5, 9], "rotation": 90, "texture": "#2_1"},
				"down": {"uv": [2, 8.5, 2.5, 9], "rotation": 90, "texture": "#2_1"}
			}
		},
		{
			"from": [13.41125, 4.05762, -1.71375],
			"to": [14.09875, 4.55762, -1.02625],
			"rotation": {"angle": 0, "axis": "x", "origin": [13.755, 25.05762, -1.87]},
			"faces": {
				"north": {"uv": [7.5, 0, 8.844, 1], "texture": "#2_1"},
				"east": {"uv": [7.5, 0, 8.844, 1], "texture": "#2_1"},
				"south": {"uv": [7.5, 0, 8.844, 1], "texture": "#2_1"},
				"west": {"uv": [7.5, 0, 8.844, 1], "texture": "#2_1"},
				"up": {"uv": [8.5, 0, 9.844, 1.5], "texture": "#2_1"},
				"down": {"uv": [8.5, 0, 9.844, 1.5], "texture": "#2_1"}
			}
		},
		{
			"from": [13.34875, 3.40137, -1.52625],
			"to": [13.5675, 4.15137, -1.21375],
			"rotation": {"angle": -22.5, "axis": "z", "origin": [13.505, 3.65137, -1.37]},
			"faces": {
				"north": {"uv": [8.5, 0, 9, 1], "rotation": 180, "texture": "#2_1"},
				"east": {"uv": [8.5, 0, 9, 1], "rotation": 180, "texture": "#2_1"},
				"south": {"uv": [8.5, 0, 9, 1], "rotation": 180, "texture": "#2_1"},
				"west": {"uv": [8.5, 0, 9, 1], "rotation": 180, "texture": "#2_1"},
				"up": {"uv": [8.5, 0, 9, 1], "rotation": 180, "texture": "#2_1"},
				"down": {"uv": [8.5, 0, 9, 1], "rotation": 180, "texture": "#2_1"}
			}
		},
		{
			"from": [13.9425, 3.40137, -1.52625],
			"to": [14.16125, 4.15137, -1.21375],
			"rotation": {"angle": 22.5, "axis": "z", "origin": [14.005, 3.65137, -1.37]},
			"faces": {
				"north": {"uv": [8.5, 0, 9, 1], "rotation": 180, "texture": "#2_1"},
				"east": {"uv": [8.5, 0, 9, 1], "rotation": 180, "texture": "#2_1"},
				"south": {"uv": [8.5, 0, 9, 1], "rotation": 180, "texture": "#2_1"},
				"west": {"uv": [8.5, 0, 9, 1], "rotation": 180, "texture": "#2_1"},
				"up": {"uv": [8.5, 0, 9, 1], "rotation": 180, "texture": "#2_1"},
				"down": {"uv": [8.5, 0, 9, 1], "rotation": 180, "texture": "#2_1"}
			}
		},
		{
			"from": [13.34875, 3.05902, -1.52625],
			"to": [13.5675, 3.55902, -1.21375],
			"rotation": {"angle": 22.5, "axis": "z", "origin": [13.505, 3.30902, -1.37]},
			"faces": {
				"north": {"uv": [8.5, 0, 9, 0.5], "rotation": 180, "texture": "#2_1"},
				"east": {"uv": [8.5, 0, 9, 0.5], "rotation": 180, "texture": "#2_1"},
				"south": {"uv": [8.5, 0, 9, 0.5], "rotation": 180, "texture": "#2_1"},
				"west": {"uv": [8.5, 0, 9, 0.5], "rotation": 180, "texture": "#2_1"},
				"up": {"uv": [8.5, 0, 9, 0.5], "rotation": 180, "texture": "#2_1"},
				"down": {"uv": [8.5, 0, 9, 0.5], "rotation": 180, "texture": "#2_1"}
			}
		},
		{
			"from": [13.9425, 3.05902, -1.52625],
			"to": [14.16125, 3.55902, -1.21375],
			"rotation": {"angle": -22.5, "axis": "z", "origin": [14.005, 3.30902, -1.37]},
			"faces": {
				"north": {"uv": [8.5, 0, 9, 0.5], "rotation": 180, "texture": "#2_1"},
				"east": {"uv": [8.5, 0, 9, 0.5], "rotation": 180, "texture": "#2_1"},
				"south": {"uv": [8.5, 0, 9, 0.5], "rotation": 180, "texture": "#2_1"},
				"west": {"uv": [8.5, 0, 9, 0.5], "rotation": 180, "texture": "#2_1"},
				"up": {"uv": [8.5, 0, 9, 0.5], "rotation": 180, "texture": "#2_1"},
				"down": {"uv": [8.5, 0, 9, 0.5], "rotation": 180, "texture": "#2_1"}
			}
		},
		{
			"from": [10.70431, 6.01825, -1.52625],
			"to": [11.30169, 6.237, -1.21375],
			"rotation": {"angle": 0, "axis": "z", "origin": [11.05169, 6.12763, -1.37]},
			"faces": {
				"north": {"uv": [8.5, 0, 9, 0.5], "rotation": 180, "texture": "#1"},
				"east": {"uv": [8.5, 0, 9, 0.5], "rotation": 180, "texture": "#1"},
				"south": {"uv": [8.5, 0, 9, 0.5], "rotation": 180, "texture": "#1"},
				"west": {"uv": [8.5, 0, 9, 0.5], "rotation": 180, "texture": "#1"},
				"up": {"uv": [8.5, 0, 9, 0.5], "rotation": 180, "texture": "#1"},
				"down": {"uv": [8.5, 0, 9, 0.5], "rotation": 180, "texture": "#1"}
			}
		},
		{
			"from": [10.753, 7.55762, -1.62],
			"to": [11.243, 23.63762, -1.13],
			"rotation": {"angle": 0, "axis": "x", "origin": [10.873, 26.72762, -1.87]},
			"faces": {
				"north": {"uv": [0, 11, 7.5, 11.5], "rotation": 90, "texture": "#1"},
				"east": {"uv": [0, 11, 7.5, 11.5], "rotation": 90, "texture": "#1"},
				"south": {"uv": [0, 11, 7.5, 11.5], "rotation": 90, "texture": "#1"},
				"west": {"uv": [0, 11, 7.5, 11.5], "rotation": 90, "texture": "#1"},
				"up": {"uv": [0, 11, 7.5, 11.5], "rotation": 90, "texture": "#1"},
				"down": {"uv": [0, 11, 7.5, 11.5], "rotation": 90, "texture": "#1"}
			}
		},
		{
			"from": [10.03346, 23.4528, -1.62],
			"to": [10.52346, 26.01655, -1.13],
			"rotation": {"angle": 22.5, "axis": "z", "origin": [10.40346, 25.27655, -1.5]},
			"faces": {
				"north": {"uv": [1.5, 8.5, 3, 9], "rotation": 90, "texture": "#1"},
				"east": {"uv": [1.5, 8.5, 3, 9], "rotation": 90, "texture": "#1"},
				"south": {"uv": [1.5, 8.5, 3, 9], "rotation": 90, "texture": "#1"},
				"west": {"uv": [1.5, 8.5, 3, 9], "rotation": 90, "texture": "#1"},
				"up": {"uv": [1.5, 8.5, 3, 9], "rotation": 90, "texture": "#1"},
				"down": {"uv": [1.5, 8.5, 3, 9], "rotation": 90, "texture": "#1"}
			}
		},
		{
			"from": [11.47254, 23.4528, -1.62],
			"to": [11.96254, 26.01655, -1.13],
			"rotation": {"angle": -22.5, "axis": "z", "origin": [11.59254, 25.27655, -1.5]},
			"faces": {
				"north": {"uv": [1.5, 8.5, 3, 9], "rotation": 90, "texture": "#1"},
				"east": {"uv": [1.5, 8.5, 3, 9], "rotation": 90, "texture": "#1"},
				"south": {"uv": [1.5, 8.5, 3, 9], "rotation": 90, "texture": "#1"},
				"west": {"uv": [1.5, 8.5, 3, 9], "rotation": 90, "texture": "#1"},
				"up": {"uv": [1.5, 8.5, 3, 9], "rotation": 90, "texture": "#1"},
				"down": {"uv": [1.5, 8.5, 3, 9], "rotation": 90, "texture": "#1"}
			}
		},
		{
			"from": [9.77844, 25.81863, -1.62],
			"to": [10.26844, 26.92863, -1.13],
			"rotation": {"angle": 0, "axis": "z", "origin": [10.14844, 26.92863, -1.5]},
			"faces": {
				"north": {"uv": [1.5, 8.5, 2, 9], "rotation": 90, "texture": "#1"},
				"east": {"uv": [1.5, 8.5, 2, 9], "rotation": 90, "texture": "#1"},
				"south": {"uv": [1.5, 8.5, 2, 9], "rotation": 90, "texture": "#1"},
				"west": {"uv": [1.5, 8.5, 2, 9], "rotation": 90, "texture": "#1"},
				"up": {"uv": [1.5, 8.5, 2, 9], "rotation": 90, "texture": "#1"},
				"down": {"uv": [1.5, 8.5, 2, 9], "rotation": 90, "texture": "#1"}
			}
		},
		{
			"from": [11.72756, 25.81863, -1.62],
			"to": [12.21756, 26.92863, -1.13],
			"rotation": {"angle": 0, "axis": "z", "origin": [11.84756, 26.92863, -1.5]},
			"faces": {
				"north": {"uv": [1.5, 8.5, 2, 9], "rotation": 90, "texture": "#1"},
				"east": {"uv": [1.5, 8.5, 2, 9], "rotation": 90, "texture": "#1"},
				"south": {"uv": [1.5, 8.5, 2, 9], "rotation": 90, "texture": "#1"},
				"west": {"uv": [1.5, 8.5, 2, 9], "rotation": 90, "texture": "#1"},
				"up": {"uv": [1.5, 8.5, 2, 9], "rotation": 90, "texture": "#1"},
				"down": {"uv": [1.5, 8.5, 2, 9], "rotation": 90, "texture": "#1"}
			}
		},
		{
			"from": [10.06252, 26.50445, -1.62],
			"to": [10.55252, 27.61445, -1.13],
			"rotation": {"angle": -45, "axis": "z", "origin": [10.43252, 27.05945, -1.5]},
			"faces": {
				"north": {"uv": [2, 8.5, 2.5, 9], "rotation": 90, "texture": "#1"},
				"east": {"uv": [2, 8.5, 2.5, 9], "rotation": 90, "texture": "#1"},
				"south": {"uv": [2, 8.5, 2.5, 9], "rotation": 90, "texture": "#1"},
				"west": {"uv": [2, 8.5, 2.5, 9], "rotation": 90, "texture": "#1"},
				"up": {"uv": [2, 8.5, 2.5, 9], "rotation": 90, "texture": "#1"},
				"down": {"uv": [2, 8.5, 2.5, 9], "rotation": 90, "texture": "#1"}
			}
		},
		{
			"from": [10.56333, 27.22352, -1.62],
			"to": [11.43267, 27.71352, -1.13],
			"rotation": {"angle": 0, "axis": "z", "origin": [11.11833, 27.34352, -1.5]},
			"faces": {
				"north": {"uv": [2, 8.5, 2.5, 9], "rotation": 90, "texture": "#1"},
				"east": {"uv": [2, 8.5, 2.5, 9], "rotation": 90, "texture": "#1"},
				"south": {"uv": [2, 8.5, 2.5, 9], "rotation": 90, "texture": "#1"},
				"west": {"uv": [2, 8.5, 2.5, 9], "rotation": 90, "texture": "#1"},
				"up": {"uv": [2, 8.5, 2.5, 9], "rotation": 90, "texture": "#1"},
				"down": {"uv": [2, 8.5, 2.5, 9], "rotation": 90, "texture": "#1"}
			}
		},
		{
			"from": [11.44348, 26.50445, -1.62],
			"to": [11.93348, 27.61445, -1.13],
			"rotation": {"angle": 45, "axis": "z", "origin": [11.56348, 27.05945, -1.5]},
			"faces": {
				"north": {"uv": [2, 8.5, 2.5, 9], "rotation": 90, "texture": "#1"},
				"east": {"uv": [2, 8.5, 2.5, 9], "rotation": 90, "texture": "#1"},
				"south": {"uv": [2, 8.5, 2.5, 9], "rotation": 90, "texture": "#1"},
				"west": {"uv": [2, 8.5, 2.5, 9], "rotation": 90, "texture": "#1"},
				"up": {"uv": [2, 8.5, 2.5, 9], "rotation": 90, "texture": "#1"},
				"down": {"uv": [2, 8.5, 2.5, 9], "rotation": 90, "texture": "#1"}
			}
		},
		{
			"from": [10.65925, 7.05762, -1.71375],
			"to": [11.34675, 7.55762, -1.02625],
			"rotation": {"angle": 0, "axis": "x", "origin": [11.003, 28.05762, -1.87]},
			"faces": {
				"north": {"uv": [7.5, 0, 8.844, 1], "texture": "#1"},
				"east": {"uv": [7.5, 0, 8.844, 1], "texture": "#1"},
				"south": {"uv": [7.5, 0, 8.844, 1], "texture": "#1"},
				"west": {"uv": [7.5, 0, 8.844, 1], "texture": "#1"},
				"up": {"uv": [8.5, 0, 9.844, 1.5], "texture": "#1"},
				"down": {"uv": [8.5, 0, 9.844, 1.5], "texture": "#1"}
			}
		},
		{
			"from": [10.59675, 6.40137, -1.52625],
			"to": [10.8155, 7.15137, -1.21375],
			"rotation": {"angle": -22.5, "axis": "z", "origin": [10.753, 6.65137, -1.37]},
			"faces": {
				"north": {"uv": [8.5, 0, 9, 1], "rotation": 180, "texture": "#1"},
				"east": {"uv": [8.5, 0, 9, 1], "rotation": 180, "texture": "#1"},
				"south": {"uv": [8.5, 0, 9, 1], "rotation": 180, "texture": "#1"},
				"west": {"uv": [8.5, 0, 9, 1], "rotation": 180, "texture": "#1"},
				"up": {"uv": [8.5, 0, 9, 1], "rotation": 180, "texture": "#1"},
				"down": {"uv": [8.5, 0, 9, 1], "rotation": 180, "texture": "#1"}
			}
		},
		{
			"from": [11.1905, 6.40137, -1.52625],
			"to": [11.40925, 7.15137, -1.21375],
			"rotation": {"angle": 22.5, "axis": "z", "origin": [11.253, 6.65137, -1.37]},
			"faces": {
				"north": {"uv": [8.5, 0, 9, 1], "rotation": 180, "texture": "#1"},
				"east": {"uv": [8.5, 0, 9, 1], "rotation": 180, "texture": "#1"},
				"south": {"uv": [8.5, 0, 9, 1], "rotation": 180, "texture": "#1"},
				"west": {"uv": [8.5, 0, 9, 1], "rotation": 180, "texture": "#1"},
				"up": {"uv": [8.5, 0, 9, 1], "rotation": 180, "texture": "#1"},
				"down": {"uv": [8.5, 0, 9, 1], "rotation": 180, "texture": "#1"}
			}
		},
		{
			"from": [10.59675, 6.05902, -1.52625],
			"to": [10.8155, 6.55902, -1.21375],
			"rotation": {"angle": 22.5, "axis": "z", "origin": [10.753, 6.30902, -1.37]},
			"faces": {
				"north": {"uv": [8.5, 0, 9, 0.5], "rotation": 180, "texture": "#1"},
				"east": {"uv": [8.5, 0, 9, 0.5], "rotation": 180, "texture": "#1"},
				"south": {"uv": [8.5, 0, 9, 0.5], "rotation": 180, "texture": "#1"},
				"west": {"uv": [8.5, 0, 9, 0.5], "rotation": 180, "texture": "#1"},
				"up": {"uv": [8.5, 0, 9, 0.5], "rotation": 180, "texture": "#1"},
				"down": {"uv": [8.5, 0, 9, 0.5], "rotation": 180, "texture": "#1"}
			}
		},
		{
			"from": [11.1905, 6.05902, -1.52625],
			"to": [11.40925, 6.55902, -1.21375],
			"rotation": {"angle": -22.5, "axis": "z", "origin": [11.253, 6.30902, -1.37]},
			"faces": {
				"north": {"uv": [8.5, 0, 9, 0.5], "rotation": 180, "texture": "#1"},
				"east": {"uv": [8.5, 0, 9, 0.5], "rotation": 180, "texture": "#1"},
				"south": {"uv": [8.5, 0, 9, 0.5], "rotation": 180, "texture": "#1"},
				"west": {"uv": [8.5, 0, 9, 0.5], "rotation": 180, "texture": "#1"},
				"up": {"uv": [8.5, 0, 9, 0.5], "rotation": 180, "texture": "#1"},
				"down": {"uv": [8.5, 0, 9, 0.5], "rotation": 180, "texture": "#1"}
			}
		},
		{
			"from": [7.70431, 3.01825, -1.52625],
			"to": [8.30169, 3.237, -1.21375],
			"rotation": {"angle": 0, "axis": "z", "origin": [8.05169, 3.12763, -1.37]},
			"faces": {
				"north": {"uv": [8.5, 0, 9, 0.5], "rotation": 180, "texture": "#3_1"},
				"east": {"uv": [8.5, 0, 9, 0.5], "rotation": 180, "texture": "#3_1"},
				"south": {"uv": [8.5, 0, 9, 0.5], "rotation": 180, "texture": "#3_1"},
				"west": {"uv": [8.5, 0, 9, 0.5], "rotation": 180, "texture": "#3_1"},
				"up": {"uv": [8.5, 0, 9, 0.5], "rotation": 180, "texture": "#3_1"},
				"down": {"uv": [8.5, 0, 9, 0.5], "rotation": 180, "texture": "#3_1"}
			}
		},
		{
			"from": [7.753, 4.55762, -1.62],
			"to": [8.243, 20.63762, -1.13],
			"rotation": {"angle": 0, "axis": "x", "origin": [7.873, 23.72762, -1.87]},
			"faces": {
				"north": {"uv": [0, 11, 7.5, 11.5], "rotation": 90, "texture": "#3_1"},
				"east": {"uv": [0, 11, 7.5, 11.5], "rotation": 90, "texture": "#3_1"},
				"south": {"uv": [0, 11, 7.5, 11.5], "rotation": 90, "texture": "#3_1"},
				"west": {"uv": [0, 11, 7.5, 11.5], "rotation": 90, "texture": "#3_1"},
				"up": {"uv": [0, 11, 7.5, 11.5], "rotation": 90, "texture": "#3_1"},
				"down": {"uv": [0, 11, 7.5, 11.5], "rotation": 90, "texture": "#3_1"}
			}
		},
		{
			"from": [7.03346, 20.4528, -1.62],
			"to": [7.52346, 23.01655, -1.13],
			"rotation": {"angle": 22.5, "axis": "z", "origin": [7.40346, 22.27655, -1.5]},
			"faces": {
				"north": {"uv": [1.5, 8.5, 3, 9], "rotation": 90, "texture": "#3_1"},
				"east": {"uv": [1.5, 8.5, 3, 9], "rotation": 90, "texture": "#3_1"},
				"south": {"uv": [1.5, 8.5, 3, 9], "rotation": 90, "texture": "#3_1"},
				"west": {"uv": [1.5, 8.5, 3, 9], "rotation": 90, "texture": "#3_1"},
				"up": {"uv": [1.5, 8.5, 3, 9], "rotation": 90, "texture": "#3_1"},
				"down": {"uv": [1.5, 8.5, 3, 9], "rotation": 90, "texture": "#3_1"}
			}
		},
		{
			"from": [8.47254, 20.4528, -1.62],
			"to": [8.96254, 23.01655, -1.13],
			"rotation": {"angle": -22.5, "axis": "z", "origin": [8.59254, 22.27655, -1.5]},
			"faces": {
				"north": {"uv": [1.5, 8.5, 3, 9], "rotation": 90, "texture": "#3_1"},
				"east": {"uv": [1.5, 8.5, 3, 9], "rotation": 90, "texture": "#3_1"},
				"south": {"uv": [1.5, 8.5, 3, 9], "rotation": 90, "texture": "#3_1"},
				"west": {"uv": [1.5, 8.5, 3, 9], "rotation": 90, "texture": "#3_1"},
				"up": {"uv": [1.5, 8.5, 3, 9], "rotation": 90, "texture": "#3_1"},
				"down": {"uv": [1.5, 8.5, 3, 9], "rotation": 90, "texture": "#3_1"}
			}
		},
		{
			"from": [6.77844, 22.81863, -1.62],
			"to": [7.26844, 23.92863, -1.13],
			"rotation": {"angle": 0, "axis": "z", "origin": [7.14844, 23.92863, -1.5]},
			"faces": {
				"north": {"uv": [1.5, 8.5, 2, 9], "rotation": 90, "texture": "#3_1"},
				"east": {"uv": [1.5, 8.5, 2, 9], "rotation": 90, "texture": "#3_1"},
				"south": {"uv": [1.5, 8.5, 2, 9], "rotation": 90, "texture": "#3_1"},
				"west": {"uv": [1.5, 8.5, 2, 9], "rotation": 90, "texture": "#3_1"},
				"up": {"uv": [1.5, 8.5, 2, 9], "rotation": 90, "texture": "#3_1"},
				"down": {"uv": [1.5, 8.5, 2, 9], "rotation": 90, "texture": "#3_1"}
			}
		},
		{
			"from": [8.72756, 22.81863, -1.62],
			"to": [9.21756, 23.92863, -1.13],
			"rotation": {"angle": 0, "axis": "z", "origin": [8.84756, 23.92863, -1.5]},
			"faces": {
				"north": {"uv": [1.5, 8.5, 2, 9], "rotation": 90, "texture": "#3_1"},
				"east": {"uv": [1.5, 8.5, 2, 9], "rotation": 90, "texture": "#3_1"},
				"south": {"uv": [1.5, 8.5, 2, 9], "rotation": 90, "texture": "#3_1"},
				"west": {"uv": [1.5, 8.5, 2, 9], "rotation": 90, "texture": "#3_1"},
				"up": {"uv": [1.5, 8.5, 2, 9], "rotation": 90, "texture": "#3_1"},
				"down": {"uv": [1.5, 8.5, 2, 9], "rotation": 90, "texture": "#3_1"}
			}
		},
		{
			"from": [7.06252, 23.50445, -1.62],
			"to": [7.55252, 24.61445, -1.13],
			"rotation": {"angle": -45, "axis": "z", "origin": [7.43252, 24.05945, -1.5]},
			"faces": {
				"north": {"uv": [2, 8.5, 2.5, 9], "rotation": 90, "texture": "#3_1"},
				"east": {"uv": [2, 8.5, 2.5, 9], "rotation": 90, "texture": "#3_1"},
				"south": {"uv": [2, 8.5, 2.5, 9], "rotation": 90, "texture": "#3_1"},
				"west": {"uv": [2, 8.5, 2.5, 9], "rotation": 90, "texture": "#3_1"},
				"up": {"uv": [2, 8.5, 2.5, 9], "rotation": 90, "texture": "#3_1"},
				"down": {"uv": [2, 8.5, 2.5, 9], "rotation": 90, "texture": "#3_1"}
			}
		},
		{
			"from": [7.56333, 24.22352, -1.62],
			"to": [8.43267, 24.71352, -1.13],
			"rotation": {"angle": 0, "axis": "z", "origin": [8.11833, 24.34352, -1.5]},
			"faces": {
				"north": {"uv": [2, 8.5, 2.5, 9], "rotation": 90, "texture": "#3_1"},
				"east": {"uv": [2, 8.5, 2.5, 9], "rotation": 90, "texture": "#3_1"},
				"south": {"uv": [2, 8.5, 2.5, 9], "rotation": 90, "texture": "#3_1"},
				"west": {"uv": [2, 8.5, 2.5, 9], "rotation": 90, "texture": "#3_1"},
				"up": {"uv": [2, 8.5, 2.5, 9], "rotation": 90, "texture": "#3_1"},
				"down": {"uv": [2, 8.5, 2.5, 9], "rotation": 90, "texture": "#3_1"}
			}
		},
		{
			"from": [8.44348, 23.50445, -1.62],
			"to": [8.93348, 24.61445, -1.13],
			"rotation": {"angle": 45, "axis": "z", "origin": [8.56348, 24.05945, -1.5]},
			"faces": {
				"north": {"uv": [2, 8.5, 2.5, 9], "rotation": 90, "texture": "#3_1"},
				"east": {"uv": [2, 8.5, 2.5, 9], "rotation": 90, "texture": "#3_1"},
				"south": {"uv": [2, 8.5, 2.5, 9], "rotation": 90, "texture": "#3_1"},
				"west": {"uv": [2, 8.5, 2.5, 9], "rotation": 90, "texture": "#3_1"},
				"up": {"uv": [2, 8.5, 2.5, 9], "rotation": 90, "texture": "#3_1"},
				"down": {"uv": [2, 8.5, 2.5, 9], "rotation": 90, "texture": "#3_1"}
			}
		},
		{
			"from": [7.65925, 4.05762, -1.71375],
			"to": [8.34675, 4.55762, -1.02625],
			"rotation": {"angle": 0, "axis": "x", "origin": [8.003, 25.05762, -1.87]},
			"faces": {
				"north": {"uv": [7.5, 0, 8.844, 1], "texture": "#3_1"},
				"east": {"uv": [7.5, 0, 8.844, 1], "texture": "#3_1"},
				"south": {"uv": [7.5, 0, 8.844, 1], "texture": "#3_1"},
				"west": {"uv": [7.5, 0, 8.844, 1], "texture": "#3_1"},
				"up": {"uv": [8.5, 0, 9.844, 1.5], "texture": "#3_1"},
				"down": {"uv": [8.5, 0, 9.844, 1.5], "texture": "#3_1"}
			}
		},
		{
			"from": [7.59675, 3.40137, -1.52625],
			"to": [7.8155, 4.15137, -1.21375],
			"rotation": {"angle": -22.5, "axis": "z", "origin": [7.753, 3.65137, -1.37]},
			"faces": {
				"north": {"uv": [8.5, 0, 9, 1], "rotation": 180, "texture": "#3_1"},
				"east": {"uv": [8.5, 0, 9, 1], "rotation": 180, "texture": "#3_1"},
				"south": {"uv": [8.5, 0, 9, 1], "rotation": 180, "texture": "#3_1"},
				"west": {"uv": [8.5, 0, 9, 1], "rotation": 180, "texture": "#3_1"},
				"up": {"uv": [8.5, 0, 9, 1], "rotation": 180, "texture": "#3_1"},
				"down": {"uv": [8.5, 0, 9, 1], "rotation": 180, "texture": "#3_1"}
			}
		},
		{
			"from": [8.1905, 3.40137, -1.52625],
			"to": [8.40925, 4.15137, -1.21375],
			"rotation": {"angle": 22.5, "axis": "z", "origin": [8.253, 3.65137, -1.37]},
			"faces": {
				"north": {"uv": [8.5, 0, 9, 1], "rotation": 180, "texture": "#3_1"},
				"east": {"uv": [8.5, 0, 9, 1], "rotation": 180, "texture": "#3_1"},
				"south": {"uv": [8.5, 0, 9, 1], "rotation": 180, "texture": "#3_1"},
				"west": {"uv": [8.5, 0, 9, 1], "rotation": 180, "texture": "#3_1"},
				"up": {"uv": [8.5, 0, 9, 1], "rotation": 180, "texture": "#3_1"},
				"down": {"uv": [8.5, 0, 9, 1], "rotation": 180, "texture": "#3_1"}
			}
		},
		{
			"from": [7.59675, 3.05902, -1.52625],
			"to": [7.8155, 3.55902, -1.21375],
			"rotation": {"angle": 22.5, "axis": "z", "origin": [7.753, 3.30902, -1.37]},
			"faces": {
				"north": {"uv": [8.5, 0, 9, 0.5], "rotation": 180, "texture": "#3_1"},
				"east": {"uv": [8.5, 0, 9, 0.5], "rotation": 180, "texture": "#3_1"},
				"south": {"uv": [8.5, 0, 9, 0.5], "rotation": 180, "texture": "#3_1"},
				"west": {"uv": [8.5, 0, 9, 0.5], "rotation": 180, "texture": "#3_1"},
				"up": {"uv": [8.5, 0, 9, 0.5], "rotation": 180, "texture": "#3_1"},
				"down": {"uv": [8.5, 0, 9, 0.5], "rotation": 180, "texture": "#3_1"}
			}
		},
		{
			"from": [8.1905, 3.05902, -1.52625],
			"to": [8.40925, 3.55902, -1.21375],
			"rotation": {"angle": -22.5, "axis": "z", "origin": [8.253, 3.30902, -1.37]},
			"faces": {
				"north": {"uv": [8.5, 0, 9, 0.5], "rotation": 180, "texture": "#3_1"},
				"east": {"uv": [8.5, 0, 9, 0.5], "rotation": 180, "texture": "#3_1"},
				"south": {"uv": [8.5, 0, 9, 0.5], "rotation": 180, "texture": "#3_1"},
				"west": {"uv": [8.5, 0, 9, 0.5], "rotation": 180, "texture": "#3_1"},
				"up": {"uv": [8.5, 0, 9, 0.5], "rotation": 180, "texture": "#3_1"},
				"down": {"uv": [8.5, 0, 9, 0.5], "rotation": 180, "texture": "#3_1"}
			}
		},
		{
			"from": [4.70431, 6.01825, -1.52625],
			"to": [5.30169, 6.237, -1.21375],
			"rotation": {"angle": 0, "axis": "z", "origin": [5.05169, 6.12763, -1.37]},
			"faces": {
				"north": {"uv": [8.5, 0, 9, 0.5], "rotation": 180, "texture": "#5"},
				"east": {"uv": [8.5, 0, 9, 0.5], "rotation": 180, "texture": "#5"},
				"south": {"uv": [8.5, 0, 9, 0.5], "rotation": 180, "texture": "#5"},
				"west": {"uv": [8.5, 0, 9, 0.5], "rotation": 180, "texture": "#5"},
				"up": {"uv": [8.5, 0, 9, 0.5], "rotation": 180, "texture": "#5"},
				"down": {"uv": [8.5, 0, 9, 0.5], "rotation": 180, "texture": "#5"}
			}
		},
		{
			"from": [4.753, 7.55762, -1.62],
			"to": [5.243, 23.63762, -1.13],
			"rotation": {"angle": 0, "axis": "x", "origin": [4.873, 26.72762, -1.87]},
			"faces": {
				"north": {"uv": [0, 11, 7.5, 11.5], "rotation": 90, "texture": "#5"},
				"east": {"uv": [0, 11, 7.5, 11.5], "rotation": 90, "texture": "#5"},
				"south": {"uv": [0, 11, 7.5, 11.5], "rotation": 90, "texture": "#5"},
				"west": {"uv": [0, 11, 7.5, 11.5], "rotation": 90, "texture": "#5"},
				"up": {"uv": [0, 11, 7.5, 11.5], "rotation": 90, "texture": "#5"},
				"down": {"uv": [0, 11, 7.5, 11.5], "rotation": 90, "texture": "#5"}
			}
		},
		{
			"from": [4.03346, 23.4528, -1.62],
			"to": [4.52346, 26.01655, -1.13],
			"rotation": {"angle": 22.5, "axis": "z", "origin": [4.40346, 25.27655, -1.5]},
			"faces": {
				"north": {"uv": [1.5, 8.5, 3, 9], "rotation": 90, "texture": "#5"},
				"east": {"uv": [1.5, 8.5, 3, 9], "rotation": 90, "texture": "#5"},
				"south": {"uv": [1.5, 8.5, 3, 9], "rotation": 90, "texture": "#5"},
				"west": {"uv": [1.5, 8.5, 3, 9], "rotation": 90, "texture": "#5"},
				"up": {"uv": [1.5, 8.5, 3, 9], "rotation": 90, "texture": "#5"},
				"down": {"uv": [1.5, 8.5, 3, 9], "rotation": 90, "texture": "#5"}
			}
		},
		{
			"from": [5.47254, 23.4528, -1.62],
			"to": [5.96254, 26.01655, -1.13],
			"rotation": {"angle": -22.5, "axis": "z", "origin": [5.59254, 25.27655, -1.5]},
			"faces": {
				"north": {"uv": [1.5, 8.5, 3, 9], "rotation": 90, "texture": "#5"},
				"east": {"uv": [1.5, 8.5, 3, 9], "rotation": 90, "texture": "#5"},
				"south": {"uv": [1.5, 8.5, 3, 9], "rotation": 90, "texture": "#5"},
				"west": {"uv": [1.5, 8.5, 3, 9], "rotation": 90, "texture": "#5"},
				"up": {"uv": [1.5, 8.5, 3, 9], "rotation": 90, "texture": "#5"},
				"down": {"uv": [1.5, 8.5, 3, 9], "rotation": 90, "texture": "#5"}
			}
		},
		{
			"from": [3.77844, 25.81863, -1.62],
			"to": [4.26844, 26.92863, -1.13],
			"rotation": {"angle": 0, "axis": "z", "origin": [4.14844, 26.92863, -1.5]},
			"faces": {
				"north": {"uv": [1.5, 8.5, 2, 9], "rotation": 90, "texture": "#5"},
				"east": {"uv": [1.5, 8.5, 2, 9], "rotation": 90, "texture": "#5"},
				"south": {"uv": [1.5, 8.5, 2, 9], "rotation": 90, "texture": "#5"},
				"west": {"uv": [1.5, 8.5, 2, 9], "rotation": 90, "texture": "#5"},
				"up": {"uv": [1.5, 8.5, 2, 9], "rotation": 90, "texture": "#5"},
				"down": {"uv": [1.5, 8.5, 2, 9], "rotation": 90, "texture": "#5"}
			}
		},
		{
			"from": [5.72756, 25.81863, -1.62],
			"to": [6.21756, 26.92863, -1.13],
			"rotation": {"angle": 0, "axis": "z", "origin": [5.84756, 26.92863, -1.5]},
			"faces": {
				"north": {"uv": [1.5, 8.5, 2, 9], "rotation": 90, "texture": "#5"},
				"east": {"uv": [1.5, 8.5, 2, 9], "rotation": 90, "texture": "#5"},
				"south": {"uv": [1.5, 8.5, 2, 9], "rotation": 90, "texture": "#5"},
				"west": {"uv": [1.5, 8.5, 2, 9], "rotation": 90, "texture": "#5"},
				"up": {"uv": [1.5, 8.5, 2, 9], "rotation": 90, "texture": "#5"},
				"down": {"uv": [1.5, 8.5, 2, 9], "rotation": 90, "texture": "#5"}
			}
		},
		{
			"from": [4.06252, 26.50445, -1.62],
			"to": [4.55252, 27.61445, -1.13],
			"rotation": {"angle": -45, "axis": "z", "origin": [4.43252, 27.05945, -1.5]},
			"faces": {
				"north": {"uv": [2, 8.5, 2.5, 9], "rotation": 90, "texture": "#5"},
				"east": {"uv": [2, 8.5, 2.5, 9], "rotation": 90, "texture": "#5"},
				"south": {"uv": [2, 8.5, 2.5, 9], "rotation": 90, "texture": "#5"},
				"west": {"uv": [2, 8.5, 2.5, 9], "rotation": 90, "texture": "#5"},
				"up": {"uv": [2, 8.5, 2.5, 9], "rotation": 90, "texture": "#5"},
				"down": {"uv": [2, 8.5, 2.5, 9], "rotation": 90, "texture": "#5"}
			}
		},
		{
			"from": [4.56333, 27.22352, -1.62],
			"to": [5.43267, 27.71352, -1.13],
			"rotation": {"angle": 0, "axis": "z", "origin": [5.11833, 27.34352, -1.5]},
			"faces": {
				"north": {"uv": [2, 8.5, 2.5, 9], "rotation": 90, "texture": "#5"},
				"east": {"uv": [2, 8.5, 2.5, 9], "rotation": 90, "texture": "#5"},
				"south": {"uv": [2, 8.5, 2.5, 9], "rotation": 90, "texture": "#5"},
				"west": {"uv": [2, 8.5, 2.5, 9], "rotation": 90, "texture": "#5"},
				"up": {"uv": [2, 8.5, 2.5, 9], "rotation": 90, "texture": "#5"},
				"down": {"uv": [2, 8.5, 2.5, 9], "rotation": 90, "texture": "#5"}
			}
		},
		{
			"from": [5.44348, 26.50445, -1.62],
			"to": [5.93348, 27.61445, -1.13],
			"rotation": {"angle": 45, "axis": "z", "origin": [5.56348, 27.05945, -1.5]},
			"faces": {
				"north": {"uv": [2, 8.5, 2.5, 9], "rotation": 90, "texture": "#5"},
				"east": {"uv": [2, 8.5, 2.5, 9], "rotation": 90, "texture": "#5"},
				"south": {"uv": [2, 8.5, 2.5, 9], "rotation": 90, "texture": "#5"},
				"west": {"uv": [2, 8.5, 2.5, 9], "rotation": 90, "texture": "#5"},
				"up": {"uv": [2, 8.5, 2.5, 9], "rotation": 90, "texture": "#5"},
				"down": {"uv": [2, 8.5, 2.5, 9], "rotation": 90, "texture": "#5"}
			}
		},
		{
			"from": [4.65925, 7.05762, -1.71375],
			"to": [5.34675, 7.55762, -1.02625],
			"rotation": {"angle": 0, "axis": "x", "origin": [5.003, 28.05762, -1.87]},
			"faces": {
				"north": {"uv": [7.5, 0, 8.844, 1], "texture": "#5"},
				"east": {"uv": [7.5, 0, 8.844, 1], "texture": "#5"},
				"south": {"uv": [7.5, 0, 8.844, 1], "texture": "#5"},
				"west": {"uv": [7.5, 0, 8.844, 1], "texture": "#5"},
				"up": {"uv": [8.5, 0, 9.844, 1.5], "texture": "#5"},
				"down": {"uv": [8.5, 0, 9.844, 1.5], "texture": "#5"}
			}
		},
		{
			"from": [4.59675, 6.40137, -1.52625],
			"to": [4.8155, 7.15137, -1.21375],
			"rotation": {"angle": -22.5, "axis": "z", "origin": [4.753, 6.65137, -1.37]},
			"faces": {
				"north": {"uv": [8.5, 0, 9, 1], "rotation": 180, "texture": "#5"},
				"east": {"uv": [8.5, 0, 9, 1], "rotation": 180, "texture": "#5"},
				"south": {"uv": [8.5, 0, 9, 1], "rotation": 180, "texture": "#5"},
				"west": {"uv": [8.5, 0, 9, 1], "rotation": 180, "texture": "#5"},
				"up": {"uv": [8.5, 0, 9, 1], "rotation": 180, "texture": "#5"},
				"down": {"uv": [8.5, 0, 9, 1], "rotation": 180, "texture": "#5"}
			}
		},
		{
			"from": [5.1905, 6.40137, -1.52625],
			"to": [5.40925, 7.15137, -1.21375],
			"rotation": {"angle": 22.5, "axis": "z", "origin": [5.253, 6.65137, -1.37]},
			"faces": {
				"north": {"uv": [8.5, 0, 9, 1], "rotation": 180, "texture": "#5"},
				"east": {"uv": [8.5, 0, 9, 1], "rotation": 180, "texture": "#5"},
				"south": {"uv": [8.5, 0, 9, 1], "rotation": 180, "texture": "#5"},
				"west": {"uv": [8.5, 0, 9, 1], "rotation": 180, "texture": "#5"},
				"up": {"uv": [8.5, 0, 9, 1], "rotation": 180, "texture": "#5"},
				"down": {"uv": [8.5, 0, 9, 1], "rotation": 180, "texture": "#5"}
			}
		},
		{
			"from": [4.59675, 6.05902, -1.52625],
			"to": [4.8155, 6.55902, -1.21375],
			"rotation": {"angle": 22.5, "axis": "z", "origin": [4.753, 6.30902, -1.37]},
			"faces": {
				"north": {"uv": [8.5, 0, 9, 0.5], "rotation": 180, "texture": "#5"},
				"east": {"uv": [8.5, 0, 9, 0.5], "rotation": 180, "texture": "#5"},
				"south": {"uv": [8.5, 0, 9, 0.5], "rotation": 180, "texture": "#5"},
				"west": {"uv": [8.5, 0, 9, 0.5], "rotation": 180, "texture": "#5"},
				"up": {"uv": [8.5, 0, 9, 0.5], "rotation": 180, "texture": "#5"},
				"down": {"uv": [8.5, 0, 9, 0.5], "rotation": 180, "texture": "#5"}
			}
		},
		{
			"from": [5.1905, 6.05902, -1.52625],
			"to": [5.40925, 6.55902, -1.21375],
			"rotation": {"angle": -22.5, "axis": "z", "origin": [5.253, 6.30902, -1.37]},
			"faces": {
				"north": {"uv": [8.5, 0, 9, 0.5], "rotation": 180, "texture": "#5"},
				"east": {"uv": [8.5, 0, 9, 0.5], "rotation": 180, "texture": "#5"},
				"south": {"uv": [8.5, 0, 9, 0.5], "rotation": 180, "texture": "#5"},
				"west": {"uv": [8.5, 0, 9, 0.5], "rotation": 180, "texture": "#5"},
				"up": {"uv": [8.5, 0, 9, 0.5], "rotation": 180, "texture": "#5"},
				"down": {"uv": [8.5, 0, 9, 0.5], "rotation": 180, "texture": "#5"}
			}
		},
		{
			"from": [1.95631, 3.01825, -1.52625],
			"to": [2.55369, 3.237, -1.21375],
			"rotation": {"angle": 0, "axis": "z", "origin": [2.30369, 3.12763, -1.37]},
			"faces": {
				"north": {"uv": [8.5, 0, 9, 0.5], "rotation": 180, "texture": "#4_1"},
				"east": {"uv": [8.5, 0, 9, 0.5], "rotation": 180, "texture": "#4_1"},
				"south": {"uv": [8.5, 0, 9, 0.5], "rotation": 180, "texture": "#4_1"},
				"west": {"uv": [8.5, 0, 9, 0.5], "rotation": 180, "texture": "#4_1"},
				"up": {"uv": [8.5, 0, 9, 0.5], "rotation": 180, "texture": "#4_1"},
				"down": {"uv": [8.5, 0, 9, 0.5], "rotation": 180, "texture": "#4_1"}
			}
		},
		{
			"from": [2.005, 4.55762, -1.62],
			"to": [2.495, 20.63762, -1.13],
			"rotation": {"angle": 0, "axis": "x", "origin": [2.125, 23.72762, -1.87]},
			"faces": {
				"north": {"uv": [0, 11, 7.5, 11.5], "rotation": 90, "texture": "#4_1"},
				"east": {"uv": [0, 11, 7.5, 11.5], "rotation": 90, "texture": "#4_1"},
				"south": {"uv": [0, 11, 7.5, 11.5], "rotation": 90, "texture": "#4_1"},
				"west": {"uv": [0, 11, 7.5, 11.5], "rotation": 90, "texture": "#4_1"},
				"up": {"uv": [0, 11, 7.5, 11.5], "rotation": 90, "texture": "#4_1"},
				"down": {"uv": [0, 11, 7.5, 11.5], "rotation": 90, "texture": "#4_1"}
			}
		},
		{
			"from": [1.28546, 20.4528, -1.62],
			"to": [1.77546, 23.01655, -1.13],
			"rotation": {"angle": 22.5, "axis": "z", "origin": [1.65546, 22.27655, -1.5]},
			"faces": {
				"north": {"uv": [1.5, 8.5, 3, 9], "rotation": 90, "texture": "#4_1"},
				"east": {"uv": [1.5, 8.5, 3, 9], "rotation": 90, "texture": "#4_1"},
				"south": {"uv": [1.5, 8.5, 3, 9], "rotation": 90, "texture": "#4_1"},
				"west": {"uv": [1.5, 8.5, 3, 9], "rotation": 90, "texture": "#4_1"},
				"up": {"uv": [1.5, 8.5, 3, 9], "rotation": 90, "texture": "#4_1"},
				"down": {"uv": [1.5, 8.5, 3, 9], "rotation": 90, "texture": "#4_1"}
			}
		},
		{
			"from": [2.72454, 20.4528, -1.62],
			"to": [3.21454, 23.01655, -1.13],
			"rotation": {"angle": -22.5, "axis": "z", "origin": [2.84454, 22.27655, -1.5]},
			"faces": {
				"north": {"uv": [1.5, 8.5, 3, 9], "rotation": 90, "texture": "#4_1"},
				"east": {"uv": [1.5, 8.5, 3, 9], "rotation": 90, "texture": "#4_1"},
				"south": {"uv": [1.5, 8.5, 3, 9], "rotation": 90, "texture": "#4_1"},
				"west": {"uv": [1.5, 8.5, 3, 9], "rotation": 90, "texture": "#4_1"},
				"up": {"uv": [1.5, 8.5, 3, 9], "rotation": 90, "texture": "#4_1"},
				"down": {"uv": [1.5, 8.5, 3, 9], "rotation": 90, "texture": "#4_1"}
			}
		},
		{
			"from": [1.03044, 22.81863, -1.62],
			"to": [1.52044, 23.92863, -1.13],
			"rotation": {"angle": 0, "axis": "z", "origin": [1.40044, 23.92863, -1.5]},
			"faces": {
				"north": {"uv": [1.5, 8.5, 2, 9], "rotation": 90, "texture": "#4_1"},
				"east": {"uv": [1.5, 8.5, 2, 9], "rotation": 90, "texture": "#4_1"},
				"south": {"uv": [1.5, 8.5, 2, 9], "rotation": 90, "texture": "#4_1"},
				"west": {"uv": [1.5, 8.5, 2, 9], "rotation": 90, "texture": "#4_1"},
				"up": {"uv": [1.5, 8.5, 2, 9], "rotation": 90, "texture": "#4_1"},
				"down": {"uv": [1.5, 8.5, 2, 9], "rotation": 90, "texture": "#4_1"}
			}
		},
		{
			"from": [2.97956, 22.81863, -1.62],
			"to": [3.46956, 23.92863, -1.13],
			"rotation": {"angle": 0, "axis": "z", "origin": [3.09956, 23.92863, -1.5]},
			"faces": {
				"north": {"uv": [1.5, 8.5, 2, 9], "rotation": 90, "texture": "#4_1"},
				"east": {"uv": [1.5, 8.5, 2, 9], "rotation": 90, "texture": "#4_1"},
				"south": {"uv": [1.5, 8.5, 2, 9], "rotation": 90, "texture": "#4_1"},
				"west": {"uv": [1.5, 8.5, 2, 9], "rotation": 90, "texture": "#4_1"},
				"up": {"uv": [1.5, 8.5, 2, 9], "rotation": 90, "texture": "#4_1"},
				"down": {"uv": [1.5, 8.5, 2, 9], "rotation": 90, "texture": "#4_1"}
			}
		},
		{
			"from": [1.31452, 23.50445, -1.62],
			"to": [1.80452, 24.61445, -1.13],
			"rotation": {"angle": -45, "axis": "z", "origin": [1.68452, 24.05945, -1.5]},
			"faces": {
				"north": {"uv": [2, 8.5, 2.5, 9], "rotation": 90, "texture": "#4_1"},
				"east": {"uv": [2, 8.5, 2.5, 9], "rotation": 90, "texture": "#4_1"},
				"south": {"uv": [2, 8.5, 2.5, 9], "rotation": 90, "texture": "#4_1"},
				"west": {"uv": [2, 8.5, 2.5, 9], "rotation": 90, "texture": "#4_1"},
				"up": {"uv": [2, 8.5, 2.5, 9], "rotation": 90, "texture": "#4_1"},
				"down": {"uv": [2, 8.5, 2.5, 9], "rotation": 90, "texture": "#4_1"}
			}
		},
		{
			"from": [1.81533, 24.22352, -1.62],
			"to": [2.68467, 24.71352, -1.13],
			"rotation": {"angle": 0, "axis": "z", "origin": [2.37033, 24.34352, -1.5]},
			"faces": {
				"north": {"uv": [2, 8.5, 2.5, 9], "rotation": 90, "texture": "#4_1"},
				"east": {"uv": [2, 8.5, 2.5, 9], "rotation": 90, "texture": "#4_1"},
				"south": {"uv": [2, 8.5, 2.5, 9], "rotation": 90, "texture": "#4_1"},
				"west": {"uv": [2, 8.5, 2.5, 9], "rotation": 90, "texture": "#4_1"},
				"up": {"uv": [2, 8.5, 2.5, 9], "rotation": 90, "texture": "#4_1"},
				"down": {"uv": [2, 8.5, 2.5, 9], "rotation": 90, "texture": "#4_1"}
			}
		},
		{
			"from": [2.69548, 23.50445, -1.62],
			"to": [3.18548, 24.61445, -1.13],
			"rotation": {"angle": 45, "axis": "z", "origin": [2.81548, 24.05945, -1.5]},
			"faces": {
				"north": {"uv": [2, 8.5, 2.5, 9], "rotation": 90, "texture": "#4_1"},
				"east": {"uv": [2, 8.5, 2.5, 9], "rotation": 90, "texture": "#4_1"},
				"south": {"uv": [2, 8.5, 2.5, 9], "rotation": 90, "texture": "#4_1"},
				"west": {"uv": [2, 8.5, 2.5, 9], "rotation": 90, "texture": "#4_1"},
				"up": {"uv": [2, 8.5, 2.5, 9], "rotation": 90, "texture": "#4_1"},
				"down": {"uv": [2, 8.5, 2.5, 9], "rotation": 90, "texture": "#4_1"}
			}
		},
		{
			"from": [1.91125, 4.05762, -1.71375],
			"to": [2.59875, 4.55762, -1.02625],
			"rotation": {"angle": 0, "axis": "x", "origin": [2.255, 25.05762, -1.87]},
			"faces": {
				"north": {"uv": [7.5, 0, 8.844, 1], "texture": "#4_1"},
				"east": {"uv": [7.5, 0, 8.844, 1], "texture": "#4_1"},
				"south": {"uv": [7.5, 0, 8.844, 1], "texture": "#4_1"},
				"west": {"uv": [7.5, 0, 8.844, 1], "texture": "#4_1"},
				"up": {"uv": [8.5, 0, 9.844, 1.5], "texture": "#4_1"},
				"down": {"uv": [8.5, 0, 9.844, 1.5], "texture": "#4_1"}
			}
		},
		{
			"from": [1.84875, 3.40137, -1.52625],
			"to": [2.0675, 4.15137, -1.21375],
			"rotation": {"angle": -22.5, "axis": "z", "origin": [2.005, 3.65137, -1.37]},
			"faces": {
				"north": {"uv": [8.5, 0, 9, 1], "rotation": 180, "texture": "#4_1"},
				"east": {"uv": [8.5, 0, 9, 1], "rotation": 180, "texture": "#4_1"},
				"south": {"uv": [8.5, 0, 9, 1], "rotation": 180, "texture": "#4_1"},
				"west": {"uv": [8.5, 0, 9, 1], "rotation": 180, "texture": "#4_1"},
				"up": {"uv": [8.5, 0, 9, 1], "rotation": 180, "texture": "#4_1"},
				"down": {"uv": [8.5, 0, 9, 1], "rotation": 180, "texture": "#4_1"}
			}
		},
		{
			"from": [2.4425, 3.40137, -1.52625],
			"to": [2.66125, 4.15137, -1.21375],
			"rotation": {"angle": 22.5, "axis": "z", "origin": [2.505, 3.65137, -1.37]},
			"faces": {
				"north": {"uv": [8.5, 0, 9, 1], "rotation": 180, "texture": "#4_1"},
				"east": {"uv": [8.5, 0, 9, 1], "rotation": 180, "texture": "#4_1"},
				"south": {"uv": [8.5, 0, 9, 1], "rotation": 180, "texture": "#4_1"},
				"west": {"uv": [8.5, 0, 9, 1], "rotation": 180, "texture": "#4_1"},
				"up": {"uv": [8.5, 0, 9, 1], "rotation": 180, "texture": "#4_1"},
				"down": {"uv": [8.5, 0, 9, 1], "rotation": 180, "texture": "#4_1"}
			}
		},
		{
			"from": [1.84875, 3.05902, -1.52625],
			"to": [2.0675, 3.55902, -1.21375],
			"rotation": {"angle": 22.5, "axis": "z", "origin": [2.005, 3.30902, -1.37]},
			"faces": {
				"north": {"uv": [8.5, 0, 9, 0.5], "rotation": 180, "texture": "#4_1"},
				"east": {"uv": [8.5, 0, 9, 0.5], "rotation": 180, "texture": "#4_1"},
				"south": {"uv": [8.5, 0, 9, 0.5], "rotation": 180, "texture": "#4_1"},
				"west": {"uv": [8.5, 0, 9, 0.5], "rotation": 180, "texture": "#4_1"},
				"up": {"uv": [8.5, 0, 9, 0.5], "rotation": 180, "texture": "#4_1"},
				"down": {"uv": [8.5, 0, 9, 0.5], "rotation": 180, "texture": "#4_1"}
			}
		},
		{
			"from": [2.4425, 3.05902, -1.52625],
			"to": [2.66125, 3.55902, -1.21375],
			"rotation": {"angle": -22.5, "axis": "z", "origin": [2.505, 3.30902, -1.37]},
			"faces": {
				"north": {"uv": [8.5, 0, 9, 0.5], "rotation": 180, "texture": "#4_1"},
				"east": {"uv": [8.5, 0, 9, 0.5], "rotation": 180, "texture": "#4_1"},
				"south": {"uv": [8.5, 0, 9, 0.5], "rotation": 180, "texture": "#4_1"},
				"west": {"uv": [8.5, 0, 9, 0.5], "rotation": 180, "texture": "#4_1"},
				"up": {"uv": [8.5, 0, 9, 0.5], "rotation": 180, "texture": "#4_1"},
				"down": {"uv": [8.5, 0, 9, 0.5], "rotation": 180, "texture": "#4_1"}
			}
		}
	],
	"display": {
		"thirdperson_righthand": {
			"rotation": [75, 19.5, 0],
			"translation": [0.25, -4, -4.25],
			"scale": [0.375, 0.375, 0.375]
		},
		"thirdperson_lefthand": {
			"rotation": [75, 19.5, 0],
			"translation": [0.25, -4, -4.25],
			"scale": [0.375, 0.375, 0.375]
		},
		"firstperson_righthand": {
			"rotation": [0, -235.75, 0],
			"translation": [0.5, 2.5, 1.5],
			"scale": [0.2457, 0.2457, 0.2457]
		},
		"firstperson_lefthand": {
			"rotation": [0, -235.75, 0],
			"translation": [0.5, 2.5, 1.5],
			"scale": [0.2457, 0.2457, 0.2457]
		},
		"ground": {
			"translation": [0, 3, 5.5],
			"scale": [0.61133, 0.61133, 0.61133]
		},
		"gui": {
			"rotation": [30, -156, 0],
			"translation": [-2.5, -1.5, 0],
			"scale": [0.625, 0.625, 0.625]
		},
		"head": {
			"translation": [0, 15.25, 14.5],
			"scale": [1.6, 1.6, 1.6]
		},
		"fixed": {
			"translation": [0, -33.5, 17],
			"scale": [2, 2, 2]
		}
	},
	"groups": [
		{
			"name": "Plaque",
			"origin": [8.22183, 31.70711, 7],
			"children": [0, 1, 2, 3, 4, 5, 6, 7, 8, 9, 10, 11, 12, 13]
		},
		{
			"name": "Leash",
			"origin": [12.755, 6.55902, -1.37],
			"children": [14, 15, 16, 17, 18, 19, 20, 21, 22, 23, 24, 25, 26, 27]
		},
		{
			"name": "Leash",
			"origin": [12.755, 6.55902, -1.37],
			"children": [28, 29, 30, 31, 32, 33, 34, 35, 36, 37, 38, 39, 40, 41]
		},
		{
			"name": "Leash",
			"origin": [12.755, 6.55902, -1.37],
			"children": [42, 43, 44, 45, 46, 47, 48, 49, 50, 51, 52, 53, 54, 55]
		},
		{
			"name": "Leash",
			"origin": [12.755, 6.55902, -1.37],
			"children": [56, 57, 58, 59, 60, 61, 62, 63, 64, 65, 66, 67, 68, 69]
		},
		{
			"name": "Leash",
			"origin": [12.755, 6.55902, -1.37],
			"children": [70, 71, 72, 73, 74, 75, 76, 77, 78, 79, 80, 81, 82, 83]
		}
	]
}