{
	"credit": "Made with Blockbench",
	"textures": {
		"0": "block/MizunoArchive/light_gray_concrete_powder",
		"1": "block/MizunoArchive/gray_concrete",
		"particle": "block/MizunoArchive/light_gray_concrete_powder"
	},
	"elements": [
		{
			"from": [0.77936, 0.84455, 6.03859],
			"to": [1.15181, 1.12043, 6.33459],
			"rotation": {"angle": 0, "axis": "z", "origin": [-0.70753, 0.72867, 8.70134]},
			"faces": {
				"north": {"uv": [5, 1, 6, 2], "rotation": 270, "texture": "#0"},
				"east": {"uv": [5, 1, 6, 2], "rotation": 270, "texture": "#0"},
				"south": {"uv": [5, 1, 6, 2], "rotation": 270, "texture": "#0"},
				"west": {"uv": [5, 1, 6, 2], "rotation": 270, "texture": "#0"},
				"up": {"uv": [5, 1, 6, 2], "rotation": 270, "texture": "#0"},
				"down": {"uv": [5, 1, 6, 2], "rotation": 270, "texture": "#0"}
			}
		},
		{
			"from": [0.78, 0, 6.68],
			"to": [1.52, 0.37, 9.27],
			"rotation": {"angle": 0, "axis": "y", "origin": [-1.44, 5.92, 1.5]},
			"faces": {
				"north": {"uv": [5, 1, 6, 2], "texture": "#0"},
				"east": {"uv": [5, 1, 6, 2], "texture": "#0"},
				"south": {"uv": [5, 1, 6, 2], "texture": "#0"},
				"west": {"uv": [5, 1, 6, 2], "texture": "#0"},
				"up": {"uv": [5, 1, 6, 2], "texture": "#0"},
				"down": {"uv": [5, 1, 6, 2], "texture": "#0"}
			}
		},
		{
			"from": [3.74, 0, 6.68],
			"to": [4.48, 0.37, 9.27],
			"rotation": {"angle": 0, "axis": "y", "origin": [1.52, 5.92, 1.5]},
			"faces": {
				"north": {"uv": [5, 1, 6, 2], "texture": "#0"},
				"east": {"uv": [5, 1, 6, 2], "texture": "#0"},
				"south": {"uv": [5, 1, 6, 2], "texture": "#0"},
				"west": {"uv": [5, 1, 6, 2], "texture": "#0"},
				"up": {"uv": [5, 1, 6, 2], "texture": "#0"},
				"down": {"uv": [5, 1, 6, 2], "texture": "#0"}
			}
		},
		{
			"from": [3.074, 0, 6.68],
			"to": [3.444, 0.37, 8.9],
			"rotation": {"angle": 0, "axis": "y", "origin": [0.854, 5.92, 1.5]},
			"faces": {
				"north": {"uv": [5, 1, 6, 2], "texture": "#0"},
				"east": {"uv": [5, 1, 6, 2], "texture": "#0"},
				"south": {"uv": [5, 1, 6, 2], "texture": "#0"},
				"west": {"uv": [5, 1, 6, 2], "texture": "#0"},
				"up": {"uv": [5, 1, 6, 2], "texture": "#0"},
				"down": {"uv": [5, 1, 6, 2], "texture": "#0"}
			}
		},
		{
			"from": [1.816, 0, 6.68],
			"to": [2.186, 0.37, 8.9],
			"rotation": {"angle": 0, "axis": "y", "origin": [-0.404, 5.92, 1.5]},
			"faces": {
				"north": {"uv": [5, 1, 6, 2], "texture": "#0"},
				"east": {"uv": [5, 1, 6, 2], "texture": "#0"},
				"south": {"uv": [5, 1, 6, 2], "texture": "#0"},
				"west": {"uv": [5, 1, 6, 2], "texture": "#0"},
				"up": {"uv": [5, 1, 6, 2], "texture": "#0"},
				"down": {"uv": [5, 1, 6, 2], "texture": "#0"}
			}
		},
		{
			"from": [2.445, 0, 6.68],
			"to": [2.815, 0.37, 8.9],
			"rotation": {"angle": 0, "axis": "y", "origin": [0.225, 5.92, 1.5]},
			"faces": {
				"north": {"uv": [5, 1, 6, 2], "texture": "#0"},
				"east": {"uv": [5, 1, 6, 2], "texture": "#0"},
				"south": {"uv": [5, 1, 6, 2], "texture": "#0"},
				"west": {"uv": [5, 1, 6, 2], "texture": "#0"},
				"up": {"uv": [5, 1, 6, 2], "texture": "#0"},
				"down": {"uv": [5, 1, 6, 2], "texture": "#0"}
			}
		},
		{
			"from": [1.261, 0, 8.9],
			"to": [3.999, 0.37, 9.64],
			"rotation": {"angle": 0, "axis": "y", "origin": [0.225, 5.92, 1.5]},
			"faces": {
				"north": {"uv": [5, 1, 6, 2], "texture": "#0"},
				"east": {"uv": [5, 1, 6, 2], "texture": "#0"},
				"south": {"uv": [5, 1, 6, 2], "texture": "#0"},
				"west": {"uv": [5, 1, 6, 2], "texture": "#0"},
				"up": {"uv": [5, 1, 6, 2], "texture": "#0"},
				"down": {"uv": [5, 1, 6, 2], "texture": "#0"}
			}
		},
		{
			"from": [0.7818, 0.73929, 5.88531],
			"to": [4.4818, 1.08312, 7.12985],
			"rotation": {"angle": 45, "axis": "x", "origin": [2.62312, 0.91265, 6.01691]},
			"faces": {
				"north": {"uv": [5, 1, 6, 2], "texture": "#0"},
				"east": {"uv": [5, 1, 6, 2], "texture": "#0"},
				"south": {"uv": [5, 1, 6, 2], "texture": "#0"},
				"west": {"uv": [5, 1, 6, 2], "texture": "#0"},
				"up": {"uv": [5, 1, 6, 2], "texture": "#0"},
				"down": {"uv": [5, 1, 6, 2], "texture": "#0"}
			}
		},
		{
			"from": [1.5056, -0.00473, 8.26991],
			"to": [2.555, 1.12624, 8.64438],
			"rotation": {"angle": -45, "axis": "y", "origin": [0.38871, 0.73039, 8.07705]},
			"faces": {
				"north": {"uv": [5, 1, 6, 2], "rotation": 270, "texture": "#0"},
				"east": {"uv": [5, 1, 6, 2], "rotation": 270, "texture": "#0"},
				"south": {"uv": [5, 1, 6, 2], "rotation": 270, "texture": "#0"},
				"west": {"uv": [5, 1, 6, 2], "rotation": 270, "texture": "#0"},
				"up": {"uv": [5, 1, 6, 2], "rotation": 270, "texture": "#0"},
				"down": {"uv": [5, 1, 6, 2], "rotation": 270, "texture": "#0"}
			}
		},
		{
			"from": [3.46352, -0.00003, 9.33078],
			"to": [4.51293, 1.13094, 9.70525],
			"rotation": {"angle": 45, "axis": "y", "origin": [3.97623, 0.82596, 9.52413]},
			"faces": {
				"north": {"uv": [5, 1, 6, 2], "rotation": 270, "texture": "#0"},
				"east": {"uv": [5, 1, 6, 2], "rotation": 270, "texture": "#0"},
				"south": {"uv": [5, 1, 6, 2], "rotation": 270, "texture": "#0"},
				"west": {"uv": [5, 1, 6, 2], "rotation": 270, "texture": "#0"},
				"up": {"uv": [5, 1, 6, 2], "rotation": 270, "texture": "#0"},
				"down": {"uv": [5, 1, 6, 2], "rotation": 270, "texture": "#0"}
			}
		},
		{
			"from": [1.51935, -0.00064, 9.64001],
			"to": [3.7418, 1.12624, 10.01001],
			"rotation": {"angle": 0, "axis": "z", "origin": [2.62246, 0.73448, 9.07715]},
			"faces": {
				"north": {"uv": [5, 1, 6, 2], "rotation": 270, "texture": "#0"},
				"east": {"uv": [5, 1, 6, 2], "rotation": 270, "texture": "#0"},
				"south": {"uv": [5, 1, 6, 2], "rotation": 270, "texture": "#0"},
				"west": {"uv": [5, 1, 6, 2], "rotation": 270, "texture": "#0"},
				"up": {"uv": [5, 1, 6, 2], "rotation": 270, "texture": "#0"},
				"down": {"uv": [5, 1, 6, 2], "rotation": 270, "texture": "#0"}
			}
		},
		{
			"from": [2.25935, 0.29536, 10.01001],
			"to": [3.0018, 1.01524, 11.30501],
			"rotation": {"angle": 0, "axis": "z", "origin": [2.62246, 0.73448, 9.07715]},
			"faces": {
				"north": {"uv": [5, 1, 6, 2], "rotation": 270, "texture": "#0"},
				"east": {"uv": [5, 1, 6, 2], "rotation": 270, "texture": "#0"},
				"south": {"uv": [5, 1, 6, 2], "rotation": 270, "texture": "#0"},
				"west": {"uv": [5, 1, 6, 2], "rotation": 270, "texture": "#0"},
				"up": {"uv": [5, 1, 6, 2], "rotation": 270, "texture": "#0"},
				"down": {"uv": [5, 1, 6, 2], "rotation": 270, "texture": "#0"}
			}
		},
		{
			"from": [2.14835, 0.18436, 11.30501],
			"to": [3.1128, 1.12624, 14.45001],
			"rotation": {"angle": 0, "axis": "z", "origin": [2.62246, 0.73448, 11.11215]},
			"faces": {
				"north": {"uv": [3, 1, 4, 2], "rotation": 270, "texture": "#0"},
				"east": {"uv": [3, 1, 4, 2], "rotation": 270, "texture": "#0"},
				"south": {"uv": [3, 1, 4, 2], "rotation": 270, "texture": "#0"},
				"west": {"uv": [3, 1, 4, 2], "rotation": 270, "texture": "#0"},
				"up": {"uv": [3, 1, 4, 2], "rotation": 270, "texture": "#0"},
				"down": {"uv": [3, 1, 4, 2], "rotation": 270, "texture": "#0"}
			}
		},
		{
			"from": [4.10935, 0.36936, 6.3404],
			"to": [4.4818, 1.12624, 9.27001],
			"rotation": {"angle": 0, "axis": "z", "origin": [2.62246, 0.73448, 8.70715]},
			"faces": {
				"north": {"uv": [5, 1, 6, 2], "rotation": 270, "texture": "#0"},
				"east": {"uv": [5, 1, 6, 2], "rotation": 270, "texture": "#0"},
				"south": {"uv": [5, 1, 6, 2], "rotation": 270, "texture": "#0"},
				"west": {"uv": [5, 1, 6, 2], "rotation": 270, "texture": "#0"},
				"up": {"uv": [5, 1, 6, 2], "rotation": 270, "texture": "#0"},
				"down": {"uv": [5, 1, 6, 2], "rotation": 270, "texture": "#0"}
			}
		},
		{
			"from": [0.77936, 0.36355, 6.33459],
			"to": [1.15181, 1.12043, 9.2642],
			"rotation": {"angle": 0, "axis": "z", "origin": [-0.70753, 0.72867, 8.70134]},
			"faces": {
				"north": {"uv": [5, 1, 6, 2], "rotation": 270, "texture": "#0"},
				"east": {"uv": [5, 1, 6, 2], "rotation": 270, "texture": "#0"},
				"south": {"uv": [5, 1, 6, 2], "rotation": 270, "texture": "#0"},
				"west": {"uv": [5, 1, 6, 2], "rotation": 270, "texture": "#0"},
				"up": {"uv": [5, 1, 6, 2], "rotation": 270, "texture": "#0"},
				"down": {"uv": [5, 1, 6, 2], "rotation": 270, "texture": "#0"}
			}
		},
		{
			"from": [4.10935, 0.85036, 6.0444],
			"to": [4.4818, 1.12624, 6.3404],
			"rotation": {"angle": 0, "axis": "z", "origin": [2.62246, 0.73448, 8.70715]},
			"faces": {
				"north": {"uv": [5, 1, 6, 2], "rotation": 270, "texture": "#0"},
				"east": {"uv": [5, 1, 6, 2], "rotation": 270, "texture": "#0"},
				"south": {"uv": [5, 1, 6, 2], "rotation": 270, "texture": "#0"},
				"west": {"uv": [5, 1, 6, 2], "rotation": 270, "texture": "#0"},
				"up": {"uv": [5, 1, 6, 2], "rotation": 270, "texture": "#0"},
				"down": {"uv": [5, 1, 6, 2], "rotation": 270, "texture": "#0"}
			}
		},
		{
			"name": "Gravel",
			"from": [5.60047, 2.26856, 1.50455],
			"to": [14.60047, 2.26856, 14.50455],
			"rotation": {"angle": 0, "axis": "y", "origin": [12.85047, 9.26856, 10.00455]},
			"faces": {
				"north": {"uv": [0, 0, 9, 0], "texture": "#missing"},
				"east": {"uv": [0, 0, 13, 0], "texture": "#missing"},
				"south": {"uv": [0, 0, 9, 0], "texture": "#missing"},
				"west": {"uv": [0, 0, 13, 0], "texture": "#missing"},
				"up": {"uv": [1, 0, 13, 16], "texture": "#0"},
				"down": {"uv": [0, 0, 9, 13], "texture": "#missing"}
			}
		},
		{
			"from": [13.61076, 0.0809, 2.00121],
			"to": [14.61076, 2.0809, 14.00121],
			"rotation": {"angle": -22.5, "axis": "z", "origin": [14.0994, 1.5748, 7.99594]},
			"faces": {
				"north": {"uv": [4, 3, 5, 4], "texture": "#1"},
				"east": {"uv": [4, 3, 5, 4], "texture": "#1"},
				"south": {"uv": [4, 3, 5, 4], "texture": "#1"},
				"west": {"uv": [4, 3, 5, 4], "texture": "#1"},
				"up": {"uv": [4, 3, 5, 4], "texture": "#1"},
				"down": {"uv": [4, 3, 5, 4], "texture": "#1"}
			}
		},
		{
			"from": [5.98934, 0.07953, 1.38042],
			"to": [14, 2.10328, 2.37877],
			"rotation": {"angle": -22.5, "axis": "x", "origin": [11.99461, 1.59718, 1.89012]},
			"faces": {
				"north": {"uv": [4, 3, 5, 4], "texture": "#1"},
				"east": {"uv": [4, 3, 5, 4], "texture": "#1"},
				"south": {"uv": [4, 3, 5, 4], "texture": "#1"},
				"west": {"uv": [4, 3, 5, 4], "texture": "#1"},
				"up": {"uv": [4, 3, 5, 4], "texture": "#1"},
				"down": {"uv": [4, 3, 5, 4], "texture": "#1"}
			}
		},
		{
			"from": [6, 0, 2],
			"to": [14, 1, 14],
			"rotation": {"angle": 0, "axis": "y", "origin": [13, 8, 10]},
			"faces": {
				"north": {"uv": [4, 3, 5, 4], "texture": "#1"},
				"east": {"uv": [4, 3, 5, 4], "texture": "#1"},
				"south": {"uv": [4, 3, 5, 4], "texture": "#1"},
				"west": {"uv": [4, 3, 5, 4], "texture": "#1"},
				"up": {"uv": [4, 3, 5, 4], "texture": "#1"},
				"down": {"uv": [4, 3, 5, 4], "texture": "#1"}
			}
		},
		{
			"from": [5.38924, 0.0809, 2.00121],
			"to": [6.38924, 2.0809, 14.00121],
			"rotation": {"angle": 22.5, "axis": "z", "origin": [5.9006, 1.5748, 7.99594]},
			"faces": {
				"north": {"uv": [4, 3, 5, 4], "texture": "#1"},
				"east": {"uv": [4, 3, 5, 4], "texture": "#1"},
				"south": {"uv": [4, 3, 5, 4], "texture": "#1"},
				"west": {"uv": [4, 3, 5, 4], "texture": "#1"},
				"up": {"uv": [4, 3, 5, 4], "texture": "#1"},
				"down": {"uv": [4, 3, 5, 4], "texture": "#1"}
			}
		},
		{
			"from": [5.98934, 0.07953, 13.62123],
			"to": [14, 2.10328, 14.61958],
			"rotation": {"angle": 22.5, "axis": "x", "origin": [11.99461, 1.59718, 14.10988]},
			"faces": {
				"north": {"uv": [4, 3, 5, 4], "texture": "#1"},
				"east": {"uv": [4, 3, 5, 4], "texture": "#1"},
				"south": {"uv": [4, 3, 5, 4], "texture": "#1"},
				"west": {"uv": [4, 3, 5, 4], "texture": "#1"},
				"up": {"uv": [4, 3, 5, 4], "texture": "#1"},
				"down": {"uv": [4, 3, 5, 4], "texture": "#1"}
			}
		},
		{
			"from": [4.60047, 1.76856, 2.00455],
			"to": [5.60047, 2.76856, 14.00455],
			"rotation": {"angle": 0, "axis": "y", "origin": [11.85047, 9.76856, 10.00455]},
			"faces": {
				"north": {"uv": [1, 4, 2, 5], "texture": "#1"},
				"east": {"uv": [1, 4, 2, 5], "texture": "#1"},
				"south": {"uv": [1, 4, 2, 5], "texture": "#1"},
				"west": {"uv": [1, 4, 2, 5], "texture": "#1"},
				"up": {"uv": [1, 4, 2, 5], "texture": "#1"},
				"down": {"uv": [1, 4, 2, 5], "texture": "#1"}
			}
		},
		{
			"from": [14.39953, 1.76856, 2.00455],
			"to": [15.39953, 2.76856, 14.00455],
			"rotation": {"angle": 0, "axis": "y", "origin": [8.14953, 9.76856, 10.00455]},
			"faces": {
				"north": {"uv": [1, 4, 2, 5], "texture": "#1"},
				"east": {"uv": [1, 4, 2, 5], "texture": "#1"},
				"south": {"uv": [1, 4, 2, 5], "texture": "#1"},
				"west": {"uv": [1, 4, 2, 5], "texture": "#1"},
				"up": {"uv": [1, 4, 2, 5], "texture": "#1"},
				"down": {"uv": [1, 4, 2, 5], "texture": "#1"}
			}
		},
		{
			"from": [6.01232, 1.7719, 0.58937],
			"to": [13.99979, 2.7719, 1.59282],
			"rotation": {"angle": 0, "axis": "y", "origin": [7.99979, 9.79375, 7.84282]},
			"faces": {
				"north": {"uv": [1, 4, 2, 5], "texture": "#1"},
				"east": {"uv": [1, 4, 2, 5], "texture": "#1"},
				"south": {"uv": [1, 4, 2, 5], "texture": "#1"},
				"west": {"uv": [1, 4, 2, 5], "texture": "#1"},
				"up": {"uv": [1, 4, 2, 5], "texture": "#1"},
				"down": {"uv": [1, 4, 2, 5], "texture": "#1"}
			}
		},
		{
			"from": [5.98773, 1.77187, 14.41061],
			"to": [13.98773, 2.77187, 15.41061],
			"rotation": {"angle": 0, "axis": "y", "origin": [7.98773, 9.77187, 8.16061]},
			"faces": {
				"north": {"uv": [1, 4, 2, 5], "texture": "#1"},
				"east": {"uv": [1, 4, 2, 5], "texture": "#1"},
				"south": {"uv": [1, 4, 2, 5], "texture": "#1"},
				"west": {"uv": [1, 4, 2, 5], "texture": "#1"},
				"up": {"uv": [1, 4, 2, 5], "texture": "#1"},
				"down": {"uv": [1, 4, 2, 5], "texture": "#1"}
			}
		},
		{
			"from": [5.1587, 1.771, 13.35037],
			"to": [6.1587, 2.771, 15.35037],
			"rotation": {"angle": 45, "axis": "y", "origin": [5.65825, 2.27207, 14.35009]},
			"faces": {
				"north": {"uv": [1, 4, 2, 5], "texture": "#1"},
				"east": {"uv": [1, 4, 2, 5], "texture": "#1"},
				"south": {"uv": [1, 4, 2, 5], "texture": "#1"},
				"west": {"uv": [1, 4, 2, 5], "texture": "#1"},
				"up": {"uv": [1, 4, 2, 5], "texture": "#1"},
				"down": {"uv": [1, 4, 2, 5], "texture": "#1"}
			}
		},
		{
			"from": [13.8413, 1.771, 13.35037],
			"to": [14.8413, 2.771, 15.35037],
			"rotation": {"angle": -45, "axis": "y", "origin": [14.34175, 2.27207, 14.35009]},
			"faces": {
				"north": {"uv": [1, 4, 2, 5], "texture": "#1"},
				"east": {"uv": [1, 4, 2, 5], "texture": "#1"},
				"south": {"uv": [1, 4, 2, 5], "texture": "#1"},
				"west": {"uv": [1, 4, 2, 5], "texture": "#1"},
				"up": {"uv": [1, 4, 2, 5], "texture": "#1"},
				"down": {"uv": [1, 4, 2, 5], "texture": "#1"}
			}
		},
		{
			"from": [13.8413, 1.771, 0.64963],
			"to": [14.8413, 2.771, 2.64963],
			"rotation": {"angle": 45, "axis": "y", "origin": [14.34175, 2.27207, 1.64991]},
			"faces": {
				"north": {"uv": [1, 4, 2, 5], "texture": "#1"},
				"east": {"uv": [1, 4, 2, 5], "texture": "#1"},
				"south": {"uv": [1, 4, 2, 5], "texture": "#1"},
				"west": {"uv": [1, 4, 2, 5], "texture": "#1"},
				"up": {"uv": [1, 4, 2, 5], "texture": "#1"},
				"down": {"uv": [1, 4, 2, 5], "texture": "#1"}
			}
		},
		{
			"from": [5.1587, 1.771, 0.64963],
			"to": [6.1587, 2.771, 2.64963],
			"rotation": {"angle": -45, "axis": "y", "origin": [5.65825, 2.27207, 1.64991]},
			"faces": {
				"north": {"uv": [1, 4, 2, 5], "texture": "#1"},
				"east": {"uv": [1, 4, 2, 5], "texture": "#1"},
				"south": {"uv": [1, 4, 2, 5], "texture": "#1"},
				"west": {"uv": [1, 4, 2, 5], "texture": "#1"},
				"up": {"uv": [1, 4, 2, 5], "texture": "#1"},
				"down": {"uv": [1, 4, 2, 5], "texture": "#1"}
			}
		}
	],
	"display": {
		"thirdperson_righthand": {
			"rotation": [75, -104.25, 0],
			"translation": [0, 3, 2],
			"scale": [0.375, 0.375, 0.375]
		},
		"thirdperson_lefthand": {
			"rotation": [75, -104.25, 0],
			"translation": [0, 3, 2],
			"scale": [0.375, 0.375, 0.375]
		},
		"firstperson_righthand": {
			"rotation": [7.75, 115.5, -2.75],
			"translation": [0.75, 4.25, 0],
			"scale": [0.4, 0.4, 0.4]
		},
		"firstperson_lefthand": {
			"rotation": [7.75, 115.5, -2.75],
			"translation": [0.75, 4.25, 0],
			"scale": [0.4, 0.4, 0.4]
		},
		"ground": {
			"translation": [0, 3, 0],
			"scale": [0.8, 0.8, 0.8]
		},
		"gui": {
			"rotation": [30, 137, 0],
			"translation": [0.25, 3.25, 0],
			"scale": [0.81445, 0.81445, 0.81445]
		},
		"head": {
			"rotation": [0, -90, 0],
			"translation": [0, 15.25, 0]
		},
		"fixed": {
			"rotation": [-90, 0, 0],
			"translation": [0, 0, -15],
			"scale": [2, 2, 2]
		}
	},
	"groups": [
		{
			"name": "Scoop",
			"origin": [1.62246, 0.73448, 7.20715],
			"children": [0, 1, 2, 3, 4, 5, 6, 7, 8, 9, 10, 11, 12, 13, 14, 15]
		},
		{
			"name": "LitterBox",
			"origin": [8, 8, 8],
			"children": [
				{
					"name": "Gravel",
					"origin": [8, 8, 8],
					"children": [16]
				},
				{
					"name": "Bottom",
					"origin": [9.99461, 1.59718, 14.10988],
					"children": [17, 18, 19, 20, 21]
				},
				{
					"name": "Rim",
					"origin": [3.65825, 2.27207, 1.64991],
					"children": [22, 23, 24, 25, 26, 27, 28, 29]
				}
			]
		}
	]
}