{
	"credit": "Made with Blockbench",
	"textures": {
		"1": "block/MizunoArchive/iron_ingot_0",
		"2": "block/barrelwater",
		"particle": "block/MizunoArchive/iron_ingot_0"
	},
	"elements": [
		{
			"name": "octagon",
			"from": [5.86266, 0, 2.84],
			"to": [10.13734, 1, 13.16],
			"rotation": {"angle": 45, "axis": "y", "origin": [8, 0.5, 8]},
			"faces": {
				"north": {"uv": [6, 9, 10, 10], "texture": "#1"},
				"east": {"uv": [6, 9, 10, 10], "texture": "#1"},
				"south": {"uv": [6, 9, 10, 10], "texture": "#1"},
				"west": {"uv": [6, 9, 10, 10], "texture": "#1"},
				"up": {"uv": [6, 9, 10, 10], "texture": "#1"},
				"down": {"uv": [6, 9, 10, 10], "texture": "#1"}
			}
		},
		{
			"name": "octagon",
			"from": [5.86266, 0.01563, 2.84],
			"to": [10.13734, 1.01563, 13.16],
			"rotation": {"angle": 0, "axis": "y", "origin": [8, 0.51563, 8]},
			"faces": {
				"north": {"uv": [6, 9, 10, 10], "texture": "#1"},
				"east": {"uv": [6, 9, 10, 10], "texture": "#1"},
				"south": {"uv": [6, 9, 10, 10], "texture": "#1"},
				"west": {"uv": [6, 9, 10, 10], "texture": "#1"},
				"up": {"uv": [6, 9, 10, 10], "texture": "#1"},
				"down": {"uv": [6, 9, 10, 10], "texture": "#1"}
			}
		},
		{
			"name": "octagon",
			"from": [2.84, 0, 5.86266],
			"to": [13.16, 1, 10.13734],
			"rotation": {"angle": 45, "axis": "y", "origin": [8, 0.5, 8]},
			"faces": {
				"north": {"uv": [6, 9, 10, 10], "texture": "#1"},
				"east": {"uv": [6, 9, 10, 10], "texture": "#1"},
				"south": {"uv": [6, 9, 10, 10], "texture": "#1"},
				"west": {"uv": [6, 9, 10, 10], "texture": "#1"},
				"up": {"uv": [6, 9, 10, 10], "texture": "#1"},
				"down": {"uv": [6, 9, 10, 10], "texture": "#1"}
			}
		},
		{
			"name": "octagon",
			"from": [2.84, 0.01563, 5.86266],
			"to": [13.16, 1.01563, 10.13734],
			"rotation": {"angle": 0, "axis": "y", "origin": [8, 0.51563, 8]},
			"faces": {
				"north": {"uv": [6, 9, 10, 10], "texture": "#1"},
				"east": {"uv": [6, 9, 10, 10], "texture": "#1"},
				"south": {"uv": [6, 9, 10, 10], "texture": "#1"},
				"west": {"uv": [6, 9, 10, 10], "texture": "#1"},
				"up": {"uv": [6, 9, 10, 10], "texture": "#1"},
				"down": {"uv": [6, 9, 10, 10], "texture": "#1"}
			}
		},
		{
			"name": "octagon",
			"from": [5.9909, 1, 3.1496],
			"to": [10.0091, 3, 12.8504],
			"rotation": {"angle": 45, "axis": "y", "origin": [8, 1.5, 8]},
			"faces": {
				"north": {"uv": [2, 3, 6.018, 5], "texture": "#1"},
				"east": {"uv": [2, 3, 6.018, 5], "texture": "#1"},
				"south": {"uv": [2, 3, 6.018, 5], "texture": "#1"},
				"west": {"uv": [2, 3, 6.018, 5], "texture": "#1"},
				"up": {"uv": [2, 3, 6.018, 5], "texture": "#1"},
				"down": {"uv": [2, 3, 6.018, 5], "texture": "#1"}
			}
		},
		{
			"name": "octagon",
			"from": [5.9909, 1.01563, 3.1496],
			"to": [10.0091, 3.01563, 12.8504],
			"rotation": {"angle": 0, "axis": "y", "origin": [8, 1.51563, 8]},
			"faces": {
				"north": {"uv": [1, 1, 5.018, 3], "texture": "#1"},
				"east": {"uv": [1, 1, 5.018, 3], "texture": "#1"},
				"south": {"uv": [1, 1, 5.018, 3], "texture": "#1"},
				"west": {"uv": [1, 1, 5.018, 3], "texture": "#1"},
				"up": {"uv": [1, 1, 5.018, 3], "texture": "#1"},
				"down": {"uv": [1, 1, 5.018, 3], "texture": "#1"}
			}
		},
		{
			"name": "octagon",
			"from": [3.1496, 1, 5.9909],
			"to": [12.8504, 3, 10.0091],
			"rotation": {"angle": 45, "axis": "y", "origin": [8, 1.5, 8]},
			"faces": {
				"north": {"uv": [1, 2, 5.018, 4], "rotation": 180, "texture": "#1"},
				"east": {"uv": [1, 2, 5.018, 4], "rotation": 180, "texture": "#1"},
				"south": {"uv": [1, 2, 5.018, 4], "rotation": 180, "texture": "#1"},
				"west": {"uv": [1, 2, 5.018, 4], "rotation": 180, "texture": "#1"},
				"up": {"uv": [1, 2, 5.018, 4], "rotation": 90, "texture": "#1"},
				"down": {"uv": [1, 2, 5.018, 4], "rotation": 180, "texture": "#1"}
			}
		},
		{
			"name": "octagon",
			"from": [3.1496, 1.01563, 5.9909],
			"to": [12.8504, 3.01563, 10.0091],
			"rotation": {"angle": 0, "axis": "y", "origin": [8, 1.51563, 8]},
			"faces": {
				"north": {"uv": [1, 2, 5.018, 4], "texture": "#1"},
				"east": {"uv": [1, 2, 5.018, 4], "texture": "#1"},
				"south": {"uv": [1, 2, 5.018, 4], "texture": "#1"},
				"west": {"uv": [1, 2, 5.018, 4], "texture": "#1"},
				"up": {"uv": [1, 2, 5.018, 4], "rotation": 270, "texture": "#1"},
				"down": {"uv": [1, 2, 5.018, 4], "texture": "#1"}
			}
		},
		{
			"name": "octagon",
			"from": [6.11119, 3, 3.44],
			"to": [9.88881, 4, 4.2],
			"rotation": {"angle": 45, "axis": "y", "origin": [8, 6, 8]},
			"faces": {
				"north": {"uv": [2, 0, 5.777, 1], "texture": "#1"},
				"east": {"uv": [2, 0, 5.777, 1], "texture": "#1"},
				"south": {"uv": [2, 0, 5.777, 1], "texture": "#1"},
				"west": {"uv": [2, 0, 5.777, 1], "texture": "#1"},
				"up": {"uv": [2, 0, 5.777, 1], "texture": "#1"},
				"down": {"uv": [2, 0, 5.777, 1], "texture": "#1"}
			}
		},
		{
			"name": "octagon",
			"from": [6.11119, 3.01563, 3.44],
			"to": [9.88881, 4.01563, 4.2],
			"rotation": {"angle": 0, "axis": "y", "origin": [8, 6.01563, 8]},
			"faces": {
				"north": {"uv": [2, 0, 5.777, 1], "texture": "#1"},
				"east": {"uv": [2, 0, 5.777, 1], "texture": "#1"},
				"south": {"uv": [2, 0, 5.777, 1], "texture": "#1"},
				"west": {"uv": [2, 0, 5.777, 1], "texture": "#1"},
				"up": {"uv": [2, 0, 5.777, 1], "texture": "#1"},
				"down": {"uv": [2, 0, 5.777, 1], "texture": "#1"}
			}
		},
		{
			"name": "octagon",
			"from": [6.11119, 3, 11.8],
			"to": [9.88881, 4, 12.56],
			"rotation": {"angle": 45, "axis": "y", "origin": [8, 6, 8]},
			"faces": {
				"north": {"uv": [2, 0, 5.777, 1], "texture": "#1"},
				"east": {"uv": [2, 0, 5.777, 1], "texture": "#1"},
				"south": {"uv": [2, 0, 5.777, 1], "texture": "#1"},
				"west": {"uv": [2, 0, 5.777, 1], "texture": "#1"},
				"up": {"uv": [2, 0, 5.777, 1], "texture": "#1"},
				"down": {"uv": [2, 0, 5.777, 1], "texture": "#1"}
			}
		},
		{
			"name": "octagon",
			"from": [6.11119, 3.01563, 11.8],
			"to": [9.88881, 4.01563, 12.56],
			"rotation": {"angle": 0, "axis": "y", "origin": [8, 6.01563, 8]},
			"faces": {
				"north": {"uv": [2, 0, 5.777, 1], "texture": "#1"},
				"east": {"uv": [2, 0, 5.777, 1], "texture": "#1"},
				"south": {"uv": [2, 0, 5.777, 1], "texture": "#1"},
				"west": {"uv": [2, 0, 5.777, 1], "texture": "#1"},
				"up": {"uv": [2, 0, 5.777, 1], "texture": "#1"},
				"down": {"uv": [2, 0, 5.777, 1], "texture": "#1"}
			}
		},
		{
			"name": "octagon",
			"from": [3.44, 3, 6.11119],
			"to": [4.2, 4, 9.88881],
			"rotation": {"angle": 45, "axis": "y", "origin": [8, 6, 8]},
			"faces": {
				"north": {"uv": [2, 0, 5.777, 1], "texture": "#1"},
				"east": {"uv": [2, 0, 5.777, 1], "texture": "#1"},
				"south": {"uv": [2, 0, 5.777, 1], "texture": "#1"},
				"west": {"uv": [2, 0, 5.777, 1], "texture": "#1"},
				"up": {"uv": [2, 0, 5.777, 1], "rotation": 90, "texture": "#1"},
				"down": {"uv": [2, 0, 5.777, 1], "rotation": 90, "texture": "#1"}
			}
		},
		{
			"name": "octagon",
			"from": [3.44, 3.01563, 6.11119],
			"to": [4.2, 4.01563, 9.88881],
			"rotation": {"angle": 0, "axis": "y", "origin": [8, 6.01563, 8]},
			"faces": {
				"north": {"uv": [2, 0, 5.777, 1], "texture": "#1"},
				"east": {"uv": [2, 0, 5.777, 1], "texture": "#1"},
				"south": {"uv": [2, 0, 5.777, 1], "texture": "#1"},
				"west": {"uv": [2, 0, 5.777, 1], "texture": "#1"},
				"up": {"uv": [2, 0, 5.777, 1], "rotation": 90, "texture": "#1"},
				"down": {"uv": [2, 0, 5.777, 1], "rotation": 90, "texture": "#1"}
			}
		},
		{
			"name": "octagon",
			"from": [11.8, 3, 6.11119],
			"to": [12.56, 4, 9.88881],
			"rotation": {"angle": 45, "axis": "y", "origin": [8, 6, 8]},
			"faces": {
				"north": {"uv": [2, 0, 5.777, 1], "texture": "#1"},
				"east": {"uv": [2, 0, 5.777, 1], "texture": "#1"},
				"south": {"uv": [2, 0, 5.777, 1], "texture": "#1"},
				"west": {"uv": [2, 0, 5.777, 1], "texture": "#1"},
				"up": {"uv": [2, 0, 5.777, 1], "rotation": 90, "texture": "#1"},
				"down": {"uv": [2, 0, 5.777, 1], "rotation": 90, "texture": "#1"}
			}
		},
		{
			"name": "octagon",
			"from": [11.8, 3.01563, 6.11119],
			"to": [12.56, 4.01563, 9.88881],
			"rotation": {"angle": 0, "axis": "y", "origin": [8, 6.01563, 8]},
			"faces": {
				"north": {"uv": [2, 0, 5.777, 1], "texture": "#1"},
				"east": {"uv": [2, 0, 5.777, 1], "texture": "#1"},
				"south": {"uv": [2, 0, 5.777, 1], "texture": "#1"},
				"west": {"uv": [2, 0, 5.777, 1], "texture": "#1"},
				"up": {"uv": [2, 0, 5.777, 1], "rotation": 90, "texture": "#1"},
				"down": {"uv": [2, 0, 5.777, 1], "rotation": 90, "texture": "#1"}
			}
		},
		{
			"name": "octagon",
			"from": [3.75, 3.04688, 3.75],
			"to": [12.25, 3.04688, 12.25],
			"rotation": {"angle": 0, "axis": "y", "origin": [8.1004, 1.29688, 8.0091]},
			"faces": {
				"north": {"uv": [1, 2, 5.018, 4], "texture": "#2"},
				"east": {"uv": [1, 2, 5.018, 4], "texture": "#2"},
				"south": {"uv": [1, 2, 5.018, 4], "texture": "#2"},
				"west": {"uv": [1, 2, 5.018, 4], "texture": "#2"},
				"up": {"uv": [0, 0, 16, 16], "rotation": 270, "texture": "#2"},
				"down": {"uv": [1, 2, 5.018, 4], "texture": "#2"}
			}
		}
	],
	"display": {
		"thirdperson_righthand": {
			"rotation": [75, 45, 0],
			"translation": [0, 2.5, 2.5],
			"scale": [0.64258, 0.625, 0.78125]
		},
		"thirdperson_lefthand": {
			"rotation": [75, 45, 0],
			"translation": [0, 2.5, 2.5],
			"scale": [0.64258, 0.625, 0.78125]
		},
		"firstperson_righthand": {
			"rotation": [0, 45, 10.5],
			"translation": [0, 4, 0],
			"scale": [0.66758, 0.48984, 0.57969]
		},
		"firstperson_lefthand": {
			"rotation": [0, 45, 10.5],
			"translation": [0, 4, 0],
			"scale": [0.66758, 0.48984, 0.57969]
		},
		"ground": {
			"translation": [0, 4.75, 0]
		},
		"gui": {
			"rotation": [30, 225, 0],
			"translation": [0, 2.75, 0],
			"scale": [0.96875, 0.96875, 0.96875]
		},
		"head": {
			"translation": [0, 16.75, 0],
			"scale": [1.2, 1.2, 1.2]
		},
		"fixed": {
			"rotation": [-90, 0, 0],
			"translation": [0, 0, -15],
			"scale": [2, 2, 2]
		}
	},
	"groups": [
		{
			"name": "octagon",
			"origin": [8, 8, 8],
			"children": [0, 1, 2, 3]
		},
		{
			"name": "octagon",
			"origin": [8, 8, 8],
			"children": [4, 5, 6, 7]
		},
		{
			"name": "octagon",
			"origin": [8, 8, 8],
			"children": [8, 9, 10, 11, 12, 13, 14, 15]
		}, 16]
}