{
	"credit": "Made with Blockbench",
	"textures": {
		"1": "block/MizunoArchive/iron_ingot_0",
		"2": "block/MizunoArchive/coarse_dirt",
		"particle": "block/MizunoArchive/iron_ingot_0"
	},
	"elements": [
		{
			"from": [6, 3.275, 11],
			"to": [7, 3.835, 12],
			"rotation": {"angle": 0, "axis": "y", "origin": [8, 5.515, 8]},
			"faces": {
				"north": {"uv": [3, 0, 5, 2], "texture": "#2"},
				"east": {"uv": [3, 0, 5, 2], "texture": "#2"},
				"south": {"uv": [3, 0, 5, 2], "texture": "#2"},
				"west": {"uv": [3, 0, 5, 2], "texture": "#2"},
				"up": {"uv": [3, 0, 5, 2], "texture": "#2"},
				"down": {"uv": [3, 0, 5, 2], "texture": "#2"}
			}
		},
		{
			"from": [5, 3.775, 6],
			"to": [6, 4.335, 7],
			"rotation": {"angle": 0, "axis": "y", "origin": [8, 6.015, 8]},
			"faces": {
				"north": {"uv": [3, 0, 5, 2], "texture": "#2"},
				"east": {"uv": [3, 0, 5, 2], "texture": "#2"},
				"south": {"uv": [3, 0, 5, 2], "texture": "#2"},
				"west": {"uv": [3, 0, 5, 2], "texture": "#2"},
				"up": {"uv": [3, 0, 5, 2], "texture": "#2"},
				"down": {"uv": [3, 0, 5, 2], "texture": "#2"}
			}
		},
		{
			"from": [6, 3.775, 5],
			"to": [8, 4.335, 6],
			"rotation": {"angle": 0, "axis": "y", "origin": [8, 6.015, 8]},
			"faces": {
				"north": {"uv": [3, 0, 5, 2], "texture": "#2"},
				"east": {"uv": [3, 0, 5, 2], "texture": "#2"},
				"south": {"uv": [3, 0, 5, 2], "texture": "#2"},
				"west": {"uv": [3, 0, 5, 2], "texture": "#2"},
				"up": {"uv": [3, 0, 5, 2], "texture": "#2"},
				"down": {"uv": [3, 0, 5, 2], "texture": "#2"}
			}
		},
		{
			"from": [9, 3.775, 6],
			"to": [10, 4.335, 7],
			"rotation": {"angle": 0, "axis": "y", "origin": [8, 6.015, 8]},
			"faces": {
				"north": {"uv": [0, 0, 2, 2], "texture": "#2"},
				"east": {"uv": [0, 0, 2, 2], "texture": "#2"},
				"south": {"uv": [0, 0, 2, 2], "texture": "#2"},
				"west": {"uv": [0, 0, 2, 2], "texture": "#2"},
				"up": {"uv": [0, 0, 2, 2], "texture": "#2"},
				"down": {"uv": [0, 0, 2, 2], "texture": "#2"}
			}
		},
		{
			"from": [10, 3.775, 7],
			"to": [11, 4.335, 8],
			"rotation": {"angle": 0, "axis": "y", "origin": [8, 6.015, 8]},
			"faces": {
				"north": {"uv": [0, 0, 2, 2], "texture": "#2"},
				"east": {"uv": [0, 0, 2, 2], "texture": "#2"},
				"south": {"uv": [0, 0, 2, 2], "texture": "#2"},
				"west": {"uv": [0, 0, 2, 2], "texture": "#2"},
				"up": {"uv": [0, 0, 2, 2], "texture": "#2"},
				"down": {"uv": [0, 0, 2, 2], "texture": "#2"}
			}
		},
		{
			"from": [10, 3.775, 9],
			"to": [11, 4.335, 10],
			"rotation": {"angle": 0, "axis": "y", "origin": [8, 6.015, 8]},
			"faces": {
				"north": {"uv": [3, 0, 5, 2], "texture": "#2"},
				"east": {"uv": [3, 0, 5, 2], "texture": "#2"},
				"south": {"uv": [3, 0, 5, 2], "texture": "#2"},
				"west": {"uv": [3, 0, 5, 2], "texture": "#2"},
				"up": {"uv": [3, 0, 5, 2], "texture": "#2"},
				"down": {"uv": [3, 0, 5, 2], "texture": "#2"}
			}
		},
		{
			"from": [8, 3.775, 10],
			"to": [10, 4.335, 11],
			"rotation": {"angle": 0, "axis": "y", "origin": [8, 6.015, 8]},
			"faces": {
				"north": {"uv": [3, 0, 5, 2], "texture": "#2"},
				"east": {"uv": [3, 0, 5, 2], "texture": "#2"},
				"south": {"uv": [3, 0, 5, 2], "texture": "#2"},
				"west": {"uv": [3, 0, 5, 2], "texture": "#2"},
				"up": {"uv": [3, 0, 5, 2], "texture": "#2"},
				"down": {"uv": [3, 0, 5, 2], "texture": "#2"}
			}
		},
		{
			"from": [8, 3.275, 9],
			"to": [9, 3.835, 10],
			"rotation": {"angle": 0, "axis": "y", "origin": [8, 5.515, 8]},
			"faces": {
				"north": {"uv": [3, 0, 5, 2], "texture": "#2"},
				"east": {"uv": [3, 0, 5, 2], "texture": "#2"},
				"south": {"uv": [3, 0, 5, 2], "texture": "#2"},
				"west": {"uv": [3, 0, 5, 2], "texture": "#2"},
				"up": {"uv": [3, 0, 5, 2], "texture": "#2"},
				"down": {"uv": [3, 0, 5, 2], "texture": "#2"}
			}
		},
		{
			"from": [6, 3.775, 8],
			"to": [7, 4.335, 9],
			"rotation": {"angle": 0, "axis": "y", "origin": [8, 6.015, 8]},
			"faces": {
				"north": {"uv": [0, 0, 2, 2], "texture": "#2"},
				"east": {"uv": [0, 0, 2, 2], "texture": "#2"},
				"south": {"uv": [0, 0, 2, 2], "texture": "#2"},
				"west": {"uv": [0, 0, 2, 2], "texture": "#2"},
				"up": {"uv": [0, 0, 2, 2], "texture": "#2"},
				"down": {"uv": [0, 0, 2, 2], "texture": "#2"}
			}
		},
		{
			"from": [5, 3.775, 9],
			"to": [6, 4.335, 10],
			"rotation": {"angle": 0, "axis": "y", "origin": [8, 6.015, 8]},
			"faces": {
				"north": {"uv": [0, 0, 2, 2], "texture": "#2"},
				"east": {"uv": [0, 0, 2, 2], "texture": "#2"},
				"south": {"uv": [0, 0, 2, 2], "texture": "#2"},
				"west": {"uv": [0, 0, 2, 2], "texture": "#2"},
				"up": {"uv": [0, 0, 2, 2], "texture": "#2"},
				"down": {"uv": [0, 0, 2, 2], "texture": "#2"}
			}
		},
		{
			"from": [4, 3.215, 6],
			"to": [5, 3.775, 7],
			"rotation": {"angle": 0, "axis": "y", "origin": [8, 6.015, 8]},
			"faces": {
				"north": {"uv": [3, 0, 5, 2], "texture": "#2"},
				"east": {"uv": [3, 0, 5, 2], "texture": "#2"},
				"south": {"uv": [3, 0, 5, 2], "texture": "#2"},
				"west": {"uv": [3, 0, 5, 2], "texture": "#2"},
				"up": {"uv": [3, 0, 5, 2], "rotation": 90, "texture": "#2"},
				"down": {"uv": [3, 0, 5, 2], "rotation": 270, "texture": "#2"}
			}
		},
		{
			"from": [9, 3.215, 5],
			"to": [10, 3.775, 6],
			"rotation": {"angle": 0, "axis": "y", "origin": [8, 6.015, 8]},
			"faces": {
				"north": {"uv": [3, 0, 5, 2], "texture": "#2"},
				"east": {"uv": [3, 0, 5, 2], "texture": "#2"},
				"south": {"uv": [3, 0, 5, 2], "texture": "#2"},
				"west": {"uv": [3, 0, 5, 2], "texture": "#2"},
				"up": {"uv": [3, 0, 5, 2], "rotation": 90, "texture": "#2"},
				"down": {"uv": [3, 0, 5, 2], "rotation": 270, "texture": "#2"}
			}
		},
		{
			"from": [10, 3.215, 6],
			"to": [11, 3.775, 8],
			"rotation": {"angle": 0, "axis": "y", "origin": [8, 6.015, 8]},
			"faces": {
				"north": {"uv": [3, 0, 5, 2], "texture": "#2"},
				"east": {"uv": [3, 0, 5, 2], "texture": "#2"},
				"south": {"uv": [3, 0, 5, 2], "texture": "#2"},
				"west": {"uv": [3, 0, 5, 2], "texture": "#2"},
				"up": {"uv": [3, 0, 5, 2], "rotation": 90, "texture": "#2"},
				"down": {"uv": [3, 0, 5, 2], "rotation": 270, "texture": "#2"}
			}
		},
		{
			"from": [9, 3.215, 9],
			"to": [10, 3.775, 10],
			"rotation": {"angle": 0, "axis": "y", "origin": [8, 6.015, 8]},
			"faces": {
				"north": {"uv": [0, 0, 2, 2], "texture": "#2"},
				"east": {"uv": [0, 0, 2, 2], "texture": "#2"},
				"south": {"uv": [0, 0, 2, 2], "texture": "#2"},
				"west": {"uv": [0, 0, 2, 2], "texture": "#2"},
				"up": {"uv": [0, 0, 2, 2], "rotation": 90, "texture": "#2"},
				"down": {"uv": [0, 0, 2, 2], "rotation": 270, "texture": "#2"}
			}
		},
		{
			"from": [8, 3.215, 10],
			"to": [9, 3.775, 11],
			"rotation": {"angle": 0, "axis": "y", "origin": [8, 6.015, 8]},
			"faces": {
				"north": {"uv": [0, 0, 2, 2], "texture": "#2"},
				"east": {"uv": [0, 0, 2, 2], "texture": "#2"},
				"south": {"uv": [0, 0, 2, 2], "texture": "#2"},
				"west": {"uv": [0, 0, 2, 2], "texture": "#2"},
				"up": {"uv": [0, 0, 2, 2], "rotation": 90, "texture": "#2"},
				"down": {"uv": [0, 0, 2, 2], "rotation": 270, "texture": "#2"}
			}
		},
		{
			"from": [6, 3.215, 10],
			"to": [7, 3.775, 11],
			"rotation": {"angle": 0, "axis": "y", "origin": [8, 6.015, 8]},
			"faces": {
				"north": {"uv": [3, 0, 5, 2], "texture": "#2"},
				"east": {"uv": [3, 0, 5, 2], "texture": "#2"},
				"south": {"uv": [3, 0, 5, 2], "texture": "#2"},
				"west": {"uv": [3, 0, 5, 2], "texture": "#2"},
				"up": {"uv": [3, 0, 5, 2], "rotation": 90, "texture": "#2"},
				"down": {"uv": [3, 0, 5, 2], "rotation": 270, "texture": "#2"}
			}
		},
		{
			"from": [5, 3.215, 8],
			"to": [6, 3.775, 10],
			"rotation": {"angle": 0, "axis": "y", "origin": [8, 6.015, 8]},
			"faces": {
				"north": {"uv": [3, 0, 5, 2], "texture": "#2"},
				"east": {"uv": [3, 0, 5, 2], "texture": "#2"},
				"south": {"uv": [3, 0, 5, 2], "texture": "#2"},
				"west": {"uv": [3, 0, 5, 2], "texture": "#2"},
				"up": {"uv": [3, 0, 5, 2], "rotation": 90, "texture": "#2"},
				"down": {"uv": [3, 0, 5, 2], "rotation": 270, "texture": "#2"}
			}
		},
		{
			"from": [6, 3.215, 8],
			"to": [7, 3.775, 9],
			"rotation": {"angle": 0, "axis": "y", "origin": [8, 6.015, 8]},
			"faces": {
				"north": {"uv": [3, 0, 5, 2], "texture": "#2"},
				"east": {"uv": [3, 0, 5, 2], "texture": "#2"},
				"south": {"uv": [3, 0, 5, 2], "texture": "#2"},
				"west": {"uv": [3, 0, 5, 2], "texture": "#2"},
				"up": {"uv": [3, 0, 5, 2], "rotation": 90, "texture": "#2"},
				"down": {"uv": [3, 0, 5, 2], "rotation": 270, "texture": "#2"}
			}
		},
		{
			"from": [7, 3.215, 6],
			"to": [8, 3.775, 7],
			"rotation": {"angle": 0, "axis": "y", "origin": [8, 6.015, 8]},
			"faces": {
				"north": {"uv": [0, 0, 2, 2], "texture": "#2"},
				"east": {"uv": [0, 0, 2, 2], "texture": "#2"},
				"south": {"uv": [0, 0, 2, 2], "texture": "#2"},
				"west": {"uv": [0, 0, 2, 2], "texture": "#2"},
				"up": {"uv": [0, 0, 2, 2], "rotation": 90, "texture": "#2"},
				"down": {"uv": [0, 0, 2, 2], "rotation": 270, "texture": "#2"}
			}
		},
		{
			"from": [6, 3.215, 5],
			"to": [7, 3.775, 6],
			"rotation": {"angle": 0, "axis": "y", "origin": [8, 6.015, 8]},
			"faces": {
				"north": {"uv": [0, 0, 2, 2], "texture": "#2"},
				"east": {"uv": [0, 0, 2, 2], "texture": "#2"},
				"south": {"uv": [0, 0, 2, 2], "texture": "#2"},
				"west": {"uv": [0, 0, 2, 2], "texture": "#2"},
				"up": {"uv": [0, 0, 2, 2], "rotation": 90, "texture": "#2"},
				"down": {"uv": [0, 0, 2, 2], "rotation": 270, "texture": "#2"}
			}
		},
		{
			"from": [5, 2.655, 10],
			"to": [6, 3.215, 11],
			"rotation": {"angle": 0, "axis": "y", "origin": [8, 6.015, 8]},
			"faces": {
				"north": {"uv": [3, 0, 5, 2], "texture": "#2"},
				"east": {"uv": [3, 0, 5, 2], "texture": "#2"},
				"south": {"uv": [3, 0, 5, 2], "texture": "#2"},
				"west": {"uv": [3, 0, 5, 2], "texture": "#2"},
				"up": {"uv": [5, 2, 7, 4], "rotation": 90, "texture": "#2"},
				"down": {"uv": [3, 0, 5, 2], "rotation": 270, "texture": "#2"}
			}
		},
		{
			"from": [10, 2.655, 10],
			"to": [11, 3.215, 11],
			"rotation": {"angle": 0, "axis": "y", "origin": [8, 6.015, 8]},
			"faces": {
				"north": {"uv": [3, 0, 5, 2], "texture": "#2"},
				"east": {"uv": [3, 0, 5, 2], "texture": "#2"},
				"south": {"uv": [3, 0, 5, 2], "texture": "#2"},
				"west": {"uv": [3, 0, 5, 2], "texture": "#2"},
				"up": {"uv": [5, 2, 7, 4], "rotation": 90, "texture": "#2"},
				"down": {"uv": [3, 0, 5, 2], "rotation": 270, "texture": "#2"}
			}
		},
		{
			"from": [10, 2.655, 5],
			"to": [11, 3.215, 6],
			"rotation": {"angle": 0, "axis": "y", "origin": [8, 6.015, 8]},
			"faces": {
				"north": {"uv": [3, 0, 5, 2], "texture": "#2"},
				"east": {"uv": [3, 0, 5, 2], "texture": "#2"},
				"south": {"uv": [3, 0, 5, 2], "texture": "#2"},
				"west": {"uv": [3, 0, 5, 2], "texture": "#2"},
				"up": {"uv": [5, 2, 7, 4], "rotation": 90, "texture": "#2"},
				"down": {"uv": [3, 0, 5, 2], "rotation": 270, "texture": "#2"}
			}
		},
		{
			"from": [5, 2.655, 5],
			"to": [6, 3.215, 6],
			"rotation": {"angle": 0, "axis": "y", "origin": [8, 6.015, 8]},
			"faces": {
				"north": {"uv": [3, 0, 5, 2], "texture": "#2"},
				"east": {"uv": [3, 0, 5, 2], "texture": "#2"},
				"south": {"uv": [3, 0, 5, 2], "texture": "#2"},
				"west": {"uv": [3, 0, 5, 2], "texture": "#2"},
				"up": {"uv": [8, 7, 10, 9], "rotation": 90, "texture": "#2"},
				"down": {"uv": [3, 0, 5, 2], "rotation": 270, "texture": "#2"}
			}
		},
		{
			"from": [11, 3.215, 6],
			"to": [12, 3.775, 7],
			"rotation": {"angle": 0, "axis": "y", "origin": [8, 6.015, 8]},
			"faces": {
				"north": {"uv": [6, 9, 8, 7], "rotation": 90, "texture": "#2"},
				"east": {"uv": [6, 9, 8, 7], "rotation": 90, "texture": "#2"},
				"south": {"uv": [6, 9, 8, 7], "rotation": 90, "texture": "#2"},
				"west": {"uv": [6, 9, 8, 7], "rotation": 90, "texture": "#2"},
				"up": {"uv": [6, 9, 8, 7], "rotation": 90, "texture": "#2"},
				"down": {"uv": [6, 9, 8, 7], "rotation": 90, "texture": "#2"}
			}
		},
		{
			"from": [6, 3.215, 5],
			"to": [7, 3.775, 6],
			"rotation": {"angle": 0, "axis": "y", "origin": [8, 6.015, 8]},
			"faces": {
				"north": {"uv": [6, 9, 8, 7], "rotation": 90, "texture": "#2"},
				"east": {"uv": [6, 9, 8, 7], "rotation": 90, "texture": "#2"},
				"south": {"uv": [6, 9, 8, 7], "rotation": 90, "texture": "#2"},
				"west": {"uv": [6, 9, 8, 7], "rotation": 90, "texture": "#2"},
				"up": {"uv": [6, 9, 8, 7], "rotation": 90, "texture": "#2"},
				"down": {"uv": [6, 9, 8, 7], "rotation": 90, "texture": "#2"}
			}
		},
		{
			"from": [5, 3.215, 6],
			"to": [6, 3.775, 8],
			"rotation": {"angle": 0, "axis": "y", "origin": [8, 6.015, 8]},
			"faces": {
				"north": {"uv": [6, 9, 8, 7], "rotation": 90, "texture": "#2"},
				"east": {"uv": [6, 9, 8, 7], "rotation": 90, "texture": "#2"},
				"south": {"uv": [6, 9, 8, 7], "rotation": 90, "texture": "#2"},
				"west": {"uv": [6, 9, 8, 7], "rotation": 90, "texture": "#2"},
				"up": {"uv": [6, 9, 8, 7], "rotation": 90, "texture": "#2"},
				"down": {"uv": [6, 9, 8, 7], "rotation": 90, "texture": "#2"}
			}
		},
		{
			"from": [6, 3.215, 9],
			"to": [7, 3.775, 10],
			"rotation": {"angle": 0, "axis": "y", "origin": [8, 6.015, 8]},
			"faces": {
				"north": {"uv": [6, 9, 8, 7], "rotation": 90, "texture": "#2"},
				"east": {"uv": [6, 9, 8, 7], "rotation": 90, "texture": "#2"},
				"south": {"uv": [6, 9, 8, 7], "rotation": 90, "texture": "#2"},
				"west": {"uv": [6, 9, 8, 7], "rotation": 90, "texture": "#2"},
				"up": {"uv": [6, 9, 8, 7], "rotation": 90, "texture": "#2"},
				"down": {"uv": [6, 9, 8, 7], "rotation": 90, "texture": "#2"}
			}
		},
		{
			"from": [7, 3.215, 10],
			"to": [8, 3.775, 11],
			"rotation": {"angle": 0, "axis": "y", "origin": [8, 6.015, 8]},
			"faces": {
				"north": {"uv": [6, 9, 8, 7], "rotation": 90, "texture": "#2"},
				"east": {"uv": [6, 9, 8, 7], "rotation": 90, "texture": "#2"},
				"south": {"uv": [6, 9, 8, 7], "rotation": 90, "texture": "#2"},
				"west": {"uv": [6, 9, 8, 7], "rotation": 90, "texture": "#2"},
				"up": {"uv": [6, 9, 8, 7], "rotation": 90, "texture": "#2"},
				"down": {"uv": [6, 9, 8, 7], "rotation": 90, "texture": "#2"}
			}
		},
		{
			"from": [9, 3.215, 10],
			"to": [10, 3.775, 11],
			"rotation": {"angle": 0, "axis": "y", "origin": [8, 6.015, 8]},
			"faces": {
				"north": {"uv": [6, 9, 8, 7], "rotation": 90, "texture": "#2"},
				"east": {"uv": [6, 9, 8, 7], "rotation": 90, "texture": "#2"},
				"south": {"uv": [6, 9, 8, 7], "rotation": 90, "texture": "#2"},
				"west": {"uv": [6, 9, 8, 7], "rotation": 90, "texture": "#2"},
				"up": {"uv": [6, 9, 8, 7], "rotation": 90, "texture": "#2"},
				"down": {"uv": [6, 9, 8, 7], "rotation": 90, "texture": "#2"}
			}
		},
		{
			"from": [10, 3.215, 8],
			"to": [11, 3.775, 10],
			"rotation": {"angle": 0, "axis": "y", "origin": [8, 6.015, 8]},
			"faces": {
				"north": {"uv": [6, 9, 8, 7], "rotation": 90, "texture": "#2"},
				"east": {"uv": [6, 9, 8, 7], "rotation": 90, "texture": "#2"},
				"south": {"uv": [6, 9, 8, 7], "rotation": 90, "texture": "#2"},
				"west": {"uv": [6, 9, 8, 7], "rotation": 90, "texture": "#2"},
				"up": {"uv": [6, 9, 8, 7], "rotation": 90, "texture": "#2"},
				"down": {"uv": [6, 9, 8, 7], "rotation": 90, "texture": "#2"}
			}
		},
		{
			"from": [9, 3.215, 8],
			"to": [10, 3.775, 9],
			"rotation": {"angle": 0, "axis": "y", "origin": [8, 6.015, 8]},
			"faces": {
				"north": {"uv": [6, 9, 8, 7], "rotation": 90, "texture": "#2"},
				"east": {"uv": [6, 9, 8, 7], "rotation": 90, "texture": "#2"},
				"south": {"uv": [6, 9, 8, 7], "rotation": 90, "texture": "#2"},
				"west": {"uv": [6, 9, 8, 7], "rotation": 90, "texture": "#2"},
				"up": {"uv": [6, 9, 8, 7], "rotation": 90, "texture": "#2"},
				"down": {"uv": [6, 9, 8, 7], "rotation": 90, "texture": "#2"}
			}
		},
		{
			"from": [8, 3.215, 6],
			"to": [9, 3.775, 7],
			"rotation": {"angle": 0, "axis": "y", "origin": [8, 6.015, 8]},
			"faces": {
				"north": {"uv": [6, 9, 8, 7], "rotation": 90, "texture": "#2"},
				"east": {"uv": [6, 9, 8, 7], "rotation": 90, "texture": "#2"},
				"south": {"uv": [6, 9, 8, 7], "rotation": 90, "texture": "#2"},
				"west": {"uv": [6, 9, 8, 7], "rotation": 90, "texture": "#2"},
				"up": {"uv": [6, 9, 8, 7], "rotation": 90, "texture": "#2"},
				"down": {"uv": [6, 9, 8, 7], "rotation": 90, "texture": "#2"}
			}
		},
		{
			"from": [9, 3.215, 5],
			"to": [10, 3.775, 6],
			"rotation": {"angle": 0, "axis": "y", "origin": [8, 6.015, 8]},
			"faces": {
				"north": {"uv": [6, 9, 8, 7], "rotation": 90, "texture": "#2"},
				"east": {"uv": [6, 9, 8, 7], "rotation": 90, "texture": "#2"},
				"south": {"uv": [6, 9, 8, 7], "rotation": 90, "texture": "#2"},
				"west": {"uv": [6, 9, 8, 7], "rotation": 90, "texture": "#2"},
				"up": {"uv": [6, 9, 8, 7], "rotation": 90, "texture": "#2"},
				"down": {"uv": [6, 9, 8, 7], "rotation": 90, "texture": "#2"}
			}
		},
		{
			"from": [8, 3.215, 7],
			"to": [9, 3.775, 8],
			"rotation": {"angle": 0, "axis": "y", "origin": [8, 6.015, 8]},
			"faces": {
				"north": {"uv": [6, 9, 8, 7], "rotation": 90, "texture": "#2"},
				"east": {"uv": [6, 9, 8, 7], "rotation": 90, "texture": "#2"},
				"south": {"uv": [6, 9, 8, 7], "rotation": 90, "texture": "#2"},
				"west": {"uv": [6, 9, 8, 7], "rotation": 90, "texture": "#2"},
				"up": {"uv": [6, 9, 8, 7], "rotation": 90, "texture": "#2"},
				"down": {"uv": [6, 9, 8, 7], "rotation": 90, "texture": "#2"}
			}
		},
		{
			"from": [6, 2.67844, 4],
			"to": [10, 3.23844, 12],
			"rotation": {"angle": 0, "axis": "y", "origin": [8, 6.03844, 8]},
			"faces": {
				"north": {"uv": [6, 9, 14, 5], "rotation": 90, "texture": "#2"},
				"east": {"uv": [6, 9, 14, 5], "rotation": 90, "texture": "#2"},
				"south": {"uv": [6, 9, 14, 5], "rotation": 90, "texture": "#2"},
				"west": {"uv": [6, 9, 14, 5], "rotation": 90, "texture": "#2"},
				"up": {"uv": [6, 9, 14, 5], "rotation": 90, "texture": "#2"},
				"down": {"uv": [6, 9, 14, 5], "rotation": 90, "texture": "#2"}
			}
		},
		{
			"from": [4, 2.655, 6],
			"to": [12, 3.215, 10],
			"rotation": {"angle": 0, "axis": "y", "origin": [8, 6.015, 8]},
			"faces": {
				"north": {"uv": [6, 9, 14, 5], "rotation": 90, "texture": "#2"},
				"east": {"uv": [6, 9, 14, 5], "rotation": 90, "texture": "#2"},
				"south": {"uv": [6, 9, 14, 5], "rotation": 90, "texture": "#2"},
				"west": {"uv": [6, 9, 14, 5], "rotation": 90, "texture": "#2"},
				"up": {"uv": [6, 9, 14, 5], "rotation": 180, "texture": "#2"},
				"down": {"uv": [6, 9, 14, 5], "texture": "#2"}
			}
		},
		{
			"name": "octagon",
			"from": [5.86266, 0, 2.84],
			"to": [10.13734, 1, 13.16],
			"rotation": {"angle": 45, "axis": "y", "origin": [8, 0.5, 8]},
			"faces": {
				"north": {"uv": [6, 9, 10, 10], "texture": "#1"},
				"east": {"uv": [6, 9, 10, 10], "texture": "#1"},
				"south": {"uv": [6, 9, 10, 10], "texture": "#1"},
				"west": {"uv": [6, 9, 10, 10], "texture": "#1"},
				"up": {"uv": [6, 9, 10, 10], "texture": "#1"},
				"down": {"uv": [6, 9, 10, 10], "texture": "#1"}
			}
		},
		{
			"name": "octagon",
			"from": [5.86266, 0.01563, 2.84],
			"to": [10.13734, 1.01563, 13.16],
			"rotation": {"angle": 0, "axis": "y", "origin": [8, 0.51563, 8]},
			"faces": {
				"north": {"uv": [6, 9, 10, 10], "texture": "#1"},
				"east": {"uv": [6, 9, 10, 10], "texture": "#1"},
				"south": {"uv": [6, 9, 10, 10], "texture": "#1"},
				"west": {"uv": [6, 9, 10, 10], "texture": "#1"},
				"up": {"uv": [6, 9, 10, 10], "texture": "#1"},
				"down": {"uv": [6, 9, 10, 10], "texture": "#1"}
			}
		},
		{
			"name": "octagon",
			"from": [2.84, 0, 5.86266],
			"to": [13.16, 1, 10.13734],
			"rotation": {"angle": 45, "axis": "y", "origin": [8, 0.5, 8]},
			"faces": {
				"north": {"uv": [6, 9, 10, 10], "texture": "#1"},
				"east": {"uv": [6, 9, 10, 10], "texture": "#1"},
				"south": {"uv": [6, 9, 10, 10], "texture": "#1"},
				"west": {"uv": [6, 9, 10, 10], "texture": "#1"},
				"up": {"uv": [6, 9, 10, 10], "texture": "#1"},
				"down": {"uv": [6, 9, 10, 10], "texture": "#1"}
			}
		},
		{
			"name": "octagon",
			"from": [2.84, 0.01563, 5.86266],
			"to": [13.16, 1.01563, 10.13734],
			"rotation": {"angle": 0, "axis": "y", "origin": [8, 0.51563, 8]},
			"faces": {
				"north": {"uv": [6, 9, 10, 10], "texture": "#1"},
				"east": {"uv": [6, 9, 10, 10], "texture": "#1"},
				"south": {"uv": [6, 9, 10, 10], "texture": "#1"},
				"west": {"uv": [6, 9, 10, 10], "texture": "#1"},
				"up": {"uv": [6, 9, 10, 10], "texture": "#1"},
				"down": {"uv": [6, 9, 10, 10], "texture": "#1"}
			}
		},
		{
			"name": "octagon",
			"from": [5.9909, 1, 3.1496],
			"to": [10.0091, 3, 12.8504],
			"rotation": {"angle": 45, "axis": "y", "origin": [8, 1.5, 8]},
			"faces": {
				"north": {"uv": [2, 3, 6.018, 5], "texture": "#1"},
				"east": {"uv": [2, 3, 6.018, 5], "texture": "#1"},
				"south": {"uv": [2, 3, 6.018, 5], "texture": "#1"},
				"west": {"uv": [2, 3, 6.018, 5], "texture": "#1"},
				"up": {"uv": [2, 3, 6.018, 5], "texture": "#1"},
				"down": {"uv": [2, 3, 6.018, 5], "texture": "#1"}
			}
		},
		{
			"name": "octagon",
			"from": [5.9909, 1.01563, 3.1496],
			"to": [10.0091, 3.01563, 12.8504],
			"rotation": {"angle": 0, "axis": "y", "origin": [8, 1.51563, 8]},
			"faces": {
				"north": {"uv": [1, 1, 5.018, 3], "texture": "#1"},
				"east": {"uv": [1, 1, 5.018, 3], "texture": "#1"},
				"south": {"uv": [1, 1, 5.018, 3], "texture": "#1"},
				"west": {"uv": [1, 1, 5.018, 3], "texture": "#1"},
				"up": {"uv": [1, 1, 5.018, 3], "texture": "#1"},
				"down": {"uv": [1, 1, 5.018, 3], "texture": "#1"}
			}
		},
		{
			"name": "octagon",
			"from": [3.1496, 1, 5.9909],
			"to": [12.8504, 3, 10.0091],
			"rotation": {"angle": 45, "axis": "y", "origin": [8, 1.5, 8]},
			"faces": {
				"north": {"uv": [1, 2, 5.018, 4], "rotation": 180, "texture": "#1"},
				"east": {"uv": [1, 2, 5.018, 4], "rotation": 180, "texture": "#1"},
				"south": {"uv": [1, 2, 5.018, 4], "rotation": 180, "texture": "#1"},
				"west": {"uv": [1, 2, 5.018, 4], "rotation": 180, "texture": "#1"},
				"up": {"uv": [1, 2, 5.018, 4], "rotation": 90, "texture": "#1"},
				"down": {"uv": [1, 2, 5.018, 4], "rotation": 180, "texture": "#1"}
			}
		},
		{
			"name": "octagon",
			"from": [3.1496, 1.01563, 5.9909],
			"to": [12.8504, 3.01563, 10.0091],
			"rotation": {"angle": 0, "axis": "y", "origin": [8, 1.51563, 8]},
			"faces": {
				"north": {"uv": [1, 2, 5.018, 4], "texture": "#1"},
				"east": {"uv": [1, 2, 5.018, 4], "texture": "#1"},
				"south": {"uv": [1, 2, 5.018, 4], "texture": "#1"},
				"west": {"uv": [1, 2, 5.018, 4], "texture": "#1"},
				"up": {"uv": [1, 2, 5.018, 4], "rotation": 270, "texture": "#1"},
				"down": {"uv": [1, 2, 5.018, 4], "texture": "#1"}
			}
		},
		{
			"name": "octagon",
			"from": [6.11119, 3, 3.44],
			"to": [9.88881, 4, 4.2],
			"rotation": {"angle": 45, "axis": "y", "origin": [8, 6, 8]},
			"faces": {
				"north": {"uv": [2, 0, 5.777, 1], "texture": "#1"},
				"east": {"uv": [2, 0, 5.777, 1], "texture": "#1"},
				"south": {"uv": [2, 0, 5.777, 1], "texture": "#1"},
				"west": {"uv": [2, 0, 5.777, 1], "texture": "#1"},
				"up": {"uv": [2, 0, 5.777, 1], "texture": "#1"},
				"down": {"uv": [2, 0, 5.777, 1], "texture": "#1"}
			}
		},
		{
			"name": "octagon",
			"from": [6.11119, 3.01563, 3.44],
			"to": [9.88881, 4.01563, 4.2],
			"rotation": {"angle": 0, "axis": "y", "origin": [8, 6.01563, 8]},
			"faces": {
				"north": {"uv": [2, 0, 5.777, 1], "texture": "#1"},
				"east": {"uv": [2, 0, 5.777, 1], "texture": "#1"},
				"south": {"uv": [2, 0, 5.777, 1], "texture": "#1"},
				"west": {"uv": [2, 0, 5.777, 1], "texture": "#1"},
				"up": {"uv": [2, 0, 5.777, 1], "texture": "#1"},
				"down": {"uv": [2, 0, 5.777, 1], "texture": "#1"}
			}
		},
		{
			"name": "octagon",
			"from": [6.11119, 3, 11.8],
			"to": [9.88881, 4, 12.56],
			"rotation": {"angle": 45, "axis": "y", "origin": [8, 6, 8]},
			"faces": {
				"north": {"uv": [2, 0, 5.777, 1], "texture": "#1"},
				"east": {"uv": [2, 0, 5.777, 1], "texture": "#1"},
				"south": {"uv": [2, 0, 5.777, 1], "texture": "#1"},
				"west": {"uv": [2, 0, 5.777, 1], "texture": "#1"},
				"up": {"uv": [2, 0, 5.777, 1], "texture": "#1"},
				"down": {"uv": [2, 0, 5.777, 1], "texture": "#1"}
			}
		},
		{
			"name": "octagon",
			"from": [6.11119, 3.01563, 11.8],
			"to": [9.88881, 4.01563, 12.56],
			"rotation": {"angle": 0, "axis": "y", "origin": [8, 6.01563, 8]},
			"faces": {
				"north": {"uv": [2, 0, 5.777, 1], "texture": "#1"},
				"east": {"uv": [2, 0, 5.777, 1], "texture": "#1"},
				"south": {"uv": [2, 0, 5.777, 1], "texture": "#1"},
				"west": {"uv": [2, 0, 5.777, 1], "texture": "#1"},
				"up": {"uv": [2, 0, 5.777, 1], "texture": "#1"},
				"down": {"uv": [2, 0, 5.777, 1], "texture": "#1"}
			}
		},
		{
			"name": "octagon",
			"from": [3.44, 3, 6.11119],
			"to": [4.2, 4, 9.88881],
			"rotation": {"angle": 45, "axis": "y", "origin": [8, 6, 8]},
			"faces": {
				"north": {"uv": [2, 0, 5.777, 1], "texture": "#1"},
				"east": {"uv": [2, 0, 5.777, 1], "texture": "#1"},
				"south": {"uv": [2, 0, 5.777, 1], "texture": "#1"},
				"west": {"uv": [2, 0, 5.777, 1], "texture": "#1"},
				"up": {"uv": [2, 0, 5.777, 1], "rotation": 90, "texture": "#1"},
				"down": {"uv": [2, 0, 5.777, 1], "rotation": 90, "texture": "#1"}
			}
		},
		{
			"name": "octagon",
			"from": [3.44, 3.01563, 6.11119],
			"to": [4.2, 4.01563, 9.88881],
			"rotation": {"angle": 0, "axis": "y", "origin": [8, 6.01563, 8]},
			"faces": {
				"north": {"uv": [2, 0, 5.777, 1], "texture": "#1"},
				"east": {"uv": [2, 0, 5.777, 1], "texture": "#1"},
				"south": {"uv": [2, 0, 5.777, 1], "texture": "#1"},
				"west": {"uv": [2, 0, 5.777, 1], "texture": "#1"},
				"up": {"uv": [2, 0, 5.777, 1], "rotation": 90, "texture": "#1"},
				"down": {"uv": [2, 0, 5.777, 1], "rotation": 90, "texture": "#1"}
			}
		},
		{
			"name": "octagon",
			"from": [11.8, 3, 6.11119],
			"to": [12.56, 4, 9.88881],
			"rotation": {"angle": 45, "axis": "y", "origin": [8, 6, 8]},
			"faces": {
				"north": {"uv": [2, 0, 5.777, 1], "texture": "#1"},
				"east": {"uv": [2, 0, 5.777, 1], "texture": "#1"},
				"south": {"uv": [2, 0, 5.777, 1], "texture": "#1"},
				"west": {"uv": [2, 0, 5.777, 1], "texture": "#1"},
				"up": {"uv": [2, 0, 5.777, 1], "rotation": 90, "texture": "#1"},
				"down": {"uv": [2, 0, 5.777, 1], "rotation": 90, "texture": "#1"}
			}
		},
		{
			"name": "octagon",
			"from": [11.8, 3.01563, 6.11119],
			"to": [12.56, 4.01563, 9.88881],
			"rotation": {"angle": 0, "axis": "y", "origin": [8, 6.01563, 8]},
			"faces": {
				"north": {"uv": [2, 0, 5.777, 1], "texture": "#1"},
				"east": {"uv": [2, 0, 5.777, 1], "texture": "#1"},
				"south": {"uv": [2, 0, 5.777, 1], "texture": "#1"},
				"west": {"uv": [2, 0, 5.777, 1], "texture": "#1"},
				"up": {"uv": [2, 0, 5.777, 1], "rotation": 90, "texture": "#1"},
				"down": {"uv": [2, 0, 5.777, 1], "rotation": 90, "texture": "#1"}
			}
		}
	],
	"display": {
		"thirdperson_righthand": {
			"rotation": [75, 45, 0],
			"translation": [0, 2.5, 2.5],
			"scale": [0.64258, 0.625, 0.78125]
		},
		"thirdperson_lefthand": {
			"rotation": [75, 45, 0],
			"translation": [0, 2.5, 2.5],
			"scale": [0.64258, 0.625, 0.78125]
		},
		"firstperson_righthand": {
			"rotation": [0, 45, 10.5],
			"translation": [0, 4, 0],
			"scale": [0.66758, 0.48984, 0.57969]
		},
		"firstperson_lefthand": {
			"rotation": [0, 45, 10.5],
			"translation": [0, 4, 0],
			"scale": [0.66758, 0.48984, 0.57969]
		},
		"ground": {
			"translation": [0, 4.75, 0]
		},
		"gui": {
			"rotation": [30, 225, 0],
			"translation": [0, 2.75, 0],
			"scale": [0.96875, 0.96875, 0.96875]
		},
		"head": {
			"translation": [0, 16.75, 0],
			"scale": [1.2, 1.2, 1.2]
		},
		"fixed": {
			"rotation": [-90, 0, 0],
			"translation": [0, 0, -15],
			"scale": [2, 2, 2]
		}
	},
	"groups": [
		{
			"name": "foodbowl",
			"origin": [8, 8, 8],
			"children": [
				{
					"name": "Top Layer Food",
					"origin": [8, 8, 8],
					"children": [0, 1, 2, 3, 4, 5, 6, 7, 8, 9]
				},
				{
					"name": "Top Layer Food2",
					"origin": [8, 8, 8],
					"children": [10, 11, 12, 13, 14, 15, 16, 17, 18, 19, 20, 21, 22, 23]
				},
				{
					"name": "Top Layer Food3",
					"origin": [8, 8, 8],
					"children": [24, 25, 26, 27, 28, 29, 30, 31, 32, 33, 34, 35, 36]
				}
			]
		},
		{
			"name": "octagon",
			"origin": [8, 8, 8],
			"children": [37, 38, 39, 40]
		},
		{
			"name": "octagon",
			"origin": [8, 8, 8],
			"children": [41, 42, 43, 44]
		},
		{
			"name": "octagon",
			"origin": [8, 8, 8],
			"children": [45, 46, 47, 48, 49, 50, 51, 52]
		}
	]
}