{
	"credit": "Made with Blockbench",
	"texture_size": [128, 128],
	"textures": {
		"0": "block/Birdcage_small",
		"particle": "block/Birdcage_small"
	},
	"elements": [
		{
			"from": [-8.25, 1.75, -0.25],
			"to": [8, 18.25, -0.25],
			"faces": {
				"north": {"uv": [4, 0, 0.125, 4.03125], "texture": "#0"},
				"east": {"uv": [4, 0, 0.125, 4.03125], "texture": "#0"},
				"south": {"uv": [4, 0, 0.125, 4.03125], "texture": "#0"},
				"west": {"uv": [4, 0, 0.125, 4.03125], "texture": "#0"},
				"up": {"uv": [4, 0, 0.125, 4.03125], "texture": "#0"},
				"down": {"uv": [4, 0, 0.125, 4.03125], "texture": "#0"}
			}
		},
		{
			"from": [-8.25, 1.75, -0.25],
			"to": [-8.25, 18.25, 16.25],
			"faces": {
				"north": {"uv": [4, 0, 0.625, 4.03125], "texture": "#0"},
				"east": {"uv": [4, 0, 0.625, 4.03125], "texture": "#0"},
				"south": {"uv": [4, 0, 0.625, 4.03125], "texture": "#0"},
				"west": {"uv": [4, 0, 0.625, 4.03125], "texture": "#0"},
				"up": {"uv": [4, 0, 0.625, 4.03125], "texture": "#0"},
				"down": {"uv": [4, 0, 0.625, 4.03125], "texture": "#0"}
			}
		},
		{
			"from": [8, 1.75, -0.25],
			"to": [24.25, 18.25, -0.25],
			"faces": {
				"north": {"uv": [8.125, 0, 4.125, 4.03125], "texture": "#0"},
				"east": {"uv": [8.125, 0, 4.125, 4.03125], "texture": "#0"},
				"south": {"uv": [8.125, 0, 4.125, 4.03125], "texture": "#0"},
				"west": {"uv": [8.125, 0, 4.125, 4.03125], "texture": "#0"},
				"up": {"uv": [8.125, 0, 4.125, 4.03125], "texture": "#0"},
				"down": {"uv": [8.125, 0, 4.125, 4.03125], "texture": "#0"}
			}
		},
		{
			"from": [13.07, 7.85848, -0.50283],
			"to": [13.5825, 8.67848, -0.24658],
			"rotation": {"angle": 0, "axis": "y", "origin": [11.31375, 14.41848, -8.73908]},
			"faces": {
				"north": {"uv": [0, 0, 0.25, 0.125], "rotation": 90, "texture": "#0"},
				"east": {"uv": [0, 0, 0.25, 0.125], "rotation": 90, "texture": "#0"},
				"south": {"uv": [0, 0, 0.25, 0.125], "rotation": 90, "texture": "#0"},
				"west": {"uv": [0, 0, 0.25, 0.125], "rotation": 90, "texture": "#0"},
				"up": {"uv": [0, 0, 0.25, 0.125], "rotation": 90, "texture": "#0"},
				"down": {"uv": [0, 0, 0.25, 0.125], "rotation": 90, "texture": "#0"}
			}
		},
		{
			"from": [24.25, 1.75, -0.25],
			"to": [24.25, 18.25, 16.25],
			"faces": {
				"north": {"uv": [4, 0, 0.625, 4.03125], "texture": "#0"},
				"east": {"uv": [4, 0, 0.625, 4.03125], "texture": "#0"},
				"south": {"uv": [4, 0, 0.625, 4.03125], "texture": "#0"},
				"west": {"uv": [4, 0, 0.625, 4.03125], "texture": "#0"},
				"up": {"uv": [4, 0, 0.625, 4.03125], "texture": "#0"},
				"down": {"uv": [4, 0, 0.625, 4.03125], "texture": "#0"}
			}
		},
		{
			"from": [8, 1.75, 16.25],
			"to": [24.25, 18.25, 16.25],
			"faces": {
				"north": {"uv": [3.875, 0, 0, 4.03125], "texture": "#0"},
				"east": {"uv": [3.875, 0, 0, 4.03125], "texture": "#0"},
				"south": {"uv": [3.875, 0, 0, 4.03125], "texture": "#0"},
				"west": {"uv": [3.875, 0, 0, 4.03125], "texture": "#0"},
				"up": {"uv": [3.875, 0, 0, 4.03125], "texture": "#0"},
				"down": {"uv": [3.875, 0, 0, 4.03125], "texture": "#0"}
			}
		},
		{
			"from": [-8.25, 1.75, 16.25],
			"to": [8, 18.25, 16.25],
			"faces": {
				"north": {"uv": [4, 0, 0.125, 4.03125], "texture": "#0"},
				"east": {"uv": [4, 0, 0.125, 4.03125], "texture": "#0"},
				"south": {"uv": [4, 0, 0.125, 4.03125], "texture": "#0"},
				"west": {"uv": [4, 0, 0.125, 4.03125], "texture": "#0"},
				"up": {"uv": [4, 0, 0.125, 4.03125], "texture": "#0"},
				"down": {"uv": [4, 0, 0.125, 4.03125], "texture": "#0"}
			}
		},
		{
			"from": [21.25, 7.75, 10.25],
			"to": [24.25, 8.5, 10.75],
			"faces": {
				"north": {"uv": [4.625, 4.625, 5.375, 4.875], "rotation": 180, "texture": "#0"},
				"east": {"uv": [4.625, 4.625, 4.75, 4.875], "texture": "#0"},
				"south": {"uv": [4.625, 4.625, 5.375, 4.875], "rotation": 180, "texture": "#0"},
				"west": {"uv": [4.625, 4.625, 4.75, 4.875], "texture": "#0"},
				"up": {"uv": [4.625, 4.625, 5.375, 4.75], "rotation": 180, "texture": "#0"},
				"down": {"uv": [0, 0, 0.375, 0.0625], "texture": "#missing"}
			}
		},
		{
			"from": [21.25, 7.75, 10.75],
			"to": [21.75, 8.5, 12.75],
			"rotation": {"angle": 0, "axis": "y", "origin": [22.75, 8.125, 11.75]},
			"faces": {
				"north": {"uv": [0, 0, 0.0625, 0.09375], "texture": "#missing"},
				"east": {"uv": [4.75, 4.625, 5.25, 4.875], "rotation": 180, "texture": "#0"},
				"south": {"uv": [0, 0, 0.0625, 0.09375], "texture": "#missing"},
				"west": {"uv": [4.75, 4.625, 5.25, 4.875], "rotation": 180, "texture": "#0"},
				"up": {"uv": [4.75, 4.625, 5.25, 4.75], "rotation": 90, "texture": "#0"},
				"down": {"uv": [0, 0, 0.25, 0.0625], "rotation": 90, "texture": "#missing"}
			}
		},
		{
			"from": [21.25, 7.75, 12.75],
			"to": [24.25, 8.5, 13.25],
			"faces": {
				"north": {"uv": [4.625, 4.625, 5.375, 4.875], "rotation": 180, "texture": "#0"},
				"east": {"uv": [4.625, 4.625, 4.75, 4.875], "texture": "#0"},
				"south": {"uv": [4.625, 4.625, 5.375, 4.875], "rotation": 180, "texture": "#0"},
				"west": {"uv": [4.625, 4.625, 4.75, 4.875], "texture": "#0"},
				"up": {"uv": [4.625, 4.625, 5.375, 4.75], "rotation": 180, "texture": "#0"},
				"down": {"uv": [0, 0, 0.375, 0.0625], "texture": "#missing"}
			}
		},
		{
			"from": [23.75, 7.75, 10.75],
			"to": [24.25, 8.5, 12.75],
			"rotation": {"angle": 0, "axis": "y", "origin": [22.75, 8.125, 11.75]},
			"faces": {
				"north": {"uv": [0, 0, 0.0625, 0.09375], "texture": "#missing"},
				"east": {"uv": [4.75, 4.625, 5.25, 4.875], "texture": "#0"},
				"south": {"uv": [0, 0, 0.0625, 0.09375], "texture": "#missing"},
				"west": {"uv": [4.75, 4.625, 5.25, 4.875], "texture": "#0"},
				"up": {"uv": [4.75, 4.625, 5.25, 4.75], "rotation": 90, "texture": "#0"},
				"down": {"uv": [0, 0, 0.25, 0.0625], "rotation": 90, "texture": "#missing"}
			}
		},
		{
			"from": [21.25, 6.25, 10.25],
			"to": [24.25, 7.75, 13.25],
			"faces": {
				"north": {"uv": [4.625, 4.625, 5.375, 5], "texture": "#0"},
				"east": {"uv": [4.625, 4.625, 5.375, 5], "texture": "#0"},
				"south": {"uv": [4.625, 4.625, 5.375, 5], "texture": "#0"},
				"west": {"uv": [4.625, 4.625, 5.375, 5], "texture": "#0"},
				"up": {"uv": [8.25, 1.375, 9.25, 2.375], "texture": "#0"},
				"down": {"uv": [0, 0, 0.375, 0.375], "texture": "#0"}
			}
		},
		{
			"from": [21.5, 4.75, 10.5],
			"to": [24, 6.25, 13],
			"faces": {
				"north": {"uv": [4.625, 4.625, 5.375, 5], "rotation": 180, "texture": "#0"},
				"east": {"uv": [4.625, 4.625, 5.375, 5], "rotation": 180, "texture": "#0"},
				"south": {"uv": [4.625, 4.625, 5.375, 5], "rotation": 180, "texture": "#0"},
				"west": {"uv": [4.625, 4.625, 5.375, 5], "rotation": 180, "texture": "#0"},
				"up": {"uv": [4.625, 4.625, 5.375, 5], "rotation": 180, "texture": "#0"},
				"down": {"uv": [4.625, 4.625, 5.375, 5], "rotation": 180, "texture": "#0"}
			}
		},
		{
			"from": [21.25, 7.75, 3.25],
			"to": [24.25, 8.5, 3.75],
			"faces": {
				"north": {"uv": [4.625, 4.625, 5.375, 4.875], "rotation": 180, "texture": "#0"},
				"east": {"uv": [4.625, 4.625, 4.75, 4.875], "texture": "#0"},
				"south": {"uv": [4.625, 4.625, 5.375, 4.875], "rotation": 180, "texture": "#0"},
				"west": {"uv": [4.625, 4.625, 4.75, 4.875], "texture": "#0"},
				"up": {"uv": [4.625, 4.625, 5.375, 4.75], "rotation": 180, "texture": "#0"},
				"down": {"uv": [0, 0, 0.375, 0.0625], "texture": "#missing"}
			}
		},
		{
			"from": [21.25, 7.75, 3.75],
			"to": [21.75, 8.5, 5.75],
			"rotation": {"angle": 0, "axis": "y", "origin": [22.75, 8.125, 11.75]},
			"faces": {
				"north": {"uv": [0, 0, 0.0625, 0.09375], "texture": "#missing"},
				"east": {"uv": [4.75, 4.625, 5.25, 4.875], "rotation": 180, "texture": "#0"},
				"south": {"uv": [0, 0, 0.0625, 0.09375], "texture": "#missing"},
				"west": {"uv": [4.75, 4.625, 5.25, 4.875], "rotation": 180, "texture": "#0"},
				"up": {"uv": [4.75, 4.625, 5.25, 4.75], "rotation": 90, "texture": "#0"},
				"down": {"uv": [0, 0, 0.25, 0.0625], "rotation": 90, "texture": "#missing"}
			}
		},
		{
			"from": [21.25, 7.75, 5.75],
			"to": [24.25, 8.5, 6.25],
			"faces": {
				"north": {"uv": [4.625, 4.625, 5, 4.71875], "rotation": 180, "texture": "#0"},
				"east": {"uv": [4.625, 4.625, 4.6875, 4.71875], "texture": "#0"},
				"south": {"uv": [4.625, 4.625, 5, 4.71875], "rotation": 180, "texture": "#0"},
				"west": {"uv": [4.625, 4.625, 4.6875, 4.71875], "texture": "#0"},
				"up": {"uv": [4.625, 4.625, 5, 4.6875], "rotation": 180, "texture": "#0"},
				"down": {"uv": [0, 0, 0.375, 0.0625], "texture": "#missing"}
			}
		},
		{
			"from": [23.75, 7.75, 3.75],
			"to": [24.25, 8.5, 5.75],
			"rotation": {"angle": 0, "axis": "y", "origin": [22.75, 8.125, 11.75]},
			"faces": {
				"north": {"uv": [0, 0, 0.0625, 0.09375], "texture": "#missing"},
				"east": {"uv": [4.75, 4.625, 5.25, 4.875], "texture": "#0"},
				"south": {"uv": [0, 0, 0.0625, 0.09375], "texture": "#missing"},
				"west": {"uv": [4.75, 4.625, 5.25, 4.875], "texture": "#0"},
				"up": {"uv": [4.75, 4.625, 5.25, 4.75], "rotation": 90, "texture": "#0"},
				"down": {"uv": [0, 0, 0.25, 0.0625], "rotation": 90, "texture": "#missing"}
			}
		},
		{
			"from": [21.25, 6.25, 3.25],
			"to": [24.25, 7.75, 6.25],
			"faces": {
				"north": {"uv": [4.625, 4.625, 5.375, 5], "texture": "#0"},
				"east": {"uv": [4.625, 4.625, 5.375, 5], "texture": "#0"},
				"south": {"uv": [4.625, 4.625, 5.375, 5], "texture": "#0"},
				"west": {"uv": [4.625, 4.625, 5.375, 5], "texture": "#0"},
				"up": {"uv": [9.625, 1.625, 10.625, 2.625], "texture": "#0"},
				"down": {"uv": [0, 0, 0.375, 0.375], "texture": "#0"}
			}
		},
		{
			"from": [21.5, 4.75, 3.5],
			"to": [24, 6.25, 6],
			"faces": {
				"north": {"uv": [4.625, 4.625, 5.375, 5], "rotation": 180, "texture": "#0"},
				"east": {"uv": [4.625, 4.625, 5.375, 5], "rotation": 180, "texture": "#0"},
				"south": {"uv": [4.625, 4.625, 5.375, 5], "rotation": 180, "texture": "#0"},
				"west": {"uv": [4.625, 4.625, 5.375, 5], "rotation": 180, "texture": "#0"},
				"up": {"uv": [4.625, 4.625, 5.375, 5], "rotation": 180, "texture": "#0"},
				"down": {"uv": [4.625, 4.625, 5.375, 5], "rotation": 180, "texture": "#0"}
			}
		},
		{
			"from": [8, 14.61711, 14.48522],
			"to": [24.25, 18.11711, 14.54772],
			"rotation": {"angle": -22.5, "axis": "x", "origin": [8, 20.86711, 6.23522]},
			"faces": {
				"north": {"uv": [4, 0, 0.125, 1], "texture": "#0"},
				"east": {"uv": [4, 0, 0.125, 1], "texture": "#0"},
				"south": {"uv": [4, 0, 0.125, 1], "texture": "#0"},
				"west": {"uv": [4, 0, 0.125, 1], "texture": "#0"},
				"up": {"uv": [4, 0, 0.125, 1], "texture": "#0"},
				"down": {"uv": [4, 0, 0.125, 1], "texture": "#0"}
			}
		},
		{
			"from": [8, 13.84258, 12.9636],
			"to": [24.25, 17.34258, 12.9636],
			"rotation": {"angle": -45, "axis": "x", "origin": [8, 20.09258, 4.7136]},
			"faces": {
				"north": {"uv": [4, 0, 0.125, 1], "texture": "#0"},
				"east": {"uv": [4, 0, 0.125, 1], "texture": "#0"},
				"south": {"uv": [4, 0, 0.125, 1], "texture": "#0"},
				"west": {"uv": [4, 0, 0.125, 1], "texture": "#0"},
				"up": {"uv": [4, 0, 0.125, 1], "texture": "#0"},
				"down": {"uv": [4, 0, 0.125, 1], "texture": "#0"}
			}
		},
		{
			"from": [8, 24.65114, 9.1253],
			"to": [24.25, 24.65114, 12.6253],
			"rotation": {"angle": 22.5, "axis": "x", "origin": [8, 24.65114, 10.8753]},
			"faces": {
				"north": {"uv": [4, 0, 0.125, 1], "texture": "#0"},
				"east": {"uv": [4, 0, 0.125, 1], "texture": "#0"},
				"south": {"uv": [4, 0, 0.125, 1], "texture": "#0"},
				"west": {"uv": [4, 0, 0.125, 1], "texture": "#0"},
				"up": {"uv": [4, 0, 0.125, 1], "texture": "#0"},
				"down": {"uv": [4, 0, 0.125, 1], "texture": "#0"}
			}
		},
		{
			"from": [8, 25.32076, 6.7411],
			"to": [24.25, 25.32076, 9.2589],
			"rotation": {"angle": 0, "axis": "x", "origin": [8, 25.32076, 7.5089]},
			"faces": {
				"north": {"uv": [0, 0.25, 1, 0], "rotation": 180, "texture": "#0"},
				"east": {"uv": [1, 0, 0, 0.25], "rotation": 90, "texture": "#0"},
				"south": {"uv": [0, 0.25, 1, 0], "texture": "#0"},
				"west": {"uv": [1, 0, 0, 0.25], "rotation": 270, "texture": "#0"},
				"up": {"uv": [4, 0.125, 0.125, 1], "texture": "#0"},
				"down": {"uv": [1, 0, 0, 0.25], "rotation": 180, "texture": "#0"}
			}
		},
		{
			"from": [8, 24.65114, 3.3747],
			"to": [24.25, 24.65114, 6.8747],
			"rotation": {"angle": -22.5, "axis": "x", "origin": [8, 24.65114, 5.1247]},
			"faces": {
				"north": {"uv": [4, 0, 0.125, 1], "rotation": 180, "texture": "#0"},
				"east": {"uv": [4, 0, 0.125, 1], "rotation": 180, "texture": "#0"},
				"south": {"uv": [4, 0, 0.125, 1], "rotation": 180, "texture": "#0"},
				"west": {"uv": [4, 0, 0.125, 1], "rotation": 180, "texture": "#0"},
				"up": {"uv": [4, 0, 0.125, 1], "rotation": 180, "texture": "#0"},
				"down": {"uv": [4, 0, 0.125, 1], "rotation": 180, "texture": "#0"}
			}
		},
		{
			"from": [8, 13.81936, 3.09344],
			"to": [24.25, 17.31936, 3.09344],
			"rotation": {"angle": 45, "axis": "x", "origin": [8, 20.06936, 11.34344]},
			"faces": {
				"north": {"uv": [4, 0, 0.125, 1], "texture": "#0"},
				"east": {"uv": [4, 0, 0.125, 1], "texture": "#0"},
				"south": {"uv": [4, 0, 0.125, 1], "texture": "#0"},
				"west": {"uv": [4, 0, 0.125, 1], "texture": "#0"},
				"up": {"uv": [4, 0, 0.125, 1], "texture": "#0"},
				"down": {"uv": [4, 0, 0.125, 1], "texture": "#0"}
			}
		},
		{
			"from": [8, 14.61711, 1.51478],
			"to": [24.25, 18.11711, 1.51478],
			"rotation": {"angle": 22.5, "axis": "x", "origin": [8, 20.86711, 9.76478]},
			"faces": {
				"north": {"uv": [4, 0, 0.125, 1], "texture": "#0"},
				"east": {"uv": [4, 0, 0.125, 1], "texture": "#0"},
				"south": {"uv": [4, 0, 0.125, 1], "texture": "#0"},
				"west": {"uv": [4, 0, 0.125, 1], "texture": "#0"},
				"up": {"uv": [4, 0, 0.125, 1], "texture": "#0"},
				"down": {"uv": [4, 0, 0.125, 1], "texture": "#0"}
			}
		},
		{
			"from": [-8.25, 14.61711, 1.51478],
			"to": [8, 18.11711, 1.51478],
			"rotation": {"angle": 22.5, "axis": "x", "origin": [8, 20.86711, 9.76478]},
			"faces": {
				"north": {"uv": [4, 0, 0.125, 1], "texture": "#0"},
				"east": {"uv": [4, 0, 0.125, 1], "texture": "#0"},
				"south": {"uv": [4, 0, 0.125, 1], "texture": "#0"},
				"west": {"uv": [4, 0, 0.125, 1], "texture": "#0"},
				"up": {"uv": [4, 0, 0.125, 1], "texture": "#0"},
				"down": {"uv": [4, 0, 0.125, 1], "texture": "#0"}
			}
		},
		{
			"from": [-8.25, 13.81936, 3.09344],
			"to": [8, 17.31936, 3.09344],
			"rotation": {"angle": 45, "axis": "x", "origin": [8, 20.06936, 11.34344]},
			"faces": {
				"north": {"uv": [4, 0, 0.125, 1], "texture": "#0"},
				"east": {"uv": [4, 0, 0.125, 1], "texture": "#0"},
				"south": {"uv": [4, 0, 0.125, 1], "texture": "#0"},
				"west": {"uv": [4, 0, 0.125, 1], "texture": "#0"},
				"up": {"uv": [4, 0, 0.125, 1], "texture": "#0"},
				"down": {"uv": [4, 0, 0.125, 1], "texture": "#0"}
			}
		},
		{
			"from": [-8.25, 13.84258, 12.9636],
			"to": [8, 17.34258, 12.9636],
			"rotation": {"angle": -45, "axis": "x", "origin": [8, 20.09258, 4.7136]},
			"faces": {
				"north": {"uv": [4, 0, 0.125, 1], "texture": "#0"},
				"east": {"uv": [4, 0, 0.125, 1], "texture": "#0"},
				"south": {"uv": [4, 0, 0.125, 1], "texture": "#0"},
				"west": {"uv": [4, 0, 0.125, 1], "texture": "#0"},
				"up": {"uv": [4, 0, 0.125, 1], "texture": "#0"},
				"down": {"uv": [4, 0, 0.125, 1], "texture": "#0"}
			}
		},
		{
			"from": [-8.28125, 24.82076, 6.7411],
			"to": [-8.28125, 25.32076, 9.2589],
			"rotation": {"angle": 0, "axis": "x", "origin": [8.21875, 25.32076, 7.5089]},
			"faces": {
				"north": {"uv": [0, 0, 0.25, 0.0125], "texture": "#0"},
				"east": {"uv": [0, 0, 0.25, 0.0125], "texture": "#0"},
				"south": {"uv": [0, 0, 0.25, 0.0125], "texture": "#0"},
				"west": {"uv": [0, 0, 0.1875, 0.025], "texture": "#0"},
				"up": {"uv": [0, 0, 0.25, 0.0125], "texture": "#0"},
				"down": {"uv": [0, 0, 0.25, 0.0125], "texture": "#0"}
			}
		},
		{
			"from": [-8.28125, 24.15114, 9.1253],
			"to": [-8.28125, 24.65114, 12.6253],
			"rotation": {"angle": 22.5, "axis": "x", "origin": [8.21875, 24.65114, 10.8753]},
			"faces": {
				"north": {"uv": [0, 0, 0.25, 0.025], "texture": "#0"},
				"east": {"uv": [0, 0, 0.25, 0.025], "texture": "#0"},
				"south": {"uv": [0, 0, 0.25, 0.025], "texture": "#0"},
				"west": {"uv": [0, 0, 0.25, 0.025], "texture": "#0"},
				"up": {"uv": [0, 0, 0.25, 0.025], "texture": "#0"},
				"down": {"uv": [0, 0, 0.25, 0.025], "texture": "#0"}
			}
		},
		{
			"from": [-8.28125, 24.15114, 3.3747],
			"to": [-8.28125, 24.65114, 6.8747],
			"rotation": {"angle": -22.5, "axis": "x", "origin": [8.21875, 24.65114, 5.1247]},
			"faces": {
				"north": {"uv": [0.25, 0, 0, 0.025], "texture": "#0"},
				"east": {"uv": [0.25, 0, 0, 0.025], "texture": "#0"},
				"south": {"uv": [0.25, 0, 0, 0.025], "texture": "#0"},
				"west": {"uv": [0.25, 0, 0, 0.025], "texture": "#0"},
				"up": {"uv": [0, 0.025, 0.25, 0], "texture": "#0"},
				"down": {"uv": [0, 0.025, 0.25, 0], "texture": "#0"}
			}
		},
		{
			"from": [-8.28125, 13.84258, 12.4636],
			"to": [-8.28125, 17.34258, 12.9636],
			"rotation": {"angle": -45, "axis": "x", "origin": [8.21875, 20.09258, 4.7136]},
			"faces": {
				"north": {"uv": [0, 0, 0.25, 0.025], "rotation": 90, "texture": "#0"},
				"east": {"uv": [0, 0, 0.25, 0.025], "rotation": 90, "texture": "#0"},
				"south": {"uv": [0, 0, 0.25, 0.025], "rotation": 90, "texture": "#0"},
				"west": {"uv": [0, 0, 0.25, 0.025], "rotation": 90, "texture": "#0"},
				"up": {"uv": [0, 0, 0.25, 0.025], "rotation": 90, "texture": "#0"},
				"down": {"uv": [0, 0, 0.25, 0.025], "rotation": 90, "texture": "#0"}
			}
		},
		{
			"from": [-8.28125, 13.84258, 3.0364],
			"to": [-8.28125, 17.34258, 3.5364],
			"rotation": {"angle": 45, "axis": "x", "origin": [8.21875, 20.09258, 11.2864]},
			"faces": {
				"north": {"uv": [0, 0.025, 0.25, 0], "rotation": 90, "texture": "#0"},
				"east": {"uv": [0, 0.025, 0.25, 0], "rotation": 90, "texture": "#0"},
				"south": {"uv": [0, 0.025, 0.25, 0], "rotation": 90, "texture": "#0"},
				"west": {"uv": [0, 0.025, 0.25, 0], "rotation": 90, "texture": "#0"},
				"up": {"uv": [0.25, 0, 0, 0.025], "rotation": 90, "texture": "#0"},
				"down": {"uv": [0.25, 0, 0, 0.025], "rotation": 90, "texture": "#0"}
			}
		},
		{
			"from": [-8.28125, 14.61711, 13.98522],
			"to": [-8.28125, 18.11711, 14.54772],
			"rotation": {"angle": -22.5, "axis": "x", "origin": [8.21875, 20.86711, 6.23522]},
			"faces": {
				"north": {"uv": [0, 0, 0.25, 0.025], "rotation": 90, "texture": "#0"},
				"east": {"uv": [0, 0, 0.25, 0.025], "rotation": 90, "texture": "#0"},
				"south": {"uv": [0, 0, 0.25, 0.025], "rotation": 90, "texture": "#0"},
				"west": {"uv": [0, 0, 0.25, 0.025], "rotation": 90, "texture": "#0"},
				"up": {"uv": [0, 0, 0.25, 0.025], "rotation": 90, "texture": "#0"},
				"down": {"uv": [0, 0, 0.25, 0.025], "rotation": 90, "texture": "#0"}
			}
		},
		{
			"from": [-8.28125, 14.61711, 1.45228],
			"to": [-8.28125, 18.11711, 2.01478],
			"rotation": {"angle": 22.5, "axis": "x", "origin": [8.21875, 20.86711, 9.76478]},
			"faces": {
				"north": {"uv": [0, 0.025, 0.25, 0], "rotation": 90, "texture": "#0"},
				"east": {"uv": [0, 0.025, 0.25, 0], "rotation": 90, "texture": "#0"},
				"south": {"uv": [0, 0.025, 0.25, 0], "rotation": 90, "texture": "#0"},
				"west": {"uv": [0, 0.025, 0.25, 0], "rotation": 90, "texture": "#0"},
				"up": {"uv": [0.25, 0, 0, 0.025], "rotation": 90, "texture": "#0"},
				"down": {"uv": [0.25, 0, 0, 0.025], "rotation": 90, "texture": "#0"}
			}
		},
		{
			"from": [24.28125, 24.82076, 6.7411],
			"to": [24.28125, 25.32076, 9.2589],
			"rotation": {"angle": 0, "axis": "x", "origin": [7.78125, 25.32076, 7.5089]},
			"faces": {
				"north": {"uv": [0.25, 0, 0, 0.0125], "texture": "#0"},
				"east": {"uv": [0.1875, 0, 0, 0.025], "texture": "#0"},
				"south": {"uv": [0.25, 0, 0, 0.0125], "texture": "#0"},
				"west": {"uv": [0.25, 0, 0, 0.0125], "texture": "#0"},
				"up": {"uv": [0.25, 0, 0, 0.0125], "texture": "#0"},
				"down": {"uv": [0.25, 0, 0, 0.0125], "texture": "#0"}
			}
		},
		{
			"from": [24.28125, 24.15114, 9.1253],
			"to": [24.28125, 24.65114, 12.6253],
			"rotation": {"angle": 22.5, "axis": "x", "origin": [7.78125, 24.65114, 10.8753]},
			"faces": {
				"north": {"uv": [0.25, 0, 0, 0.025], "texture": "#0"},
				"east": {"uv": [0.25, 0, 0, 0.025], "texture": "#0"},
				"south": {"uv": [0.25, 0, 0, 0.025], "texture": "#0"},
				"west": {"uv": [0.25, 0, 0, 0.025], "texture": "#0"},
				"up": {"uv": [0.25, 0, 0, 0.025], "texture": "#0"},
				"down": {"uv": [0.25, 0, 0, 0.025], "texture": "#0"}
			}
		},
		{
			"from": [24.28125, 24.15114, 3.3747],
			"to": [24.28125, 24.65114, 6.8747],
			"rotation": {"angle": -22.5, "axis": "x", "origin": [7.78125, 24.65114, 5.1247]},
			"faces": {
				"north": {"uv": [0, 0, 0.25, 0.025], "texture": "#0"},
				"east": {"uv": [0, 0, 0.25, 0.025], "texture": "#0"},
				"south": {"uv": [0, 0, 0.25, 0.025], "texture": "#0"},
				"west": {"uv": [0, 0, 0.25, 0.025], "texture": "#0"},
				"up": {"uv": [0.25, 0.025, 0, 0], "texture": "#0"},
				"down": {"uv": [0.25, 0.025, 0, 0], "texture": "#0"}
			}
		},
		{
			"from": [24.28125, 13.84258, 12.4636],
			"to": [24.28125, 17.34258, 12.9636],
			"rotation": {"angle": -45, "axis": "x", "origin": [7.78125, 20.09258, 4.7136]},
			"faces": {
				"north": {"uv": [0, 0.025, 0.25, 0], "rotation": 90, "texture": "#0"},
				"east": {"uv": [0, 0.025, 0.25, 0], "rotation": 90, "texture": "#0"},
				"south": {"uv": [0, 0.025, 0.25, 0], "rotation": 90, "texture": "#0"},
				"west": {"uv": [0, 0.025, 0.25, 0], "rotation": 90, "texture": "#0"},
				"up": {"uv": [0, 0.025, 0.25, 0], "rotation": 90, "texture": "#0"},
				"down": {"uv": [0, 0.025, 0.25, 0], "rotation": 90, "texture": "#0"}
			}
		},
		{
			"from": [24.28125, 13.84258, 3.0364],
			"to": [24.28125, 17.34258, 3.5364],
			"rotation": {"angle": 45, "axis": "x", "origin": [7.78125, 20.09258, 11.2864]},
			"faces": {
				"north": {"uv": [0, 0, 0.25, 0.025], "rotation": 90, "texture": "#0"},
				"east": {"uv": [0, 0, 0.25, 0.025], "rotation": 90, "texture": "#0"},
				"south": {"uv": [0, 0, 0.25, 0.025], "rotation": 90, "texture": "#0"},
				"west": {"uv": [0, 0, 0.25, 0.025], "rotation": 90, "texture": "#0"},
				"up": {"uv": [0.25, 0.025, 0, 0], "rotation": 90, "texture": "#0"},
				"down": {"uv": [0.25, 0.025, 0, 0], "rotation": 90, "texture": "#0"}
			}
		},
		{
			"from": [24.28125, 14.61711, 13.98522],
			"to": [24.28125, 18.11711, 14.54772],
			"rotation": {"angle": -22.5, "axis": "x", "origin": [7.78125, 20.86711, 6.23522]},
			"faces": {
				"north": {"uv": [0, 0.025, 0.25, 0], "rotation": 90, "texture": "#0"},
				"east": {"uv": [0, 0.025, 0.25, 0], "rotation": 90, "texture": "#0"},
				"south": {"uv": [0, 0.025, 0.25, 0], "rotation": 90, "texture": "#0"},
				"west": {"uv": [0, 0.025, 0.25, 0], "rotation": 90, "texture": "#0"},
				"up": {"uv": [0, 0.025, 0.25, 0], "rotation": 90, "texture": "#0"},
				"down": {"uv": [0, 0.025, 0.25, 0], "rotation": 90, "texture": "#0"}
			}
		},
		{
			"from": [24.28125, 14.61711, 1.45228],
			"to": [24.28125, 18.11711, 2.01478],
			"rotation": {"angle": 22.5, "axis": "x", "origin": [7.78125, 20.86711, 9.76478]},
			"faces": {
				"north": {"uv": [0, 0, 0.25, 0.025], "rotation": 90, "texture": "#0"},
				"east": {"uv": [0, 0, 0.25, 0.025], "rotation": 90, "texture": "#0"},
				"south": {"uv": [0, 0, 0.25, 0.025], "rotation": 90, "texture": "#0"},
				"west": {"uv": [0, 0, 0.25, 0.025], "rotation": 90, "texture": "#0"},
				"up": {"uv": [0.25, 0.025, 0, 0], "rotation": 90, "texture": "#0"},
				"down": {"uv": [0.25, 0.025, 0, 0], "rotation": 90, "texture": "#0"}
			}
		},
		{
			"from": [-8.25, 25.32076, 6.7411],
			"to": [8, 25.32076, 9.2589],
			"rotation": {"angle": 0, "axis": "x", "origin": [8, 25.32076, 7.5089]},
			"faces": {
				"north": {"uv": [4, 0.125, 0.125, 1], "texture": "#0"},
				"east": {"uv": [4, 0.125, 0.125, 1], "texture": "#0"},
				"south": {"uv": [4, 0.125, 0.125, 1], "texture": "#0"},
				"west": {"uv": [4, 0.125, 0.125, 1], "texture": "#0"},
				"up": {"uv": [4, 0.125, 0.125, 1], "texture": "#0"},
				"down": {"uv": [4, 0.125, 0.125, 1], "texture": "#0"}
			}
		},
		{
			"from": [-8.25, 24.65114, 9.1253],
			"to": [8, 24.65114, 12.6253],
			"rotation": {"angle": 22.5, "axis": "x", "origin": [8, 24.65114, 10.8753]},
			"faces": {
				"north": {"uv": [4, 0, 0.125, 1], "texture": "#0"},
				"east": {"uv": [4, 0, 0.125, 1], "texture": "#0"},
				"south": {"uv": [4, 0, 0.125, 1], "texture": "#0"},
				"west": {"uv": [4, 0, 0.125, 1], "texture": "#0"},
				"up": {"uv": [4, 0, 0.125, 1], "texture": "#0"},
				"down": {"uv": [4, 0, 0.125, 1], "texture": "#0"}
			}
		},
		{
			"from": [-8.25, 24.65114, 3.3747],
			"to": [8, 24.65114, 6.8747],
			"rotation": {"angle": -22.5, "axis": "x", "origin": [8, 24.65114, 5.1247]},
			"faces": {
				"north": {"uv": [4, 0, 0.125, 1], "rotation": 180, "texture": "#0"},
				"east": {"uv": [4, 0, 0.125, 1], "rotation": 180, "texture": "#0"},
				"south": {"uv": [4, 0, 0.125, 1], "rotation": 180, "texture": "#0"},
				"west": {"uv": [4, 0, 0.125, 1], "rotation": 180, "texture": "#0"},
				"up": {"uv": [4, 0, 0.125, 1], "rotation": 180, "texture": "#0"},
				"down": {"uv": [4, 0, 0.125, 1], "rotation": 180, "texture": "#0"}
			}
		},
		{
			"from": [-8.25, 14.61711, 14.48522],
			"to": [8, 18.11711, 14.54772],
			"rotation": {"angle": -22.5, "axis": "x", "origin": [8, 20.86711, 6.23522]},
			"faces": {
				"north": {"uv": [4, 0, 0.125, 1], "texture": "#0"},
				"east": {"uv": [4, 0, 0.125, 1], "texture": "#0"},
				"south": {"uv": [4, 0, 0.125, 1], "texture": "#0"},
				"west": {"uv": [4, 0, 0.125, 1], "texture": "#0"},
				"up": {"uv": [4, 0, 0.125, 1], "texture": "#0"},
				"down": {"uv": [4, 0, 0.125, 1], "texture": "#0"}
			}
		},
		{
			"from": [24.25, 18.25, -0.25],
			"to": [24.25, 25.25, 16.25],
			"faces": {
				"north": {"uv": [0, 9.375, 3.84375, 11.375], "texture": "#0"},
				"east": {"uv": [0, 9.375, 3.84375, 11.375], "texture": "#0"},
				"south": {"uv": [0, 9.375, 3.84375, 11.375], "texture": "#0"},
				"west": {"uv": [0, 9.375, 3.84375, 11.375], "texture": "#0"},
				"up": {"uv": [0, 9.375, 3.84375, 11.375], "texture": "#0"},
				"down": {"uv": [0, 9.375, 3.84375, 11.375], "texture": "#0"}
			}
		},
		{
			"from": [-8.25, 18.25, -0.25],
			"to": [-8.25, 25.25, 16.25],
			"faces": {
				"north": {"uv": [0, 9.375, 3.84375, 11.375], "texture": "#0"},
				"east": {"uv": [0, 9.375, 3.84375, 11.375], "texture": "#0"},
				"south": {"uv": [0, 9.375, 3.84375, 11.375], "texture": "#0"},
				"west": {"uv": [0, 9.375, 3.84375, 11.375], "texture": "#0"},
				"up": {"uv": [0, 9.375, 3.84375, 11.375], "texture": "#0"},
				"down": {"uv": [0, 9.375, 3.84375, 11.375], "texture": "#0"}
			}
		},
		{
			"from": [-8.25, -3.75, -0.25],
			"to": [8, 0.25, 16.25],
			"faces": {
				"north": {"uv": [0, 4, 4.125, 4.6875], "texture": "#0"},
				"east": {"uv": [0, 0, 4, 0.875], "texture": "#0"},
				"south": {"uv": [0, 4, 4.125, 4.6875], "texture": "#0"},
				"west": {"uv": [0, 4, 4.125, 4.6875], "texture": "#0"},
				"up": {"uv": [8.25, 5, 4.125, 9.125], "texture": "#0"},
				"down": {"uv": [4.125, 5, 0, 9.125], "texture": "#0"}
			}
		},
		{
			"from": [-8.25, 0.25, -1.25],
			"to": [8, 2.25, -0.25],
			"faces": {
				"north": {"uv": [0, 4.625, 4.625, 4.96875], "texture": "#0"},
				"east": {"uv": [0, 4.625, 4.625, 4.96875], "texture": "#0"},
				"south": {"uv": [0, 4.625, 4.625, 4.96875], "texture": "#0"},
				"west": {"uv": [0, 4.625, 4.625, 4.96875], "texture": "#0"},
				"up": {"uv": [0, 4.625, 4.625, 4.96875], "texture": "#0"},
				"down": {"uv": [0, 4.625, 4.625, 4.96875], "texture": "#0"}
			}
		},
		{
			"from": [-8.25, 0.25, 16.25],
			"to": [8, 2.25, 17.25],
			"faces": {
				"north": {"uv": [0, 4.625, 4.625, 4.96875], "texture": "#0"},
				"east": {"uv": [0, 4.625, 4.625, 4.96875], "texture": "#0"},
				"south": {"uv": [0, 4.625, 4.625, 4.96875], "texture": "#0"},
				"west": {"uv": [0, 4.625, 4.625, 4.96875], "texture": "#0"},
				"up": {"uv": [0, 4.625, 4.625, 4.96875], "texture": "#0"},
				"down": {"uv": [0, 4.625, 4.625, 4.96875], "texture": "#0"}
			}
		},
		{
			"from": [-9.25, 0.25, -1.25],
			"to": [-8.25, 2.25, 17.25],
			"rotation": {"angle": 0, "axis": "y", "origin": [1, 8, 16.25]},
			"faces": {
				"north": {"uv": [0, 4.625, 0.25, 4.96875], "texture": "#0"},
				"east": {"uv": [0, 4.625, 4.65625, 4.96875], "texture": "#0"},
				"south": {"uv": [0, 4.625, 0.25, 4.96875], "texture": "#0"},
				"west": {"uv": [0, 4.625, 4.625, 4.96875], "texture": "#0"},
				"up": {"uv": [0, 4.625, 4.625, 4.96875], "rotation": 90, "texture": "#0"},
				"down": {"uv": [0, 4.625, 4.65625, 4.96875], "texture": "#0"}
			}
		},
		{
			"from": [-3.625, 13.5625, -0.5],
			"to": [-2.90625, 14.25, 16.5],
			"rotation": {"angle": 0, "axis": "y", "origin": [1, 8, 16.25]},
			"faces": {
				"north": {"uv": [0, 9.125, 0.125, 9.25], "texture": "#0"},
				"east": {"uv": [0, 9.125, 4.625, 9.25], "texture": "#0"},
				"south": {"uv": [0, 9.125, 0.125, 9.25], "texture": "#0"},
				"west": {"uv": [0, 9.125, 4.625, 9.25], "texture": "#0"},
				"up": {"uv": [0, 9.125, 4.625, 9.25], "rotation": 90, "texture": "#0"},
				"down": {"uv": [0, 9.125, 4.625, 9.25], "rotation": 270, "texture": "#0"}
			}
		},
		{
			"from": [4.75, 9.46875, -0.5],
			"to": [5.46875, 10.15625, 16.5],
			"rotation": {"angle": 0, "axis": "y", "origin": [1, 8, 16.25]},
			"faces": {
				"north": {"uv": [0, 9.125, 0.125, 9.25], "texture": "#0"},
				"east": {"uv": [0, 9.125, 4.625, 9.25], "texture": "#0"},
				"south": {"uv": [0, 9.125, 0.125, 9.25], "texture": "#0"},
				"west": {"uv": [0, 9.125, 4.625, 9.25], "texture": "#0"},
				"up": {"uv": [0, 9.125, 4.625, 9.25], "rotation": 90, "texture": "#0"},
				"down": {"uv": [0, 9.125, 4.625, 9.25], "rotation": 270, "texture": "#0"}
			}
		},
		{
			"from": [24.25, 0.25, -1.25],
			"to": [25.25, 2.25, 17.25],
			"rotation": {"angle": 0, "axis": "y", "origin": [15, 8, 16.25]},
			"faces": {
				"north": {"uv": [0, 4.625, 4.625, 4.96875], "texture": "#0"},
				"east": {"uv": [0, 4.625, 4.625, 4.96875], "texture": "#0"},
				"south": {"uv": [0, 4.625, 4.625, 4.96875], "texture": "#0"},
				"west": {"uv": [0, 4.625, 4.625, 4.96875], "texture": "#0"},
				"up": {"uv": [0, 4.625, 4.625, 4.96875], "rotation": 270, "texture": "#0"},
				"down": {"uv": [0, 4.625, 4.625, 4.96875], "texture": "#0"}
			}
		},
		{
			"from": [8, -3.75, -0.25],
			"to": [24.25, 0.25, 16.25],
			"faces": {
				"north": {"uv": [0, 4, 4.125, 4.6875], "texture": "#0"},
				"east": {"uv": [0, 4, 4.125, 4.6875], "texture": "#0"},
				"south": {"uv": [0, 4, 4.125, 4.6875], "texture": "#0"},
				"west": {"uv": [4, 0, 0, 0.875], "texture": "#0"},
				"up": {"uv": [8.25, 5, 4.125, 9.125], "texture": "#0"},
				"down": {"uv": [4.125, 5, 0, 9.125], "texture": "#0"}
			}
		},
		{
			"from": [8, 0.25, -1.25],
			"to": [24.25, 2.25, -0.25],
			"faces": {
				"north": {"uv": [0, 4.625, 4.625, 4.96875], "texture": "#0"},
				"east": {"uv": [0, 4.625, 4.625, 4.96875], "texture": "#0"},
				"south": {"uv": [0, 4.625, 4.625, 4.96875], "texture": "#0"},
				"west": {"uv": [0, 4.625, 4.625, 4.96875], "texture": "#0"},
				"up": {"uv": [0, 4.625, 4.625, 4.96875], "texture": "#0"},
				"down": {"uv": [0, 4.625, 4.625, 4.96875], "texture": "#0"}
			}
		},
		{
			"from": [8, 0.25, 16.25],
			"to": [24.25, 2.25, 17.25],
			"faces": {
				"north": {"uv": [0, 4.625, 4.625, 4.96875], "texture": "#0"},
				"east": {"uv": [0, 4.625, 4.625, 4.96875], "texture": "#0"},
				"south": {"uv": [0, 4.625, 4.625, 4.96875], "texture": "#0"},
				"west": {"uv": [0, 4.625, 4.625, 4.96875], "texture": "#0"},
				"up": {"uv": [0, 4.625, 4.625, 4.96875], "texture": "#0"},
				"down": {"uv": [0, 4.625, 4.625, 4.96875], "texture": "#0"}
			}
		},
		{
			"from": [11.9375, 8.96875, 11.625],
			"to": [13.9375, 10.96875, 13.625],
			"rotation": {"angle": 0, "axis": "y", "origin": [6.9375, 13.96875, 11.625]},
			"faces": {
				"north": {"uv": [10.875, 1, 11.375, 1.5], "texture": "#0"},
				"east": {"uv": [10.875, 1, 11.375, 1.5], "texture": "#0"},
				"south": {"uv": [10.875, 1, 11.375, 1.5], "texture": "#0"},
				"west": {"uv": [10.875, 1, 11.375, 1.5], "texture": "#0"},
				"up": {"uv": [10.875, 1, 11.375, 1.5], "texture": "#0"},
				"down": {"uv": [10.875, 1, 11.375, 1.5], "texture": "#0"}
			}
		},
		{
			"from": [12.59375, 7.96875, 12.625],
			"to": [13.34375, 23.96875, 12.625],
			"rotation": {"angle": 45, "axis": "y", "origin": [12.96875, 15.96875, 12.625]},
			"faces": {
				"north": {"uv": [10.75, 1, 10.84375, 3], "texture": "#0"},
				"east": {"uv": [10.75, 1, 10.84375, 3], "texture": "#0"},
				"south": {"uv": [10.75, 1, 10.84375, 3], "texture": "#0"},
				"west": {"uv": [10.75, 1, 10.84375, 3], "texture": "#0"},
				"up": {"uv": [10.75, 1, 10.84375, 3], "texture": "#0"},
				"down": {"uv": [10.75, 1, 10.84375, 3], "texture": "#0"}
			}
		},
		{
			"from": [12.96875, 7.96875, 12.25],
			"to": [12.96875, 23.96875, 13],
			"rotation": {"angle": 45, "axis": "y", "origin": [12.96875, 15.96875, 12.625]},
			"faces": {
				"north": {"uv": [10.75, 1, 10.84375, 3], "texture": "#0"},
				"east": {"uv": [10.75, 1, 10.84375, 3], "texture": "#0"},
				"south": {"uv": [10.75, 1, 10.84375, 3], "texture": "#0"},
				"west": {"uv": [10.75, 1, 10.84375, 3], "texture": "#0"},
				"up": {"uv": [10.75, 1, 10.84375, 3], "texture": "#0"},
				"down": {"uv": [10.75, 1, 10.84375, 3], "texture": "#0"}
			}
		},
		{
			"from": [11.9375, 12.96875, 11.625],
			"to": [13.9375, 14.96875, 13.625],
			"rotation": {"angle": 45, "axis": "z", "origin": [12.9375, 13.96875, 12.625]},
			"faces": {
				"north": {"uv": [10.875, 1.5, 11.375, 2], "texture": "#0"},
				"east": {"uv": [10.875, 1.5, 11.375, 2], "texture": "#0"},
				"south": {"uv": [10.875, 1.5, 11.375, 2], "texture": "#0"},
				"west": {"uv": [10.875, 1.5, 11.375, 2], "texture": "#0"},
				"up": {"uv": [10.875, 1.5, 11.375, 2], "texture": "#0"},
				"down": {"uv": [10.875, 1.5, 11.375, 2], "texture": "#0"}
			}
		},
		{
			"from": [11.9375, 16.96875, 11.625],
			"to": [13.9375, 18.96875, 13.625],
			"rotation": {"angle": -45, "axis": "x", "origin": [12.9375, 17.96875, 12.625]},
			"faces": {
				"north": {"uv": [10.875, 2, 11.375, 2.5], "texture": "#0"},
				"east": {"uv": [10.875, 2, 11.375, 2.5], "texture": "#0"},
				"south": {"uv": [10.875, 2, 11.375, 2.5], "texture": "#0"},
				"west": {"uv": [10.875, 2, 11.375, 2.5], "texture": "#0"},
				"up": {"uv": [10.875, 2, 11.375, 2.5], "texture": "#0"},
				"down": {"uv": [10.875, 2, 11.375, 2.5], "texture": "#0"}
			}
		},
		{
			"from": [-8.25, -14, -0.25],
			"to": [-7.5, -3.75, 0.75],
			"rotation": {"angle": 0, "axis": "y", "origin": [-0.25, 4, 7.75]},
			"faces": {
				"north": {"uv": [0, 4.625, 2.625, 4.875], "rotation": 90, "texture": "#0"},
				"east": {"uv": [0, 4.625, 2.625, 4.875], "rotation": 90, "texture": "#0"},
				"south": {"uv": [0, 4.625, 2.625, 4.875], "rotation": 90, "texture": "#0"},
				"west": {"uv": [0, 4.625, 2.625, 4.875], "rotation": 90, "texture": "#0"},
				"up": {"uv": [0, 4.625, 0.25, 4.875], "rotation": 90, "texture": "#0"},
				"down": {"uv": [0, 4.625, 0.25, 4.875], "rotation": 90, "texture": "#0"}
			}
		},
		{
			"from": [-8.25, -16, -1.25],
			"to": [-7.5, -14, 0.75],
			"rotation": {"angle": 0, "axis": "y", "origin": [-0.25, 4, 7.75]},
			"faces": {
				"north": {"uv": [4.625, 4, 4.875, 4.625], "texture": "#0"},
				"east": {"uv": [4.125, 4, 4.75, 4.625], "rotation": 90, "texture": "#0"},
				"south": {"uv": [4.625, 4, 4.875, 4.625], "texture": "#0"},
				"west": {"uv": [4.125, 4, 4.75, 4.625], "rotation": 90, "texture": "#0"},
				"up": {"uv": [4.625, 4, 4.875, 4.625], "texture": "#0"},
				"down": {"uv": [4.625, 4, 4.875, 4.625], "texture": "#0"}
			}
		},
		{
			"from": [7.5, -16, -1.25],
			"to": [8.25, -14, 0.75],
			"rotation": {"angle": 0, "axis": "y", "origin": [15.5, 4, 7.75]},
			"faces": {
				"north": {"uv": [4.625, 4, 4.875, 4.625], "texture": "#0"},
				"east": {"uv": [4.125, 4, 4.75, 4.625], "rotation": 90, "texture": "#0"},
				"south": {"uv": [4.625, 4, 4.875, 4.625], "texture": "#0"},
				"west": {"uv": [4.125, 4, 4.75, 4.625], "rotation": 90, "texture": "#0"},
				"up": {"uv": [4.625, 4, 4.875, 4.625], "texture": "#0"},
				"down": {"uv": [4.625, 4, 4.875, 4.625], "texture": "#0"}
			}
		},
		{
			"from": [-8.25, -16, 14.25],
			"to": [-7.25, -14, 16.25],
			"rotation": {"angle": 0, "axis": "y", "origin": [-0.25, 4, 7.25]},
			"faces": {
				"north": {"uv": [4.875, 4, 4.625, 4.625], "texture": "#0"},
				"east": {"uv": [4.125, 4.625, 4.75, 4], "rotation": 90, "texture": "#0"},
				"south": {"uv": [4.875, 4, 4.625, 4.625], "texture": "#0"},
				"west": {"uv": [4.125, 4.625, 4.75, 4], "rotation": 90, "texture": "#0"},
				"up": {"uv": [4.625, 4.625, 4.875, 4], "texture": "#0"},
				"down": {"uv": [4.625, 4.625, 4.875, 4], "texture": "#0"}
			}
		},
		{
			"from": [7.5, -16, 14],
			"to": [8.5, -14, 16],
			"rotation": {"angle": 0, "axis": "y", "origin": [15.5, 4, 7]},
			"faces": {
				"north": {"uv": [4.875, 4, 4.625, 4.625], "texture": "#0"},
				"east": {"uv": [4.125, 4.625, 4.75, 4], "rotation": 90, "texture": "#0"},
				"south": {"uv": [4.875, 4, 4.625, 4.625], "texture": "#0"},
				"west": {"uv": [4.125, 4.625, 4.75, 4], "rotation": 90, "texture": "#0"},
				"up": {"uv": [4.625, 4.625, 4.875, 4], "texture": "#0"},
				"down": {"uv": [4.625, 4.625, 4.875, 4], "texture": "#0"}
			}
		},
		{
			"from": [23.25, -16, -1.25],
			"to": [24.25, -14, 0.75],
			"rotation": {"angle": 0, "axis": "y", "origin": [16.25, 4, 7.75]},
			"faces": {
				"north": {"uv": [4.875, 4, 4.625, 4.625], "texture": "#0"},
				"east": {"uv": [4.125, 4.625, 4.75, 4], "rotation": 90, "texture": "#0"},
				"south": {"uv": [4.875, 4, 4.625, 4.625], "texture": "#0"},
				"west": {"uv": [4.125, 4.625, 4.75, 4], "rotation": 90, "texture": "#0"},
				"up": {"uv": [4.875, 4, 4.625, 4.625], "texture": "#0"},
				"down": {"uv": [4.875, 4, 4.625, 4.625], "texture": "#0"}
			}
		},
		{
			"from": [23.25, -16, 14.25],
			"to": [24.25, -14, 16.25],
			"rotation": {"angle": 0, "axis": "y", "origin": [16.25, 4, 7.25]},
			"faces": {
				"north": {"uv": [4.625, 4, 4.875, 4.625], "texture": "#0"},
				"east": {"uv": [4.125, 4, 4.75, 4.625], "rotation": 90, "texture": "#0"},
				"south": {"uv": [4.625, 4, 4.875, 4.625], "texture": "#0"},
				"west": {"uv": [4.125, 4, 4.75, 4.625], "rotation": 90, "texture": "#0"},
				"up": {"uv": [4.875, 4.625, 4.625, 4], "texture": "#0"},
				"down": {"uv": [4.875, 4.625, 4.625, 4], "texture": "#0"}
			}
		},
		{
			"from": [23.25, -14, -0.25],
			"to": [24.25, -3.75, 0.75],
			"rotation": {"angle": 0, "axis": "y", "origin": [16.25, 4, 7.75]},
			"faces": {
				"north": {"uv": [0, 4.875, 2.625, 4.625], "rotation": 90, "texture": "#0"},
				"east": {"uv": [0, 4.875, 2.625, 4.625], "rotation": 90, "texture": "#0"},
				"south": {"uv": [0, 4.875, 2.625, 4.625], "rotation": 90, "texture": "#0"},
				"west": {"uv": [0, 4.875, 2.625, 4.625], "rotation": 90, "texture": "#0"},
				"up": {"uv": [0, 4.875, 0.25, 4.625], "rotation": 90, "texture": "#0"},
				"down": {"uv": [0, 4.875, 0.25, 4.625], "rotation": 90, "texture": "#0"}
			}
		},
		{
			"from": [7.5, -14, -0.25],
			"to": [8.25, -3.75, 0.75],
			"rotation": {"angle": 0, "axis": "y", "origin": [0.5, 4, 7.75]},
			"faces": {
				"north": {"uv": [0, 4.875, 2.625, 4.625], "rotation": 90, "texture": "#0"},
				"east": {"uv": [0, 4.875, 2.625, 4.625], "rotation": 90, "texture": "#0"},
				"south": {"uv": [0, 4.875, 2.625, 4.625], "rotation": 90, "texture": "#0"},
				"west": {"uv": [0, 4.875, 2.625, 4.625], "rotation": 90, "texture": "#0"},
				"up": {"uv": [0, 4.875, 0.25, 4.625], "rotation": 90, "texture": "#0"},
				"down": {"uv": [0, 4.875, 0.25, 4.625], "rotation": 90, "texture": "#0"}
			}
		},
		{
			"from": [-8, -10, 0.75],
			"to": [-7, -9, 15.25],
			"rotation": {"angle": 0, "axis": "x", "origin": [-7.5, -9.5, 6.5]},
			"faces": {
				"north": {"uv": [0, 4.625, 0.25, 4.875], "rotation": 270, "texture": "#0"},
				"east": {"uv": [0, 4.625, 2.625, 4.875], "texture": "#0"},
				"south": {"uv": [0, 4.625, 0.25, 4.875], "rotation": 90, "texture": "#0"},
				"west": {"uv": [0, 4.625, 3.375, 4.875], "rotation": 180, "texture": "#0"},
				"up": {"uv": [0, 4.625, 2.625, 4.875], "rotation": 270, "texture": "#0"},
				"down": {"uv": [0, 4.625, 2.625, 4.875], "rotation": 90, "texture": "#0"}
			}
		},
		{
			"from": [-7, -9.5, 1],
			"to": [8, -9.5, 15],
			"rotation": {"angle": 0, "axis": "x", "origin": [-7.5, -9.5, 6.5]},
			"faces": {
				"north": {"uv": [4.125, 5, 0, 9.125], "texture": "#0"},
				"east": {"uv": [4.125, 5, 0, 9.125], "texture": "#0"},
				"south": {"uv": [4.125, 5, 0, 9.125], "texture": "#0"},
				"west": {"uv": [4.125, 5, 0, 9.125], "texture": "#0"},
				"up": {"uv": [4.125, 5, 0, 9.125], "texture": "#0"},
				"down": {"uv": [4.125, 5, 0, 9.125], "texture": "#0"}
			}
		},
		{
			"from": [8, -9.5, 1],
			"to": [23, -9.5, 15],
			"rotation": {"angle": 0, "axis": "x", "origin": [23.5, -9.5, 6.5]},
			"faces": {
				"north": {"uv": [0, 5, 4.125, 9.125], "texture": "#0"},
				"east": {"uv": [0, 5, 4.125, 9.125], "texture": "#0"},
				"south": {"uv": [0, 5, 4.125, 9.125], "texture": "#0"},
				"west": {"uv": [0, 5, 4.125, 9.125], "texture": "#0"},
				"up": {"uv": [0, 5, 4.125, 9.125], "texture": "#0"},
				"down": {"uv": [0, 5, 4.125, 9.125], "texture": "#0"}
			}
		},
		{
			"from": [23, -10, 0.75],
			"to": [24, -9, 15.25],
			"rotation": {"angle": 0, "axis": "x", "origin": [23.5, -9.5, 6.5]},
			"faces": {
				"north": {"uv": [0, 4.875, 0.25, 4.625], "rotation": 270, "texture": "#0"},
				"east": {"uv": [3.375, 4.625, 0, 4.875], "rotation": 180, "texture": "#0"},
				"south": {"uv": [0, 4.875, 0.25, 4.625], "rotation": 90, "texture": "#0"},
				"west": {"uv": [2.625, 4.625, 0, 4.875], "texture": "#0"},
				"up": {"uv": [0, 4.875, 2.625, 4.625], "rotation": 270, "texture": "#0"},
				"down": {"uv": [0, 4.875, 2.625, 4.625], "rotation": 90, "texture": "#0"}
			}
		},
		{
			"from": [7.5, -10, 0.75],
			"to": [8.5, -9, 15.25],
			"rotation": {"angle": 0, "axis": "x", "origin": [8, -9.5, 6.5]},
			"faces": {
				"north": {"uv": [0, 4.875, 0.25, 4.625], "rotation": 270, "texture": "#0"},
				"east": {"uv": [3.375, 4.625, 0, 4.875], "rotation": 180, "texture": "#0"},
				"south": {"uv": [0, 4.875, 0.25, 4.625], "rotation": 90, "texture": "#0"},
				"west": {"uv": [2.625, 4.625, 0, 4.875], "texture": "#0"},
				"up": {"uv": [0, 4.875, 2.625, 4.625], "rotation": 270, "texture": "#0"},
				"down": {"uv": [0, 4.875, 2.625, 4.625], "rotation": 90, "texture": "#0"}
			}
		},
		{
			"from": [-7.5, -10, 0],
			"to": [7.5, -9, 1],
			"rotation": {"angle": 0, "axis": "y", "origin": [0, -9.5, 0.5]},
			"faces": {
				"north": {"uv": [0, 4.625, 2.875, 4.875], "texture": "#0"},
				"east": {"uv": [0, 4.625, 0.25, 4.875], "rotation": 90, "texture": "#0"},
				"south": {"uv": [0, 4.625, 3.375, 4.875], "rotation": 180, "texture": "#0"},
				"west": {"uv": [0, 4.625, 0.25, 4.875], "rotation": 270, "texture": "#0"},
				"up": {"uv": [0, 4.625, 2.625, 4.875], "rotation": 180, "texture": "#0"},
				"down": {"uv": [0, 4.625, 2.625, 4.875], "rotation": 180, "texture": "#0"}
			}
		},
		{
			"from": [8.25, -10, 0],
			"to": [23.25, -9, 1],
			"rotation": {"angle": 0, "axis": "y", "origin": [16, -9.5, 0.5]},
			"faces": {
				"north": {"uv": [2.875, 4.625, 0, 4.875], "texture": "#0"},
				"east": {"uv": [0, 4.875, 0.25, 4.625], "rotation": 270, "texture": "#0"},
				"south": {"uv": [3.375, 4.625, 0, 4.875], "rotation": 180, "texture": "#0"},
				"west": {"uv": [0, 4.875, 0.25, 4.625], "rotation": 90, "texture": "#0"},
				"up": {"uv": [2.625, 4.625, 0, 4.875], "rotation": 180, "texture": "#0"},
				"down": {"uv": [2.625, 4.625, 0, 4.875], "rotation": 180, "texture": "#0"}
			}
		},
		{
			"from": [-7.5, -10, 15],
			"to": [7.5, -9, 16],
			"rotation": {"angle": 0, "axis": "y", "origin": [0, -9.5, 15.5]},
			"faces": {
				"north": {"uv": [3.375, 4.625, 0, 4.875], "rotation": 180, "texture": "#0"},
				"east": {"uv": [0, 4.875, 0.25, 4.625], "rotation": 90, "texture": "#0"},
				"south": {"uv": [2.875, 4.625, 0, 4.875], "texture": "#0"},
				"west": {"uv": [0, 4.875, 0.25, 4.625], "rotation": 270, "texture": "#0"},
				"up": {"uv": [0, 4.875, 2.625, 4.625], "rotation": 180, "texture": "#0"},
				"down": {"uv": [0, 4.875, 2.625, 4.625], "rotation": 180, "texture": "#0"}
			}
		},
		{
			"from": [8.25, -10, 15],
			"to": [23.25, -9, 16],
			"rotation": {"angle": 0, "axis": "y", "origin": [16, -9.5, 15.5]},
			"faces": {
				"north": {"uv": [0, 4.625, 3.375, 4.875], "rotation": 180, "texture": "#0"},
				"east": {"uv": [0, 4.625, 0.25, 4.875], "rotation": 270, "texture": "#0"},
				"south": {"uv": [0, 4.625, 2.875, 4.875], "texture": "#0"},
				"west": {"uv": [0, 4.625, 0.25, 4.875], "rotation": 90, "texture": "#0"},
				"up": {"uv": [2.625, 4.875, 0, 4.625], "rotation": 180, "texture": "#0"},
				"down": {"uv": [2.625, 4.875, 0, 4.625], "rotation": 180, "texture": "#0"}
			}
		},
		{
			"from": [-8.25, -14, 15.25],
			"to": [-7.25, -3.75, 16.25],
			"rotation": {"angle": 0, "axis": "y", "origin": [-0.25, 4, 23.25]},
			"faces": {
				"north": {"uv": [0, 4.625, 2.625, 4.875], "rotation": 90, "texture": "#0"},
				"east": {"uv": [0, 4.625, 2.625, 4.875], "rotation": 90, "texture": "#0"},
				"south": {"uv": [0, 4.625, 2.625, 4.875], "rotation": 90, "texture": "#0"},
				"west": {"uv": [0, 4.625, 2.625, 4.875], "rotation": 90, "texture": "#0"},
				"up": {"uv": [0, 4.625, 0.25, 4.875], "rotation": 90, "texture": "#0"},
				"down": {"uv": [0, 4.625, 0.25, 4.875], "rotation": 90, "texture": "#0"}
			}
		},
		{
			"from": [23.25, -14, 15.25],
			"to": [24.25, -3.75, 16.25],
			"rotation": {"angle": 0, "axis": "y", "origin": [16.25, 4, 23.25]},
			"faces": {
				"north": {"uv": [0, 4.875, 2.625, 4.625], "rotation": 90, "texture": "#0"},
				"east": {"uv": [0, 4.875, 2.625, 4.625], "rotation": 90, "texture": "#0"},
				"south": {"uv": [0, 4.875, 2.625, 4.625], "rotation": 90, "texture": "#0"},
				"west": {"uv": [0, 4.875, 2.625, 4.625], "rotation": 90, "texture": "#0"},
				"up": {"uv": [0, 4.875, 0.25, 4.625], "rotation": 90, "texture": "#0"},
				"down": {"uv": [0, 4.875, 0.25, 4.625], "rotation": 90, "texture": "#0"}
			}
		},
		{
			"from": [7.5, -14, 15],
			"to": [8.5, -3.75, 16],
			"rotation": {"angle": 0, "axis": "y", "origin": [0.5, 4, 23]},
			"faces": {
				"north": {"uv": [0, 4.875, 2.625, 4.625], "rotation": 90, "texture": "#0"},
				"east": {"uv": [0, 4.875, 2.625, 4.625], "rotation": 90, "texture": "#0"},
				"south": {"uv": [0, 4.875, 2.625, 4.625], "rotation": 90, "texture": "#0"},
				"west": {"uv": [0, 4.875, 2.625, 4.625], "rotation": 90, "texture": "#0"},
				"up": {"uv": [0, 4.875, 0.25, 4.625], "rotation": 90, "texture": "#0"},
				"down": {"uv": [0, 4.875, 0.25, 4.625], "rotation": 90, "texture": "#0"}
			}
		}
	],
	"display": {
		"thirdperson_righthand": {
			"rotation": [75, 45, 0],
			"translation": [-2, 1.5, -5.25],
			"scale": [0.375, 0.375, 0.375]
		},
		"thirdperson_lefthand": {
			"rotation": [75, 45, 0],
			"translation": [-2, 1.5, -5.25],
			"scale": [0.375, 0.375, 0.375]
		},
		"firstperson_righthand": {
			"rotation": [12, 135.25, -5.75],
			"translation": [0, 2.5, 0],
			"scale": [0.30625, 0.30625, 0.30625]
		},
		"firstperson_lefthand": {
			"rotation": [12, 135.25, -5.75],
			"translation": [0, 2.5, 0],
			"scale": [0.30625, 0.30625, 0.30625]
		},
		"ground": {
			"translation": [0, 4.75, 0],
			"scale": [0.33399, 0.33399, 0.33399]
		},
		"gui": {
			"rotation": [30, -156, 0],
			"translation": [0, 2, 0],
			"scale": [0.3418, 0.3418, 0.3418]
		},
		"fixed": {
			"rotation": [-90, 0, 0],
			"translation": [16, 0, -47],
			"scale": [2, 2, 2]
		}
	},
	"groups": [
		{
			"name": "Cage Top",
			"origin": [8, 8, 8],
			"children": [
				{
					"name": "Cage Sides",
					"origin": [8, 8, 8],
					"children": [0, 1, 2, 3, 4, 5, 6,
						{
							"name": "Birb Food",
							"origin": [8, 8, 8],
							"children": [7, 8, 9, 10, 11, 12]
						},
						{
							"name": "Birb Food",
							"origin": [8, 8, 8],
							"children": [13, 14, 15, 16, 17, 18]
						}
					]
				},
				{
					"name": "Dome",
					"origin": [8, 20.86711, 6.23522],
					"children": [19, 20, 21, 22, 23, 24, 25]
				},
				{
					"name": "Dome",
					"origin": [8, 20.86711, 6.23522],
					"children": [26, 27, 28,
						{
							"name": "group",
							"origin": [8, 20.86711, 6.23522],
							"children": [29, 30, 31, 32, 33, 34, 35]
						},
						{
							"name": "group",
							"origin": [8, 20.86711, 6.23522],
							"children": [36, 37, 38, 39, 40, 41, 42]
						}, 43, 44, 45, 46]
				}, 47, 48]
		},
		{
			"name": "Bottom",
			"origin": [8, 8, 8],
			"children": [49, 50, 51, 52, 53, 54, 55, 56, 57, 58]
		},
		{
			"name": "group",
			"origin": [8, 8, 8],
			"children": [59, 60, 61, 62, 63]
		}, 64, 65, 66, 67, 68, 69, 70, 71, 72, 73, 74, 75, 76, 77, 78, 79, 80, 81, 82, 83, 84]
}