{
	"credit": "Made with Blockbench",
	"textures": {
		"1": "block/poolwater",
		"2": "block/MizunoArchive/coarse_dirt",
		"3": "block/MizunoArchive/cyan_concrete",
		"4": "block/MizunoArchive/light_gray_concrete",
		"particle": "block/poolwater"
	},
	"elements": [
		{
			"from": [1.37098, 0.0519, 5.03091],
			"to": [4.57258, 2.8835, 6.13171],
			"rotation": {"angle": 45, "axis": "y", "origin": [2.97178, 0.9915, 5.83131]},
			"faces": {
				"north": {"uv": [0, 0, 2, 2], "texture": "#3"},
				"east": {"uv": [0, 0, 1, 2], "texture": "#3"},
				"south": {"uv": [0, 0, 2, 2], "texture": "#4"},
				"west": {"uv": [0, 0, 1, 2], "texture": "#3"},
				"up": {"uv": [0, 0, 2, 1], "texture": "#3"},
				"down": {"uv": [0, 0, 2, 1], "texture": "#3"}
			}
		},
		{
			"from": [1.27387, 0.0519, 6.39728],
			"to": [2.37467, 2.88466, 9.59888],
			"rotation": {"angle": 0, "axis": "y", "origin": [2.07427, 0.9915, 7.99808]},
			"faces": {
				"north": {"uv": [0, 0, 1, 2], "texture": "#3"},
				"east": {"uv": [0, 0, 2, 2], "texture": "#4"},
				"south": {"uv": [0, 0, 1, 2], "texture": "#3"},
				"west": {"uv": [0, 0, 2, 2], "texture": "#3"},
				"up": {"uv": [0, 0, 2, 1], "rotation": 270, "texture": "#3"},
				"down": {"uv": [0, 0, 2, 1], "rotation": 90, "texture": "#3"}
			}
		},
		{
			"from": [2.17138, 0.0519, 8.56405],
			"to": [3.27218, 2.8835, 11.76565],
			"rotation": {"angle": 45, "axis": "y", "origin": [2.97178, 0.9915, 10.16485]},
			"faces": {
				"north": {"uv": [0, 0, 1, 2], "texture": "#3"},
				"east": {"uv": [0, 0, 2, 2], "texture": "#4"},
				"south": {"uv": [0, 0, 1, 2], "texture": "#3"},
				"west": {"uv": [0, 0, 2, 2], "texture": "#3"},
				"up": {"uv": [0, 0, 2, 1], "rotation": 270, "texture": "#3"},
				"down": {"uv": [0, 0, 2, 1], "rotation": 90, "texture": "#3"}
			}
		},
		{
			"from": [6.50491, 0.0519, 8.56405],
			"to": [8.10571, 2.8835, 11.76565],
			"rotation": {"angle": -45, "axis": "y", "origin": [7.30531, 0.9915, 10.16485]},
			"faces": {
				"north": {"uv": [1, 0, 2, 2], "texture": "#3"},
				"east": {"uv": [2, 0, 4, 2], "texture": "#3"},
				"south": {"uv": [1, 0, 2, 2], "texture": "#3"},
				"west": {"uv": [2, 0, 4, 2], "texture": "#4"},
				"up": {"uv": [0, 1, 2, 2], "rotation": 270, "texture": "#3"},
				"down": {"uv": [0, 1, 2, 2], "rotation": 90, "texture": "#3"}
			}
		},
		{
			"from": [7.40242, 0.0519, 6.39728],
			"to": [9.00322, 2.88582, 9.59888],
			"rotation": {"angle": 0, "axis": "y", "origin": [8.20282, 0.9915, 7.99808]},
			"faces": {
				"north": {"uv": [1, 0, 2, 2], "texture": "#3"},
				"east": {"uv": [2, 0, 4, 2], "texture": "#4"},
				"south": {"uv": [1, 0, 2, 2], "texture": "#3"},
				"west": {"uv": [2, 0, 4, 2], "texture": "#4"},
				"up": {"uv": [0, 1, 2, 2], "rotation": 270, "texture": "#3"},
				"down": {"uv": [0, 1, 2, 2], "rotation": 90, "texture": "#3"}
			}
		},
		{
			"from": [5.70451, 0.0519, 5.03091],
			"to": [8.90611, 2.8835, 6.63171],
			"rotation": {"angle": -45, "axis": "y", "origin": [7.30531, 0.9915, 5.83131]},
			"faces": {
				"north": {"uv": [2, 0, 4, 2], "texture": "#3"},
				"east": {"uv": [1, 0, 2, 2], "texture": "#3"},
				"south": {"uv": [2, 0, 4, 2], "texture": "#4"},
				"west": {"uv": [1, 0, 2, 2], "texture": "#3"},
				"up": {"uv": [2, 0, 4, 1], "texture": "#3"},
				"down": {"uv": [2, 0, 4, 1], "texture": "#3"}
			}
		},
		{
			"from": [3.53775, 0.0519, 4.13341],
			"to": [12.86789, 2.88582, 5.73421],
			"rotation": {"angle": 0, "axis": "y", "origin": [22.47269, 12.9975, 16.93981]},
			"faces": {
				"north": {"uv": [0, 0, 5.82843, 2], "texture": "#3"},
				"east": {"uv": [0, 0, 1, 2], "texture": "#3"},
				"south": {"uv": [0, 0, 5.82843, 2], "texture": "#4"},
				"west": {"uv": [0, 0, 1, 2], "texture": "#3"},
				"up": {"uv": [0, 0, 5.82843, 1], "texture": "#3"},
				"down": {"uv": [0, 0, 5.82843, 1], "texture": "#3"}
			}
		},
		{
			"from": [2.37775, 0.0635, 5.58341],
			"to": [14.02789, 1.15742, 10.37421],
			"rotation": {"angle": 0, "axis": "y", "origin": [22.47269, 12.9975, 16.93981]},
			"faces": {
				"north": {"uv": [0, 0, 5.82843, 2], "texture": "#3"},
				"east": {"uv": [0, 0, 1, 2], "texture": "#3"},
				"south": {"uv": [0, 0, 5.82843, 2], "texture": "#3"},
				"west": {"uv": [0, 0, 1, 2], "texture": "#3"},
				"up": {"uv": [0, 0, 5.82843, 2], "texture": "#4"},
				"down": {"uv": [0, 0, 5.82843, 1], "texture": "#3"}
			}
		},
		{
			"from": [7.49952, 0.0519, 5.03091],
			"to": [10.70112, 2.88466, 6.63171],
			"rotation": {"angle": 45, "axis": "y", "origin": [9.10032, 0.9915, 5.83131]},
			"faces": {
				"north": {"uv": [0, 0, 2, 2], "texture": "#3"},
				"east": {"uv": [0, 0, 1, 2], "texture": "#3"},
				"south": {"uv": [0, 0, 2, 2], "texture": "#4"},
				"west": {"uv": [0, 0, 1, 2], "texture": "#3"},
				"up": {"uv": [0, 0, 2, 1], "texture": "#3"},
				"down": {"uv": [0, 0, 2, 1], "texture": "#3"}
			}
		},
		{
			"from": [8.29992, 0.0519, 8.56405],
			"to": [9.90072, 2.88466, 11.76565],
			"rotation": {"angle": 45, "axis": "y", "origin": [9.10032, 0.9915, 10.16485]},
			"faces": {
				"north": {"uv": [0, 0, 1, 2], "texture": "#3"},
				"east": {"uv": [0, 0, 2, 2], "texture": "#4"},
				"south": {"uv": [0, 0, 1, 2], "texture": "#3"},
				"west": {"uv": [0, 0, 2, 2], "texture": "#3"},
				"up": {"uv": [0, 0, 2, 1], "rotation": 270, "texture": "#3"},
				"down": {"uv": [0, 0, 2, 1], "rotation": 90, "texture": "#3"}
			}
		},
		{
			"from": [3.53775, 0.0519, 10.26195],
			"to": [12.86789, 2.88582, 11.86275],
			"rotation": {"angle": 0, "axis": "y", "origin": [11.26709, 0.9915, 11.06235]},
			"faces": {
				"north": {"uv": [0, 0, 5.82843, 2], "texture": "#4"},
				"east": {"uv": [0, 0, 1, 2], "texture": "#3"},
				"south": {"uv": [0, 0, 5.82843, 2], "texture": "#3"},
				"west": {"uv": [0, 0, 1, 2], "texture": "#3"},
				"up": {"uv": [0, 0, 5.82843, 1], "rotation": 180, "texture": "#3"},
				"down": {"uv": [0, 0, 5.82843, 1], "rotation": 180, "texture": "#3"}
			}
		},
		{
			"from": [13.13346, 0.0519, 8.56405],
			"to": [14.23426, 2.8835, 11.76565],
			"rotation": {"angle": -45, "axis": "y", "origin": [13.43386, 0.9915, 10.16485]},
			"faces": {
				"north": {"uv": [1, 0, 2, 2], "texture": "#3"},
				"east": {"uv": [2, 0, 4, 2], "texture": "#3"},
				"south": {"uv": [1, 0, 2, 2], "texture": "#3"},
				"west": {"uv": [2, 0, 4, 2], "texture": "#4"},
				"up": {"uv": [0, 1, 2, 2], "rotation": 270, "texture": "#3"},
				"down": {"uv": [0, 1, 2, 2], "rotation": 90, "texture": "#3"}
			}
		},
		{
			"from": [14.03096, 0.0519, 6.39728],
			"to": [15.13176, 2.88466, 9.59888],
			"rotation": {"angle": 0, "axis": "y", "origin": [14.33136, 0.9915, 7.99808]},
			"faces": {
				"north": {"uv": [1, 0, 2, 2], "texture": "#3"},
				"east": {"uv": [2, 0, 4, 2], "texture": "#3"},
				"south": {"uv": [1, 0, 2, 2], "texture": "#3"},
				"west": {"uv": [2, 0, 4, 2], "texture": "#4"},
				"up": {"uv": [0, 1, 2, 2], "rotation": 270, "texture": "#3"},
				"down": {"uv": [0, 1, 2, 2], "rotation": 90, "texture": "#3"}
			}
		},
		{
			"from": [11.83306, 0.0519, 5.03091],
			"to": [15.03466, 2.8835, 6.13171],
			"rotation": {"angle": -45, "axis": "y", "origin": [13.43386, 0.9915, 5.83131]},
			"faces": {
				"north": {"uv": [2, 0, 4, 2], "texture": "#3"},
				"east": {"uv": [1, 0, 2, 2], "texture": "#3"},
				"south": {"uv": [2, 0, 4, 2], "texture": "#4"},
				"west": {"uv": [1, 0, 2, 2], "texture": "#3"},
				"up": {"uv": [2, 0, 4, 1], "texture": "#3"},
				"down": {"uv": [2, 0, 4, 1], "texture": "#3"}
			}
		},
		{
			"from": [3.35114, 0.00526, 3.97882],
			"to": [13.05449, 0.69253, 5.64365],
			"rotation": {"angle": 0, "axis": "y", "origin": [23.04349, 13.46868, 17.29748]},
			"faces": {
				"north": {"uv": [0, 0, 5.82843, 2], "texture": "#4"},
				"east": {"uv": [0, 0, 1, 2], "texture": "#4"},
				"south": {"uv": [0, 0, 5.82843, 2], "texture": "#4"},
				"west": {"uv": [0, 0, 1, 2], "texture": "#4"},
				"up": {"uv": [0, 0, 5.82843, 1], "texture": "#4"},
				"down": {"uv": [0, 0, 5.82843, 1], "texture": "#4"}
			}
		},
		{
			"from": [11.97827, 0.00526, 4.91222],
			"to": [15.30793, 0.69012, 6.57706],
			"rotation": {"angle": -45, "axis": "y", "origin": [13.6431, 0.98244, 5.74464]},
			"faces": {
				"north": {"uv": [2, 0, 4, 2], "texture": "#4"},
				"east": {"uv": [1, 0, 2, 2], "texture": "#4"},
				"south": {"uv": [2, 0, 4, 2], "texture": "#4"},
				"west": {"uv": [1, 0, 2, 2], "texture": "#4"},
				"up": {"uv": [2, 0, 4, 1], "texture": "#4"},
				"down": {"uv": [2, 0, 4, 1], "texture": "#4"}
			}
		},
		{
			"from": [13.74409, 0.00526, 6.33325],
			"to": [15.40892, 0.69133, 9.66291],
			"rotation": {"angle": 0, "axis": "y", "origin": [14.57651, 0.98244, 7.99808]},
			"faces": {
				"north": {"uv": [1, 0, 2, 2], "texture": "#4"},
				"east": {"uv": [2, 0, 4, 2], "texture": "#4"},
				"south": {"uv": [1, 0, 2, 2], "texture": "#4"},
				"west": {"uv": [2, 0, 4, 2], "texture": "#4"},
				"up": {"uv": [0, 1, 2, 2], "rotation": 270, "texture": "#4"},
				"down": {"uv": [0, 1, 2, 2], "rotation": 90, "texture": "#4"}
			}
		},
		{
			"from": [1.0977, 0.00526, 4.91222],
			"to": [4.42737, 0.69012, 6.57706],
			"rotation": {"angle": 45, "axis": "y", "origin": [2.76254, 0.98244, 5.74464]},
			"faces": {
				"north": {"uv": [0, 0, 2, 2], "texture": "#4"},
				"east": {"uv": [0, 0, 1, 2], "texture": "#4"},
				"south": {"uv": [0, 0, 2, 2], "texture": "#4"},
				"west": {"uv": [0, 0, 1, 2], "texture": "#4"},
				"up": {"uv": [0, 0, 2, 1], "texture": "#4"},
				"down": {"uv": [0, 0, 2, 1], "texture": "#4"}
			}
		},
		{
			"from": [0.99671, 0.00526, 6.33325],
			"to": [2.66155, 0.69133, 9.66291],
			"rotation": {"angle": 0, "axis": "y", "origin": [1.82913, 0.98244, 7.99808]},
			"faces": {
				"north": {"uv": [0, 0, 1, 2], "texture": "#4"},
				"east": {"uv": [0, 0, 2, 2], "texture": "#4"},
				"south": {"uv": [0, 0, 1, 2], "texture": "#4"},
				"west": {"uv": [0, 0, 2, 2], "texture": "#4"},
				"up": {"uv": [0, 0, 2, 1], "rotation": 270, "texture": "#4"},
				"down": {"uv": [0, 0, 2, 1], "rotation": 90, "texture": "#4"}
			}
		},
		{
			"from": [1.93012, 0.00526, 8.58669],
			"to": [3.59495, 0.69012, 11.91635],
			"rotation": {"angle": 45, "axis": "y", "origin": [2.76254, 0.98244, 10.25152]},
			"faces": {
				"north": {"uv": [0, 0, 1, 2], "texture": "#4"},
				"east": {"uv": [0, 0, 2, 2], "texture": "#4"},
				"south": {"uv": [0, 0, 1, 2], "texture": "#4"},
				"west": {"uv": [0, 0, 2, 2], "texture": "#4"},
				"up": {"uv": [0, 0, 2, 1], "rotation": 270, "texture": "#4"},
				"down": {"uv": [0, 0, 2, 1], "rotation": 90, "texture": "#4"}
			}
		},
		{
			"from": [3.35114, 0.00526, 10.35251],
			"to": [13.05449, 0.69253, 12.01734],
			"rotation": {"angle": 0, "axis": "y", "origin": [11.38966, 0.98244, 11.18492]},
			"faces": {
				"north": {"uv": [0, 0, 5.82843, 2], "texture": "#4"},
				"east": {"uv": [0, 0, 1, 2], "texture": "#4"},
				"south": {"uv": [0, 0, 5.82843, 2], "texture": "#4"},
				"west": {"uv": [0, 0, 1, 2], "texture": "#4"},
				"up": {"uv": [0, 0, 5.82843, 1], "rotation": 180, "texture": "#4"},
				"down": {"uv": [0, 0, 5.82843, 1], "rotation": 180, "texture": "#4"}
			}
		},
		{
			"from": [12.81069, 0.00526, 8.58669],
			"to": [14.47552, 0.69012, 11.91635],
			"rotation": {"angle": -45, "axis": "y", "origin": [13.6431, 0.98244, 10.25152]},
			"faces": {
				"north": {"uv": [1, 0, 2, 2], "texture": "#4"},
				"east": {"uv": [2, 0, 4, 2], "texture": "#4"},
				"south": {"uv": [1, 0, 2, 2], "texture": "#4"},
				"west": {"uv": [2, 0, 4, 2], "texture": "#4"},
				"up": {"uv": [0, 1, 2, 2], "rotation": 270, "texture": "#4"},
				"down": {"uv": [0, 1, 2, 2], "rotation": 90, "texture": "#4"}
			}
		},
		{
			"from": [2.06727, 1.65446, 5.86883],
			"to": [4.36218, 3.32575, 6.36668],
			"rotation": {"angle": 45, "axis": "y", "origin": [3.21473, 2.32797, 6.44256]},
			"faces": {
				"north": {"uv": [5.82843, 0, 0, 2], "texture": "#4"},
				"east": {"uv": [5.82843, 0, 0, 2], "texture": "#4"},
				"south": {"uv": [5.82843, 0, 0, 2], "texture": "#4"},
				"west": {"uv": [5.82843, 0, 0, 2], "texture": "#4"},
				"up": {"uv": [5.82843, 0, 0, 2], "texture": "#4"},
				"down": {"uv": [5.82843, 0, 0, 2], "texture": "#4"}
			}
		},
		{
			"from": [1.99767, 1.65446, 6.84824],
			"to": [2.49552, 3.32658, 9.14315],
			"rotation": {"angle": 0, "axis": "y", "origin": [2.57139, 2.32797, 7.9957]},
			"faces": {
				"north": {"uv": [5.82843, 0, 0, 2], "texture": "#4"},
				"east": {"uv": [5.82843, 0, 0, 2], "texture": "#4"},
				"south": {"uv": [5.82843, 0, 0, 2], "texture": "#4"},
				"west": {"uv": [5.82843, 0, 0, 2], "texture": "#4"},
				"up": {"uv": [5.82843, 0, 0, 2], "texture": "#4"},
				"down": {"uv": [5.82843, 0, 0, 2], "texture": "#4"}
			}
		},
		{
			"from": [2.641, 1.65446, 8.40138],
			"to": [3.13885, 3.32575, 10.69629],
			"rotation": {"angle": 45, "axis": "y", "origin": [3.21473, 2.32797, 9.54884]},
			"faces": {
				"north": {"uv": [5.82843, 0, 0, 2], "texture": "#4"},
				"east": {"uv": [5.82843, 0, 0, 2], "texture": "#4"},
				"south": {"uv": [5.82843, 0, 0, 2], "texture": "#4"},
				"west": {"uv": [5.82843, 0, 0, 2], "texture": "#4"},
				"up": {"uv": [5.82843, 0, 0, 2], "texture": "#4"},
				"down": {"uv": [5.82843, 0, 0, 2], "texture": "#4"}
			}
		},
		{
			"from": [3.62041, 1.65446, 10.26804],
			"to": [5.91532, 3.32658, 10.7659],
			"rotation": {"angle": 0, "axis": "y", "origin": [4.76787, 2.32797, 10.19217]},
			"faces": {
				"north": {"uv": [5.82843, 0, 0, 2], "texture": "#4"},
				"east": {"uv": [5.82843, 0, 0, 2], "texture": "#4"},
				"south": {"uv": [5.82843, 0, 0, 2], "texture": "#4"},
				"west": {"uv": [5.82843, 0, 0, 2], "texture": "#4"},
				"up": {"uv": [5.82843, 0, 0, 2], "texture": "#4"},
				"down": {"uv": [5.82843, 0, 0, 2], "texture": "#4"}
			}
		},
		{
			"from": [6.39688, 1.65446, 8.40138],
			"to": [6.89473, 3.32658, 10.69629],
			"rotation": {"angle": -45, "axis": "y", "origin": [6.32101, 2.32797, 9.54884]},
			"faces": {
				"north": {"uv": [5.82843, 0, 0, 2], "texture": "#4"},
				"east": {"uv": [5.82843, 0, 0, 2], "texture": "#4"},
				"south": {"uv": [5.82843, 0, 0, 2], "texture": "#4"},
				"west": {"uv": [5.82843, 0, 0, 2], "texture": "#4"},
				"up": {"uv": [5.82843, 0, 0, 2], "texture": "#4"},
				"down": {"uv": [5.82843, 0, 0, 2], "texture": "#4"}
			}
		},
		{
			"from": [7.04021, 1.65446, 6.84824],
			"to": [7.53806, 3.32742, 9.14315],
			"rotation": {"angle": 0, "axis": "y", "origin": [6.96434, 2.32797, 7.9957]},
			"faces": {
				"north": {"uv": [5.82843, 0, 0, 2], "texture": "#4"},
				"east": {"uv": [5.82843, 0, 0, 2], "texture": "#4"},
				"south": {"uv": [5.82843, 0, 0, 2], "texture": "#4"},
				"west": {"uv": [5.82843, 0, 0, 2], "texture": "#4"},
				"up": {"uv": [5.82843, 0, 0, 2], "texture": "#4"},
				"down": {"uv": [5.82843, 0, 0, 2], "texture": "#4"}
			}
		},
		{
			"from": [5.17355, 1.65446, 5.86883],
			"to": [7.46846, 3.32658, 6.36668],
			"rotation": {"angle": -45, "axis": "y", "origin": [6.32101, 2.32797, 6.44256]},
			"faces": {
				"north": {"uv": [5.82843, 0, 0, 2], "texture": "#4"},
				"east": {"uv": [5.82843, 0, 0, 2], "texture": "#4"},
				"south": {"uv": [5.82843, 0, 0, 2], "texture": "#4"},
				"west": {"uv": [5.82843, 0, 0, 2], "texture": "#4"},
				"up": {"uv": [5.82843, 0, 0, 2], "texture": "#4"},
				"down": {"uv": [5.82843, 0, 0, 2], "texture": "#4"}
			}
		},
		{
			"from": [3.62041, 1.65446, 5.2255],
			"to": [5.91532, 3.32658, 5.72335],
			"rotation": {"angle": 0, "axis": "y", "origin": [-3.26431, 10.93387, 14.40513]},
			"faces": {
				"north": {"uv": [5.82843, 0, 0, 2], "texture": "#4"},
				"east": {"uv": [5.82843, 0, 0, 2], "texture": "#4"},
				"south": {"uv": [5.82843, 0, 0, 2], "texture": "#4"},
				"west": {"uv": [5.82843, 0, 0, 2], "texture": "#4"},
				"up": {"uv": [5.82843, 0, 0, 2], "texture": "#4"},
				"down": {"uv": [5.82843, 0, 0, 2], "texture": "#4"}
			}
		},
		{
			"from": [12.03752, 1.65446, 5.86883],
			"to": [14.33243, 3.32575, 6.36668],
			"rotation": {"angle": -45, "axis": "y", "origin": [13.18498, 2.32797, 6.44256]},
			"faces": {
				"north": {"uv": [0, 0, 5.82843, 2], "texture": "#4"},
				"east": {"uv": [0, 0, 5.82843, 2], "texture": "#4"},
				"south": {"uv": [0, 0, 5.82843, 2], "texture": "#4"},
				"west": {"uv": [0, 0, 5.82843, 2], "texture": "#4"},
				"up": {"uv": [0, 0, 5.82843, 2], "texture": "#4"},
				"down": {"uv": [0, 0, 5.82843, 2], "texture": "#4"}
			}
		},
		{
			"from": [13.90418, 1.65446, 6.84824],
			"to": [14.40204, 3.32658, 9.14315],
			"rotation": {"angle": 0, "axis": "y", "origin": [13.82831, 2.32797, 7.9957]},
			"faces": {
				"north": {"uv": [0, 0, 5.82843, 2], "texture": "#4"},
				"east": {"uv": [0, 0, 5.82843, 2], "texture": "#4"},
				"south": {"uv": [0, 0, 5.82843, 2], "texture": "#4"},
				"west": {"uv": [0, 0, 5.82843, 2], "texture": "#4"},
				"up": {"uv": [0, 0, 5.82843, 2], "texture": "#4"},
				"down": {"uv": [0, 0, 5.82843, 2], "texture": "#4"}
			}
		},
		{
			"from": [13.26085, 1.65446, 8.40138],
			"to": [13.7587, 3.32575, 10.69629],
			"rotation": {"angle": -45, "axis": "y", "origin": [13.18498, 2.32797, 9.54884]},
			"faces": {
				"north": {"uv": [0, 0, 5.82843, 2], "texture": "#4"},
				"east": {"uv": [0, 0, 5.82843, 2], "texture": "#4"},
				"south": {"uv": [0, 0, 5.82843, 2], "texture": "#4"},
				"west": {"uv": [0, 0, 5.82843, 2], "texture": "#4"},
				"up": {"uv": [0, 0, 5.82843, 2], "texture": "#4"},
				"down": {"uv": [0, 0, 5.82843, 2], "texture": "#4"}
			}
		},
		{
			"from": [10.48438, 1.65446, 10.26804],
			"to": [12.77929, 3.32658, 10.7659],
			"rotation": {"angle": 0, "axis": "y", "origin": [11.63184, 2.32797, 10.19217]},
			"faces": {
				"north": {"uv": [0, 0, 5.82843, 2], "texture": "#4"},
				"east": {"uv": [0, 0, 5.82843, 2], "texture": "#4"},
				"south": {"uv": [0, 0, 5.82843, 2], "texture": "#4"},
				"west": {"uv": [0, 0, 5.82843, 2], "texture": "#4"},
				"up": {"uv": [0, 0, 5.82843, 2], "texture": "#4"},
				"down": {"uv": [0, 0, 5.82843, 2], "texture": "#4"}
			}
		},
		{
			"from": [9.50497, 1.65446, 8.40138],
			"to": [10.00282, 3.32658, 10.69629],
			"rotation": {"angle": 45, "axis": "y", "origin": [10.0787, 2.32797, 9.54884]},
			"faces": {
				"north": {"uv": [0, 0, 5.82843, 2], "texture": "#4"},
				"east": {"uv": [0, 0, 5.82843, 2], "texture": "#4"},
				"south": {"uv": [0, 0, 5.82843, 2], "texture": "#4"},
				"west": {"uv": [0, 0, 5.82843, 2], "texture": "#4"},
				"up": {"uv": [0, 0, 5.82843, 2], "texture": "#4"},
				"down": {"uv": [0, 0, 5.82843, 2], "texture": "#4"}
			}
		},
		{
			"from": [8.86164, 1.65446, 6.84824],
			"to": [9.35949, 3.32742, 9.14315],
			"rotation": {"angle": 0, "axis": "y", "origin": [9.43537, 2.32797, 7.9957]},
			"faces": {
				"north": {"uv": [0, 0, 5.82843, 2], "texture": "#4"},
				"east": {"uv": [0, 0, 5.82843, 2], "texture": "#4"},
				"south": {"uv": [0, 0, 5.82843, 2], "texture": "#4"},
				"west": {"uv": [0, 0, 5.82843, 2], "texture": "#4"},
				"up": {"uv": [0, 0, 5.82843, 2], "texture": "#4"},
				"down": {"uv": [0, 0, 5.82843, 2], "texture": "#4"}
			}
		},
		{
			"from": [8.93124, 1.65446, 5.86883],
			"to": [11.22615, 3.32658, 6.36668],
			"rotation": {"angle": 45, "axis": "y", "origin": [10.0787, 2.32797, 6.44256]},
			"faces": {
				"north": {"uv": [0, 0, 5.82843, 2], "texture": "#4"},
				"east": {"uv": [0, 0, 5.82843, 2], "texture": "#4"},
				"south": {"uv": [0, 0, 5.82843, 2], "texture": "#4"},
				"west": {"uv": [0, 0, 5.82843, 2], "texture": "#4"},
				"up": {"uv": [0, 0, 5.82843, 2], "texture": "#4"},
				"down": {"uv": [0, 0, 5.82843, 2], "texture": "#4"}
			}
		},
		{
			"from": [10.48438, 1.65446, 5.2255],
			"to": [12.77929, 3.32658, 5.72335],
			"rotation": {"angle": 0, "axis": "y", "origin": [19.66401, 10.93387, 14.40513]},
			"faces": {
				"north": {"uv": [0, 0, 5.82843, 2], "texture": "#4"},
				"east": {"uv": [0, 0, 5.82843, 2], "texture": "#4"},
				"south": {"uv": [0, 0, 5.82843, 2], "texture": "#4"},
				"west": {"uv": [0, 0, 5.82843, 2], "texture": "#4"},
				"up": {"uv": [0, 0, 5.82843, 2], "texture": "#4"},
				"down": {"uv": [0, 0, 5.82843, 2], "texture": "#4"}
			}
		},
		{
			"from": [3.90604, 2.0462, 10.01898],
			"to": [4.60761, 2.74777, 10.72055],
			"rotation": {"angle": 22.5, "axis": "y", "origin": [4.81249, 1.77126, 7.71808]},
			"faces": {
				"north": {"uv": [3, 0, 5, 2], "texture": "#2"},
				"east": {"uv": [3, 0, 5, 2], "texture": "#2"},
				"south": {"uv": [3, 0, 5, 2], "texture": "#2"},
				"west": {"uv": [3, 0, 5, 2], "texture": "#2"},
				"up": {"uv": [3, 0, 5, 2], "texture": "#2"},
				"down": {"uv": [3, 0, 5, 2], "texture": "#2"}
			}
		},
		{
			"from": [2.57517, 2.371, 6.51114],
			"to": [3.27674, 3.07257, 7.21271],
			"rotation": {"angle": 22.5, "axis": "y", "origin": [4.81249, 2.42086, 7.71808]},
			"faces": {
				"north": {"uv": [3, 0, 5, 2], "texture": "#2"},
				"east": {"uv": [3, 0, 5, 2], "texture": "#2"},
				"south": {"uv": [3, 0, 5, 2], "texture": "#2"},
				"west": {"uv": [3, 0, 5, 2], "texture": "#2"},
				"up": {"uv": [3, 0, 5, 2], "texture": "#2"},
				"down": {"uv": [3, 0, 5, 2], "texture": "#2"}
			}
		},
		{
			"from": [3.25644, 2.371, 5.82987],
			"to": [4.65958, 3.07257, 6.53144],
			"rotation": {"angle": 22.5, "axis": "y", "origin": [4.81249, 2.42086, 7.71808]},
			"faces": {
				"north": {"uv": [3, 0, 5, 2], "texture": "#2"},
				"east": {"uv": [3, 0, 5, 2], "texture": "#2"},
				"south": {"uv": [3, 0, 5, 2], "texture": "#2"},
				"west": {"uv": [3, 0, 5, 2], "texture": "#2"},
				"up": {"uv": [3, 0, 5, 2], "texture": "#2"},
				"down": {"uv": [3, 0, 5, 2], "texture": "#2"}
			}
		},
		{
			"from": [5.36114, 2.6958, 6.51114],
			"to": [6.06271, 3.39737, 7.21271],
			"rotation": {"angle": 22.5, "axis": "y", "origin": [4.81249, 2.42086, 7.71808]},
			"faces": {
				"north": {"uv": [0, 0, 2, 2], "texture": "#2"},
				"east": {"uv": [0, 0, 2, 2], "texture": "#2"},
				"south": {"uv": [0, 0, 2, 2], "texture": "#2"},
				"west": {"uv": [0, 0, 2, 2], "texture": "#2"},
				"up": {"uv": [0, 0, 2, 2], "texture": "#2"},
				"down": {"uv": [0, 0, 2, 2], "texture": "#2"}
			}
		},
		{
			"from": [6.06271, 2.371, 7.21271],
			"to": [6.76428, 3.07257, 7.91428],
			"rotation": {"angle": 22.5, "axis": "y", "origin": [4.81249, 2.42086, 7.71808]},
			"faces": {
				"north": {"uv": [0, 0, 2, 2], "texture": "#2"},
				"east": {"uv": [0, 0, 2, 2], "texture": "#2"},
				"south": {"uv": [0, 0, 2, 2], "texture": "#2"},
				"west": {"uv": [0, 0, 2, 2], "texture": "#2"},
				"up": {"uv": [0, 0, 2, 2], "texture": "#2"},
				"down": {"uv": [0, 0, 2, 2], "texture": "#2"}
			}
		},
		{
			"from": [6.08301, 2.371, 8.63615],
			"to": [6.78458, 3.07257, 9.33771],
			"rotation": {"angle": 22.5, "axis": "y", "origin": [4.81249, 2.42086, 7.71808]},
			"faces": {
				"north": {"uv": [3, 0, 5, 2], "texture": "#2"},
				"east": {"uv": [3, 0, 5, 2], "texture": "#2"},
				"south": {"uv": [3, 0, 5, 2], "texture": "#2"},
				"west": {"uv": [3, 0, 5, 2], "texture": "#2"},
				"up": {"uv": [3, 0, 5, 2], "texture": "#2"},
				"down": {"uv": [3, 0, 5, 2], "texture": "#2"}
			}
		},
		{
			"from": [4.67988, 2.371, 9.35801],
			"to": [6.08301, 3.07257, 10.05958],
			"rotation": {"angle": 22.5, "axis": "y", "origin": [4.81249, 2.42086, 7.71808]},
			"faces": {
				"north": {"uv": [3, 0, 5, 2], "texture": "#2"},
				"east": {"uv": [3, 0, 5, 2], "texture": "#2"},
				"south": {"uv": [3, 0, 5, 2], "texture": "#2"},
				"west": {"uv": [3, 0, 5, 2], "texture": "#2"},
				"up": {"uv": [3, 0, 5, 2], "texture": "#2"},
				"down": {"uv": [3, 0, 5, 2], "texture": "#2"}
			}
		},
		{
			"from": [4.65958, 2.6958, 8.61585],
			"to": [5.36114, 3.39737, 9.31741],
			"rotation": {"angle": 22.5, "axis": "y", "origin": [4.81249, 2.42086, 7.71808]},
			"faces": {
				"north": {"uv": [3, 0, 5, 2], "texture": "#2"},
				"east": {"uv": [3, 0, 5, 2], "texture": "#2"},
				"south": {"uv": [3, 0, 5, 2], "texture": "#2"},
				"west": {"uv": [3, 0, 5, 2], "texture": "#2"},
				"up": {"uv": [3, 0, 5, 2], "texture": "#2"},
				"down": {"uv": [3, 0, 5, 2], "texture": "#2"}
			}
		},
		{
			"from": [4.00998, 2.0462, 8.61585],
			"to": [4.71154, 2.74777, 9.31741],
			"rotation": {"angle": 22.5, "axis": "y", "origin": [4.81249, 2.42086, 7.71808]},
			"faces": {
				"north": {"uv": [3, 0, 5, 2], "texture": "#2"},
				"east": {"uv": [3, 0, 5, 2], "texture": "#2"},
				"south": {"uv": [3, 0, 5, 2], "texture": "#2"},
				"west": {"uv": [3, 0, 5, 2], "texture": "#2"},
				"up": {"uv": [3, 0, 5, 2], "texture": "#2"},
				"down": {"uv": [3, 0, 5, 2], "texture": "#2"}
			}
		},
		{
			"from": [3.25644, 2.6958, 7.91428],
			"to": [3.95801, 3.39737, 8.61585],
			"rotation": {"angle": 22.5, "axis": "y", "origin": [4.81249, 2.42086, 7.71808]},
			"faces": {
				"north": {"uv": [0, 0, 2, 2], "texture": "#2"},
				"east": {"uv": [0, 0, 2, 2], "texture": "#2"},
				"south": {"uv": [0, 0, 2, 2], "texture": "#2"},
				"west": {"uv": [0, 0, 2, 2], "texture": "#2"},
				"up": {"uv": [0, 0, 2, 2], "texture": "#2"},
				"down": {"uv": [0, 0, 2, 2], "texture": "#2"}
			}
		},
		{
			"from": [2.55487, 2.371, 8.65645],
			"to": [3.25644, 3.07257, 9.35801],
			"rotation": {"angle": 22.5, "axis": "y", "origin": [4.81249, 2.42086, 7.71808]},
			"faces": {
				"north": {"uv": [0, 0, 2, 2], "texture": "#2"},
				"east": {"uv": [0, 0, 2, 2], "texture": "#2"},
				"south": {"uv": [0, 0, 2, 2], "texture": "#2"},
				"west": {"uv": [0, 0, 2, 2], "texture": "#2"},
				"up": {"uv": [0, 0, 2, 2], "texture": "#2"},
				"down": {"uv": [0, 0, 2, 2], "texture": "#2"}
			}
		},
		{
			"from": [1.8533, 1.99423, 6.51114],
			"to": [2.55487, 2.6958, 7.21271],
			"rotation": {"angle": 22.5, "axis": "y", "origin": [4.81249, 2.42086, 7.71808]},
			"faces": {
				"north": {"uv": [3, 0, 5, 2], "texture": "#2"},
				"east": {"uv": [3, 0, 5, 2], "texture": "#2"},
				"south": {"uv": [3, 0, 5, 2], "texture": "#2"},
				"west": {"uv": [3, 0, 5, 2], "texture": "#2"},
				"up": {"uv": [3, 0, 5, 2], "rotation": 90, "texture": "#2"},
				"down": {"uv": [3, 0, 5, 2], "rotation": 270, "texture": "#2"}
			}
		},
		{
			"from": [5.36114, 1.99423, 5.80957],
			"to": [6.06271, 2.6958, 6.51114],
			"rotation": {"angle": 22.5, "axis": "y", "origin": [4.81249, 2.42086, 7.71808]},
			"faces": {
				"north": {"uv": [3, 0, 5, 2], "texture": "#2"},
				"east": {"uv": [3, 0, 5, 2], "texture": "#2"},
				"south": {"uv": [3, 0, 5, 2], "texture": "#2"},
				"west": {"uv": [3, 0, 5, 2], "texture": "#2"},
				"up": {"uv": [3, 0, 5, 2], "rotation": 90, "texture": "#2"},
				"down": {"uv": [3, 0, 5, 2], "rotation": 270, "texture": "#2"}
			}
		},
		{
			"from": [6.06271, 1.99423, 6.51114],
			"to": [6.76428, 2.6958, 7.91428],
			"rotation": {"angle": 22.5, "axis": "y", "origin": [4.81249, 2.42086, 7.71808]},
			"faces": {
				"north": {"uv": [3, 0, 5, 2], "texture": "#2"},
				"east": {"uv": [3, 0, 5, 2], "texture": "#2"},
				"south": {"uv": [3, 0, 5, 2], "texture": "#2"},
				"west": {"uv": [3, 0, 5, 2], "texture": "#2"},
				"up": {"uv": [3, 0, 5, 2], "rotation": 90, "texture": "#2"},
				"down": {"uv": [3, 0, 5, 2], "rotation": 270, "texture": "#2"}
			}
		},
		{
			"from": [5.36114, 1.99423, 8.61585],
			"to": [6.06271, 2.6958, 9.31741],
			"rotation": {"angle": 22.5, "axis": "y", "origin": [4.81249, 2.42086, 7.71808]},
			"faces": {
				"north": {"uv": [0, 0, 2, 2], "texture": "#2"},
				"east": {"uv": [0, 0, 2, 2], "texture": "#2"},
				"south": {"uv": [0, 0, 2, 2], "texture": "#2"},
				"west": {"uv": [0, 0, 2, 2], "texture": "#2"},
				"up": {"uv": [0, 0, 2, 2], "rotation": 90, "texture": "#2"},
				"down": {"uv": [0, 0, 2, 2], "rotation": 270, "texture": "#2"}
			}
		},
		{
			"from": [4.65958, 1.99423, 9.31741],
			"to": [5.36114, 2.6958, 10.01898],
			"rotation": {"angle": 22.5, "axis": "y", "origin": [4.81249, 2.42086, 7.71808]},
			"faces": {
				"north": {"uv": [0, 0, 2, 2], "texture": "#2"},
				"east": {"uv": [0, 0, 2, 2], "texture": "#2"},
				"south": {"uv": [0, 0, 2, 2], "texture": "#2"},
				"west": {"uv": [0, 0, 2, 2], "texture": "#2"},
				"up": {"uv": [0, 0, 2, 2], "rotation": 90, "texture": "#2"},
				"down": {"uv": [0, 0, 2, 2], "rotation": 270, "texture": "#2"}
			}
		},
		{
			"from": [3.25644, 1.99423, 9.31741],
			"to": [3.95801, 2.6958, 10.01898],
			"rotation": {"angle": 22.5, "axis": "y", "origin": [4.81249, 2.42086, 7.71808]},
			"faces": {
				"north": {"uv": [3, 0, 5, 2], "texture": "#2"},
				"east": {"uv": [3, 0, 5, 2], "texture": "#2"},
				"south": {"uv": [3, 0, 5, 2], "texture": "#2"},
				"west": {"uv": [3, 0, 5, 2], "texture": "#2"},
				"up": {"uv": [3, 0, 5, 2], "rotation": 90, "texture": "#2"},
				"down": {"uv": [3, 0, 5, 2], "rotation": 270, "texture": "#2"}
			}
		},
		{
			"from": [2.55487, 1.99423, 7.91428],
			"to": [3.25644, 2.6958, 9.31741],
			"rotation": {"angle": 22.5, "axis": "y", "origin": [4.81249, 2.42086, 7.71808]},
			"faces": {
				"north": {"uv": [3, 0, 5, 2], "texture": "#2"},
				"east": {"uv": [3, 0, 5, 2], "texture": "#2"},
				"south": {"uv": [3, 0, 5, 2], "texture": "#2"},
				"west": {"uv": [3, 0, 5, 2], "texture": "#2"},
				"up": {"uv": [3, 0, 5, 2], "rotation": 90, "texture": "#2"},
				"down": {"uv": [3, 0, 5, 2], "rotation": 270, "texture": "#2"}
			}
		},
		{
			"from": [3.25644, 1.99423, 7.91428],
			"to": [3.95801, 2.6958, 8.61585],
			"rotation": {"angle": 22.5, "axis": "y", "origin": [4.81249, 2.42086, 7.71808]},
			"faces": {
				"north": {"uv": [3, 0, 5, 2], "texture": "#2"},
				"east": {"uv": [3, 0, 5, 2], "texture": "#2"},
				"south": {"uv": [3, 0, 5, 2], "texture": "#2"},
				"west": {"uv": [3, 0, 5, 2], "texture": "#2"},
				"up": {"uv": [3, 0, 5, 2], "rotation": 90, "texture": "#2"},
				"down": {"uv": [3, 0, 5, 2], "rotation": 270, "texture": "#2"}
			}
		},
		{
			"from": [3.95801, 1.99423, 6.51114],
			"to": [4.65958, 2.6958, 7.21271],
			"rotation": {"angle": 22.5, "axis": "y", "origin": [4.81249, 2.42086, 7.71808]},
			"faces": {
				"north": {"uv": [0, 0, 2, 2], "texture": "#2"},
				"east": {"uv": [0, 0, 2, 2], "texture": "#2"},
				"south": {"uv": [0, 0, 2, 2], "texture": "#2"},
				"west": {"uv": [0, 0, 2, 2], "texture": "#2"},
				"up": {"uv": [0, 0, 2, 2], "rotation": 90, "texture": "#2"},
				"down": {"uv": [0, 0, 2, 2], "rotation": 270, "texture": "#2"}
			}
		},
		{
			"from": [3.25644, 1.99423, 5.80957],
			"to": [3.95801, 2.6958, 6.51114],
			"rotation": {"angle": 22.5, "axis": "y", "origin": [4.81249, 2.42086, 7.71808]},
			"faces": {
				"north": {"uv": [0, 0, 2, 2], "texture": "#2"},
				"east": {"uv": [0, 0, 2, 2], "texture": "#2"},
				"south": {"uv": [0, 0, 2, 2], "texture": "#2"},
				"west": {"uv": [0, 0, 2, 2], "texture": "#2"},
				"up": {"uv": [0, 0, 2, 2], "rotation": 90, "texture": "#2"},
				"down": {"uv": [0, 0, 2, 2], "rotation": 270, "texture": "#2"}
			}
		},
		{
			"from": [2.55487, 1.29266, 9.31741],
			"to": [3.25644, 1.99423, 10.01898],
			"rotation": {"angle": 22.5, "axis": "y", "origin": [4.81249, 2.42086, 7.71808]},
			"faces": {
				"north": {"uv": [3, 0, 5, 2], "texture": "#2"},
				"east": {"uv": [3, 0, 5, 2], "texture": "#2"},
				"south": {"uv": [3, 0, 5, 2], "texture": "#2"},
				"west": {"uv": [3, 0, 5, 2], "texture": "#2"},
				"up": {"uv": [5, 2, 7, 4], "rotation": 90, "texture": "#2"},
				"down": {"uv": [3, 0, 5, 2], "rotation": 270, "texture": "#2"}
			}
		},
		{
			"from": [6.06271, 1.29266, 9.31741],
			"to": [6.76428, 1.99423, 10.01898],
			"rotation": {"angle": 22.5, "axis": "y", "origin": [4.81249, 2.42086, 7.71808]},
			"faces": {
				"north": {"uv": [3, 0, 5, 2], "texture": "#2"},
				"east": {"uv": [3, 0, 5, 2], "texture": "#2"},
				"south": {"uv": [3, 0, 5, 2], "texture": "#2"},
				"west": {"uv": [3, 0, 5, 2], "texture": "#2"},
				"up": {"uv": [5, 2, 7, 4], "rotation": 90, "texture": "#2"},
				"down": {"uv": [3, 0, 5, 2], "rotation": 270, "texture": "#2"}
			}
		},
		{
			"from": [6.06271, 1.29266, 5.80957],
			"to": [6.76428, 1.99423, 6.51114],
			"rotation": {"angle": 22.5, "axis": "y", "origin": [4.81249, 2.42086, 7.71808]},
			"faces": {
				"north": {"uv": [3, 0, 5, 2], "texture": "#2"},
				"east": {"uv": [3, 0, 5, 2], "texture": "#2"},
				"south": {"uv": [3, 0, 5, 2], "texture": "#2"},
				"west": {"uv": [3, 0, 5, 2], "texture": "#2"},
				"up": {"uv": [5, 2, 7, 4], "rotation": 90, "texture": "#2"},
				"down": {"uv": [3, 0, 5, 2], "rotation": 270, "texture": "#2"}
			}
		},
		{
			"from": [2.55487, 1.29266, 5.80957],
			"to": [3.25644, 1.99423, 6.51114],
			"rotation": {"angle": 22.5, "axis": "y", "origin": [4.81249, 2.42086, 7.71808]},
			"faces": {
				"north": {"uv": [3, 0, 5, 2], "texture": "#2"},
				"east": {"uv": [3, 0, 5, 2], "texture": "#2"},
				"south": {"uv": [3, 0, 5, 2], "texture": "#2"},
				"west": {"uv": [3, 0, 5, 2], "texture": "#2"},
				"up": {"uv": [8, 7, 10, 9], "rotation": 90, "texture": "#2"},
				"down": {"uv": [3, 0, 5, 2], "rotation": 270, "texture": "#2"}
			}
		},
		{
			"from": [6.76428, 1.99423, 6.51114],
			"to": [7.46585, 2.6958, 7.21271],
			"rotation": {"angle": 22.5, "axis": "y", "origin": [4.81249, 2.42086, 7.71808]},
			"faces": {
				"north": {"uv": [6, 9, 8, 7], "rotation": 90, "texture": "#2"},
				"east": {"uv": [6, 9, 8, 7], "rotation": 90, "texture": "#2"},
				"south": {"uv": [6, 9, 8, 7], "rotation": 90, "texture": "#2"},
				"west": {"uv": [6, 9, 8, 7], "rotation": 90, "texture": "#2"},
				"up": {"uv": [6, 9, 8, 7], "rotation": 90, "texture": "#2"},
				"down": {"uv": [6, 9, 8, 7], "rotation": 90, "texture": "#2"}
			}
		},
		{
			"from": [3.25644, 1.99423, 5.80957],
			"to": [3.95801, 2.6958, 6.51114],
			"rotation": {"angle": 22.5, "axis": "y", "origin": [4.81249, 2.42086, 7.71808]},
			"faces": {
				"north": {"uv": [6, 9, 8, 7], "rotation": 90, "texture": "#2"},
				"east": {"uv": [6, 9, 8, 7], "rotation": 90, "texture": "#2"},
				"south": {"uv": [6, 9, 8, 7], "rotation": 90, "texture": "#2"},
				"west": {"uv": [6, 9, 8, 7], "rotation": 90, "texture": "#2"},
				"up": {"uv": [6, 9, 8, 7], "rotation": 90, "texture": "#2"},
				"down": {"uv": [6, 9, 8, 7], "rotation": 90, "texture": "#2"}
			}
		},
		{
			"from": [2.55487, 1.99423, 6.51114],
			"to": [3.25644, 2.6958, 7.91428],
			"rotation": {"angle": 22.5, "axis": "y", "origin": [4.81249, 2.42086, 7.71808]},
			"faces": {
				"north": {"uv": [6, 9, 8, 7], "rotation": 90, "texture": "#2"},
				"east": {"uv": [6, 9, 8, 7], "rotation": 90, "texture": "#2"},
				"south": {"uv": [6, 9, 8, 7], "rotation": 90, "texture": "#2"},
				"west": {"uv": [6, 9, 8, 7], "rotation": 90, "texture": "#2"},
				"up": {"uv": [6, 9, 8, 7], "rotation": 90, "texture": "#2"},
				"down": {"uv": [6, 9, 8, 7], "rotation": 90, "texture": "#2"}
			}
		},
		{
			"from": [3.25644, 1.99423, 8.61585],
			"to": [3.95801, 2.6958, 9.31741],
			"rotation": {"angle": 22.5, "axis": "y", "origin": [4.81249, 2.42086, 7.71808]},
			"faces": {
				"north": {"uv": [6, 9, 8, 7], "rotation": 90, "texture": "#2"},
				"east": {"uv": [6, 9, 8, 7], "rotation": 90, "texture": "#2"},
				"south": {"uv": [6, 9, 8, 7], "rotation": 90, "texture": "#2"},
				"west": {"uv": [6, 9, 8, 7], "rotation": 90, "texture": "#2"},
				"up": {"uv": [6, 9, 8, 7], "rotation": 90, "texture": "#2"},
				"down": {"uv": [6, 9, 8, 7], "rotation": 90, "texture": "#2"}
			}
		},
		{
			"from": [3.95801, 1.99423, 9.31741],
			"to": [4.65958, 2.6958, 10.01898],
			"rotation": {"angle": 22.5, "axis": "y", "origin": [4.81249, 2.42086, 7.71808]},
			"faces": {
				"north": {"uv": [6, 9, 8, 7], "rotation": 90, "texture": "#2"},
				"east": {"uv": [6, 9, 8, 7], "rotation": 90, "texture": "#2"},
				"south": {"uv": [6, 9, 8, 7], "rotation": 90, "texture": "#2"},
				"west": {"uv": [6, 9, 8, 7], "rotation": 90, "texture": "#2"},
				"up": {"uv": [6, 9, 8, 7], "rotation": 90, "texture": "#2"},
				"down": {"uv": [6, 9, 8, 7], "rotation": 90, "texture": "#2"}
			}
		},
		{
			"from": [5.36114, 1.99423, 9.31741],
			"to": [6.06271, 2.6958, 10.01898],
			"rotation": {"angle": 22.5, "axis": "y", "origin": [4.81249, 2.42086, 7.71808]},
			"faces": {
				"north": {"uv": [6, 9, 8, 7], "rotation": 90, "texture": "#2"},
				"east": {"uv": [6, 9, 8, 7], "rotation": 90, "texture": "#2"},
				"south": {"uv": [6, 9, 8, 7], "rotation": 90, "texture": "#2"},
				"west": {"uv": [6, 9, 8, 7], "rotation": 90, "texture": "#2"},
				"up": {"uv": [6, 9, 8, 7], "rotation": 90, "texture": "#2"},
				"down": {"uv": [6, 9, 8, 7], "rotation": 90, "texture": "#2"}
			}
		},
		{
			"from": [6.06271, 1.99423, 7.91428],
			"to": [6.76428, 2.6958, 9.31741],
			"rotation": {"angle": 22.5, "axis": "y", "origin": [4.81249, 2.42086, 7.71808]},
			"faces": {
				"north": {"uv": [6, 9, 8, 7], "rotation": 90, "texture": "#2"},
				"east": {"uv": [6, 9, 8, 7], "rotation": 90, "texture": "#2"},
				"south": {"uv": [6, 9, 8, 7], "rotation": 90, "texture": "#2"},
				"west": {"uv": [6, 9, 8, 7], "rotation": 90, "texture": "#2"},
				"up": {"uv": [6, 9, 8, 7], "rotation": 90, "texture": "#2"},
				"down": {"uv": [6, 9, 8, 7], "rotation": 90, "texture": "#2"}
			}
		},
		{
			"from": [5.36114, 1.99423, 7.91428],
			"to": [6.06271, 2.6958, 8.61585],
			"rotation": {"angle": 22.5, "axis": "y", "origin": [4.81249, 2.42086, 7.71808]},
			"faces": {
				"north": {"uv": [6, 9, 8, 7], "rotation": 90, "texture": "#2"},
				"east": {"uv": [6, 9, 8, 7], "rotation": 90, "texture": "#2"},
				"south": {"uv": [6, 9, 8, 7], "rotation": 90, "texture": "#2"},
				"west": {"uv": [6, 9, 8, 7], "rotation": 90, "texture": "#2"},
				"up": {"uv": [6, 9, 8, 7], "rotation": 90, "texture": "#2"},
				"down": {"uv": [6, 9, 8, 7], "rotation": 90, "texture": "#2"}
			}
		},
		{
			"from": [4.65958, 1.99423, 6.51114],
			"to": [5.36114, 2.6958, 7.21271],
			"rotation": {"angle": 22.5, "axis": "y", "origin": [4.81249, 2.42086, 7.71808]},
			"faces": {
				"north": {"uv": [6, 9, 8, 7], "rotation": 90, "texture": "#2"},
				"east": {"uv": [6, 9, 8, 7], "rotation": 90, "texture": "#2"},
				"south": {"uv": [6, 9, 8, 7], "rotation": 90, "texture": "#2"},
				"west": {"uv": [6, 9, 8, 7], "rotation": 90, "texture": "#2"},
				"up": {"uv": [6, 9, 8, 7], "rotation": 90, "texture": "#2"},
				"down": {"uv": [6, 9, 8, 7], "rotation": 90, "texture": "#2"}
			}
		},
		{
			"from": [5.36114, 1.99423, 5.80957],
			"to": [6.06271, 2.6958, 6.51114],
			"rotation": {"angle": 22.5, "axis": "y", "origin": [4.81249, 2.42086, 7.71808]},
			"faces": {
				"north": {"uv": [6, 9, 8, 7], "rotation": 90, "texture": "#2"},
				"east": {"uv": [6, 9, 8, 7], "rotation": 90, "texture": "#2"},
				"south": {"uv": [6, 9, 8, 7], "rotation": 90, "texture": "#2"},
				"west": {"uv": [6, 9, 8, 7], "rotation": 90, "texture": "#2"},
				"up": {"uv": [6, 9, 8, 7], "rotation": 90, "texture": "#2"},
				"down": {"uv": [6, 9, 8, 7], "rotation": 90, "texture": "#2"}
			}
		},
		{
			"from": [4.65958, 1.99423, 7.21271],
			"to": [5.36114, 2.6958, 7.91428],
			"rotation": {"angle": 22.5, "axis": "y", "origin": [4.81249, 2.42086, 7.71808]},
			"faces": {
				"north": {"uv": [6, 9, 8, 7], "rotation": 90, "texture": "#2"},
				"east": {"uv": [6, 9, 8, 7], "rotation": 90, "texture": "#2"},
				"south": {"uv": [6, 9, 8, 7], "rotation": 90, "texture": "#2"},
				"west": {"uv": [6, 9, 8, 7], "rotation": 90, "texture": "#2"},
				"up": {"uv": [6, 9, 8, 7], "rotation": 90, "texture": "#2"},
				"down": {"uv": [6, 9, 8, 7], "rotation": 90, "texture": "#2"}
			}
		},
		{
			"from": [3.25644, 1.29266, 5.10801],
			"to": [6.06271, 1.99423, 10.72055],
			"rotation": {"angle": 22.5, "axis": "y", "origin": [4.81249, 2.42086, 7.71808]},
			"faces": {
				"north": {"uv": [6, 9, 14, 5], "rotation": 90, "texture": "#2"},
				"east": {"uv": [6, 9, 14, 5], "rotation": 90, "texture": "#2"},
				"south": {"uv": [6, 9, 14, 5], "rotation": 90, "texture": "#2"},
				"west": {"uv": [6, 9, 14, 5], "rotation": 90, "texture": "#2"},
				"up": {"uv": [6, 9, 14, 5], "rotation": 90, "texture": "#2"},
				"down": {"uv": [6, 9, 14, 5], "rotation": 90, "texture": "#2"}
			}
		},
		{
			"from": [1.8533, 1.33326, 6.51114],
			"to": [7.46585, 2.03483, 9.31741],
			"rotation": {"angle": 22.5, "axis": "y", "origin": [4.81249, 2.42086, 7.71808]},
			"faces": {
				"north": {"uv": [6, 9, 14, 5], "rotation": 90, "texture": "#2"},
				"east": {"uv": [6, 9, 14, 5], "rotation": 90, "texture": "#2"},
				"south": {"uv": [6, 9, 14, 5], "rotation": 90, "texture": "#2"},
				"west": {"uv": [6, 9, 14, 5], "rotation": 90, "texture": "#2"},
				"up": {"uv": [6, 9, 14, 5], "rotation": 180, "texture": "#2"},
				"down": {"uv": [6, 9, 14, 5], "texture": "#2"}
			}
		},
		{
			"name": "Water",
			"from": [8.17177, 2.5582, 5.54126],
			"to": [14.22393, 2.57379, 10.40696],
			"rotation": {"angle": 0, "axis": "y", "origin": [24.18211, 14.27068, 18.01043]},
			"faces": {
				"north": {"uv": [5, 5.125, 7.792, 7.504], "texture": "#1"},
				"east": {"uv": [5, 5.125, 7.792, 7.504], "texture": "#1"},
				"south": {"uv": [5, 5.125, 7.792, 7.504], "texture": "#1"},
				"west": {"uv": [5, 5.125, 7.792, 7.504], "texture": "#1"},
				"up": {"uv": [5, 5.125, 7.792, 7.504], "texture": "#1"},
				"down": {"uv": [5, 5.125, 7.792, 7.504], "texture": "#1"}
			}
		}
	],
	"display": {
		"thirdperson_righthand": {
			"rotation": [75, 45, 0],
			"translation": [0, 2.5, 2.5],
			"scale": [0.64258, 0.625, 0.78125]
		},
		"thirdperson_lefthand": {
			"rotation": [75, 45, 0],
			"translation": [0, 2.5, 2.5],
			"scale": [0.64258, 0.625, 0.78125]
		},
		"firstperson_righthand": {
			"rotation": [11, -40.75, 10.75],
			"translation": [1, 3.75, -1.25],
			"scale": [0.66758, 0.48984, 0.57969]
		},
		"firstperson_lefthand": {
			"rotation": [11, -40.75, 10.75],
			"translation": [1, 3.75, -1.25],
			"scale": [0.66758, 0.48984, 0.57969]
		},
		"ground": {
			"translation": [0, 4.5, 0]
		},
		"gui": {
			"rotation": [30, -151.25, 0],
			"translation": [0, 4.25, 0],
			"scale": [1.04492, 1.04492, 1.04492]
		},
		"head": {
			"translation": [0, 15.25, 0]
		},
		"fixed": {
			"rotation": [-90, 0, 0],
			"translation": [0, 0, -15],
			"scale": [2, 2, 2]
		}
	},
	"groups": [
		{
			"name": "Red Bowl",
			"origin": [8, 8, 8],
			"children": [
				{
					"name": "group",
					"origin": [7.35355, 0.5, 4.06066],
					"children": [0, 1, 2, 3, 4, 5, 6, 7, 8, 9, 10, 11, 12, 13]
				}
			]
		},
		{
			"name": "Rim",
			"origin": [13.6431, 0.98244, 10.25152],
			"children": [14, 15, 16, 17, 18, 19, 20, 21]
		},
		{
			"name": "group",
			"origin": [8, 8, 8],
			"children": [
				{
					"name": "group",
					"origin": [16.82401, 8.16061, 12.93337],
					"children": [22, 23, 24, 25, 26, 27, 28, 29]
				},
				{
					"name": "group",
					"origin": [16.82401, 8.16061, 12.93337],
					"children": [30, 31, 32, 33, 34, 35, 36, 37]
				},
				{
					"name": "Food",
					"origin": [8, 8, 8],
					"children": [
						{
							"name": "Top Layer Food",
							"origin": [8, 8, 8],
							"children": [38, 39, 40, 41, 42, 43, 44, 45, 46, 47, 48]
						},
						{
							"name": "Top Layer Food2",
							"origin": [8, 8, 8],
							"children": [49, 50, 51, 52, 53, 54, 55, 56, 57, 58, 59, 60, 61, 62]
						},
						{
							"name": "Top Layer Food3",
							"origin": [8, 8, 8],
							"children": [63, 64, 65, 66, 67, 68, 69, 70, 71, 72, 73, 74, 75]
						}
					]
				}
			]
		}, 76]
}