{
	"credit": "Made with Blockbench",
	"texture_size": [32, 32],
	"textures": {
		"0": "block/KennelWire",
		"1": "block/MizunoArchive/black_terracotta",
		"2": "block/MizunoArchive/brown_terracotta",
		"3": "block/MizunoArchive/white_wool",
		"particle": "block/KennelWire"
	},
	"elements": [
		{
			"from": [-7.5, 2, 0.5],
			"to": [8, 16, 0.5],
			"rotation": {"angle": 0, "axis": "y", "origin": [0, 13, 8]},
			"faces": {
				"north": {"uv": [1, 0, 15, 13.5], "rotation": 180, "texture": "#0"},
				"east": {"uv": [1, 0, 15, 13.5], "rotation": 180, "texture": "#0"},
				"west": {"uv": [1, 0, 15, 13.5], "rotation": 180, "texture": "#0"},
				"up": {"uv": [15, 13.5, 1, 0], "rotation": 180, "texture": "#0"},
				"down": {"uv": [15, 13.5, 1, 0], "rotation": 180, "texture": "#0"}
			}
		},
		{
			"from": [-7.5, 2, 0.5],
			"to": [8, 16, 0.5],
			"rotation": {"angle": 0, "axis": "y", "origin": [0, 13, 8]},
			"faces": {
				"east": {"uv": [15, 0, 1, 13.5], "rotation": 180, "texture": "#0"},
				"south": {"uv": [15, 0, 1, 13.5], "rotation": 180, "texture": "#0"},
				"west": {"uv": [15, 0, 1, 13.5], "rotation": 180, "texture": "#0"},
				"up": {"uv": [15, 0, 1, 13.5], "rotation": 180, "texture": "#0"},
				"down": {"uv": [15, 0, 1, 13.5], "rotation": 180, "texture": "#0"}
			}
		},
		{
			"from": [8, 2, 0.5],
			"to": [15.5, 16, 0.5],
			"rotation": {"angle": 0, "axis": "y", "origin": [0, 13, 8]},
			"faces": {
				"north": {"uv": [1, 0, 8, 13.5], "rotation": 180, "texture": "#0"},
				"east": {"uv": [1, 0, 8, 13.5], "rotation": 180, "texture": "#0"},
				"west": {"uv": [1, 0, 8, 13.5], "rotation": 180, "texture": "#0"},
				"up": {"uv": [8, 13.5, 1, 0], "rotation": 180, "texture": "#0"},
				"down": {"uv": [8, 13.5, 1, 0], "rotation": 180, "texture": "#0"}
			}
		},
		{
			"from": [8, 2, 0.5],
			"to": [15.5, 16, 0.5],
			"rotation": {"angle": 0, "axis": "y", "origin": [0, 13, 8]},
			"faces": {
				"east": {"uv": [8, 0, 1, 13.5], "rotation": 180, "texture": "#0"},
				"south": {"uv": [8, 0, 1, 13.5], "rotation": 180, "texture": "#0"},
				"west": {"uv": [8, 0, 1, 13.5], "rotation": 180, "texture": "#0"},
				"up": {"uv": [8, 0, 1, 13.5], "rotation": 180, "texture": "#0"},
				"down": {"uv": [8, 0, 1, 13.5], "rotation": 180, "texture": "#0"}
			}
		},
		{
			"from": [-7.5, 2, 15.5],
			"to": [8, 16, 15.5],
			"rotation": {"angle": 0, "axis": "y", "origin": [0, 13, 8]},
			"faces": {
				"east": {"uv": [15, 0, 1, 13.5], "rotation": 180, "texture": "#0"},
				"south": {"uv": [15, 0, 1, 13.5], "rotation": 180, "texture": "#0"},
				"west": {"uv": [15, 0, 1, 13.5], "rotation": 180, "texture": "#0"},
				"up": {"uv": [15, 0, 1, 13.5], "rotation": 180, "texture": "#0"},
				"down": {"uv": [15, 0, 1, 13.5], "rotation": 180, "texture": "#0"}
			}
		},
		{
			"from": [-7.5, 2, 15.5],
			"to": [8, 16, 15.5],
			"rotation": {"angle": 0, "axis": "y", "origin": [0, 13, 8]},
			"faces": {
				"north": {"uv": [1, 0, 15, 13.5], "rotation": 180, "texture": "#0"},
				"east": {"uv": [1, 0, 15, 13.5], "rotation": 180, "texture": "#0"},
				"west": {"uv": [1, 0, 15, 13.5], "rotation": 180, "texture": "#0"},
				"up": {"uv": [15, 13.5, 1, 0], "rotation": 180, "texture": "#0"},
				"down": {"uv": [15, 13.5, 1, 0], "rotation": 180, "texture": "#0"}
			}
		},
		{
			"from": [8, 2, 15.5],
			"to": [15.5, 16, 15.5],
			"rotation": {"angle": 0, "axis": "y", "origin": [0, 13, 8]},
			"faces": {
				"east": {"uv": [8, 0, 1, 13.5], "rotation": 180, "texture": "#0"},
				"south": {"uv": [8, 0, 1, 13.5], "rotation": 180, "texture": "#0"},
				"west": {"uv": [8, 0, 1, 13.5], "rotation": 180, "texture": "#0"},
				"up": {"uv": [8, 0, 1, 13.5], "rotation": 180, "texture": "#0"},
				"down": {"uv": [8, 0, 1, 13.5], "rotation": 180, "texture": "#0"}
			}
		},
		{
			"from": [8, 2, 15.5],
			"to": [15.5, 16, 15.5],
			"rotation": {"angle": 0, "axis": "y", "origin": [0, 13, 8]},
			"faces": {
				"north": {"uv": [1, 0, 8, 13.5], "rotation": 180, "texture": "#0"},
				"east": {"uv": [1, 0, 8, 13.5], "rotation": 180, "texture": "#0"},
				"west": {"uv": [1, 0, 8, 13.5], "rotation": 180, "texture": "#0"},
				"up": {"uv": [8, 13.5, 1, 0], "rotation": 180, "texture": "#0"},
				"down": {"uv": [8, 13.5, 1, 0], "rotation": 180, "texture": "#0"}
			}
		},
		{
			"from": [-7.501, 2, 2.9375],
			"to": [-7.501, 13, 13.0635],
			"rotation": {"angle": 0, "axis": "y", "origin": [-15.001, 2, 8.25]},
			"faces": {
				"north": {"uv": [4, 3.5, 12.5, 12], "rotation": 180, "texture": "#0"},
				"east": {"uv": [4, 3.5, 12.5, 12], "rotation": 180, "texture": "#0"},
				"south": {"uv": [4, 3.5, 12.5, 12], "rotation": 180, "texture": "#0"},
				"west": {"uv": [4, 3.5, 12.5, 12], "rotation": 180, "texture": "#0"},
				"up": {"uv": [4, 3.5, 12.5, 12], "rotation": 180, "texture": "#0"},
				"down": {"uv": [4, 3.5, 12.5, 12], "rotation": 180, "texture": "#0"}
			}
		},
		{
			"from": [-7.5, 15.75, 0.75],
			"to": [8, 15.75, 15.25],
			"rotation": {"angle": 0, "axis": "x", "origin": [0, 13, 8]},
			"faces": {
				"north": {"uv": [1.5, 0, 15.5, 11.5], "texture": "#0"},
				"east": {"uv": [1.5, 0, 15.5, 11.5], "texture": "#0"},
				"south": {"uv": [1.5, 0, 15.5, 11.5], "texture": "#0"},
				"west": {"uv": [1.5, 0, 15.5, 11.5], "texture": "#0"},
				"up": {"uv": [1, 0, 15, 11.5], "texture": "#0"},
				"down": {"uv": [1, 0, 15, 11.5], "texture": "#0"}
			}
		},
		{
			"from": [8, 15.75, 0.75],
			"to": [15.5, 15.75, 15.25],
			"rotation": {"angle": 0, "axis": "x", "origin": [0, 13, 8]},
			"faces": {
				"north": {"uv": [1, 0, 8, 11.5], "texture": "#0"},
				"east": {"uv": [1, 0, 8, 11.5], "texture": "#0"},
				"south": {"uv": [1, 0, 8, 11.5], "texture": "#0"},
				"west": {"uv": [1, 0, 8, 11.5], "texture": "#0"},
				"up": {"uv": [1, 0, 8, 11.5], "texture": "#0"},
				"down": {"uv": [1, 0, 8, 11.5], "texture": "#0"}
			}
		},
		{
			"from": [-7.5, 2, 0.501],
			"to": [-7.501, 16, 3.001],
			"rotation": {"angle": 0, "axis": "y", "origin": [-15.001, 10, 8.25]},
			"faces": {
				"north": {"uv": [3.5, 0, 1, 13.5], "texture": "#0"},
				"east": {"uv": [3.5, 0, 1, 13.5], "rotation": 180, "texture": "#0"},
				"south": {"uv": [3.5, 0, 1, 13.5], "texture": "#0"},
				"west": {"uv": [3.5, 0, 1, 13.5], "rotation": 180, "texture": "#0"},
				"up": {"uv": [3.5, 0, 1, 13.5], "texture": "#0"},
				"down": {"uv": [3.5, 0, 1, 13.5], "texture": "#0"}
			}
		},
		{
			"from": [-7.501, 12.90625, 3.001],
			"to": [-7.502, 16, 12.999],
			"rotation": {"angle": 0, "axis": "y", "origin": [-15.001, 13, 8.25]},
			"faces": {
				"north": {"uv": [3.5, 10.5, 13, 13.5], "rotation": 180, "texture": "#0"},
				"east": {"uv": [3.5, 10.5, 13, 13.5], "rotation": 180, "texture": "#0"},
				"south": {"uv": [3.5, 10.5, 13, 13.5], "rotation": 180, "texture": "#0"},
				"west": {"uv": [3.5, 10.5, 13, 13.5], "rotation": 180, "texture": "#0"},
				"up": {"uv": [3.5, 10.5, 13, 13.5], "rotation": 180, "texture": "#0"},
				"down": {"uv": [3.5, 10.5, 13, 13.5], "rotation": 180, "texture": "#0"}
			}
		},
		{
			"from": [-7.5, 2, 12.999],
			"to": [-7.501, 16, 15.499],
			"rotation": {"angle": 0, "axis": "y", "origin": [-15.001, 10, 7.75]},
			"faces": {
				"north": {"uv": [3.5, 0, 1, 13.5], "texture": "#0"},
				"east": {"uv": [3.5, 0, 1, 13.5], "rotation": 180, "texture": "#0"},
				"south": {"uv": [3.5, 0, 1, 13.5], "texture": "#0"},
				"west": {"uv": [3.5, 0, 1, 13.5], "rotation": 180, "texture": "#0"},
				"up": {"uv": [3.5, 0, 1, 13.5], "texture": "#0"},
				"down": {"uv": [3.5, 0, 1, 13.5], "texture": "#0"}
			}
		},
		{
			"from": [15.5, 2, 0.5],
			"to": [15.5, 16, 15.501],
			"rotation": {"angle": 0, "axis": "y", "origin": [8, 13, 8.25]},
			"faces": {
				"north": {"uv": [2.5, 0, 14, 13.5], "rotation": 180, "texture": "#0"},
				"east": {"uv": [1, 0, 15.5, 13.5], "rotation": 180, "texture": "#0"},
				"south": {"uv": [2.5, 0, 14, 13.5], "rotation": 180, "texture": "#0"},
				"west": {"uv": [1, 0, 15.5, 13.5], "rotation": 180, "texture": "#0"},
				"up": {"uv": [2.5, 0, 14, 13.5], "rotation": 180, "texture": "#0"},
				"down": {"uv": [2.5, 0, 14, 13.5], "rotation": 180, "texture": "#0"}
			}
		},
		{
			"from": [-8, 1, 1],
			"to": [-7, 2, 15],
			"rotation": {"angle": 0, "axis": "y", "origin": [-23, 9, 8]},
			"faces": {
				"north": {"uv": [0, 0, 0.5, 1], "texture": "#1"},
				"east": {"uv": [0, 0, 7, 1], "texture": "#1"},
				"south": {"uv": [0, 0, 0.5, 1], "texture": "#1"},
				"west": {"uv": [0, 0, 7, 1], "texture": "#1"},
				"up": {"uv": [0, 0, 0.5, 7], "texture": "#1"},
				"down": {"uv": [0, 0, 0.5, 7], "texture": "#1"}
			}
		},
		{
			"from": [-8, 1, 0],
			"to": [16, 2, 1],
			"rotation": {"angle": 0, "axis": "y", "origin": [0, 9, 8]},
			"faces": {
				"north": {"uv": [0, 0, 12, 2], "texture": "#1"},
				"east": {"uv": [0, 0, 0.5, 2], "texture": "#1"},
				"south": {"uv": [0, 0, 12, 2], "texture": "#1"},
				"west": {"uv": [0, 0, 0.5, 2], "texture": "#1"},
				"up": {"uv": [0, 0, 12, 0.5], "texture": "#1"},
				"down": {"uv": [0, 0, 12, 0.5], "texture": "#1"}
			}
		},
		{
			"from": [-8, 1, 15],
			"to": [16, 2, 16],
			"rotation": {"angle": 0, "axis": "y", "origin": [0, 9, 23]},
			"faces": {
				"north": {"uv": [0, 0, 12, 2], "texture": "#1"},
				"east": {"uv": [0, 0, 0.5, 2], "texture": "#1"},
				"south": {"uv": [0, 0, 12, 2], "texture": "#1"},
				"west": {"uv": [0, 0, 0.5, 2], "texture": "#1"},
				"up": {"uv": [0, 0, 12, 0.5], "texture": "#1"},
				"down": {"uv": [0, 0, 12, 0.5], "texture": "#1"}
			}
		},
		{
			"from": [-8, 0, 0],
			"to": [16, 1, 16],
			"rotation": {"angle": 0, "axis": "y", "origin": [0, 8, 8]},
			"faces": {
				"north": {"uv": [0, 0, 12, 0.5], "texture": "#1"},
				"east": {"uv": [0, 0, 8, 0.5], "texture": "#1"},
				"south": {"uv": [0, 0, 12, 0.5], "texture": "#1"},
				"west": {"uv": [0, 0, 8, 0.5], "texture": "#1"},
				"up": {"uv": [0, 0, 12, 8], "texture": "#1"},
				"down": {"uv": [0, 0, 12, 8], "texture": "#1"}
			}
		},
		{
			"from": [-8, 15.25, 0],
			"to": [16, 16, 1],
			"rotation": {"angle": 0, "axis": "y", "origin": [0, 23.5, 8]},
			"faces": {
				"north": {"uv": [0, 0, 12, 0.5], "texture": "#1"},
				"east": {"uv": [0, 0, 0.5, 0.5], "texture": "#1"},
				"south": {"uv": [0, 0, 12, 0.5], "texture": "#1"},
				"west": {"uv": [0, 0, 0.5, 0.5], "texture": "#1"},
				"up": {"uv": [0, 0, 12, 0.5], "texture": "#1"},
				"down": {"uv": [0, 0, 12, 0.5], "texture": "#1"}
			}
		},
		{
			"from": [-8, 15.25, 1],
			"to": [-7, 16, 15],
			"rotation": {"angle": 0, "axis": "y", "origin": [-23, 23.5, 8]},
			"faces": {
				"north": {"uv": [0, 0, 0.5, 0.5], "texture": "#1"},
				"east": {"uv": [0, 0, 7, 0.5], "texture": "#1"},
				"south": {"uv": [0, 0, 0.5, 0.5], "texture": "#1"},
				"west": {"uv": [0, 0, 7, 0.5], "texture": "#1"},
				"up": {"uv": [0, 0, 0.5, 7], "texture": "#1"},
				"down": {"uv": [0, 0, 0.5, 7], "texture": "#1"}
			}
		},
		{
			"from": [-8, 2, 2.375],
			"to": [-7, 13.5, 3],
			"rotation": {"angle": 0, "axis": "y", "origin": [-23, 13, 8]},
			"faces": {
				"north": {"uv": [0, 0, 0.5, 4.25], "texture": "#1"},
				"east": {"uv": [0, 0, 0.25, 4.25], "texture": "#1"},
				"south": {"uv": [0, 0, 0.5, 4.25], "texture": "#1"},
				"west": {"uv": [0, 0, 0.25, 4.25], "texture": "#1"},
				"up": {"uv": [0, 0, 0.5, 0.25], "texture": "#1"},
				"down": {"uv": [0, 0, 0.5, 0.25], "texture": "#1"}
			}
		},
		{
			"from": [-8.52344, 6.25, 5.375],
			"to": [-8.02344, 8.75, 6],
			"rotation": {"angle": 0, "axis": "y", "origin": [-23, 13, 8]},
			"faces": {
				"north": {"uv": [0, 0, 0.5, 4.25], "texture": "#1"},
				"east": {"uv": [0, 0, 0.25, 4.25], "texture": "#1"},
				"south": {"uv": [0, 0, 0.5, 4.25], "texture": "#1"},
				"west": {"uv": [0, 0, 0.25, 4.25], "texture": "#1"},
				"up": {"uv": [0, 0, 0.5, 0.25], "texture": "#1"},
				"down": {"uv": [0, 0, 0.5, 0.25], "texture": "#1"}
			}
		},
		{
			"from": [-8.52344, 8.75, 5.375],
			"to": [-7.52344, 9.25, 6],
			"rotation": {"angle": 0, "axis": "z", "origin": [-7.25, 8.75, 5.6875]},
			"faces": {
				"north": {"uv": [0, 0, 0.5, 4.25], "rotation": 270, "texture": "#1"},
				"east": {"uv": [0, 0, 0.5, 0.25], "rotation": 90, "texture": "#1"},
				"south": {"uv": [0, 0, 0.5, 4.25], "rotation": 90, "texture": "#1"},
				"west": {"uv": [0, 0, 0.5, 0.25], "rotation": 90, "texture": "#1"},
				"up": {"uv": [0, 0, 0.25, 4.25], "rotation": 90, "texture": "#1"},
				"down": {"uv": [0, 0, 0.25, 4.25], "rotation": 90, "texture": "#1"}
			}
		},
		{
			"from": [-8.52344, 5.75, 5.375],
			"to": [-7.52344, 6.25, 6],
			"rotation": {"angle": 0, "axis": "z", "origin": [-7.25, 5.75, 5.6875]},
			"faces": {
				"north": {"uv": [0, 0, 0.5, 4.25], "rotation": 270, "texture": "#1"},
				"east": {"uv": [0, 0, 0.5, 0.25], "rotation": 90, "texture": "#1"},
				"south": {"uv": [0, 0, 0.5, 4.25], "rotation": 90, "texture": "#1"},
				"west": {"uv": [0, 0, 0.5, 0.25], "rotation": 90, "texture": "#1"},
				"up": {"uv": [0, 0, 0.25, 4.25], "rotation": 90, "texture": "#1"},
				"down": {"uv": [0, 0, 0.25, 4.25], "rotation": 90, "texture": "#1"}
			}
		},
		{
			"from": [-8, 2, 13],
			"to": [-7, 13.5, 13.625],
			"rotation": {"angle": 0, "axis": "y", "origin": [-23, 13, 8]},
			"faces": {
				"north": {"uv": [0.5, 0, 0, 4.25], "texture": "#1"},
				"east": {"uv": [0.25, 0, 0, 4.25], "texture": "#1"},
				"south": {"uv": [0.5, 0, 0, 4.25], "texture": "#1"},
				"west": {"uv": [0.25, 0, 0, 4.25], "texture": "#1"},
				"up": {"uv": [0, 0.25, 0.5, 0], "texture": "#1"},
				"down": {"uv": [0, 0.25, 0.5, 0], "texture": "#1"}
			}
		},
		{
			"from": [-8, 12.875, 3],
			"to": [-7, 13.5, 13],
			"rotation": {"angle": 0, "axis": "x", "origin": [-7.5, 13.1875, 8.75]},
			"faces": {
				"north": {"uv": [0, 0.25, 0.5, 0], "rotation": 180, "texture": "#1"},
				"east": {"uv": [0.25, 0, 0, 4.25], "rotation": 270, "texture": "#1"},
				"south": {"uv": [0, 0.25, 0.5, 0], "texture": "#1"},
				"west": {"uv": [0.25, 0, 0, 4.25], "rotation": 90, "texture": "#1"},
				"up": {"uv": [0.5, 0, 0, 4.25], "rotation": 180, "texture": "#1"},
				"down": {"uv": [0.5, 0, 0, 4.25], "texture": "#1"}
			}
		},
		{
			"from": [-8, 15.25, 15],
			"to": [16, 16, 16],
			"rotation": {"angle": 0, "axis": "y", "origin": [0, 23.5, 23]},
			"faces": {
				"north": {"uv": [0, 0, 12, 0.5], "texture": "#1"},
				"east": {"uv": [0, 0, 0.5, 0.5], "texture": "#1"},
				"south": {"uv": [0, 0, 12, 0.5], "texture": "#1"},
				"west": {"uv": [0, 0, 0.5, 0.5], "texture": "#1"},
				"up": {"uv": [0, 0, 12, 0.5], "texture": "#1"},
				"down": {"uv": [0, 0, 12, 0.5], "texture": "#1"}
			}
		},
		{
			"from": [15, 15.25, 1],
			"to": [16, 16, 15],
			"rotation": {"angle": 0, "axis": "y", "origin": [0, 23.5, 8]},
			"faces": {
				"north": {"uv": [0, 0, 0.5, 0.5], "texture": "#1"},
				"east": {"uv": [0, 0, 7, 0.5], "texture": "#1"},
				"south": {"uv": [0, 0, 0.5, 0.5], "texture": "#1"},
				"west": {"uv": [0, 0, 7, 0.5], "texture": "#1"},
				"up": {"uv": [0, 0, 0.5, 7], "texture": "#1"},
				"down": {"uv": [0, 0, 0.5, 7], "texture": "#1"}
			}
		},
		{
			"from": [15, 1, 1],
			"to": [16, 2, 15],
			"rotation": {"angle": 0, "axis": "y", "origin": [0, 9, 8]},
			"faces": {
				"north": {"uv": [0, 0, 0.5, 2], "texture": "#1"},
				"east": {"uv": [0, 0, 7, 2], "texture": "#1"},
				"south": {"uv": [0, 0, 0.5, 2], "texture": "#1"},
				"west": {"uv": [0, 0, 7, 2], "texture": "#1"},
				"up": {"uv": [0, 0, 0.5, 7], "texture": "#1"},
				"down": {"uv": [0, 0, 0.5, 7], "texture": "#1"}
			}
		},
		{
			"from": [-7, 2.19344, 10.4588],
			"to": [-6, 4.19344, 13.4588],
			"rotation": {"angle": -22.5, "axis": "x", "origin": [-6, 3.19344, 12.4588]},
			"faces": {
				"north": {"uv": [1, 0, 1.5, 1], "texture": "#2"},
				"east": {"uv": [1.5, 0, 3, 1], "texture": "#2"},
				"south": {"uv": [1, 0, 1.5, 1], "texture": "#2"},
				"west": {"uv": [1.5, 0, 3, 1], "texture": "#2"},
				"up": {"uv": [1.5, 0, 3, 0.5], "rotation": 90, "texture": "#2"},
				"down": {"uv": [1.5, 0, 3, 0.5], "rotation": 270, "texture": "#2"}
			}
		},
		{
			"from": [-7, 1.35195, 4.77164],
			"to": [-6, 3.35195, 11.22836],
			"rotation": {"angle": 0, "axis": "x", "origin": [-6, 2.35195, 9.22836]},
			"faces": {
				"north": {"uv": [1, 0, 1.5, 1], "texture": "#2"},
				"east": {"uv": [1.5, 0, 4.72836, 1], "texture": "#2"},
				"south": {"uv": [1, 0, 1.5, 1], "texture": "#2"},
				"west": {"uv": [1.5, 0, 4.72836, 1], "texture": "#2"},
				"up": {"uv": [1.5, 0, 4.72836, 0.5], "rotation": 90, "texture": "#2"},
				"down": {"uv": [1.5, 0, 4.72836, 0.5], "rotation": 270, "texture": "#2"}
			}
		},
		{
			"from": [-7, 2.19344, 2.5412],
			"to": [-6, 4.19344, 5.5412],
			"rotation": {"angle": 22.5, "axis": "x", "origin": [-6, 3.19344, 3.5412]},
			"faces": {
				"north": {"uv": [0, 0, 0.5, 1], "texture": "#2"},
				"east": {"uv": [0, 0, 1.5, 1], "texture": "#2"},
				"south": {"uv": [0, 0, 0.5, 1], "texture": "#2"},
				"west": {"uv": [0, 0, 1.5, 1], "texture": "#2"},
				"up": {"uv": [0, 0, 1.5, 0.5], "rotation": 90, "texture": "#2"},
				"down": {"uv": [0, 0, 1.5, 0.5], "rotation": 270, "texture": "#2"}
			}
		},
		{
			"from": [-7, 1.5, 2],
			"to": [-6, 4.5, 3],
			"rotation": {"angle": 0, "axis": "y", "origin": [0, 8.5, -3]},
			"faces": {
				"north": {"uv": [0.5, 0, 1, 1.5], "texture": "#2"},
				"east": {"uv": [0.5, 0, 1, 1.5], "texture": "#2"},
				"south": {"uv": [0.5, 0, 1, 1.5], "texture": "#2"},
				"west": {"uv": [0.5, 0, 1, 1.5], "texture": "#2"},
				"up": {"uv": [0, 0.5, 0.5, 1], "texture": "#2"},
				"down": {"uv": [0, 0.5, 0.5, 1], "texture": "#2"}
			}
		},
		{
			"from": [-7, 1.5, 1],
			"to": [15, 4.5, 2],
			"rotation": {"angle": 0, "axis": "y", "origin": [0, 8.5, 8]},
			"faces": {
				"north": {"uv": [0, 0, 11, 1.5], "texture": "#2"},
				"east": {"uv": [0, 0, 0.5, 1.5], "texture": "#2"},
				"south": {"uv": [0, 0, 11, 1.5], "texture": "#2"},
				"west": {"uv": [0, 0, 0.5, 1.5], "texture": "#2"},
				"up": {"uv": [0, 0, 11, 0.5], "texture": "#2"},
				"down": {"uv": [0, 0, 11, 0.5], "texture": "#2"}
			}
		},
		{
			"from": [14, 1.5, 2],
			"to": [15, 4.5, 14],
			"rotation": {"angle": 0, "axis": "y", "origin": [8, 8.5, 10]},
			"faces": {
				"north": {"uv": [0, 0, 0.5, 1.5], "texture": "#2"},
				"east": {"uv": [0, 0, 6, 1.5], "texture": "#2"},
				"south": {"uv": [0, 0, 0.5, 1.5], "texture": "#2"},
				"west": {"uv": [0, 0, 6, 1.5], "texture": "#2"},
				"up": {"uv": [0, 0, 6, 0.5], "rotation": 90, "texture": "#2"},
				"down": {"uv": [0, 0, 6, 0.5], "rotation": 270, "texture": "#2"}
			}
		},
		{
			"from": [-7, 1.5, 14],
			"to": [15, 4.5, 15],
			"rotation": {"angle": 0, "axis": "y", "origin": [0, 8.5, 20]},
			"faces": {
				"north": {"uv": [0, 0, 11, 1.5], "texture": "#2"},
				"east": {"uv": [0, 0, 0.5, 1.5], "texture": "#2"},
				"south": {"uv": [0, 0, 11, 1.5], "texture": "#2"},
				"west": {"uv": [0, 0, 0.5, 1.5], "texture": "#2"},
				"up": {"uv": [0, 0, 11, 0.5], "texture": "#2"},
				"down": {"uv": [0, 0, 11, 0.5], "texture": "#2"}
			}
		},
		{
			"from": [-7, 1.5, 13],
			"to": [-6, 4.5, 14],
			"rotation": {"angle": 0, "axis": "y", "origin": [0, 8.5, 19]},
			"faces": {
				"north": {"uv": [0, 0, 0.5, 1.5], "texture": "#2"},
				"east": {"uv": [0, 0, 0.5, 1.5], "texture": "#2"},
				"south": {"uv": [0, 0, 0.5, 1.5], "texture": "#2"},
				"west": {"uv": [0, 0, 0.5, 1.5], "texture": "#2"},
				"up": {"uv": [0, 0, 0.5, 0.5], "texture": "#2"},
				"down": {"uv": [0, 0, 0.5, 0.5], "texture": "#2"}
			}
		},
		{
			"from": [-6, 1.75, 2],
			"to": [14, 4.25, 3],
			"rotation": {"angle": 0, "axis": "y", "origin": [0, 8.75, -3]},
			"faces": {
				"north": {"uv": [6, 0, 16, 1.25], "texture": "#3"},
				"east": {"uv": [0.5, 0, 1, 1.25], "texture": "#3"},
				"south": {"uv": [6, 0, 16, 1.25], "texture": "#3"},
				"west": {"uv": [0.5, 0, 1, 1.25], "texture": "#3"},
				"up": {"uv": [0, 0.5, 10, 1], "texture": "#3"},
				"down": {"uv": [0, 0.5, 10, 1], "texture": "#3"}
			}
		},
		{
			"from": [13, 1.75, 3],
			"to": [14, 4.25, 13],
			"rotation": {"angle": 0, "axis": "y", "origin": [8, 8.75, 7]},
			"faces": {
				"north": {"uv": [0.5, 0, 1, 1.25], "texture": "#3"},
				"east": {"uv": [6, 0, 11, 1.25], "texture": "#3"},
				"south": {"uv": [0.5, 0, 1, 1.25], "texture": "#3"},
				"west": {"uv": [6, 0, 11, 1.25], "texture": "#3"},
				"up": {"uv": [0, 0.5, 5, 1], "rotation": 270, "texture": "#3"},
				"down": {"uv": [0, 0.5, 5, 1], "rotation": 90, "texture": "#3"}
			}
		},
		{
			"from": [-6, 1.75, 13],
			"to": [14, 4.25, 14],
			"rotation": {"angle": 0, "axis": "y", "origin": [0, 8.75, 19]},
			"faces": {
				"north": {"uv": [0, 0, 10, 1.25], "texture": "#3"},
				"east": {"uv": [0, 0, 0.5, 1.25], "texture": "#3"},
				"south": {"uv": [0, 0, 10, 1.25], "texture": "#3"},
				"west": {"uv": [0, 0, 0.5, 1.25], "texture": "#3"},
				"up": {"uv": [0, 0, 10, 0.5], "texture": "#3"},
				"down": {"uv": [0, 0, 10, 0.5], "texture": "#3"}
			}
		},
		{
			"from": [-6, 2.44344, 10.4588],
			"to": [-5, 3.94344, 13.4588],
			"rotation": {"angle": -22.5, "axis": "x", "origin": [-5, 3.44344, 12.4588]},
			"faces": {
				"north": {"uv": [1, 0, 1.5, 0.75], "texture": "#3"},
				"east": {"uv": [1.5, 0, 3, 0.75], "texture": "#3"},
				"south": {"uv": [1, 0, 1.5, 0.75], "texture": "#3"},
				"west": {"uv": [1.5, 0, 3, 0.75], "texture": "#3"},
				"up": {"uv": [1.5, 0, 3, 0.5], "rotation": 90, "texture": "#3"},
				"down": {"uv": [1.5, 0, 3, 0.5], "rotation": 270, "texture": "#3"}
			}
		},
		{
			"from": [-6, 1.60195, 4.77164],
			"to": [-5, 3.10195, 11.22836],
			"rotation": {"angle": 0, "axis": "x", "origin": [-5, 2.60195, 9.22836]},
			"faces": {
				"north": {"uv": [1, 0, 1.5, 0.75], "texture": "#3"},
				"east": {"uv": [1.5, 0, 4.72836, 0.75], "texture": "#3"},
				"south": {"uv": [1, 0, 1.5, 0.75], "texture": "#3"},
				"west": {"uv": [1.5, 0, 4.72836, 0.75], "texture": "#3"},
				"up": {"uv": [1.5, 0, 4.72836, 0.5], "rotation": 90, "texture": "#3"},
				"down": {"uv": [1.5, 0, 4.72836, 0.5], "rotation": 270, "texture": "#3"}
			}
		},
		{
			"from": [-6, 2.44344, 2.5412],
			"to": [-5, 3.94344, 5.5412],
			"rotation": {"angle": 22.5, "axis": "x", "origin": [-5, 3.44344, 3.5412]},
			"faces": {
				"north": {"uv": [0, 0, 0.5, 0.75], "texture": "#3"},
				"east": {"uv": [0, 0, 1.5, 0.75], "texture": "#3"},
				"south": {"uv": [0, 0, 0.5, 0.75], "texture": "#3"},
				"west": {"uv": [0, 0, 1.5, 0.75], "texture": "#3"},
				"up": {"uv": [0, 0, 1.5, 0.5], "rotation": 90, "texture": "#3"},
				"down": {"uv": [0, 0, 1.5, 0.5], "rotation": 270, "texture": "#3"}
			}
		},
		{
			"from": [-7, 0.25, 1],
			"to": [15, 1.75, 15],
			"rotation": {"angle": 0, "axis": "y", "origin": [0, 7.25, 8]},
			"faces": {
				"north": {"uv": [0, 0, 11, 0.75], "texture": "#3"},
				"east": {"uv": [0, 0, 7, 0.75], "texture": "#3"},
				"south": {"uv": [0, 0, 11, 0.75], "texture": "#3"},
				"west": {"uv": [0, 0, 7, 0.75], "texture": "#3"},
				"up": {"uv": [0, 0, 11, 7], "texture": "#3"},
				"down": {"uv": [0, 0, 11, 7], "texture": "#3"}
			}
		}
	],
	"display": {
		"thirdperson_righthand": {
			"rotation": [75, -43.5, 0],
			"translation": [0.75, 0, -1],
			"scale": [0.27148, 0.27148, 0.27148]
		},
		"thirdperson_lefthand": {
			"rotation": [75, -43.5, 0],
			"translation": [0.75, 0, -1],
			"scale": [0.27148, 0.27148, 0.27148]
		},
		"firstperson_righthand": {
			"rotation": [0, 25.5, 3],
			"translation": [1.5, 3.5, 0.5],
			"scale": [0.25156, 0.25156, 0.25156]
		},
		"firstperson_lefthand": {
			"rotation": [0, 193.75, -1.25],
			"translation": [1.5, 3.5, 0.5],
			"scale": [0.25156, 0.25156, 0.25156]
		},
		"ground": {
			"translation": [3.25, 2.75, 0],
			"scale": [0.75781, 0.75781, 0.75781]
		},
		"gui": {
			"rotation": [30, 133.5, 0],
			"translation": [-1.5, 1.25, 0],
			"scale": [0.54688, 0.54688, 0.54688]
		},
		"head": {
			"rotation": [0, -90, 0],
			"scale": [1.5, 1.5, 1.5]
		},
		"fixed": {
			"rotation": [-90, 0, 0],
			"translation": [0, 0, -15],
			"scale": [2, 2, 2]
		}
	},
	"groups": [
		{
			"name": "Crate Bottom",
			"origin": [8, 9, 8],
			"children": [
				{
					"name": "Cage",
					"origin": [16, 13, 8.25],
					"children": [
						{
							"name": "group",
							"origin": [0, 13, 8],
							"children": [0, 1, 2, 3]
						},
						{
							"name": "group",
							"origin": [0, 13, 8],
							"children": [4, 5, 6, 7]
						}, 8, 9, 10, 11, 12, 13, 14]
				},
				{
					"name": "Frame",
					"origin": [8, 9, 8],
					"children": [15, 16, 17, 18, 19, 20, 21, 22, 23, 24, 25, 26, 27, 28, 29]
				}
			]
		},
		{
			"name": "Bed",
			"origin": [2, 2.69344, 12.4588],
			"children": [
				{
					"name": "Color Bedding",
					"origin": [8, 8.5, 19],
					"children": [30, 31, 32, 33, 34, 35, 36, 37]
				},
				{
					"name": "Fluff Bedding",
					"origin": [3, 3.19344, 3.5412],
					"children": [38, 39, 40, 41, 42, 43, 44]
				}
			]
		}
	]
}