{
	"credit": "Made with Blockbench",
	"textures": {
		"0": "block/MizunoArchive/dark_oak_planks",
		"1": "block/MizunoArchive/black_concrete_powder",
		"2": "block/MizunoArchive/black_concrete",
		"particle": "block/MizunoArchive/dark_oak_planks"
	},
	"elements": [
		{
			"name": "Pillow",
			"from": [4, 0, 2],
			"to": [14, 1, 14],
			"faces": {
				"north": {"uv": [3, 2, 13, 14], "texture": "#1"},
				"east": {"uv": [3, 2, 13, 14], "texture": "#1"},
				"south": {"uv": [3, 2, 13, 14], "texture": "#1"},
				"west": {"uv": [3, 2, 13, 14], "texture": "#1"},
				"up": {"uv": [6, 4, 16, 15], "texture": "#1"},
				"down": {"uv": [3, 2, 13, 14], "texture": "#1"}
			}
		},
		{
			"name": "Footboard",
			"from": [3, 0, 2],
			"to": [4, 1.5, 14],
			"faces": {
				"north": {"uv": [0, 0, 1, 1], "texture": "#0"},
				"east": {"uv": [0, 0, 16, 7], "texture": "#0"},
				"south": {"uv": [0, 0, 1, 1], "texture": "#0"},
				"west": {"uv": [0, 0, 16, 7], "texture": "#0"},
				"up": {"uv": [0, 0, 1, 1], "texture": "#0"},
				"down": {"uv": [0, 0, 1, 1], "texture": "#0"}
			}
		},
		{
			"from": [2, 0, 0],
			"to": [15, 3, 2],
			"faces": {
				"north": {"uv": [3, 2, 16, 5], "texture": "#2"},
				"east": {"uv": [9, 8, 12, 12], "texture": "#2"},
				"south": {"uv": [2, 4, 15, 7], "texture": "#2"},
				"west": {"uv": [0, 6, 3, 11], "texture": "#2"},
				"up": {"uv": [0, 0, 13, 2], "texture": "#2"},
				"down": {"uv": [0, 0, 13, 2], "texture": "#2"}
			}
		},
		{
			"from": [3, 3, 0],
			"to": [15, 4, 2],
			"faces": {
				"north": {"uv": [2, 0, 14, 1], "texture": "#2"},
				"east": {"uv": [2, 1, 4, 2], "texture": "#2"},
				"south": {"uv": [2, 0, 14, 1], "texture": "#2"},
				"west": {"uv": [2, 2, 4, 3], "texture": "#2"},
				"up": {"uv": [0, 0, 12, 2], "texture": "#2"},
				"down": {"uv": [0, 0, 12, 2], "texture": "#2"}
			}
		},
		{
			"from": [5, 4, 0],
			"to": [15, 5, 2],
			"faces": {
				"north": {"uv": [0, 0, 10, 1], "texture": "#2"},
				"east": {"uv": [0, 0, 13, 2], "texture": "#2"},
				"south": {"uv": [0, 0, 10, 1], "texture": "#2"},
				"west": {"uv": [0, 0, 2, 1], "texture": "#2"},
				"up": {"uv": [0, 0, 10, 2], "texture": "#2"},
				"down": {"uv": [0, 0, 10, 2], "texture": "#2"}
			}
		},
		{
			"from": [13, 0, 1],
			"to": [16, 5, 15],
			"faces": {
				"north": {"uv": [0, 0, 3, 14], "texture": "#2"},
				"east": {"uv": [0, 0, 14, 6], "texture": "#2"},
				"south": {"uv": [4, 1, 7, 7], "texture": "#2"},
				"west": {"uv": [0, 0, 14, 6], "texture": "#2"},
				"up": {"uv": [0, 0, 3, 14], "texture": "#2"},
				"down": {"uv": [0, 0, 3, 14], "texture": "#2"}
			}
		},
		{
			"from": [12, 1, 2],
			"to": [13, 5, 3],
			"faces": {
				"north": {"uv": [8, 2, 9, 7], "texture": "#2"},
				"east": {"uv": [0, 0, 1, 1], "texture": "#2"},
				"south": {"uv": [11, 1, 12, 6], "texture": "#2"},
				"west": {"uv": [6, 2, 7, 7], "texture": "#2"},
				"up": {"uv": [4, 4, 5, 5], "texture": "#2"},
				"down": {"uv": [0, 0, 1, 1], "texture": "#2"}
			}
		},
		{
			"from": [12, 1, 13],
			"to": [13, 5, 14],
			"faces": {
				"north": {"uv": [8, 2, 9, 7], "texture": "#2"},
				"east": {"uv": [0, 0, 1, 1], "texture": "#2"},
				"south": {"uv": [11, 1, 12, 6], "texture": "#2"},
				"west": {"uv": [6, 2, 7, 7], "texture": "#2"},
				"up": {"uv": [4, 4, 5, 5], "texture": "#2"},
				"down": {"uv": [0, 0, 1, 1], "texture": "#2"}
			}
		},
		{
			"from": [5, 4, 14],
			"to": [15, 5, 16],
			"faces": {
				"north": {"uv": [10, 0, 0, 1], "texture": "#2"},
				"east": {"uv": [13, 0, 0, 2], "texture": "#2"},
				"south": {"uv": [10, 0, 0, 1], "texture": "#2"},
				"west": {"uv": [2, 0, 0, 1], "texture": "#2"},
				"up": {"uv": [0, 2, 10, 0], "texture": "#2"},
				"down": {"uv": [0, 2, 10, 0], "texture": "#2"}
			}
		},
		{
			"from": [3, 3, 14],
			"to": [15, 4, 16],
			"faces": {
				"north": {"uv": [14, 0, 2, 1], "texture": "#2"},
				"east": {"uv": [4, 1, 2, 2], "texture": "#2"},
				"south": {"uv": [14, 0, 2, 1], "texture": "#2"},
				"west": {"uv": [4, 2, 2, 3], "texture": "#2"},
				"up": {"uv": [0, 2, 12, 0], "texture": "#2"},
				"down": {"uv": [0, 2, 12, 0], "texture": "#2"}
			}
		},
		{
			"from": [2, 0, 14],
			"to": [15, 3, 16],
			"faces": {
				"north": {"uv": [15, 4, 2, 7], "texture": "#2"},
				"east": {"uv": [12, 8, 9, 12], "texture": "#2"},
				"south": {"uv": [16, 2, 3, 5], "texture": "#2"},
				"west": {"uv": [3, 6, 0, 11], "texture": "#2"},
				"up": {"uv": [0, 2, 13, 0], "texture": "#2"},
				"down": {"uv": [0, 2, 13, 0], "texture": "#2"}
			}
		}
	],
	"display": {
		"thirdperson_righthand": {
			"rotation": [75, 45, 0],
			"translation": [0, 2.5, 0],
			"scale": [0.375, 0.375, 0.375]
		},
		"thirdperson_lefthand": {
			"rotation": [75, 45, 0],
			"translation": [0, 2.5, 0],
			"scale": [0.375, 0.375, 0.375]
		},
		"firstperson_righthand": {
			"rotation": [0, 45, 0],
			"scale": [0.4, 0.4, 0.4]
		},
		"firstperson_lefthand": {
			"rotation": [0, 225, 0],
			"scale": [0.4, 0.4, 0.4]
		},
		"ground": {
			"translation": [0, 4.25, 0]
		},
		"fixed": {
			"rotation": [-90.25, 0, 0],
			"translation": [-1.25, 0, -20.75],
			"scale": [3.13867, 2.8125, 3.11328]
		}
	},
	"groups": [0, 1,
		{
			"name": "Walls",
			"children": [2, 3, 4, 5, 6, 7, 8, 9, 10]
		}
	]
}