{
	"credit": "Made with Blockbench",
	"textures": {
		"0": "block/white_wool",
		"1": "block/MizunoArchive/pink_wool",
		"particle": "block/white_wool"
	},
	"elements": [
		{
			"name": "octagon",
			"from": [6.68629, 5, 14],
			"to": [13.31371, 6, 16],
			"rotation": {"angle": 45, "axis": "y", "origin": [10, 9, 8]},
			"faces": {
				"north": {"uv": [0, 0, 1, 1], "texture": "#0"},
				"east": {"uv": [0, 0, 1, 1], "texture": "#0"},
				"south": {"uv": [0, 0, 1, 1], "texture": "#0"},
				"west": {"uv": [0, 0, 1, 1], "texture": "#0"},
				"up": {"uv": [0, 0, 1, 1], "texture": "#0"},
				"down": {"uv": [0, 0, 1, 1], "texture": "#0"}
			}
		},
		{
			"name": "octagon",
			"from": [2.68629, 5, 14],
			"to": [9.31371, 6, 16],
			"rotation": {"angle": -45, "axis": "y", "origin": [6, 9, 8]},
			"faces": {
				"north": {"uv": [1, 0, 0, 1], "texture": "#0"},
				"east": {"uv": [1, 0, 0, 1], "texture": "#0"},
				"south": {"uv": [1, 0, 0, 1], "texture": "#0"},
				"west": {"uv": [1, 0, 0, 1], "texture": "#0"},
				"up": {"uv": [1, 0, 0, 1], "texture": "#0"},
				"down": {"uv": [1, 0, 0, 1], "texture": "#0"}
			}
		},
		{
			"name": "octagon",
			"from": [2.68629, 5, 14],
			"to": [13.31371, 6, 16],
			"rotation": {"angle": 0, "axis": "y", "origin": [10, 9, 8]},
			"faces": {
				"north": {"uv": [0, 0, 1, 1], "texture": "#0"},
				"east": {"uv": [0, 0, 1, 1], "texture": "#0"},
				"south": {"uv": [0, 0, 1, 1], "texture": "#0"},
				"west": {"uv": [0, 0, 1, 1], "texture": "#0"},
				"up": {"uv": [0, 0, 1, 1], "texture": "#0"},
				"down": {"uv": [0, 0, 1, 1], "texture": "#0"}
			}
		},
		{
			"name": "octagon",
			"from": [11.68871, 1, 0],
			"to": [12.68871, 5, 2],
			"rotation": {"angle": 0, "axis": "y", "origin": [10.00242, 9, -6]},
			"faces": {
				"north": {"uv": [0, 0, 1, 1], "texture": "#0"},
				"east": {"uv": [0, 0, 1, 1], "texture": "#0"},
				"south": {"uv": [0, 0, 1, 1], "texture": "#0"},
				"west": {"uv": [0, 0, 1, 1], "texture": "#0"},
				"up": {"uv": [0, 0, 1, 1], "texture": "#0"},
				"down": {"uv": [0, 0, 1, 1], "texture": "#0"}
			}
		},
		{
			"name": "octagon",
			"from": [3.31129, 1, 0],
			"to": [4.31129, 5, 2],
			"rotation": {"angle": 0, "axis": "y", "origin": [1.125, 9, -6]},
			"faces": {
				"north": {"uv": [0, 0, 1, 1], "texture": "#0"},
				"east": {"uv": [0, 0, 1, 1], "texture": "#0"},
				"south": {"uv": [0, 0, 1, 1], "texture": "#0"},
				"west": {"uv": [0, 0, 1, 1], "texture": "#0"},
				"up": {"uv": [0, 0, 1, 1], "texture": "#0"},
				"down": {"uv": [0, 0, 1, 1], "texture": "#0"}
			}
		},
		{
			"name": "octagon",
			"from": [2.68629, 4, 0],
			"to": [3.31129, 5, 2],
			"rotation": {"angle": 0, "axis": "y", "origin": [0.125, 9, -6]},
			"faces": {
				"north": {"uv": [0, 0, 1, 1], "texture": "#0"},
				"east": {"uv": [0, 0, 1, 1], "texture": "#0"},
				"south": {"uv": [0, 0, 1, 1], "texture": "#0"},
				"west": {"uv": [0, 0, 1, 1], "texture": "#0"},
				"up": {"uv": [0, 0, 1, 1], "texture": "#0"},
				"down": {"uv": [0, 0, 1, 1], "texture": "#0"}
			}
		},
		{
			"name": "octagon",
			"from": [12.68871, 4, 0],
			"to": [13.31371, 5, 2],
			"rotation": {"angle": 0, "axis": "y", "origin": [15.875, 9, -6]},
			"faces": {
				"north": {"uv": [1, 0, 0, 1], "texture": "#0"},
				"east": {"uv": [1, 0, 0, 1], "texture": "#0"},
				"south": {"uv": [1, 0, 0, 1], "texture": "#0"},
				"west": {"uv": [1, 0, 0, 1], "texture": "#0"},
				"up": {"uv": [1, 0, 0, 1], "texture": "#0"},
				"down": {"uv": [1, 0, 0, 1], "texture": "#0"}
			}
		},
		{
			"name": "octagon",
			"from": [4.31129, 1, 0],
			"to": [11.68871, 1.75, 2],
			"rotation": {"angle": 0, "axis": "z", "origin": [0.18629, -0.68629, -6]},
			"faces": {
				"north": {"uv": [0, 0, 1, 1], "rotation": 90, "texture": "#0"},
				"east": {"uv": [0, 0, 1, 1], "rotation": 270, "texture": "#0"},
				"south": {"uv": [0, 0, 1, 1], "rotation": 270, "texture": "#0"},
				"west": {"uv": [0, 0, 1, 1], "rotation": 270, "texture": "#0"},
				"up": {"uv": [0, 0, 1, 1], "rotation": 270, "texture": "#0"},
				"down": {"uv": [0, 0, 1, 1], "rotation": 270, "texture": "#0"}
			}
		},
		{
			"name": "octagon",
			"from": [16, 4, 4.68629],
			"to": [18, 5, 11.31371],
			"rotation": {"angle": 45, "axis": "y", "origin": [10, 9, 8]},
			"faces": {
				"north": {"uv": [0, 0, 1, 1], "texture": "#0"},
				"east": {"uv": [0, 0, 1, 1], "texture": "#0"},
				"south": {"uv": [0, 0, 1, 1], "texture": "#0"},
				"west": {"uv": [0, 0, 1, 1], "texture": "#0"},
				"up": {"uv": [0, 0, 1, 1], "texture": "#0"},
				"down": {"uv": [0, 0, 1, 1], "texture": "#0"}
			}
		},
		{
			"name": "octagon",
			"from": [-2, 4, 4.68629],
			"to": [0, 5, 11.31371],
			"rotation": {"angle": -45, "axis": "y", "origin": [6, 9, 8]},
			"faces": {
				"north": {"uv": [1, 0, 0, 1], "texture": "#0"},
				"east": {"uv": [1, 0, 0, 1], "texture": "#0"},
				"south": {"uv": [1, 0, 0, 1], "texture": "#0"},
				"west": {"uv": [1, 0, 0, 1], "texture": "#0"},
				"up": {"uv": [1, 0, 0, 1], "texture": "#0"},
				"down": {"uv": [1, 0, 0, 1], "texture": "#0"}
			}
		},
		{
			"name": "octagon",
			"from": [16, 4, 4.68629],
			"to": [18, 5, 7.64156],
			"rotation": {"angle": 0, "axis": "y", "origin": [10, 8.92935, 8]},
			"faces": {
				"north": {"uv": [0, 0, 1, 1], "texture": "#0"},
				"east": {"uv": [0, 0, 1, 1], "texture": "#0"},
				"south": {"uv": [0, 0, 1, 1], "texture": "#0"},
				"west": {"uv": [0, 0, 1, 1], "texture": "#0"},
				"up": {"uv": [0, 0, 1, 1], "texture": "#0"},
				"down": {"uv": [0, 0, 1, 1], "texture": "#0"}
			}
		},
		{
			"name": "octagon",
			"from": [-2, 4, 4.68629],
			"to": [0, 5, 7.64156],
			"rotation": {"angle": 0, "axis": "y", "origin": [10, 8.92935, 8]},
			"faces": {
				"north": {"uv": [0, 0, 1, 1], "texture": "#0"},
				"east": {"uv": [0, 0, 1, 1], "texture": "#0"},
				"south": {"uv": [0, 0, 1, 1], "texture": "#0"},
				"west": {"uv": [0, 0, 1, 1], "texture": "#0"},
				"up": {"uv": [0, 0, 1, 1], "texture": "#0"},
				"down": {"uv": [0, 0, 1, 1], "texture": "#0"}
			}
		},
		{
			"name": "octagon",
			"from": [-2, 5, 9.68629],
			"to": [0, 6, 11.31371],
			"rotation": {"angle": 0, "axis": "y", "origin": [10, 9, 8]},
			"faces": {
				"north": {"uv": [0, 0, 1, 1], "texture": "#0"},
				"east": {"uv": [0, 0, 1, 1], "texture": "#0"},
				"south": {"uv": [0, 0, 1, 1], "texture": "#0"},
				"west": {"uv": [0, 0, 1, 1], "texture": "#0"},
				"up": {"uv": [0, 0, 1, 1], "texture": "#0"},
				"down": {"uv": [0, 0, 1, 1], "texture": "#0"}
			}
		},
		{
			"name": "octagon",
			"from": [16, 5, 9.68629],
			"to": [18, 6, 11.31371],
			"rotation": {"angle": 0, "axis": "y", "origin": [6, 9, 8]},
			"faces": {
				"north": {"uv": [1, 0, 0, 1], "texture": "#0"},
				"east": {"uv": [1, 0, 0, 1], "texture": "#0"},
				"south": {"uv": [1, 0, 0, 1], "texture": "#0"},
				"west": {"uv": [1, 0, 0, 1], "texture": "#0"},
				"up": {"uv": [1, 0, 0, 1], "texture": "#0"},
				"down": {"uv": [1, 0, 0, 1], "texture": "#0"}
			}
		},
		{
			"name": "octagon",
			"from": [-2, 4.66139, 7.28512],
			"to": [0, 5.72667, 9.93957],
			"rotation": {"angle": -22.5, "axis": "x", "origin": [-1, 5.22667, 9.12586]},
			"faces": {
				"north": {"uv": [0, 0, 1, 1], "texture": "#0"},
				"east": {"uv": [0, 0, 1, 1], "texture": "#0"},
				"south": {"uv": [0, 0, 1, 1], "texture": "#0"},
				"west": {"uv": [0, 0, 1, 1], "texture": "#0"},
				"up": {"uv": [0, 0, 1, 1], "texture": "#0"},
				"down": {"uv": [0, 0, 1, 1], "texture": "#0"}
			}
		},
		{
			"name": "octagon",
			"from": [16, 4.66139, 7.28512],
			"to": [18, 5.72667, 9.93957],
			"rotation": {"angle": -22.5, "axis": "x", "origin": [17, 5.22667, 9.12586]},
			"faces": {
				"north": {"uv": [1, 0, 0, 1], "texture": "#0"},
				"east": {"uv": [1, 0, 0, 1], "texture": "#0"},
				"south": {"uv": [1, 0, 0, 1], "texture": "#0"},
				"west": {"uv": [1, 0, 0, 1], "texture": "#0"},
				"up": {"uv": [1, 0, 0, 1], "texture": "#0"},
				"down": {"uv": [1, 0, 0, 1], "texture": "#0"}
			}
		},
		{
			"name": "octagon",
			"from": [2.88674, 1, 0.20044],
			"to": [3.88674, 4, 2.20044],
			"rotation": {"angle": 0, "axis": "y", "origin": [0.70044, 9, -5.79956]},
			"faces": {
				"north": {"uv": [0, 0, 1, 3], "texture": "#1"},
				"east": {"uv": [0, 0, 2, 3], "texture": "#1"},
				"south": {"uv": [0, 0, 1, 3], "texture": "#1"},
				"west": {"uv": [0, 0, 2, 3], "texture": "#1"},
				"up": {"uv": [0, 0, 1, 2], "texture": "#1"},
				"down": {"uv": [0, 0, 1, 2], "texture": "#1"}
			}
		},
		{
			"name": "octagon",
			"from": [12.18871, 1, 0.23169],
			"to": [13.1704, 4, 2.20044],
			"rotation": {"angle": 0, "axis": "y", "origin": [15.375, 9, -5.79956]},
			"faces": {
				"north": {"uv": [0, 0, 0.98169, 3], "texture": "#1"},
				"east": {"uv": [0, 0, 1.96875, 3], "texture": "#1"},
				"south": {"uv": [0, 0, 0.98169, 3], "texture": "#1"},
				"west": {"uv": [0, 0, 1.96875, 3], "texture": "#1"},
				"up": {"uv": [0, 0, 0.98169, 1.96875], "texture": "#1"},
				"down": {"uv": [0, 0, 0.98169, 1.96875], "texture": "#1"}
			}
		},
		{
			"name": "octagon",
			"from": [6.77468, 1, 14],
			"to": [13.20701, 5, 15.75314],
			"rotation": {"angle": 45, "axis": "y", "origin": [10, 9, 8]},
			"faces": {
				"north": {"uv": [0, 0, 6.43233, 4], "texture": "#1"},
				"east": {"uv": [0, 0, 1.75314, 4], "texture": "#1"},
				"south": {"uv": [0, 0, 6.43233, 4], "texture": "#1"},
				"west": {"uv": [0, 0, 1.75314, 4], "texture": "#1"},
				"up": {"uv": [0, 0, 6.43233, 1.75314], "texture": "#1"},
				"down": {"uv": [0, 0, 6.43233, 1.75314], "texture": "#1"}
			}
		},
		{
			"name": "octagon",
			"from": [2.81129, 1, 14],
			"to": [9.22532, 5, 15.73483],
			"rotation": {"angle": -45, "axis": "y", "origin": [6, 9, 8]},
			"faces": {
				"north": {"uv": [0, 0, 6.41403, 4], "texture": "#1"},
				"east": {"uv": [0, 0, 1.73483, 4], "texture": "#1"},
				"south": {"uv": [0, 0, 6.41403, 4], "texture": "#1"},
				"west": {"uv": [0, 0, 1.73483, 4], "texture": "#1"},
				"up": {"uv": [0, 0, 6.41403, 1.73483], "texture": "#1"},
				"down": {"uv": [0, 0, 6.41403, 1.73483], "texture": "#1"}
			}
		},
		{
			"name": "octagon",
			"from": [2.81129, 1, 14],
			"to": [13.18871, 5, 15.75],
			"rotation": {"angle": 0, "axis": "y", "origin": [10, 9, 8]},
			"faces": {
				"north": {"uv": [0, 0, 10.37742, 4], "texture": "#1"},
				"east": {"uv": [0, 0, 1.75, 4], "texture": "#1"},
				"south": {"uv": [0, 0, 10.37742, 4], "texture": "#1"},
				"west": {"uv": [0, 0, 1.75, 4], "texture": "#1"},
				"up": {"uv": [0, 0, 10.37742, 1.75], "texture": "#1"},
				"down": {"uv": [0, 0, 10.37742, 1.75], "texture": "#1"}
			}
		},
		{
			"name": "octagon",
			"from": [16, 1, 4.74879],
			"to": [17.73483, 4, 11.22532],
			"rotation": {"angle": 45, "axis": "y", "origin": [10, 9, 8]},
			"faces": {
				"north": {"uv": [0, 0, 1.73483, 3], "texture": "#1"},
				"east": {"uv": [0, 0, 6.47653, 3], "texture": "#1"},
				"south": {"uv": [0, 0, 1.73483, 3], "texture": "#1"},
				"west": {"uv": [0, 0, 6.47653, 3], "texture": "#1"},
				"up": {"uv": [0, 0, 1.73483, 6.47653], "texture": "#1"},
				"down": {"uv": [0, 0, 1.73483, 6.47653], "texture": "#1"}
			}
		},
		{
			"name": "octagon",
			"from": [-1.69443, 1, 4.70839],
			"to": [-0.25, 4, 11.20701],
			"rotation": {"angle": -45, "axis": "y", "origin": [6, 9, 8]},
			"faces": {
				"north": {"uv": [0, 0, 1.44443, 3], "texture": "#1"},
				"east": {"uv": [0, 0, 6.49863, 3], "texture": "#1"},
				"south": {"uv": [0, 0, 1.44443, 3], "texture": "#1"},
				"west": {"uv": [0, 0, 6.49863, 3], "texture": "#1"},
				"up": {"uv": [0, 0, 1.44443, 6.49863], "texture": "#1"},
				"down": {"uv": [0, 0, 1.44443, 6.49863], "texture": "#1"}
			}
		},
		{
			"name": "octagon",
			"from": [-1.70849, 1, 4.82692],
			"to": [-0.25, 4, 11.2146],
			"rotation": {"angle": 0, "axis": "y", "origin": [10, 9, 8]},
			"faces": {
				"north": {"uv": [0, 0, 1.45849, 3], "texture": "#1"},
				"east": {"uv": [0, 0, 6.38768, 3], "texture": "#1"},
				"south": {"uv": [0, 0, 1.45849, 3], "texture": "#1"},
				"west": {"uv": [0, 0, 6.38768, 3], "texture": "#1"},
				"up": {"uv": [0, 0, 1.45849, 6.38768], "texture": "#1"},
				"down": {"uv": [0, 0, 1.45849, 6.38768], "texture": "#1"}
			}
		},
		{
			"name": "octagon",
			"from": [16.25, 1, 4.81129],
			"to": [17.75, 4, 11.18871],
			"rotation": {"angle": 0, "axis": "y", "origin": [6, 9, 8]},
			"faces": {
				"north": {"uv": [0, 0, 1.5, 3], "texture": "#1"},
				"east": {"uv": [0, 0, 6.37742, 3], "texture": "#1"},
				"south": {"uv": [0, 0, 1.5, 3], "texture": "#1"},
				"west": {"uv": [0, 0, 6.37742, 3], "texture": "#1"},
				"up": {"uv": [0, 0, 1.5, 6.37742], "texture": "#1"},
				"down": {"uv": [0, 0, 1.5, 6.37742], "texture": "#1"}
			}
		},
		{
			"name": "octagon",
			"from": [-1.70849, 4, 7.63942],
			"to": [-0.25, 5, 11.2146],
			"rotation": {"angle": 0, "axis": "y", "origin": [10, 9, 8]},
			"faces": {
				"north": {"uv": [0, 0, 1.45849, 1], "texture": "#1"},
				"east": {"uv": [0, 0, 3.57518, 1], "texture": "#1"},
				"south": {"uv": [0, 0, 1.45849, 1], "texture": "#1"},
				"west": {"uv": [0, 0, 3.57518, 1], "texture": "#1"},
				"up": {"uv": [0, 0, 1.45849, 3.57518], "texture": "#1"},
				"down": {"uv": [0, 0, 1.45849, 3.57518], "texture": "#1"}
			}
		},
		{
			"name": "octagon",
			"from": [16.25, 4, 7.62379],
			"to": [17.75, 5, 11.18871],
			"rotation": {"angle": 0, "axis": "y", "origin": [6, 9, 8]},
			"faces": {
				"north": {"uv": [0, 0, 1.5, 1], "texture": "#1"},
				"east": {"uv": [0, 0, 3.56492, 1], "texture": "#1"},
				"south": {"uv": [0, 0, 1.5, 1], "texture": "#1"},
				"west": {"uv": [0, 0, 3.56492, 1], "texture": "#1"},
				"up": {"uv": [0, 0, 1.5, 3.56492], "texture": "#1"},
				"down": {"uv": [0, 0, 1.5, 3.56492], "texture": "#1"}
			}
		},
		{
			"name": "octagon",
			"from": [6.77468, 0, 4],
			"to": [13.20701, 1, 15.75314],
			"rotation": {"angle": 45, "axis": "y", "origin": [10, 8, 8]},
			"faces": {
				"north": {"uv": [0, 0, 6.43233, 1], "texture": "#1"},
				"east": {"uv": [0, 0, 11.75314, 1], "texture": "#1"},
				"south": {"uv": [0, 0, 6.43233, 1], "texture": "#1"},
				"west": {"uv": [0, 0, 11.75314, 1], "texture": "#1"},
				"up": {"uv": [0, 0, 6.43233, 11.75314], "texture": "#1"},
				"down": {"uv": [0, 0, 6.43233, 11.75314], "texture": "#1"}
			}
		},
		{
			"name": "octagon",
			"from": [2.81129, 0, 4],
			"to": [9.22532, 1, 15.73483],
			"rotation": {"angle": -45, "axis": "y", "origin": [6, 8, 8]},
			"faces": {
				"north": {"uv": [0, 0, 6.41403, 1], "texture": "#1"},
				"east": {"uv": [0, 0, 11.73483, 1], "texture": "#1"},
				"south": {"uv": [0, 0, 6.41403, 1], "texture": "#1"},
				"west": {"uv": [0, 0, 11.73483, 1], "texture": "#1"},
				"up": {"uv": [0, 0, 6.41403, 11.73483], "texture": "#1"},
				"down": {"uv": [0, 0, 6.41403, 11.73483], "texture": "#1"}
			}
		},
		{
			"name": "octagon",
			"from": [2.88674, 0, 0.23169],
			"to": [13.1704, 1.07813, 15.75],
			"rotation": {"angle": 0, "axis": "y", "origin": [10.125, 8.07813, 8]},
			"faces": {
				"north": {"uv": [0, 0, 10.28367, 1], "texture": "#1"},
				"east": {"uv": [0, 0, 15.51831, 1], "texture": "#1"},
				"south": {"uv": [0, 0, 10.28367, 1], "texture": "#1"},
				"west": {"uv": [0, 0, 15.51831, 1], "texture": "#1"},
				"up": {"uv": [0, 0, 10.28367, 15.51831], "texture": "#1"},
				"down": {"uv": [0, 0, 10.28367, 15.51831], "texture": "#1"}
			}
		},
		{
			"name": "octagon",
			"from": [6, 0, 4.74879],
			"to": [17.73483, 1, 11.22532],
			"rotation": {"angle": 45, "axis": "y", "origin": [10, 8, 8]},
			"faces": {
				"north": {"uv": [0, 0, 11.73483, 1], "texture": "#1"},
				"east": {"uv": [0, 0, 6.47653, 1], "texture": "#1"},
				"south": {"uv": [0, 0, 11.73483, 1], "texture": "#1"},
				"west": {"uv": [0, 0, 6.47653, 1], "texture": "#1"},
				"up": {"uv": [0, 0, 11.73483, 6.47653], "texture": "#1"},
				"down": {"uv": [0, 0, 11.73483, 6.47653], "texture": "#1"}
			}
		},
		{
			"name": "octagon",
			"from": [-1.69443, 0, 4.70839],
			"to": [10, 1, 11.20701],
			"rotation": {"angle": -45, "axis": "y", "origin": [6, 8, 8]},
			"faces": {
				"north": {"uv": [0, 0, 11.69443, 1], "texture": "#1"},
				"east": {"uv": [0, 0, 6.49863, 1], "texture": "#1"},
				"south": {"uv": [0, 0, 11.69443, 1], "texture": "#1"},
				"west": {"uv": [0, 0, 6.49863, 1], "texture": "#1"},
				"up": {"uv": [0, 0, 11.69443, 6.49863], "texture": "#1"},
				"down": {"uv": [0, 0, 11.69443, 6.49863], "texture": "#1"}
			}
		},
		{
			"name": "octagon",
			"from": [-1.70849, 0, 4.81129],
			"to": [17.75, 1.03125, 11.2146],
			"rotation": {"angle": 0, "axis": "y", "origin": [10, 8.03125, 8]},
			"faces": {
				"north": {"uv": [0, 0, 16, 1], "texture": "#1"},
				"east": {"uv": [0, 0, 6.38768, 1], "texture": "#1"},
				"south": {"uv": [0, 0, 16, 1], "texture": "#1"},
				"west": {"uv": [0, 0, 6.38768, 1], "texture": "#1"},
				"up": {"uv": [0, 0, 16, 6.38768], "texture": "#1"},
				"down": {"uv": [0, 0, 16, 6.38768], "texture": "#1"}
			}
		}
	],
	"display": {
		"thirdperson_righthand": {
			"rotation": [75, 27, 0],
			"translation": [-2.25, 3, 1.5],
			"scale": [0.375, 0.375, 0.375]
		},
		"thirdperson_lefthand": {
			"rotation": [75, 27, 0],
			"translation": [-2.25, 3, 1.5],
			"scale": [0.375, 0.375, 0.375]
		},
		"firstperson_righthand": {
			"rotation": [0, 128.5, 0],
			"translation": [0.5, 3.75, 0],
			"scale": [0.31406, 0.31406, 0.31406]
		},
		"firstperson_lefthand": {
			"rotation": [0, 128.5, 0],
			"translation": [0.5, 3.75, 0],
			"scale": [0.31406, 0.31406, 0.31406]
		},
		"ground": {
			"translation": [0, 1.75, 0],
			"scale": [0.69336, 0.69336, 0.69336]
		},
		"gui": {
			"rotation": [30, -158, 0],
			"translation": [0, 3, 0],
			"scale": [0.75391, 0.75391, 0.75391]
		},
		"head": {
			"translation": [0, 15, 0]
		},
		"fixed": {
			"rotation": [-90, 0, 0],
			"translation": [0, 0, -15],
			"scale": [2, 2, 2]
		}
	},
	"groups": [
		{
			"name": "Trim",
			"origin": [8, 8, 8],
			"children": [0, 1, 2, 3, 4, 5, 6, 7, 8, 9, 10, 11, 12, 13, 14, 15]
		},
		{
			"name": "group",
			"origin": [10, 8, 8],
			"children": [16, 17, 18, 19, 20, 21, 22, 23, 24, 25, 26, 27, 28, 29, 30, 31, 32]
		}
	]
}