{
	"credit": "Made with Blockbench",
	"textures": {
		"2": "block/MizunoArchive/podzol_top",
		"4": "block/veggies2",
		"5": "block/MizunoArchive/acacia_sapling_1",
		"6": "block/chilivine",
		"7": "block/MizunoArchive/mossy_cobblestone",
		"8": "block/MizunoArchive/acacia_sapling_4",
		"10": "block/MizunoArchive/Paintings1",
		"11": "block/wire",
		"12": "block/MizunoArchive/potato_0",
		"13": "block/MizunoArchive/iron_ingot_0",
		"14": "block/MizunoArchive/apple_0",
		"15": "block/MizunoArchive/glass_white",
		"16": "block/MizunoArchive/acacia_planks_verticle",
		"1_1": "block/MizunoArchive/black_concrete",
		"particle": "block/Rudy2",
		"1_2": "block/Rudy2"
	},
	"elements": [
		{
			"from": [0, 0, -12],
			"to": [16, 1, 28],
			"faces": {
				"north": {"uv": [1, 3, 2, 4], "texture": "#16"},
				"east": {"uv": [1, 3, 2, 4], "texture": "#16"},
				"south": {"uv": [1, 3, 2, 4], "texture": "#16"},
				"west": {"uv": [1, 3, 2, 4], "texture": "#16"},
				"up": {"uv": [1, 3, 2, 4], "texture": "#16"},
				"down": {"uv": [1, 3, 2, 4], "texture": "#16"}
			}
		},
		{
			"from": [1, 1, -11],
			"to": [15, 3, 8],
			"faces": {
				"north": {"uv": [0, 0, 16, 2], "texture": "#2"},
				"east": {"uv": [0, 0, 16, 2], "texture": "#2"},
				"south": {"uv": [0, 0, 16, 2], "texture": "#2"},
				"west": {"uv": [0, 0, 16, 2], "texture": "#2"},
				"up": {"uv": [0, 0, 16, 16], "texture": "#2"},
				"down": {"uv": [0, 0, 14, 16], "texture": "#missing"}
			}
		},
		{
			"from": [1, 1, 8],
			"to": [15, 3, 27],
			"faces": {
				"north": {"uv": [0, 0, 16, 2], "texture": "#2"},
				"east": {"uv": [0, 0, 16, 2], "texture": "#2"},
				"south": {"uv": [0, 0, 16, 2], "texture": "#2"},
				"west": {"uv": [0, 0, 16, 2], "texture": "#2"},
				"up": {"uv": [0, 0, 16, 16], "texture": "#2"},
				"down": {"uv": [0, 0, 14, 16], "texture": "#missing"}
			}
		},
		{
			"from": [0, 1, -12],
			"to": [1, 16, -11],
			"faces": {
				"north": {"uv": [1, 3, 2, 4], "texture": "#16"},
				"east": {"uv": [1, 3, 2, 4], "texture": "#16"},
				"south": {"uv": [1, 3, 2, 4], "texture": "#16"},
				"west": {"uv": [1, 3, 2, 4], "texture": "#16"},
				"up": {"uv": [1, 3, 2, 4], "texture": "#16"},
				"down": {"uv": [1, 3, 2, 4], "texture": "#16"}
			}
		},
		{
			"from": [0, 1, 27],
			"to": [1, 16, 28],
			"faces": {
				"north": {"uv": [1, 3, 2, 4], "texture": "#16"},
				"east": {"uv": [1, 3, 2, 4], "texture": "#16"},
				"south": {"uv": [1, 3, 2, 4], "texture": "#16"},
				"west": {"uv": [1, 3, 2, 4], "texture": "#16"},
				"up": {"uv": [1, 3, 2, 4], "texture": "#16"},
				"down": {"uv": [1, 3, 2, 4], "texture": "#16"}
			}
		},
		{
			"from": [15, 1, 27],
			"to": [16, 16, 28],
			"faces": {
				"north": {"uv": [1, 3, 2, 4], "texture": "#16"},
				"east": {"uv": [1, 3, 2, 4], "texture": "#16"},
				"south": {"uv": [1, 3, 2, 4], "texture": "#16"},
				"west": {"uv": [1, 3, 2, 4], "texture": "#16"},
				"up": {"uv": [1, 3, 2, 4], "texture": "#16"},
				"down": {"uv": [1, 3, 2, 4], "texture": "#16"}
			}
		},
		{
			"from": [15, 1, -12],
			"to": [16, 16, -11],
			"faces": {
				"north": {"uv": [1, 3, 2, 4], "texture": "#16"},
				"east": {"uv": [1, 3, 2, 4], "texture": "#16"},
				"south": {"uv": [1, 3, 2, 4], "texture": "#16"},
				"west": {"uv": [1, 3, 2, 4], "texture": "#16"},
				"up": {"uv": [1, 3, 2, 4], "texture": "#16"},
				"down": {"uv": [1, 3, 2, 4], "texture": "#16"}
			}
		},
		{
			"from": [0, 16, -12],
			"to": [1, 17, 28],
			"faces": {
				"north": {"uv": [1, 3, 2, 4], "texture": "#16"},
				"east": {"uv": [1, 3, 2, 4], "texture": "#16"},
				"south": {"uv": [1, 3, 2, 4], "texture": "#16"},
				"west": {"uv": [1, 3, 2, 4], "texture": "#16"},
				"up": {"uv": [1, 3, 2, 4], "texture": "#16"},
				"down": {"uv": [1, 3, 2, 4], "texture": "#16"}
			}
		},
		{
			"from": [15, 16, -12],
			"to": [16, 17, 28],
			"faces": {
				"north": {"uv": [1, 3, 2, 4], "texture": "#16"},
				"east": {"uv": [1, 3, 2, 4], "texture": "#16"},
				"south": {"uv": [1, 3, 2, 4], "texture": "#16"},
				"west": {"uv": [1, 3, 2, 4], "texture": "#16"},
				"up": {"uv": [1, 3, 2, 4], "texture": "#16"},
				"down": {"uv": [1, 3, 2, 4], "texture": "#16"}
			}
		},
		{
			"from": [1, 16, -12],
			"to": [15, 17, -11],
			"faces": {
				"north": {"uv": [1, 3, 2, 4], "texture": "#16"},
				"east": {"uv": [1, 3, 2, 4], "texture": "#16"},
				"south": {"uv": [1, 3, 2, 4], "texture": "#16"},
				"west": {"uv": [1, 3, 2, 4], "texture": "#16"},
				"up": {"uv": [1, 3, 2, 4], "texture": "#16"},
				"down": {"uv": [1, 3, 2, 4], "texture": "#16"}
			}
		},
		{
			"from": [1, 16, 27],
			"to": [15, 17, 28],
			"faces": {
				"north": {"uv": [1, 3, 2, 4], "texture": "#16"},
				"east": {"uv": [1, 3, 2, 4], "texture": "#16"},
				"south": {"uv": [1, 3, 2, 4], "texture": "#16"},
				"west": {"uv": [1, 3, 2, 4], "texture": "#16"},
				"up": {"uv": [1, 3, 2, 4], "texture": "#16"},
				"down": {"uv": [1, 3, 2, 4], "texture": "#16"}
			}
		},
		{
			"from": [3, 3, -8.8],
			"to": [6, 4.25, -5.8],
			"faces": {
				"north": {"uv": [0, 0, 3, 1.25], "texture": "#missing"},
				"east": {"uv": [0, 0, 3, 1.25], "texture": "#missing"},
				"south": {"uv": [0, 0, 3, 1.25], "texture": "#missing"},
				"west": {"uv": [0, 0, 3, 1.25], "texture": "#missing"},
				"up": {"uv": [2, 0, 4, 2], "texture": "#4"},
				"down": {"uv": [0, 0, 3, 3], "texture": "#missing"}
			}
		},
		{
			"from": [2, 3, -9.8],
			"to": [6, 4.75, -8.8],
			"faces": {
				"north": {"uv": [0, 4, 1, 7], "texture": "#16"},
				"east": {"uv": [0, 4, 1, 7], "texture": "#16"},
				"south": {"uv": [0, 4, 1, 7], "texture": "#16"},
				"west": {"uv": [0, 4, 1, 7], "texture": "#16"},
				"up": {"uv": [0, 4, 1, 7], "texture": "#16"},
				"down": {"uv": [0, 4, 1, 7], "texture": "#16"}
			}
		},
		{
			"from": [3, 3, -5.8],
			"to": [7, 4.75, -4.8],
			"faces": {
				"north": {"uv": [0, 4, 1, 7], "texture": "#16"},
				"east": {"uv": [0, 4, 1, 7], "texture": "#16"},
				"south": {"uv": [0, 4, 1, 7], "texture": "#16"},
				"west": {"uv": [0, 4, 1, 7], "texture": "#16"},
				"up": {"uv": [0, 4, 1, 7], "texture": "#16"},
				"down": {"uv": [0, 4, 1, 7], "texture": "#16"}
			}
		},
		{
			"from": [2, 3, -8.8],
			"to": [3, 4.75, -4.8],
			"faces": {
				"north": {"uv": [0, 4, 1, 7], "texture": "#16"},
				"east": {"uv": [0, 4, 1, 7], "texture": "#16"},
				"south": {"uv": [0, 4, 1, 7], "texture": "#16"},
				"west": {"uv": [0, 4, 1, 7], "texture": "#16"},
				"up": {"uv": [0, 4, 1, 7], "texture": "#16"},
				"down": {"uv": [0, 4, 1, 7], "texture": "#16"}
			}
		},
		{
			"from": [6, 3, -9.8],
			"to": [7, 4.75, -5.8],
			"faces": {
				"north": {"uv": [0, 4, 1, 7], "texture": "#16"},
				"east": {"uv": [0, 4, 1, 7], "texture": "#16"},
				"south": {"uv": [0, 4, 1, 7], "texture": "#16"},
				"west": {"uv": [0, 4, 1, 7], "texture": "#16"},
				"up": {"uv": [0, 4, 1, 7], "texture": "#16"},
				"down": {"uv": [0, 4, 1, 7], "texture": "#16"}
			}
		},
		{
			"from": [5.39, 5.736, -1.61],
			"to": [8.05, 7.256, 1.62],
			"faces": {
				"north": {"uv": [0, 0, 5.798, 4.968], "texture": "#1_2"},
				"east": {"uv": [0, 0, 7.346, 4.968], "texture": "#1_2"},
				"south": {"uv": [0, 0, 7.346, 4.968], "texture": "#1_2"},
				"west": {"uv": [0, 0, 7.346, 4.968], "texture": "#1_2"},
				"up": {"uv": [0, 0, 9.807, 1.159], "rotation": 90, "texture": "#1_2"},
				"down": {"uv": [0, 4.387, 9.807, 5.545], "rotation": 90, "texture": "#1_2"}
			}
		},
		{
			"from": [5.39, 5.166, -1.42],
			"to": [8.05, 5.736, 1.012],
			"faces": {
				"north": {"uv": [1.936, 5.161, 4.643, 6.812], "texture": "#1_2"},
				"east": {"uv": [1.936, 5.161, 4.643, 6.812], "texture": "#1_2"},
				"south": {"uv": [1.936, 5.161, 4.643, 6.812], "texture": "#1_2"},
				"west": {"uv": [1.936, 5.161, 4.643, 6.812], "texture": "#1_2"},
				"up": {"uv": [1.936, 5.161, 4.643, 6.812], "texture": "#1_2"},
				"down": {"uv": [1.936, 5.161, 4.643, 6.812], "texture": "#1_2"}
			}
		},
		{
			"from": [6.34, 4.444, -0.66],
			"to": [7.1, 5.394, 1.62],
			"faces": {
				"north": {"uv": [1.936, 5.161, 4.643, 6.812], "texture": "#1_2"},
				"east": {"uv": [1.936, 5.161, 4.643, 6.812], "texture": "#1_2"},
				"south": {"uv": [1.936, 5.161, 4.643, 6.812], "texture": "#1_2"},
				"west": {"uv": [1.936, 5.161, 4.643, 6.812], "texture": "#1_2"},
				"up": {"uv": [1.936, 5.161, 4.643, 6.812], "texture": "#1_2"},
				"down": {"uv": [1.936, 5.161, 4.643, 6.812], "texture": "#1_2"}
			}
		},
		{
			"from": [5.58, 4.216, 1.05],
			"to": [7.86, 6.876, 6.94],
			"faces": {
				"north": {"uv": [0, 1.032, 9.806, 4.771], "texture": "#1_2"},
				"east": {"uv": [0, 1.032, 9.806, 4.771], "texture": "#1_2"},
				"south": {"uv": [0, 0, 7.346, 4.968], "texture": "#1_2"},
				"west": {"uv": [0, 1.032, 9.806, 4.771], "texture": "#1_2"},
				"up": {"uv": [0, 0, 9.807, 1.159], "rotation": 90, "texture": "#1_2"},
				"down": {"uv": [0, 4.128, 9.807, 5.027], "rotation": 90, "texture": "#1_2"}
			}
		},
		{
			"from": [5.96, 2.126, 8.08],
			"to": [7.48, 3.836, 11.88],
			"rotation": {"angle": 22.5, "axis": "x", "origin": [11.66, 8.016, 14.16]},
			"faces": {
				"north": {"uv": [0, 0, 2, 2.25], "texture": "#missing"},
				"east": {"uv": [0, 0, 7.346, 4.968], "texture": "#1_2"},
				"south": {"uv": [0, 0, 7.346, 4.968], "texture": "#1_2"},
				"west": {"uv": [0, 0, 7.346, 4.968], "texture": "#1_2"},
				"up": {"uv": [0, 0, 9.807, 1.159], "rotation": 90, "texture": "#1_2"},
				"down": {"uv": [0, 4.258, 9.807, 5.027], "rotation": 90, "texture": "#1_2"}
			}
		},
		{
			"from": [6.15, 3.44686, 9.79955],
			"to": [7.29, 4.77686, 12.83955],
			"faces": {
				"north": {"uv": [0, 0, 5.29, 4.46], "texture": "#missing"},
				"east": {"uv": [0, 0, 7.346, 4.968], "texture": "#1_2"},
				"south": {"uv": [0, 0, 7.346, 4.968], "texture": "#1_2"},
				"west": {"uv": [0, 0, 7.346, 4.968], "texture": "#1_2"},
				"up": {"uv": [0, 0, 9.807, 1.159], "rotation": 90, "texture": "#1_2"},
				"down": {"uv": [0, 4.258, 9.807, 5.027], "rotation": 90, "texture": "#1_2"}
			}
		},
		{
			"from": [6.34, 3.44686, 12.83955],
			"to": [7.1, 4.39686, 15.87955],
			"faces": {
				"north": {"uv": [0, 0, 5.29, 4.46], "texture": "#missing"},
				"east": {"uv": [0, 0, 7.346, 4.968], "texture": "#1_2"},
				"south": {"uv": [0, 0, 7.346, 4.968], "texture": "#1_2"},
				"west": {"uv": [0, 0, 7.346, 4.968], "texture": "#1_2"},
				"up": {"uv": [0, 0, 9.807, 1.159], "rotation": 90, "texture": "#1_2"},
				"down": {"uv": [0, 4.258, 9.807, 5.027], "rotation": 90, "texture": "#1_2"}
			}
		},
		{
			"from": [8.05, 6.914, -3.89],
			"to": [8.43, 8.054, -2.75],
			"rotation": {"angle": -45, "axis": "x", "origin": [14.7, 12.006, 0.48]},
			"faces": {
				"north": {"uv": [0, 5.161, 1.935, 6.834], "rotation": 90, "texture": "#1_2"},
				"east": {"uv": [0, 5.161, 1.935, 6.834], "rotation": 90, "texture": "#1_2"},
				"south": {"uv": [0, 5.161, 1.935, 6.834], "rotation": 90, "texture": "#1_2"},
				"west": {"uv": [0, 5.161, 1.935, 6.834], "rotation": 90, "texture": "#1_2"},
				"up": {"uv": [0, 5.161, 1.935, 6.834], "rotation": 90, "texture": "#1_2"},
				"down": {"uv": [0, 5.161, 1.935, 6.834], "rotation": 90, "texture": "#1_2"}
			}
		},
		{
			"from": [5.01, 6.914, -3.89],
			"to": [5.39, 8.054, -2.75],
			"rotation": {"angle": -45, "axis": "x", "origin": [11.66, 12.006, 0.48]},
			"faces": {
				"north": {"uv": [0, 5.161, 1.935, 6.834], "rotation": 90, "texture": "#1_2"},
				"east": {"uv": [0, 5.161, 1.935, 6.834], "rotation": 90, "texture": "#1_2"},
				"south": {"uv": [0, 5.161, 1.935, 6.834], "rotation": 90, "texture": "#1_2"},
				"west": {"uv": [0, 5.161, 1.935, 6.834], "rotation": 90, "texture": "#1_2"},
				"up": {"uv": [0, 5.161, 1.935, 6.834], "rotation": 90, "texture": "#1_2"},
				"down": {"uv": [0, 5.161, 1.935, 6.834], "rotation": 90, "texture": "#1_2"}
			}
		},
		{
			"from": [5.39, 7.256, -0.47],
			"to": [8.05, 7.636, 1.62],
			"faces": {
				"north": {"uv": [0, 0, 9.807, 1.159], "rotation": 90, "texture": "#1_2"},
				"east": {"uv": [0, 0, 9.807, 1.159], "rotation": 90, "texture": "#1_2"},
				"south": {"uv": [0, 0, 9.807, 1.159], "rotation": 90, "texture": "#1_2"},
				"west": {"uv": [0, 0, 9.807, 1.159], "rotation": 90, "texture": "#1_2"},
				"up": {"uv": [0, 0, 9.807, 1.159], "rotation": 90, "texture": "#1_2"},
				"down": {"uv": [0, 0, 9.807, 1.159], "rotation": 90, "texture": "#1_2"}
			}
		},
		{
			"from": [5.77, 6.876, 1.62],
			"to": [7.67, 7.256, 3.71],
			"faces": {
				"north": {"uv": [0, 0, 9.807, 1.159], "rotation": 90, "texture": "#1_2"},
				"east": {"uv": [0, 0, 9.807, 1.159], "rotation": 90, "texture": "#1_2"},
				"south": {"uv": [0, 0, 9.807, 1.159], "rotation": 90, "texture": "#1_2"},
				"west": {"uv": [0, 0, 9.807, 1.159], "rotation": 90, "texture": "#1_2"},
				"up": {"uv": [0, 0, 9.807, 1.159], "rotation": 90, "texture": "#1_2"},
				"down": {"uv": [0, 0, 9.807, 1.159], "rotation": 90, "texture": "#1_2"}
			}
		},
		{
			"from": [5.77, 3.836, 1.62],
			"to": [7.67, 4.216, 5.99],
			"faces": {
				"north": {"uv": [0, 4.258, 9.807, 5.027], "rotation": 90, "texture": "#1_2"},
				"east": {"uv": [0, 4.258, 9.807, 5.027], "rotation": 90, "texture": "#1_2"},
				"south": {"uv": [0, 4.258, 9.807, 5.027], "rotation": 90, "texture": "#1_2"},
				"west": {"uv": [0, 4.258, 9.807, 5.027], "rotation": 90, "texture": "#1_2"},
				"up": {"uv": [0, 4.258, 9.807, 5.027], "rotation": 90, "texture": "#1_2"},
				"down": {"uv": [0, 4.258, 9.807, 5.027], "rotation": 90, "texture": "#1_2"}
			}
		},
		{
			"from": [6.492, 3.608, 1.05],
			"to": [6.948, 4.558, 3.33],
			"faces": {
				"north": {"uv": [1.936, 5.161, 4.643, 6.812], "texture": "#1_2"},
				"east": {"uv": [1.936, 5.161, 4.643, 6.812], "texture": "#1_2"},
				"south": {"uv": [1.936, 5.161, 4.643, 6.812], "texture": "#1_2"},
				"west": {"uv": [1.936, 5.161, 4.643, 6.812], "texture": "#1_2"},
				"up": {"uv": [1.936, 5.161, 4.643, 6.812], "texture": "#1_2"},
				"down": {"uv": [1.936, 5.161, 4.643, 6.812], "texture": "#1_2"}
			}
		},
		{
			"from": [6.416, 5.31077, -5.47915],
			"to": [7.024, 6.52677, -4.71915],
			"rotation": {"angle": -45, "axis": "x", "origin": [11.66, 12.34077, -0.15915]},
			"faces": {
				"north": {"uv": [1.936, 5.161, 4.643, 6.812], "texture": "#1_2"},
				"east": {"uv": [1.936, 5.161, 4.643, 6.812], "texture": "#1_2"},
				"south": {"uv": [1.936, 5.161, 4.643, 6.812], "texture": "#1_2"},
				"west": {"uv": [1.936, 5.161, 4.643, 6.812], "texture": "#1_2"},
				"up": {"uv": [1.936, 5.161, 4.643, 6.812], "texture": "#1_2"},
				"down": {"uv": [1.936, 5.161, 4.643, 6.812], "texture": "#1_2"}
			}
		},
		{
			"from": [6.492, 3.44686, 15.87955],
			"to": [6.948, 4.01686, 18.91955],
			"faces": {
				"north": {"uv": [0, 0, 5.29, 4.46], "texture": "#missing"},
				"east": {"uv": [0, 0, 7.346, 4.968], "texture": "#1_2"},
				"south": {"uv": [0, 0, 9.807, 1.159], "rotation": 90, "texture": "#1_2"},
				"west": {"uv": [0, 0, 7.346, 4.968], "texture": "#1_2"},
				"up": {"uv": [0, 0, 9.807, 1.159], "rotation": 90, "texture": "#1_2"},
				"down": {"uv": [0, 4.258, 9.807, 5.027], "rotation": 90, "texture": "#1_2"}
			}
		},
		{
			"from": [5.352, 6.8, -0.204],
			"to": [5.352, 7.408, 0.746],
			"faces": {
				"north": {"uv": [0, 0, 1.25, 0.8], "texture": "#1_1"},
				"east": {"uv": [0, 0, 1.25, 0.8], "texture": "#1_1"},
				"south": {"uv": [0, 0, 1.25, 0.8], "texture": "#1_1"},
				"west": {"uv": [0, 0, 1.25, 0.8], "texture": "#1_1"},
				"up": {"uv": [0, 0, 1.25, 0.8], "texture": "#1_1"},
				"down": {"uv": [0, 0, 1.25, 0.8], "texture": "#1_1"}
			}
		},
		{
			"from": [8.088, 6.8, -0.204],
			"to": [8.088, 7.408, 0.746],
			"faces": {
				"north": {"uv": [0, 0, 1.25, 0.8], "texture": "#1_1"},
				"east": {"uv": [0, 0, 1.25, 0.8], "texture": "#1_1"},
				"south": {"uv": [0, 0, 1.25, 0.8], "texture": "#1_1"},
				"west": {"uv": [0, 0, 1.25, 0.8], "texture": "#1_1"},
				"up": {"uv": [0, 0, 1.25, 0.8], "texture": "#1_1"},
				"down": {"uv": [0, 0, 1.25, 0.8], "texture": "#1_1"}
			}
		},
		{
			"from": [4.934, 0.986, 3.216],
			"to": [5.58, 2.126, 3.786],
			"rotation": {"angle": 22.5, "axis": "x", "origin": [10.9, 6.686, 9.106]},
			"faces": {
				"north": {"uv": [0, 2.193, 1.653, 4.724], "texture": "#1_2"},
				"east": {"uv": [0, 2.193, 1.653, 4.724], "texture": "#1_2"},
				"south": {"uv": [0, 2.193, 1.653, 4.724], "texture": "#1_2"},
				"west": {"uv": [0, 2.193, 1.653, 4.724], "texture": "#1_2"},
				"up": {"uv": [0, 2.193, 1.653, 4.724], "texture": "#1_2"},
				"down": {"uv": [0, 2.193, 1.653, 4.724], "texture": "#1_2"}
			}
		},
		{
			"from": [4.896, 1.974, 3.596],
			"to": [5.58, 3.114, 4.546],
			"rotation": {"angle": 22.5, "axis": "x", "origin": [10.9, 8.054, 9.486]},
			"faces": {
				"north": {"uv": [0, 0.645, 2.282, 3.047], "texture": "#1_2"},
				"east": {"uv": [0, 0.645, 2.282, 3.047], "texture": "#1_2"},
				"south": {"uv": [0, 0.645, 2.282, 3.047], "texture": "#1_2"},
				"west": {"uv": [0, 0.645, 2.282, 3.047], "texture": "#1_2"},
				"up": {"uv": [0, 0, 2.282, 1.111], "texture": "#1_2"},
				"down": {"uv": [0, 0.645, 2.282, 3.047], "texture": "#1_2"}
			}
		},
		{
			"from": [5.01, 5.60576, 2.55843],
			"to": [5.58, 6.17576, 3.69843],
			"rotation": {"angle": -22.5, "axis": "x", "origin": [10.9, 0.28576, 8.25843]},
			"faces": {
				"north": {"uv": [15.225, 4.258, 15.975, 5.758], "rotation": 90, "texture": "#1_2"},
				"east": {"uv": [15.225, 4.258, 15.975, 5.758], "rotation": 90, "texture": "#1_2"},
				"south": {"uv": [15.225, 4.258, 15.975, 5.758], "rotation": 90, "texture": "#1_2"},
				"west": {"uv": [15.225, 4.258, 15.975, 5.758], "rotation": 90, "texture": "#1_2"},
				"up": {"uv": [15.225, 4.258, 15.975, 5.758], "rotation": 90, "texture": "#1_2"},
				"down": {"uv": [15.225, 4.258, 15.975, 5.758], "rotation": 90, "texture": "#1_2"}
			}
		},
		{
			"from": [5.2, 3.0195, -0.56356],
			"to": [5.466, 3.2855, 0.19644],
			"faces": {
				"north": {"uv": [15.225, 4.258, 15.975, 5.758], "rotation": 90, "texture": "#1_2"},
				"east": {"uv": [15.225, 4.258, 15.975, 5.758], "rotation": 90, "texture": "#1_2"},
				"south": {"uv": [15.225, 4.258, 15.975, 5.758], "rotation": 90, "texture": "#1_2"},
				"west": {"uv": [15.225, 4.258, 15.975, 5.758], "rotation": 90, "texture": "#1_2"},
				"up": {"uv": [15.225, 4.258, 15.975, 5.758], "rotation": 90, "texture": "#1_2"},
				"down": {"uv": [15.225, 4.258, 15.975, 5.758], "rotation": 90, "texture": "#1_2"}
			}
		},
		{
			"from": [4.934, 3.0195, 0.19644],
			"to": [5.656, 3.3615, 0.95644],
			"faces": {
				"north": {"uv": [15.225, 4.258, 15.975, 5.758], "rotation": 90, "texture": "#1_2"},
				"east": {"uv": [15.225, 4.258, 15.975, 5.758], "rotation": 90, "texture": "#1_2"},
				"south": {"uv": [15.225, 4.258, 15.975, 5.758], "rotation": 90, "texture": "#1_2"},
				"west": {"uv": [15.225, 4.258, 15.975, 5.758], "rotation": 90, "texture": "#1_2"},
				"up": {"uv": [15.225, 4.258, 15.975, 5.758], "rotation": 90, "texture": "#1_2"},
				"down": {"uv": [15.225, 4.258, 15.975, 5.758], "rotation": 90, "texture": "#1_2"}
			}
		},
		{
			"from": [3.30154, 3.0195, 1.19792],
			"to": [3.56754, 3.2855, 1.95792],
			"rotation": {"angle": -22.5, "axis": "y", "origin": [8.81154, -2.3005, 6.51792]},
			"faces": {
				"north": {"uv": [15.225, 4.258, 15.975, 5.758], "rotation": 90, "texture": "#1_2"},
				"east": {"uv": [15.225, 4.258, 15.975, 5.758], "rotation": 90, "texture": "#1_2"},
				"south": {"uv": [15.225, 4.258, 15.975, 5.758], "rotation": 90, "texture": "#1_2"},
				"west": {"uv": [15.225, 4.258, 15.975, 5.758], "rotation": 90, "texture": "#1_2"},
				"up": {"uv": [15.225, 4.258, 15.975, 5.758], "rotation": 90, "texture": "#1_2"},
				"down": {"uv": [15.225, 4.258, 15.975, 5.758], "rotation": 90, "texture": "#1_2"}
			}
		},
		{
			"from": [6.27986, 3.0195, -2.91746],
			"to": [6.54586, 3.2855, -2.15746],
			"rotation": {"angle": 22.5, "axis": "y", "origin": [11.78986, -2.3005, 2.40254]},
			"faces": {
				"north": {"uv": [15.225, 4.258, 15.975, 5.758], "rotation": 90, "texture": "#1_2"},
				"east": {"uv": [15.225, 4.258, 15.975, 5.758], "rotation": 90, "texture": "#1_2"},
				"south": {"uv": [15.225, 4.258, 15.975, 5.758], "rotation": 90, "texture": "#1_2"},
				"west": {"uv": [15.225, 4.258, 15.975, 5.758], "rotation": 90, "texture": "#1_2"},
				"up": {"uv": [15.225, 4.258, 15.975, 5.758], "rotation": 90, "texture": "#1_2"},
				"down": {"uv": [15.225, 4.258, 15.975, 5.758], "rotation": 90, "texture": "#1_2"}
			}
		},
		{
			"from": [5.01, 3.2095, 0.42444],
			"to": [5.58, 3.4755, 0.95644],
			"faces": {
				"north": {"uv": [15.225, 4.258, 15.975, 5.758], "rotation": 90, "texture": "#1_2"},
				"east": {"uv": [15.225, 4.258, 15.975, 5.758], "rotation": 90, "texture": "#1_2"},
				"south": {"uv": [15.225, 4.258, 15.975, 5.758], "rotation": 90, "texture": "#1_2"},
				"west": {"uv": [15.225, 4.258, 15.975, 5.758], "rotation": 90, "texture": "#1_2"},
				"up": {"uv": [15.225, 4.258, 15.975, 5.758], "rotation": 90, "texture": "#1_2"},
				"down": {"uv": [15.225, 4.258, 15.975, 5.758], "rotation": 90, "texture": "#1_2"}
			}
		},
		{
			"from": [5.276, 3.0195, -0.86756],
			"to": [5.39, 3.1715, -0.56356],
			"faces": {
				"north": {"uv": [0, 0, 0.2, 0.4], "rotation": 270, "texture": "#1_1"},
				"east": {"uv": [0, 0, 0.2, 0.4], "rotation": 270, "texture": "#1_1"},
				"south": {"uv": [0, 0, 0.2, 0.4], "rotation": 270, "texture": "#1_1"},
				"west": {"uv": [0, 0, 0.2, 0.4], "rotation": 270, "texture": "#1_1"},
				"up": {"uv": [0, 0, 0.2, 0.4], "rotation": 270, "texture": "#1_1"},
				"down": {"uv": [0, 0, 0.2, 0.4], "rotation": 270, "texture": "#1_1"}
			}
		},
		{
			"from": [6.06502, 3.0195, -3.16361],
			"to": [6.17902, 3.1715, -2.85961],
			"rotation": {"angle": 22.5, "axis": "y", "origin": [11.49902, -2.3005, 1.70039]},
			"faces": {
				"north": {"uv": [0, 0, 0.2, 0.4], "rotation": 270, "texture": "#1_1"},
				"east": {"uv": [0, 0, 0.2, 0.4], "rotation": 270, "texture": "#1_1"},
				"south": {"uv": [0, 0, 0.2, 0.4], "rotation": 270, "texture": "#1_1"},
				"west": {"uv": [0, 0, 0.2, 0.4], "rotation": 270, "texture": "#1_1"},
				"up": {"uv": [0, 0, 0.2, 0.4], "rotation": 270, "texture": "#1_1"},
				"down": {"uv": [0, 0, 0.2, 0.4], "rotation": 270, "texture": "#1_1"}
			}
		},
		{
			"from": [3.66838, 3.0195, 0.95177],
			"to": [3.78238, 3.1715, 1.25577],
			"rotation": {"angle": -22.5, "axis": "y", "origin": [9.10238, -2.3005, 5.81577]},
			"faces": {
				"north": {"uv": [0, 0, 0.2, 0.4], "rotation": 270, "texture": "#1_1"},
				"east": {"uv": [0, 0, 0.2, 0.4], "rotation": 270, "texture": "#1_1"},
				"south": {"uv": [0, 0, 0.2, 0.4], "rotation": 270, "texture": "#1_1"},
				"west": {"uv": [0, 0, 0.2, 0.4], "rotation": 270, "texture": "#1_1"},
				"up": {"uv": [0, 0, 0.2, 0.4], "rotation": 270, "texture": "#1_1"},
				"down": {"uv": [0, 0, 0.2, 0.4], "rotation": 270, "texture": "#1_1"}
			}
		},
		{
			"from": [7.974, 0.986, 3.216],
			"to": [8.544, 2.126, 3.786],
			"rotation": {"angle": 22.5, "axis": "x", "origin": [13.864, 6.686, 9.106]},
			"faces": {
				"north": {"uv": [0, 2.193, 1.653, 4.724], "texture": "#1_2"},
				"east": {"uv": [0, 2.193, 1.653, 4.724], "texture": "#1_2"},
				"south": {"uv": [0, 2.193, 1.653, 4.724], "texture": "#1_2"},
				"west": {"uv": [0, 2.193, 1.653, 4.724], "texture": "#1_2"},
				"up": {"uv": [0, 2.193, 1.653, 4.724], "texture": "#1_2"},
				"down": {"uv": [0, 2.193, 1.653, 4.724], "texture": "#1_2"}
			}
		},
		{
			"from": [7.86, 1.974, 3.596],
			"to": [8.62, 3.114, 4.546],
			"rotation": {"angle": 22.5, "axis": "x", "origin": [13.864, 8.054, 9.486]},
			"faces": {
				"north": {"uv": [0, 0.645, 2.282, 3.047], "texture": "#1_2"},
				"east": {"uv": [0, 0.645, 2.282, 3.047], "texture": "#1_2"},
				"south": {"uv": [0, 0.645, 2.282, 3.047], "texture": "#1_2"},
				"west": {"uv": [0, 0.645, 2.282, 3.047], "texture": "#1_2"},
				"up": {"uv": [0, 0, 2.282, 1.111], "texture": "#1_2"},
				"down": {"uv": [0, 0.645, 2.282, 3.047], "texture": "#1_2"}
			}
		},
		{
			"from": [7.974, 5.60576, 2.55843],
			"to": [8.468, 6.17576, 3.69843],
			"rotation": {"angle": -22.5, "axis": "x", "origin": [13.864, 0.28576, 8.25843]},
			"faces": {
				"north": {"uv": [15.225, 4.258, 15.975, 5.758], "rotation": 90, "texture": "#1_2"},
				"east": {"uv": [15.225, 4.258, 15.975, 5.758], "rotation": 90, "texture": "#1_2"},
				"south": {"uv": [15.225, 4.258, 15.975, 5.758], "rotation": 90, "texture": "#1_2"},
				"west": {"uv": [15.225, 4.258, 15.975, 5.758], "rotation": 90, "texture": "#1_2"},
				"up": {"uv": [15.225, 4.258, 15.975, 5.758], "rotation": 90, "texture": "#1_2"},
				"down": {"uv": [15.225, 4.258, 15.975, 5.758], "rotation": 90, "texture": "#1_2"}
			}
		},
		{
			"from": [8.164, 3.0195, -0.56356],
			"to": [8.43, 3.2855, 0.19644],
			"faces": {
				"north": {"uv": [15.225, 4.258, 15.975, 5.758], "rotation": 90, "texture": "#1_2"},
				"east": {"uv": [15.225, 4.258, 15.975, 5.758], "rotation": 90, "texture": "#1_2"},
				"south": {"uv": [15.225, 4.258, 15.975, 5.758], "rotation": 90, "texture": "#1_2"},
				"west": {"uv": [15.225, 4.258, 15.975, 5.758], "rotation": 90, "texture": "#1_2"},
				"up": {"uv": [15.225, 4.258, 15.975, 5.758], "rotation": 90, "texture": "#1_2"},
				"down": {"uv": [15.225, 4.258, 15.975, 5.758], "rotation": 90, "texture": "#1_2"}
			}
		},
		{
			"from": [7.898, 3.0195, 0.19644],
			"to": [8.62, 3.3615, 0.95644],
			"faces": {
				"north": {"uv": [15.225, 4.258, 15.975, 5.758], "rotation": 90, "texture": "#1_2"},
				"east": {"uv": [15.225, 4.258, 15.975, 5.758], "rotation": 90, "texture": "#1_2"},
				"south": {"uv": [15.225, 4.258, 15.975, 5.758], "rotation": 90, "texture": "#1_2"},
				"west": {"uv": [15.225, 4.258, 15.975, 5.758], "rotation": 90, "texture": "#1_2"},
				"up": {"uv": [15.225, 4.258, 15.975, 5.758], "rotation": 90, "texture": "#1_2"},
				"down": {"uv": [15.225, 4.258, 15.975, 5.758], "rotation": 90, "texture": "#1_2"}
			}
		},
		{
			"from": [6.26554, 3.0195, 1.19792],
			"to": [6.53154, 3.2855, 1.95792],
			"rotation": {"angle": -22.5, "axis": "y", "origin": [11.77554, -2.3005, 6.51792]},
			"faces": {
				"north": {"uv": [15.225, 4.258, 15.975, 5.758], "rotation": 90, "texture": "#1_2"},
				"east": {"uv": [15.225, 4.258, 15.975, 5.758], "rotation": 90, "texture": "#1_2"},
				"south": {"uv": [15.225, 4.258, 15.975, 5.758], "rotation": 90, "texture": "#1_2"},
				"west": {"uv": [15.225, 4.258, 15.975, 5.758], "rotation": 90, "texture": "#1_2"},
				"up": {"uv": [15.225, 4.258, 15.975, 5.758], "rotation": 90, "texture": "#1_2"},
				"down": {"uv": [15.225, 4.258, 15.975, 5.758], "rotation": 90, "texture": "#1_2"}
			}
		},
		{
			"from": [9.24386, 3.0195, -2.91746],
			"to": [9.50986, 3.2855, -2.15746],
			"rotation": {"angle": 22.5, "axis": "y", "origin": [14.75386, -2.3005, 2.40254]},
			"faces": {
				"north": {"uv": [15.225, 4.258, 15.975, 5.758], "rotation": 90, "texture": "#1_2"},
				"east": {"uv": [15.225, 4.258, 15.975, 5.758], "rotation": 90, "texture": "#1_2"},
				"south": {"uv": [15.225, 4.258, 15.975, 5.758], "rotation": 90, "texture": "#1_2"},
				"west": {"uv": [15.225, 4.258, 15.975, 5.758], "rotation": 90, "texture": "#1_2"},
				"up": {"uv": [15.225, 4.258, 15.975, 5.758], "rotation": 90, "texture": "#1_2"},
				"down": {"uv": [15.225, 4.258, 15.975, 5.758], "rotation": 90, "texture": "#1_2"}
			}
		},
		{
			"from": [7.974, 3.2095, 0.42444],
			"to": [8.544, 3.4755, 0.95644],
			"faces": {
				"north": {"uv": [15.225, 4.258, 15.975, 5.758], "rotation": 90, "texture": "#1_2"},
				"east": {"uv": [15.225, 4.258, 15.975, 5.758], "rotation": 90, "texture": "#1_2"},
				"south": {"uv": [15.225, 4.258, 15.975, 5.758], "rotation": 90, "texture": "#1_2"},
				"west": {"uv": [15.225, 4.258, 15.975, 5.758], "rotation": 90, "texture": "#1_2"},
				"up": {"uv": [15.225, 4.258, 15.975, 5.758], "rotation": 90, "texture": "#1_2"},
				"down": {"uv": [15.225, 4.258, 15.975, 5.758], "rotation": 90, "texture": "#1_2"}
			}
		},
		{
			"from": [9.02902, 3.0195, -3.16361],
			"to": [9.14302, 3.1715, -2.85961],
			"rotation": {"angle": 22.5, "axis": "y", "origin": [14.46302, -2.3005, 1.70039]},
			"faces": {
				"north": {"uv": [0, 0, 0.2, 0.4], "rotation": 270, "texture": "#1_1"},
				"east": {"uv": [0, 0, 0.2, 0.4], "rotation": 270, "texture": "#1_1"},
				"south": {"uv": [0, 0, 0.2, 0.4], "rotation": 270, "texture": "#1_1"},
				"west": {"uv": [0, 0, 0.2, 0.4], "rotation": 270, "texture": "#1_1"},
				"up": {"uv": [0, 0, 0.2, 0.4], "rotation": 270, "texture": "#1_1"},
				"down": {"uv": [0, 0, 0.2, 0.4], "rotation": 270, "texture": "#1_1"}
			}
		},
		{
			"from": [8.24, 3.0195, -0.86756],
			"to": [8.354, 3.1715, -0.56356],
			"faces": {
				"north": {"uv": [0, 0, 0.2, 0.4], "rotation": 270, "texture": "#1_1"},
				"east": {"uv": [0, 0, 0.2, 0.4], "rotation": 270, "texture": "#1_1"},
				"south": {"uv": [0, 0, 0.2, 0.4], "rotation": 270, "texture": "#1_1"},
				"west": {"uv": [0, 0, 0.2, 0.4], "rotation": 270, "texture": "#1_1"},
				"up": {"uv": [0, 0, 0.2, 0.4], "rotation": 270, "texture": "#1_1"},
				"down": {"uv": [0, 0, 0.2, 0.4], "rotation": 270, "texture": "#1_1"}
			}
		},
		{
			"from": [6.63238, 3.0195, 0.95177],
			"to": [6.74638, 3.1715, 1.25577],
			"rotation": {"angle": -22.5, "axis": "y", "origin": [12.06638, -2.3005, 5.81577]},
			"faces": {
				"north": {"uv": [0, 0, 0.2, 0.4], "rotation": 270, "texture": "#1_1"},
				"east": {"uv": [0, 0, 0.2, 0.4], "rotation": 270, "texture": "#1_1"},
				"south": {"uv": [0, 0, 0.2, 0.4], "rotation": 270, "texture": "#1_1"},
				"west": {"uv": [0, 0, 0.2, 0.4], "rotation": 270, "texture": "#1_1"},
				"up": {"uv": [0, 0, 0.2, 0.4], "rotation": 270, "texture": "#1_1"},
				"down": {"uv": [0, 0, 0.2, 0.4], "rotation": 270, "texture": "#1_1"}
			}
		},
		{
			"from": [4.7744, 7.57985, 5.77516],
			"to": [5.5724, 8.90985, 6.72516],
			"rotation": {"angle": -22.5, "axis": "x", "origin": [10.9, 2.44985, 12.42516]},
			"faces": {
				"north": {"uv": [0, 0, 2.694, 4.831], "texture": "#1_2"},
				"east": {"uv": [0, 0, 2.694, 4.831], "texture": "#1_2"},
				"south": {"uv": [0, 0, 2.694, 4.831], "texture": "#1_2"},
				"west": {"uv": [0, 0, 2.694, 4.831], "texture": "#1_2"},
				"up": {"uv": [0, 0, 2.694, 0.959], "texture": "#1_2"},
				"down": {"uv": [0, 0, 2.694, 4.831], "texture": "#1_2"}
			}
		},
		{
			"from": [4.7896, 2.39724, 5.49878],
			"to": [5.6104, 2.96724, 6.63878],
			"rotation": {"angle": 22.5, "axis": "x", "origin": [10.824, 8.66724, 11.95878]},
			"faces": {
				"north": {"uv": [0, 0, 1.08, 0.75], "texture": "#1_2"},
				"east": {"uv": [0, 0, 1.5, 0.75], "texture": "#missing"},
				"south": {"uv": [0, 0, 1.08, 0.75], "texture": "#missing"},
				"west": {"uv": [0, 0, 0.75, 1.5], "rotation": 270, "texture": "#1_2"},
				"up": {"uv": [0, 0, 1.08, 1.5], "texture": "#missing"},
				"down": {"uv": [0, 0, 1.08, 1.5], "texture": "#missing"}
			}
		},
		{
			"from": [4.934, 5.63953, 6.3471],
			"to": [5.428, 6.20953, 7.4871],
			"rotation": {"angle": -22.5, "axis": "x", "origin": [10.748, 0.31953, 12.0471]},
			"faces": {
				"north": {"uv": [5.161, 4.258, 5.911, 5.258], "rotation": 180, "texture": "#1_2"},
				"east": {"uv": [5.161, 4.258, 5.911, 5.258], "rotation": 180, "texture": "#1_2"},
				"south": {"uv": [5.161, 4.258, 5.911, 5.258], "rotation": 180, "texture": "#1_2"},
				"west": {"uv": [5.161, 4.258, 5.911, 5.258], "rotation": 180, "texture": "#1_2"},
				"up": {"uv": [5.161, 4.258, 5.911, 5.258], "rotation": 180, "texture": "#1_2"},
				"down": {"uv": [5.161, 4.258, 5.911, 5.258], "rotation": 180, "texture": "#1_2"}
			}
		},
		{
			"from": [4.858, 3.24328, 4.21311],
			"to": [5.428, 3.50928, 4.74511],
			"faces": {
				"north": {"uv": [5.161, 4.258, 5.911, 5.258], "rotation": 180, "texture": "#1_2"},
				"east": {"uv": [5.161, 4.258, 5.911, 5.258], "rotation": 180, "texture": "#1_2"},
				"south": {"uv": [5.161, 4.258, 5.911, 5.258], "rotation": 180, "texture": "#1_2"},
				"west": {"uv": [5.161, 4.258, 5.911, 5.258], "rotation": 180, "texture": "#1_2"},
				"up": {"uv": [5.161, 4.258, 5.911, 5.258], "rotation": 180, "texture": "#1_2"},
				"down": {"uv": [5.161, 4.258, 5.911, 5.258], "rotation": 180, "texture": "#1_2"}
			}
		},
		{
			"from": [4.782, 3.05328, 3.98511],
			"to": [5.504, 3.39528, 4.74511],
			"faces": {
				"north": {"uv": [5.161, 4.258, 5.911, 5.258], "rotation": 180, "texture": "#1_2"},
				"east": {"uv": [5.161, 4.258, 5.911, 5.258], "rotation": 180, "texture": "#1_2"},
				"south": {"uv": [5.161, 4.258, 5.911, 5.258], "rotation": 180, "texture": "#1_2"},
				"west": {"uv": [5.161, 4.258, 5.911, 5.258], "rotation": 180, "texture": "#1_2"},
				"up": {"uv": [5.161, 4.258, 5.911, 5.258], "rotation": 180, "texture": "#1_2"},
				"down": {"uv": [5.161, 4.258, 5.911, 5.258], "rotation": 180, "texture": "#1_2"}
			}
		},
		{
			"from": [6.12786, 3.05328, 0.87121],
			"to": [6.39386, 3.31928, 1.63121],
			"rotation": {"angle": 22.5, "axis": "y", "origin": [11.63786, -2.26672, 6.19121]},
			"faces": {
				"north": {"uv": [5.161, 4.258, 5.911, 5.258], "rotation": 180, "texture": "#1_2"},
				"east": {"uv": [5.161, 4.258, 5.911, 5.258], "rotation": 180, "texture": "#1_2"},
				"south": {"uv": [5.161, 4.258, 5.911, 5.258], "rotation": 180, "texture": "#1_2"},
				"west": {"uv": [5.161, 4.258, 5.911, 5.258], "rotation": 180, "texture": "#1_2"},
				"up": {"uv": [5.161, 4.258, 5.911, 5.258], "rotation": 180, "texture": "#1_2"},
				"down": {"uv": [5.161, 4.258, 5.911, 5.258], "rotation": 180, "texture": "#1_2"}
			}
		},
		{
			"from": [5.048, 3.05328, 3.22511],
			"to": [5.314, 3.31928, 3.98511],
			"faces": {
				"north": {"uv": [5.161, 4.258, 5.911, 5.258], "rotation": 180, "texture": "#1_2"},
				"east": {"uv": [5.161, 4.258, 5.911, 5.258], "rotation": 180, "texture": "#1_2"},
				"south": {"uv": [5.161, 4.258, 5.911, 5.258], "rotation": 180, "texture": "#1_2"},
				"west": {"uv": [5.161, 4.258, 5.911, 5.258], "rotation": 180, "texture": "#1_2"},
				"up": {"uv": [5.161, 4.258, 5.911, 5.258], "rotation": 180, "texture": "#1_2"},
				"down": {"uv": [5.161, 4.258, 5.911, 5.258], "rotation": 180, "texture": "#1_2"}
			}
		},
		{
			"from": [3.14954, 3.05328, 4.98659],
			"to": [3.41554, 3.31928, 5.74659],
			"rotation": {"angle": -22.5, "axis": "y", "origin": [8.65954, -2.26672, 10.30659]},
			"faces": {
				"north": {"uv": [5.161, 4.258, 5.911, 5.258], "rotation": 180, "texture": "#1_2"},
				"east": {"uv": [5.161, 4.258, 5.911, 5.258], "rotation": 180, "texture": "#1_2"},
				"south": {"uv": [5.161, 4.258, 5.911, 5.258], "rotation": 180, "texture": "#1_2"},
				"west": {"uv": [5.161, 4.258, 5.911, 5.258], "rotation": 180, "texture": "#1_2"},
				"up": {"uv": [5.161, 4.258, 5.911, 5.258], "rotation": 180, "texture": "#1_2"},
				"down": {"uv": [5.161, 4.258, 5.911, 5.258], "rotation": 180, "texture": "#1_2"}
			}
		},
		{
			"from": [3.51638, 3.05328, 4.74044],
			"to": [3.63038, 3.20528, 5.04444],
			"rotation": {"angle": -22.5, "axis": "y", "origin": [8.95038, -2.26672, 9.60444]},
			"faces": {
				"north": {"uv": [0, 0, 0.2, 0.4], "rotation": 270, "texture": "#1_1"},
				"east": {"uv": [0, 0, 0.2, 0.4], "rotation": 270, "texture": "#1_1"},
				"south": {"uv": [0, 0, 0.2, 0.4], "rotation": 270, "texture": "#1_1"},
				"west": {"uv": [0, 0, 0.2, 0.4], "rotation": 270, "texture": "#1_1"},
				"up": {"uv": [0, 0, 0.2, 0.4], "rotation": 270, "texture": "#1_1"},
				"down": {"uv": [0, 0, 0.2, 0.4], "rotation": 270, "texture": "#1_1"}
			}
		},
		{
			"from": [5.124, 3.05328, 2.92111],
			"to": [5.238, 3.20528, 3.22511],
			"faces": {
				"north": {"uv": [0, 0, 0.2, 0.4], "rotation": 270, "texture": "#1_1"},
				"east": {"uv": [0, 0, 0.2, 0.4], "rotation": 270, "texture": "#1_1"},
				"south": {"uv": [0, 0, 0.2, 0.4], "rotation": 270, "texture": "#1_1"},
				"west": {"uv": [0, 0, 0.2, 0.4], "rotation": 270, "texture": "#1_1"},
				"up": {"uv": [0, 0, 0.2, 0.4], "rotation": 270, "texture": "#1_1"},
				"down": {"uv": [0, 0, 0.2, 0.4], "rotation": 270, "texture": "#1_1"}
			}
		},
		{
			"from": [5.91302, 3.05328, 0.62506],
			"to": [6.02702, 3.20528, 0.92906],
			"rotation": {"angle": 22.5, "axis": "y", "origin": [11.34702, -2.26672, 5.48906]},
			"faces": {
				"north": {"uv": [0, 0, 0.2, 0.4], "rotation": 270, "texture": "#1_1"},
				"east": {"uv": [0, 0, 0.2, 0.4], "rotation": 270, "texture": "#1_1"},
				"south": {"uv": [0, 0, 0.2, 0.4], "rotation": 270, "texture": "#1_1"},
				"west": {"uv": [0, 0, 0.2, 0.4], "rotation": 270, "texture": "#1_1"},
				"up": {"uv": [0, 0, 0.2, 0.4], "rotation": 270, "texture": "#1_1"},
				"down": {"uv": [0, 0, 0.2, 0.4], "rotation": 270, "texture": "#1_1"}
			}
		},
		{
			"from": [4.7668, 2.36918, 1.48512],
			"to": [5.6408, 3.12918, 3.19512],
			"rotation": {"angle": 22.5, "axis": "x", "origin": [10.862, -2.95082, 7.75512]},
			"faces": {
				"north": {"uv": [0, 2.71, 1, 4.96], "rotation": 270, "texture": "#1_2"},
				"east": {"uv": [0, 2.71, 1, 4.96], "rotation": 270, "texture": "#1_2"},
				"south": {"uv": [0, 4.129, 1.128, 4.96], "rotation": 270, "texture": "#1_2"},
				"west": {"uv": [0, 2.71, 1, 4.96], "rotation": 270, "texture": "#1_2"},
				"up": {"uv": [0, 2.71, 1, 4.96], "texture": "#1_2"},
				"down": {"uv": [0, 2.71, 1, 4.96], "rotation": 270, "texture": "#1_2"}
			}
		},
		{
			"from": [4.782, 2.74719, 6.51182],
			"to": [5.656, 3.81119, 7.27182],
			"rotation": {"angle": -22.5, "axis": "x", "origin": [10.786, -2.76281, 1.19182]},
			"faces": {
				"north": {"uv": [0, 2.322, 2.694, 3.41], "texture": "#1_2"},
				"east": {"uv": [0, 2.322, 2.694, 3.41], "texture": "#1_2"},
				"south": {"uv": [0, 2.322, 2.694, 3.41], "texture": "#1_2"},
				"west": {"uv": [0, 2.322, 2.694, 3.41], "texture": "#1_2"},
				"up": {"uv": [0, 2.322, 2.694, 3.41], "texture": "#1_2"},
				"down": {"uv": [0, 2.322, 2.694, 3.41], "texture": "#1_2"}
			}
		},
		{
			"from": [4.858, 3.48954, 5.03834],
			"to": [5.428, 4.43954, 5.79834],
			"faces": {
				"north": {"uv": [5.161, 4.258, 5.911, 5.258], "rotation": 180, "texture": "#1_2"},
				"east": {"uv": [5.161, 4.258, 5.911, 5.258], "rotation": 180, "texture": "#1_2"},
				"south": {"uv": [5.161, 4.258, 5.911, 5.258], "rotation": 180, "texture": "#1_2"},
				"west": {"uv": [5.161, 4.258, 5.911, 5.258], "rotation": 180, "texture": "#1_2"},
				"up": {"uv": [5.161, 4.258, 5.911, 5.258], "rotation": 180, "texture": "#1_2"},
				"down": {"uv": [5.161, 4.258, 5.911, 5.258], "rotation": 180, "texture": "#1_2"}
			}
		},
		{
			"from": [4.706, 4.67882, 4.68691],
			"to": [5.58, 6.23682, 6.39691],
			"faces": {
				"north": {"uv": [0, 0, 2.694, 4.831], "texture": "#1_2"},
				"east": {"uv": [0, 0, 2.694, 4.831], "texture": "#1_2"},
				"south": {"uv": [0, 0, 2.694, 4.831], "texture": "#1_2"},
				"west": {"uv": [0, 0, 2.694, 4.831], "texture": "#1_2"},
				"up": {"uv": [0, 0, 2.694, 1.088], "texture": "#1_2"},
				"down": {"uv": [0.645, 3.871, 2.307, 4.959], "texture": "#1_2"}
			}
		},
		{
			"from": [7.8676, 7.57985, 5.77516],
			"to": [8.6656, 8.90985, 6.72516],
			"rotation": {"angle": -22.5, "axis": "x", "origin": [2.54, 2.44985, 12.42516]},
			"faces": {
				"north": {"uv": [2.694, 0, 0, 4.831], "texture": "#1_2"},
				"east": {"uv": [2.694, 0, 0, 4.831], "texture": "#1_2"},
				"south": {"uv": [2.694, 0, 0, 4.831], "texture": "#1_2"},
				"west": {"uv": [2.694, 0, 0, 4.831], "texture": "#1_2"},
				"up": {"uv": [2.694, 0, 0, 0.959], "texture": "#1_2"},
				"down": {"uv": [2.694, 0, 0, 4.831], "texture": "#1_2"}
			}
		},
		{
			"from": [7.8296, 2.39724, 5.49878],
			"to": [8.6504, 2.96724, 6.63878],
			"rotation": {"angle": 22.5, "axis": "x", "origin": [2.616, 8.66724, 11.95878]},
			"faces": {
				"north": {"uv": [1.08, 0, 0, 0.75], "texture": "#1_2"},
				"east": {"uv": [1.08, 0, 0, 0.75], "texture": "#1_2"},
				"south": {"uv": [1.08, 0, 0, 0.75], "texture": "#1_2"},
				"west": {"uv": [1.08, 0, 0, 0.75], "texture": "#1_2"},
				"up": {"uv": [1.08, 0, 0, 0.75], "texture": "#1_2"},
				"down": {"uv": [1.08, 0, 0, 0.75], "texture": "#1_2"}
			}
		},
		{
			"from": [8.012, 5.63953, 6.3471],
			"to": [8.506, 6.20953, 7.4871],
			"rotation": {"angle": -22.5, "axis": "x", "origin": [2.692, 0.31953, 12.0471]},
			"faces": {
				"north": {"uv": [5.911, 4.258, 5.161, 5.258], "rotation": 180, "texture": "#1_2"},
				"east": {"uv": [5.911, 4.258, 5.161, 5.258], "rotation": 180, "texture": "#1_2"},
				"south": {"uv": [5.911, 4.258, 5.161, 5.258], "rotation": 180, "texture": "#1_2"},
				"west": {"uv": [5.911, 4.258, 5.161, 5.258], "rotation": 180, "texture": "#1_2"},
				"up": {"uv": [5.911, 4.258, 5.161, 5.258], "rotation": 180, "texture": "#1_2"},
				"down": {"uv": [5.911, 4.258, 5.161, 5.258], "rotation": 180, "texture": "#1_2"}
			}
		},
		{
			"from": [8.012, 3.24328, 4.21311],
			"to": [8.582, 3.50928, 4.74511],
			"faces": {
				"north": {"uv": [5.911, 4.258, 5.161, 5.258], "rotation": 180, "texture": "#1_2"},
				"east": {"uv": [5.911, 4.258, 5.161, 5.258], "rotation": 180, "texture": "#1_2"},
				"south": {"uv": [5.911, 4.258, 5.161, 5.258], "rotation": 180, "texture": "#1_2"},
				"west": {"uv": [5.911, 4.258, 5.161, 5.258], "rotation": 180, "texture": "#1_2"},
				"up": {"uv": [5.911, 4.258, 5.161, 5.258], "rotation": 180, "texture": "#1_2"},
				"down": {"uv": [5.911, 4.258, 5.161, 5.258], "rotation": 180, "texture": "#1_2"}
			}
		},
		{
			"from": [7.936, 3.05328, 3.98511],
			"to": [8.658, 3.39528, 4.74511],
			"faces": {
				"north": {"uv": [5.911, 4.258, 5.161, 5.258], "rotation": 180, "texture": "#1_2"},
				"east": {"uv": [5.911, 4.258, 5.161, 5.258], "rotation": 180, "texture": "#1_2"},
				"south": {"uv": [5.911, 4.258, 5.161, 5.258], "rotation": 180, "texture": "#1_2"},
				"west": {"uv": [5.911, 4.258, 5.161, 5.258], "rotation": 180, "texture": "#1_2"},
				"up": {"uv": [5.911, 4.258, 5.161, 5.258], "rotation": 180, "texture": "#1_2"},
				"down": {"uv": [5.911, 4.258, 5.161, 5.258], "rotation": 180, "texture": "#1_2"}
			}
		},
		{
			"from": [7.04614, 3.05328, 0.87121],
			"to": [7.31214, 3.31928, 1.63121],
			"rotation": {"angle": -22.5, "axis": "y", "origin": [1.80214, -2.26672, 6.19121]},
			"faces": {
				"north": {"uv": [5.911, 4.258, 5.161, 5.258], "rotation": 180, "texture": "#1_2"},
				"east": {"uv": [5.911, 4.258, 5.161, 5.258], "rotation": 180, "texture": "#1_2"},
				"south": {"uv": [5.911, 4.258, 5.161, 5.258], "rotation": 180, "texture": "#1_2"},
				"west": {"uv": [5.911, 4.258, 5.161, 5.258], "rotation": 180, "texture": "#1_2"},
				"up": {"uv": [5.911, 4.258, 5.161, 5.258], "rotation": 180, "texture": "#1_2"},
				"down": {"uv": [5.911, 4.258, 5.161, 5.258], "rotation": 180, "texture": "#1_2"}
			}
		},
		{
			"from": [8.126, 3.05328, 3.22511],
			"to": [8.392, 3.31928, 3.98511],
			"faces": {
				"north": {"uv": [5.911, 4.258, 5.161, 5.258], "rotation": 180, "texture": "#1_2"},
				"east": {"uv": [5.911, 4.258, 5.161, 5.258], "rotation": 180, "texture": "#1_2"},
				"south": {"uv": [5.911, 4.258, 5.161, 5.258], "rotation": 180, "texture": "#1_2"},
				"west": {"uv": [5.911, 4.258, 5.161, 5.258], "rotation": 180, "texture": "#1_2"},
				"up": {"uv": [5.911, 4.258, 5.161, 5.258], "rotation": 180, "texture": "#1_2"},
				"down": {"uv": [5.911, 4.258, 5.161, 5.258], "rotation": 180, "texture": "#1_2"}
			}
		},
		{
			"from": [10.02446, 3.05328, 4.98659],
			"to": [10.29046, 3.31928, 5.74659],
			"rotation": {"angle": 22.5, "axis": "y", "origin": [4.78046, -2.26672, 10.30659]},
			"faces": {
				"north": {"uv": [5.911, 4.258, 5.161, 5.258], "rotation": 180, "texture": "#1_2"},
				"east": {"uv": [5.911, 4.258, 5.161, 5.258], "rotation": 180, "texture": "#1_2"},
				"south": {"uv": [5.911, 4.258, 5.161, 5.258], "rotation": 180, "texture": "#1_2"},
				"west": {"uv": [5.911, 4.258, 5.161, 5.258], "rotation": 180, "texture": "#1_2"},
				"up": {"uv": [5.911, 4.258, 5.161, 5.258], "rotation": 180, "texture": "#1_2"},
				"down": {"uv": [5.911, 4.258, 5.161, 5.258], "rotation": 180, "texture": "#1_2"}
			}
		},
		{
			"from": [9.80962, 3.05328, 4.74044],
			"to": [9.92362, 3.20528, 5.04444],
			"rotation": {"angle": 22.5, "axis": "y", "origin": [4.48962, -2.26672, 9.60444]},
			"faces": {
				"north": {"uv": [0, 0.4, 0.2, 0], "rotation": 270, "texture": "#1_1"},
				"east": {"uv": [0, 0.4, 0.2, 0], "rotation": 270, "texture": "#1_1"},
				"south": {"uv": [0, 0.4, 0.2, 0], "rotation": 270, "texture": "#1_1"},
				"west": {"uv": [0, 0.4, 0.2, 0], "rotation": 270, "texture": "#1_1"},
				"up": {"uv": [0, 0.4, 0.2, 0], "rotation": 270, "texture": "#1_1"},
				"down": {"uv": [0, 0.4, 0.2, 0], "rotation": 270, "texture": "#1_1"}
			}
		},
		{
			"from": [8.202, 3.05328, 2.92111],
			"to": [8.316, 3.20528, 3.22511],
			"faces": {
				"north": {"uv": [0, 0.4, 0.2, 0], "rotation": 270, "texture": "#1_1"},
				"east": {"uv": [0, 0.4, 0.2, 0], "rotation": 270, "texture": "#1_1"},
				"south": {"uv": [0, 0.4, 0.2, 0], "rotation": 270, "texture": "#1_1"},
				"west": {"uv": [0, 0.4, 0.2, 0], "rotation": 270, "texture": "#1_1"},
				"up": {"uv": [0, 0.4, 0.2, 0], "rotation": 270, "texture": "#1_1"},
				"down": {"uv": [0, 0.4, 0.2, 0], "rotation": 270, "texture": "#1_1"}
			}
		},
		{
			"from": [7.41298, 3.05328, 0.62506],
			"to": [7.52698, 3.20528, 0.92906],
			"rotation": {"angle": -22.5, "axis": "y", "origin": [2.09298, -2.26672, 5.48906]},
			"faces": {
				"north": {"uv": [0, 0.4, 0.2, 0], "rotation": 270, "texture": "#1_1"},
				"east": {"uv": [0, 0.4, 0.2, 0], "rotation": 270, "texture": "#1_1"},
				"south": {"uv": [0, 0.4, 0.2, 0], "rotation": 270, "texture": "#1_1"},
				"west": {"uv": [0, 0.4, 0.2, 0], "rotation": 270, "texture": "#1_1"},
				"up": {"uv": [0, 0.4, 0.2, 0], "rotation": 270, "texture": "#1_1"},
				"down": {"uv": [0, 0.4, 0.2, 0], "rotation": 270, "texture": "#1_1"}
			}
		},
		{
			"from": [7.7992, 2.36918, 1.48512],
			"to": [8.6732, 3.12918, 3.19512],
			"rotation": {"angle": 22.5, "axis": "x", "origin": [2.578, -2.95082, 7.75512]},
			"faces": {
				"north": {"uv": [0, 4.96, 1, 2.71], "rotation": 270, "texture": "#1_2"},
				"east": {"uv": [0, 4.96, 1, 2.71], "rotation": 270, "texture": "#1_2"},
				"south": {"uv": [0, 4.96, 1.128, 4.129], "rotation": 270, "texture": "#1_2"},
				"west": {"uv": [0, 4.96, 1, 2.71], "rotation": 270, "texture": "#1_2"},
				"up": {"uv": [1, 2.71, 0, 4.96], "texture": "#1_2"},
				"down": {"uv": [0, 4.96, 1, 2.71], "rotation": 270, "texture": "#1_2"}
			}
		},
		{
			"from": [7.784, 2.74719, 6.51182],
			"to": [8.658, 3.81119, 7.27182],
			"rotation": {"angle": -22.5, "axis": "x", "origin": [2.654, -2.76281, 1.19182]},
			"faces": {
				"north": {"uv": [2.694, 2.322, 0, 3.41], "texture": "#1_2"},
				"east": {"uv": [2.694, 2.322, 0, 3.41], "texture": "#1_2"},
				"south": {"uv": [2.694, 2.322, 0, 3.41], "texture": "#1_2"},
				"west": {"uv": [2.694, 2.322, 0, 3.41], "texture": "#1_2"},
				"up": {"uv": [2.694, 2.322, 0, 3.41], "texture": "#1_2"},
				"down": {"uv": [2.694, 2.322, 0, 3.41], "texture": "#1_2"}
			}
		},
		{
			"from": [8.012, 3.48954, 5.03834],
			"to": [8.582, 4.43954, 5.79834],
			"faces": {
				"north": {"uv": [5.911, 4.258, 5.161, 5.258], "rotation": 180, "texture": "#1_2"},
				"east": {"uv": [5.911, 4.258, 5.161, 5.258], "rotation": 180, "texture": "#1_2"},
				"south": {"uv": [5.911, 4.258, 5.161, 5.258], "rotation": 180, "texture": "#1_2"},
				"west": {"uv": [5.911, 4.258, 5.161, 5.258], "rotation": 180, "texture": "#1_2"},
				"up": {"uv": [5.911, 4.258, 5.161, 5.258], "rotation": 180, "texture": "#1_2"},
				"down": {"uv": [5.911, 4.258, 5.161, 5.258], "rotation": 180, "texture": "#1_2"}
			}
		},
		{
			"from": [7.86, 4.67882, 4.68691],
			"to": [8.734, 6.23682, 6.39691],
			"faces": {
				"north": {"uv": [2.694, 0, 0, 4.831], "texture": "#1_2"},
				"east": {"uv": [2.694, 0, 0, 4.831], "texture": "#1_2"},
				"south": {"uv": [2.694, 0, 0, 4.831], "texture": "#1_2"},
				"west": {"uv": [2.694, 0, 0, 4.831], "texture": "#1_2"},
				"up": {"uv": [2.694, 0, 0, 1.088], "texture": "#1_2"},
				"down": {"uv": [2.307, 3.871, 0.645, 4.959], "texture": "#1_2"}
			}
		},
		{
			"from": [6.72, 3.836, 7.472],
			"to": [6.72, 4.824, 11.88],
			"rotation": {"angle": 22.5, "axis": "x", "origin": [11.66, 8.016, 14.16]},
			"faces": {
				"north": {"uv": [0.258, 7.225, 8.023, 10.402], "texture": "#1_2"},
				"east": {"uv": [0.258, 7.225, 8.023, 10.402], "texture": "#1_2"},
				"south": {"uv": [0.258, 7.225, 8.023, 10.402], "texture": "#1_2"},
				"west": {"uv": [0.258, 7.225, 8.023, 10.402], "texture": "#1_2"},
				"up": {"uv": [0.258, 7.225, 8.023, 10.402], "texture": "#1_2"},
				"down": {"uv": [0.258, 7.225, 8.023, 10.402], "texture": "#1_2"}
			}
		},
		{
			"from": [6.644, 6.85641, 2.24128],
			"to": [6.644, 8.07241, 6.72528],
			"faces": {
				"north": {"uv": [0.258, 7.225, 8.023, 10.402], "texture": "#1_2"},
				"east": {"uv": [0.258, 7.225, 8.023, 10.402], "texture": "#1_2"},
				"south": {"uv": [0.258, 7.225, 8.023, 10.402], "texture": "#1_2"},
				"west": {"uv": [0.258, 7.225, 8.023, 10.402], "texture": "#1_2"},
				"up": {"uv": [0.258, 7.225, 8.023, 10.402], "texture": "#1_2"},
				"down": {"uv": [0.258, 7.225, 8.023, 10.402], "texture": "#1_2"}
			}
		},
		{
			"from": [6.796, 4.65241, 9.99328],
			"to": [6.796, 5.71641, 12.80528],
			"faces": {
				"north": {"uv": [1.936, 7.225, 6.86, 10.4], "texture": "#1_2"},
				"east": {"uv": [1.936, 7.225, 6.86, 10.4], "texture": "#1_2"},
				"south": {"uv": [1.936, 7.225, 6.86, 10.4], "texture": "#1_2"},
				"west": {"uv": [1.936, 7.225, 6.86, 10.4], "texture": "#1_2"},
				"up": {"uv": [1.936, 7.225, 6.86, 10.4], "texture": "#1_2"},
				"down": {"uv": [1.936, 7.225, 6.86, 10.4], "texture": "#1_2"}
			}
		},
		{
			"from": [6.796, 4.04441, 12.80528],
			"to": [6.796, 5.10841, 15.84528],
			"faces": {
				"north": {"uv": [0.258, 7.225, 8.023, 10.402], "texture": "#1_2"},
				"east": {"uv": [0.258, 7.225, 8.023, 10.402], "texture": "#1_2"},
				"south": {"uv": [0.258, 7.225, 8.023, 10.402], "texture": "#1_2"},
				"west": {"uv": [0.258, 7.225, 8.023, 10.402], "texture": "#1_2"},
				"up": {"uv": [0.258, 7.225, 8.023, 10.402], "texture": "#1_2"},
				"down": {"uv": [0.258, 7.225, 8.023, 10.402], "texture": "#1_2"}
			}
		},
		{
			"from": [6.644, 7.23641, -0.08672],
			"to": [6.644, 8.83241, 2.38328],
			"faces": {
				"north": {"uv": [1.807, 7.225, 6.214, 10.4], "texture": "#1_2"},
				"east": {"uv": [1.807, 7.225, 6.214, 10.4], "texture": "#1_2"},
				"south": {"uv": [1.807, 7.225, 6.214, 10.4], "texture": "#1_2"},
				"west": {"uv": [3.096, 7.225, 8.018, 10.4], "texture": "#1_2"},
				"up": {"uv": [1.807, 7.225, 6.214, 10.4], "texture": "#1_2"},
				"down": {"uv": [1.807, 7.225, 6.214, 10.4], "texture": "#1_2"}
			}
		},
		{
			"from": [6.796, 4.04441, 15.38928],
			"to": [6.796, 4.04441, 18.42928],
			"color": 6,
			"faces": {
				"north": {"uv": [0, 0, 0, 0], "texture": "#missing"},
				"east": {"uv": [0, 0, 4, 0], "texture": "#missing"},
				"south": {"uv": [0, 0, 0, 0], "texture": "#missing"},
				"west": {"uv": [0, 0, 4, 0], "texture": "#missing"},
				"up": {"uv": [0, 0, 0, 4], "texture": "#missing"},
				"down": {"uv": [0, 0, 0, 4], "texture": "#missing"}
			}
		},
		{
			"from": [11.52462, 2.6, 19.93324],
			"to": [11.52462, 10.6, 27.08324],
			"faces": {
				"north": {"uv": [2, 8, 13, 16], "texture": "#5"},
				"east": {"uv": [2, 8, 13, 16], "texture": "#5"},
				"south": {"uv": [2, 8, 13, 16], "texture": "#5"},
				"west": {"uv": [2, 8, 13, 16], "texture": "#5"},
				"up": {"uv": [2, 8, 13, 16], "texture": "#5"},
				"down": {"uv": [2, 8, 13, 16], "texture": "#5"}
			}
		},
		{
			"from": [7.42462, 2.6, 23.93324],
			"to": [15.42462, 10.6, 23.93324],
			"faces": {
				"north": {"uv": [2, 8, 13, 16], "texture": "#5"},
				"east": {"uv": [2, 8, 13, 16], "texture": "#5"},
				"south": {"uv": [2, 8, 13, 16], "texture": "#5"},
				"west": {"uv": [2, 8, 13, 16], "texture": "#5"},
				"up": {"uv": [2, 8, 13, 16], "rotation": 270, "texture": "#5"},
				"down": {"uv": [2, 8, 13, 16], "rotation": 90, "texture": "#5"}
			}
		},
		{
			"from": [11.26464, 3.172, 13.88101],
			"to": [11.26464, 12.932, 23.64101],
			"faces": {
				"north": {"uv": [2.5, 0, 13.5, 16], "texture": "#6"},
				"east": {"uv": [2.5, 0, 13.5, 16], "texture": "#6"},
				"south": {"uv": [2.5, 0, 13.5, 16], "texture": "#6"},
				"west": {"uv": [2.5, 0, 13.5, 16], "texture": "#6"},
				"up": {"uv": [2.5, 0, 13.5, 16], "texture": "#6"},
				"down": {"uv": [2.5, 0, 13.5, 16], "texture": "#6"}
			}
		},
		{
			"from": [7.16264, 3.172, 18.76101],
			"to": [14.92264, 12.932, 18.76101],
			"faces": {
				"north": {"uv": [2.5, 0, 13.5, 16], "texture": "#6"},
				"east": {"uv": [2.5, 0, 13.5, 16], "texture": "#6"},
				"south": {"uv": [2.5, 0, 13.5, 16], "texture": "#6"},
				"west": {"uv": [2.5, 0, 13.5, 16], "texture": "#6"},
				"up": {"uv": [2.5, 0, 13.5, 16], "texture": "#6"},
				"down": {"uv": [2.5, 0, 13.5, 16], "texture": "#6"}
			}
		},
		{
			"from": [5.65549, 3.18069, -7.23486],
			"to": [15.41549, 15.94069, -7.23486],
			"rotation": {"angle": -22.5, "axis": "y", "origin": [9.36, 9.76, -6.7]},
			"faces": {
				"north": {"uv": [8, 2.5, 16, 14], "texture": "#8"},
				"east": {"uv": [8, 2.5, 16, 14], "texture": "#8"},
				"south": {"uv": [8, 2.5, 16, 14], "texture": "#8"},
				"west": {"uv": [8, 2.5, 16, 14], "texture": "#8"},
				"up": {"uv": [8, 2.5, 16, 14], "texture": "#8"},
				"down": {"uv": [8, 2.5, 16, 14], "texture": "#8"}
			}
		},
		{
			"from": [10.53549, 3.18069, -11.99286],
			"to": [10.53549, 15.94069, -2.23286],
			"rotation": {"angle": -22.5, "axis": "y", "origin": [9.36, 9.76, -6.7]},
			"faces": {
				"north": {"uv": [8, 2.5, 16, 14], "texture": "#8"},
				"east": {"uv": [8, 2.5, 16, 14], "texture": "#8"},
				"south": {"uv": [8, 2.5, 16, 14], "texture": "#8"},
				"west": {"uv": [8, 2.5, 16, 14], "texture": "#8"},
				"up": {"uv": [8, 2.5, 16, 14], "texture": "#8"},
				"down": {"uv": [8, 2.5, 16, 14], "texture": "#8"}
			}
		},
		{
			"from": [3, 3, 21],
			"to": [6, 5, 24],
			"faces": {
				"north": {"uv": [0, 0, 7, 7], "texture": "#7"},
				"east": {"uv": [0, 0, 7, 7], "texture": "#7"},
				"south": {"uv": [0, 0, 7, 7], "texture": "#7"},
				"west": {"uv": [0, 0, 7, 7], "texture": "#7"},
				"up": {"uv": [0, 0, 7, 7], "texture": "#7"},
				"down": {"uv": [0, 0, 7, 7], "texture": "#7"}
			}
		},
		{
			"from": [3.5, 3, 19.75],
			"to": [5.5, 4.25, 21],
			"faces": {
				"north": {"uv": [0, 0, 7, 7], "texture": "#7"},
				"east": {"uv": [0, 0, 7, 7], "texture": "#7"},
				"south": {"uv": [0, 0, 7, 7], "texture": "#7"},
				"west": {"uv": [0, 0, 7, 7], "texture": "#7"},
				"up": {"uv": [0, 0, 7, 7], "texture": "#7"},
				"down": {"uv": [0, 0, 7, 7], "texture": "#7"}
			}
		},
		{
			"from": [2.5, 3, 22],
			"to": [3, 4.25, 23.5],
			"faces": {
				"north": {"uv": [0, 0, 7, 7], "texture": "#7"},
				"east": {"uv": [0, 0, 7, 7], "texture": "#7"},
				"south": {"uv": [0, 0, 7, 7], "texture": "#7"},
				"west": {"uv": [0, 0, 7, 7], "texture": "#7"},
				"up": {"uv": [0, 0, 7, 7], "texture": "#7"},
				"down": {"uv": [0, 0, 7, 7], "texture": "#7"}
			}
		},
		{
			"from": [-0.5, 17, -11],
			"to": [1, 18, 27],
			"faces": {
				"north": {"uv": [3, 3, 4, 4], "texture": "#16"},
				"east": {"uv": [3, 3, 4, 4], "texture": "#16"},
				"south": {"uv": [3, 3, 4, 4], "texture": "#16"},
				"west": {"uv": [3, 3, 4, 4], "texture": "#16"},
				"up": {"uv": [3, 3, 4, 4], "texture": "#16"},
				"down": {"uv": [3, 3, 4, 4], "texture": "#16"}
			}
		},
		{
			"from": [-0.5, 17, -12.5],
			"to": [16, 18, -11],
			"faces": {
				"north": {"uv": [3, 3, 4, 4], "texture": "#16"},
				"east": {"uv": [3, 3, 4, 4], "texture": "#16"},
				"south": {"uv": [3, 3, 4, 4], "texture": "#16"},
				"west": {"uv": [3, 3, 4, 4], "texture": "#16"},
				"up": {"uv": [3, 3, 4, 4], "texture": "#16"},
				"down": {"uv": [3, 3, 4, 4], "texture": "#16"}
			}
		},
		{
			"from": [15, 17, -11.1],
			"to": [16, 18, 27],
			"faces": {
				"north": {"uv": [3, 3, 4, 4], "texture": "#16"},
				"east": {"uv": [3, 3, 4, 4], "texture": "#16"},
				"south": {"uv": [3, 3, 4, 4], "texture": "#16"},
				"west": {"uv": [3, 3, 4, 4], "texture": "#16"},
				"up": {"uv": [3, 3, 4, 4], "texture": "#16"},
				"down": {"uv": [3, 3, 4, 4], "texture": "#16"}
			}
		},
		{
			"from": [-0.5, 17, 27],
			"to": [16, 18, 28.5],
			"faces": {
				"north": {"uv": [3, 3, 4, 4], "texture": "#16"},
				"east": {"uv": [3, 3, 4, 4], "texture": "#16"},
				"south": {"uv": [3, 3, 4, 4], "texture": "#16"},
				"west": {"uv": [3, 3, 4, 4], "texture": "#16"},
				"up": {"uv": [3, 3, 4, 4], "texture": "#16"},
				"down": {"uv": [3, 3, 4, 4], "texture": "#16"}
			}
		},
		{
			"from": [15, 1, -11],
			"to": [16, 16, 27],
			"faces": {
				"east": {"uv": [8, 12.313, 10.688, 14.125], "texture": "#10"},
				"west": {"uv": [8, 12.313, 10.688, 14.125], "texture": "#10"}
			}
		},
		{
			"from": [7.05, 11.5, 28.2],
			"to": [8.05, 24, 29.25],
			"faces": {
				"north": {"uv": [0, 10, 11, 16], "texture": "#13"},
				"east": {"uv": [0, 10, 11, 16], "texture": "#13"},
				"south": {"uv": [0, 10, 11, 16], "rotation": 180, "texture": "#13"},
				"west": {"uv": [0, 10, 11, 16], "rotation": 180, "texture": "#13"},
				"up": {"uv": [0, 10, 11, 16], "rotation": 90, "texture": "#13"},
				"down": {"uv": [0, 10, 11, 16], "rotation": 270, "texture": "#13"}
			}
		},
		{
			"from": [7.05, 23.7706, 28.09672],
			"to": [8.05, 24.7706, 29.09672],
			"rotation": {"angle": -22.5, "axis": "x", "origin": [7.55, 24.2706, 28.59672]},
			"faces": {
				"north": {"uv": [0, 10, 11, 16], "texture": "#13"},
				"east": {"uv": [0, 10, 11, 16], "texture": "#13"},
				"south": {"uv": [0, 10, 11, 16], "rotation": 180, "texture": "#13"},
				"west": {"uv": [0, 10, 11, 16], "rotation": 180, "texture": "#13"},
				"up": {"uv": [0, 10, 11, 16], "rotation": 90, "texture": "#13"},
				"down": {"uv": [0, 10, 11, 16], "rotation": 270, "texture": "#13"}
			}
		},
		{
			"from": [7.05, 24.42388, 27.66021],
			"to": [8.05, 25.42388, 28.66021],
			"rotation": {"angle": -45, "axis": "x", "origin": [7.55, 24.92388, 28.16021]},
			"faces": {
				"north": {"uv": [0, 10, 11, 16], "texture": "#13"},
				"east": {"uv": [0, 10, 11, 16], "texture": "#13"},
				"south": {"uv": [0, 10, 11, 16], "rotation": 180, "texture": "#13"},
				"west": {"uv": [0, 10, 11, 16], "rotation": 180, "texture": "#13"},
				"up": {"uv": [0, 10, 11, 16], "rotation": 90, "texture": "#13"},
				"down": {"uv": [0, 10, 11, 16], "rotation": 270, "texture": "#13"}
			}
		},
		{
			"from": [7.05, 24.86039, 27.00693],
			"to": [8.05, 25.86039, 28.00693],
			"rotation": {"angle": 22.5, "axis": "x", "origin": [7.55, 25.36039, 27.50693]},
			"faces": {
				"north": {"uv": [0, 10, 11, 16], "rotation": 90, "texture": "#13"},
				"east": {"uv": [0, 10, 11, 16], "rotation": 90, "texture": "#13"},
				"south": {"uv": [0, 10, 11, 16], "rotation": 90, "texture": "#13"},
				"west": {"uv": [0, 10, 11, 16], "rotation": 90, "texture": "#13"},
				"up": {"uv": [0, 10, 11, 16], "rotation": 180, "texture": "#13"},
				"down": {"uv": [0, 10, 11, 16], "texture": "#13"}
			}
		},
		{
			"from": [7.05, 25.01367, 26.23633],
			"to": [8.05, 26.01367, 27.23633],
			"faces": {
				"north": {"uv": [0, 10, 11, 16], "rotation": 90, "texture": "#13"},
				"east": {"uv": [0, 10, 11, 16], "rotation": 90, "texture": "#13"},
				"south": {"uv": [0, 10, 11, 16], "rotation": 90, "texture": "#13"},
				"west": {"uv": [0, 10, 11, 16], "rotation": 90, "texture": "#13"},
				"up": {"uv": [0, 10, 11, 16], "rotation": 180, "texture": "#13"},
				"down": {"uv": [0, 10, 11, 16], "texture": "#13"}
			}
		},
		{
			"from": [7.05, 24.86039, 24.46573],
			"to": [8.05, 25.86039, 26.46573],
			"rotation": {"angle": -22.5, "axis": "x", "origin": [7.55, 25.36039, 25.96573]},
			"faces": {
				"north": {"uv": [0, 10, 11, 16], "rotation": 90, "texture": "#13"},
				"east": {"uv": [0, 10, 11, 16], "rotation": 90, "texture": "#13"},
				"south": {"uv": [0, 10, 11, 16], "rotation": 90, "texture": "#13"},
				"west": {"uv": [0, 10, 11, 16], "rotation": 90, "texture": "#13"},
				"up": {"uv": [0, 10, 11, 16], "rotation": 180, "texture": "#13"},
				"down": {"uv": [0, 10, 11, 16], "texture": "#13"}
			}
		},
		{
			"from": [7.05, 23.32442, 23.77125],
			"to": [8.05, 25.32442, 24.77125],
			"faces": {
				"north": {"uv": [0, 10, 11, 16], "rotation": 270, "texture": "#13"},
				"east": {"uv": [0, 10, 11, 16], "rotation": 270, "texture": "#13"},
				"south": {"uv": [0, 10, 11, 16], "rotation": 270, "texture": "#13"},
				"west": {"uv": [0, 10, 11, 16], "rotation": 270, "texture": "#13"},
				"up": {"uv": [0, 10, 11, 16], "rotation": 180, "texture": "#13"},
				"down": {"uv": [0, 10, 11, 16], "rotation": 180, "texture": "#13"}
			}
		},
		{
			"from": [5.17974, 19.14897, 24.74718],
			"to": [9.67946, 20.64888, 29.24689],
			"rotation": {"angle": 22.5, "axis": "x", "origin": [7.4296, 29.79673, 29.22596]},
			"faces": {
				"north": {"uv": [0, 10, 11, 16], "rotation": 270, "texture": "#13"},
				"east": {"uv": [0, 10, 11, 16], "rotation": 270, "texture": "#13"},
				"south": {"uv": [0, 10, 11, 16], "rotation": 270, "texture": "#13"},
				"west": {"uv": [0, 10, 11, 16], "rotation": 270, "texture": "#13"},
				"up": {"uv": [0, 10, 11, 16], "texture": "#13"},
				"down": {"uv": [0, 10, 11, 16], "rotation": 180, "texture": "#13"}
			}
		},
		{
			"from": [5.17974, 17.64907, 23.99722],
			"to": [9.67946, 19.14897, 24.74718],
			"rotation": {"angle": 22.5, "axis": "x", "origin": [7.4296, 29.79673, 29.22596]},
			"faces": {
				"north": {"uv": [0, 10, 11, 16], "rotation": 270, "texture": "#13"},
				"east": {"uv": [0, 10, 11, 16], "rotation": 270, "texture": "#13"},
				"south": {"uv": [0, 10, 11, 16], "rotation": 270, "texture": "#13"},
				"west": {"uv": [0, 10, 11, 16], "rotation": 270, "texture": "#13"},
				"up": {"uv": [0, 10, 11, 16], "texture": "#13"},
				"down": {"uv": [0, 10, 11, 16], "rotation": 180, "texture": "#13"}
			}
		},
		{
			"from": [4.42979, 17.64907, 24.74718],
			"to": [5.17974, 19.14897, 29.24689],
			"rotation": {"angle": 22.5, "axis": "x", "origin": [7.4296, 29.79673, 29.22596]},
			"faces": {
				"north": {"uv": [0, 10, 11, 16], "rotation": 270, "texture": "#13"},
				"east": {"uv": [0, 10, 11, 16], "rotation": 270, "texture": "#13"},
				"south": {"uv": [0, 10, 11, 16], "rotation": 270, "texture": "#13"},
				"west": {"uv": [0, 10, 11, 16], "rotation": 270, "texture": "#13"},
				"up": {"uv": [0, 10, 11, 16], "texture": "#13"},
				"down": {"uv": [0, 10, 11, 16], "rotation": 180, "texture": "#13"}
			}
		},
		{
			"from": [9.67946, 17.64907, 24.74718],
			"to": [10.42941, 19.14897, 29.24689],
			"rotation": {"angle": 22.5, "axis": "x", "origin": [7.4296, 29.79673, 29.22596]},
			"faces": {
				"north": {"uv": [0, 10, 11, 16], "rotation": 270, "texture": "#13"},
				"east": {"uv": [0, 10, 11, 16], "rotation": 270, "texture": "#13"},
				"south": {"uv": [0, 10, 11, 16], "rotation": 270, "texture": "#13"},
				"west": {"uv": [0, 10, 11, 16], "rotation": 270, "texture": "#13"},
				"up": {"uv": [0, 10, 11, 16], "texture": "#13"},
				"down": {"uv": [0, 10, 11, 16], "rotation": 180, "texture": "#13"}
			}
		},
		{
			"from": [5.17974, 17.64907, 29.24689],
			"to": [9.67946, 19.14897, 29.99684],
			"rotation": {"angle": 22.5, "axis": "x", "origin": [7.4296, 29.79673, 29.22596]},
			"faces": {
				"north": {"uv": [0, 10, 11, 16], "rotation": 270, "texture": "#13"},
				"east": {"uv": [0, 10, 11, 16], "rotation": 270, "texture": "#13"},
				"south": {"uv": [0, 10, 11, 16], "rotation": 270, "texture": "#13"},
				"west": {"uv": [0, 10, 11, 16], "rotation": 270, "texture": "#13"},
				"up": {"uv": [0, 10, 11, 16], "texture": "#13"},
				"down": {"uv": [0, 10, 11, 16], "rotation": 180, "texture": "#13"}
			}
		},
		{
			"from": [5.9297, 20.64888, 25.49713],
			"to": [8.9295, 22.14878, 28.49694],
			"rotation": {"angle": 22.5, "axis": "x", "origin": [7.4296, 29.79673, 29.22596]},
			"faces": {
				"north": {"uv": [0, 10, 11, 16], "rotation": 270, "texture": "#13"},
				"east": {"uv": [0, 10, 11, 16], "rotation": 270, "texture": "#13"},
				"south": {"uv": [0, 10, 11, 16], "rotation": 270, "texture": "#13"},
				"west": {"uv": [0, 10, 11, 16], "rotation": 270, "texture": "#13"},
				"up": {"uv": [0, 10, 11, 16], "texture": "#13"},
				"down": {"uv": [0, 10, 11, 16], "rotation": 180, "texture": "#13"}
			}
		},
		{
			"from": [5.9297, 18.21848, 25.49713],
			"to": [8.9295, 19.71838, 28.49694],
			"rotation": {"angle": 22.5, "axis": "x", "origin": [7.4296, 29.79673, 29.22596]},
			"faces": {
				"north": {"uv": [1, 1, 4, 4], "rotation": 270, "texture": "#12"},
				"east": {"uv": [1, 1, 4, 4], "rotation": 270, "texture": "#12"},
				"south": {"uv": [1, 1, 4, 4], "rotation": 270, "texture": "#12"},
				"west": {"uv": [1, 1, 4, 4], "rotation": 270, "texture": "#12"},
				"up": {"uv": [1, 1, 4, 4], "texture": "#12"},
				"down": {"uv": [1, 1, 4, 4], "rotation": 180, "texture": "#12"}
			}
		},
		{
			"from": [6.3, 8.5, 28.2],
			"to": [8.8, 12, 29.75],
			"faces": {
				"north": {"uv": [0, 10, 11, 16], "texture": "#13"},
				"east": {"uv": [0, 10, 11, 16], "texture": "#13"},
				"south": {"uv": [0, 10, 11, 16], "rotation": 180, "texture": "#13"},
				"west": {"uv": [0, 10, 11, 16], "rotation": 180, "texture": "#13"},
				"up": {"uv": [0, 10, 11, 16], "rotation": 90, "texture": "#13"},
				"down": {"uv": [0, 10, 11, 16], "rotation": 270, "texture": "#13"}
			}
		},
		{
			"from": [7.05, 10.65, 29.7],
			"to": [8.05, 11.4, 30],
			"faces": {
				"north": {"uv": [14, 15, 15, 16], "rotation": 180, "texture": "#14"},
				"east": {"uv": [14, 15, 15, 16], "rotation": 180, "texture": "#14"},
				"south": {"uv": [14, 15, 15, 16], "rotation": 180, "texture": "#14"},
				"west": {"uv": [14, 15, 15, 16], "rotation": 180, "texture": "#14"},
				"up": {"uv": [14, 15, 15, 16], "rotation": 180, "texture": "#14"},
				"down": {"uv": [14, 15, 15, 16], "rotation": 180, "texture": "#14"}
			}
		},
		{
			"from": [7.05, 9.25, 29.7],
			"to": [8.05, 10, 30],
			"faces": {
				"north": {"uv": [7, 5, 8, 6], "rotation": 180, "texture": "#14"},
				"east": {"uv": [7, 5, 8, 6], "rotation": 180, "texture": "#14"},
				"south": {"uv": [7, 5, 8, 6], "rotation": 180, "texture": "#14"},
				"west": {"uv": [7, 5, 8, 6], "rotation": 180, "texture": "#14"},
				"up": {"uv": [7, 5, 8, 6], "rotation": 180, "texture": "#14"},
				"down": {"uv": [7, 5, 8, 6], "rotation": 180, "texture": "#14"}
			}
		},
		{
			"from": [1, 17.5, -11],
			"to": [15, 17.5, 8],
			"faces": {
				"up": {"uv": [0, 0, 15.8, 16], "texture": "#11"}
			}
		},
		{
			"from": [1, 17.5, 8],
			"to": [15, 17.5, 27],
			"faces": {
				"up": {"uv": [0, 0, 15.8, 16], "texture": "#11"}
			}
		},
		{
			"from": [0.9, 1, -11],
			"to": [0.9, 16, 0],
			"faces": {
				"west": {"uv": [1, 1, 11, 15], "texture": "#15"}
			}
		},
		{
			"from": [1, 1, -11.1],
			"to": [15, 16, -11.1],
			"faces": {
				"north": {"uv": [1, 1, 15, 15], "texture": "#15"}
			}
		},
		{
			"from": [1, 1, 27.1],
			"to": [15, 16, 27.1],
			"faces": {
				"south": {"uv": [15, 1, 1, 15], "texture": "#15"}
			}
		},
		{
			"from": [0.9, 1, 16],
			"to": [0.9, 16, 27],
			"faces": {
				"west": {"uv": [1, 1, 12, 15], "texture": "#15"}
			}
		},
		{
			"from": [0.9, 1, 0],
			"to": [0.9, 16, 16],
			"faces": {
				"west": {"uv": [1, 1, 15, 15], "rotation": 180, "texture": "#15"}
			}
		}
	],
	"display": {
		"thirdperson_righthand": {
			"rotation": [75, -90, 0],
			"translation": [-5.5, 3.25, 2.5],
			"scale": [0.375, 0.375, 0.375]
		},
		"thirdperson_lefthand": {
			"rotation": [75, 90, 0],
			"translation": [-5.5, 3.25, 2.5],
			"scale": [0.375, 0.375, 0.375]
		},
		"firstperson_righthand": {
			"rotation": [0, 90, 15],
			"translation": [-9, 3.75, 0],
			"scale": [0.4, 0.4, 0.4]
		},
		"firstperson_lefthand": {
			"rotation": [0, -90, -15],
			"translation": [-9, 3.75, 0],
			"scale": [0.4, 0.4, 0.4]
		},
		"ground": {
			"translation": [0, 0.25, 0],
			"scale": [0.5, 0.5, 0.5]
		},
		"gui": {
			"rotation": [30, 71, 0],
			"translation": [0.25, -0.5, 0],
			"scale": [0.35, 0.35, 0.35]
		},
		"head": {
			"rotation": [0, -90, 0],
			"translation": [0, 12, 2],
			"scale": [0.6, 0.6, 0.6]
		},
		"fixed": {
			"rotation": [-90, -90, 0],
			"translation": [0, 0, -15],
			"scale": [2, 2, 2]
		}
	},
	"groups": [
		{
			"name": "Cage",
			"origin": [8, 8, 8],
			"children": [0, 1, 2, 3, 4, 5, 6, 7, 8, 9, 10]
		},
		{
			"name": "Food Bowl",
			"origin": [8, 8, 8],
			"children": [11, 12, 13, 14, 15]
		},
		{
			"name": "rudy",
			"origin": [8, 8, 8],
			"children": [
				{
					"name": "Body",
					"origin": [8, 8, 8],
					"children": [16, 17, 18, 19, 20, 21, 22, 23, 24, 25, 26, 27, 28, 29, 30, 31, 32]
				},
				{
					"name": "Arm",
					"origin": [8, 8, 8],
					"children": [33, 34, 35, 36, 37, 38, 39, 40, 41, 42, 43]
				},
				{
					"name": "Arm2",
					"origin": [8, 8, 8],
					"children": [44, 45, 46, 47, 48, 49, 50, 51, 52, 53, 54]
				},
				{
					"name": "Back Leg",
					"origin": [8, 8, 8],
					"children": [55, 56, 57, 58, 59, 60, 61, 62, 63, 64, 65, 66, 67, 68, 69]
				},
				{
					"name": "Back Leg2",
					"origin": [8, 8, 8],
					"children": [70, 71, 72, 73, 74, 75, 76, 77, 78, 79, 80, 81, 82, 83, 84]
				},
				{
					"name": "Fringe",
					"origin": [8, 8, 8],
					"children": [85, 86, 87, 88, 89, 90]
				}
			]
		},
		{
			"name": "Fern",
			"origin": [8, 8, 8],
			"children": [91, 92]
		},
		{
			"name": "Fern2",
			"origin": [8, 8, 8],
			"children": [93, 94]
		},
		{
			"name": "Fern3",
			"origin": [8, 8, 8],
			"children": [95, 96]
		},
		{
			"name": "Rock",
			"origin": [8, 8, 8],
			"children": [97, 98, 99]
		},
		{
			"name": "Top",
			"origin": [8, 8, 8],
			"children": [100, 101, 102, 103]
		},
		{
			"name": "Sides",
			"origin": [8, 8, 8],
			"children": [104]
		},
		{
			"name": "Lamp3",
			"origin": [8, 8, 8],
			"children": [105, 106, 107, 108, 109, 110, 111, 112, 113, 114, 115, 116, 117, 118, 119, 120, 121]
		}, 122, 123, 124, 125, 126, 127, 128]
}