{
	"credit": "Made with Blockbench",
	"textures": {
		"1": "block/MizunoArchive/black_concrete",
		"2": "block/Rudy2",
		"particle": "block/Rudy2"
	},
	"elements": [
		{
			"from": [5.75, 3.6, -0.25],
			"to": [9.25, 5.6, 4],
			"faces": {
				"north": {"uv": [0, 0, 5.798, 4.968], "texture": "#2"},
				"east": {"uv": [0, 0, 7.346, 4.968], "texture": "#2"},
				"south": {"uv": [0, 0, 7.346, 4.968], "texture": "#2"},
				"west": {"uv": [0, 0, 7.346, 4.968], "texture": "#2"},
				"up": {"uv": [0, 0, 9.807, 1.159], "rotation": 90, "texture": "#2"},
				"down": {"uv": [0, 4.387, 9.807, 5.545], "rotation": 90, "texture": "#2"}
			}
		},
		{
			"from": [5.75, 2.85, 0],
			"to": [9.25, 3.6, 3.2],
			"faces": {
				"north": {"uv": [1.936, 5.161, 4.643, 6.812], "texture": "#2"},
				"east": {"uv": [1.936, 5.161, 4.643, 6.812], "texture": "#2"},
				"south": {"uv": [1.936, 5.161, 4.643, 6.812], "texture": "#2"},
				"west": {"uv": [1.936, 5.161, 4.643, 6.812], "texture": "#2"},
				"up": {"uv": [1.936, 5.161, 4.643, 6.812], "texture": "#2"},
				"down": {"uv": [1.936, 5.161, 4.643, 6.812], "texture": "#2"}
			}
		},
		{
			"from": [7, 1.9, 1],
			"to": [8, 3.15, 4],
			"faces": {
				"north": {"uv": [1.936, 5.161, 4.643, 6.812], "texture": "#2"},
				"east": {"uv": [1.936, 5.161, 4.643, 6.812], "texture": "#2"},
				"south": {"uv": [1.936, 5.161, 4.643, 6.812], "texture": "#2"},
				"west": {"uv": [1.936, 5.161, 4.643, 6.812], "texture": "#2"},
				"up": {"uv": [1.936, 5.161, 4.643, 6.812], "texture": "#2"},
				"down": {"uv": [1.936, 5.161, 4.643, 6.812], "texture": "#2"}
			}
		},
		{
			"from": [6, 1.6, 3.25],
			"to": [9, 5.1, 11],
			"faces": {
				"north": {"uv": [0, 1.032, 9.806, 4.771], "texture": "#2"},
				"east": {"uv": [0, 1.032, 9.806, 4.771], "texture": "#2"},
				"south": {"uv": [0, 0, 7.346, 4.968], "texture": "#2"},
				"west": {"uv": [0, 1.032, 9.806, 4.771], "texture": "#2"},
				"up": {"uv": [0, 0, 9.807, 1.159], "rotation": 90, "texture": "#2"},
				"down": {"uv": [0, 4.128, 9.807, 5.027], "rotation": 90, "texture": "#2"}
			}
		},
		{
			"from": [6.5, -1.15, 12.5],
			"to": [8.5, 1.1, 17.5],
			"rotation": {"angle": 22.5, "axis": "x", "origin": [14, 6.6, 20.5]},
			"faces": {
				"north": {"uv": [0, 0, 2, 2.25], "texture": "#missing"},
				"east": {"uv": [0, 0, 7.346, 4.968], "texture": "#2"},
				"south": {"uv": [0, 0, 7.346, 4.968], "texture": "#2"},
				"west": {"uv": [0, 0, 7.346, 4.968], "texture": "#2"},
				"up": {"uv": [0, 0, 9.807, 1.159], "rotation": 90, "texture": "#2"},
				"down": {"uv": [0, 4.258, 9.807, 5.027], "rotation": 90, "texture": "#2"}
			}
		},
		{
			"from": [6.75, 0.58798, 14.76256],
			"to": [8.25, 2.33798, 18.76256],
			"faces": {
				"north": {"uv": [0, 0, 5.29, 4.46], "texture": "#missing"},
				"east": {"uv": [0, 0, 7.346, 4.968], "texture": "#2"},
				"south": {"uv": [0, 0, 7.346, 4.968], "texture": "#2"},
				"west": {"uv": [0, 0, 7.346, 4.968], "texture": "#2"},
				"up": {"uv": [0, 0, 9.807, 1.159], "rotation": 90, "texture": "#2"},
				"down": {"uv": [0, 4.258, 9.807, 5.027], "rotation": 90, "texture": "#2"}
			}
		},
		{
			"from": [7, 0.58798, 18.76256],
			"to": [8, 1.83798, 22.76256],
			"faces": {
				"north": {"uv": [0, 0, 5.29, 4.46], "texture": "#missing"},
				"east": {"uv": [0, 0, 7.346, 4.968], "texture": "#2"},
				"south": {"uv": [0, 0, 7.346, 4.968], "texture": "#2"},
				"west": {"uv": [0, 0, 7.346, 4.968], "texture": "#2"},
				"up": {"uv": [0, 0, 9.807, 1.159], "rotation": 90, "texture": "#2"},
				"down": {"uv": [0, 4.258, 9.807, 5.027], "rotation": 90, "texture": "#2"}
			}
		},
		{
			"from": [9.25, 5.15, -3.25],
			"to": [9.75, 6.65, -1.75],
			"rotation": {"angle": -45, "axis": "x", "origin": [18, 11.85, 2.5]},
			"faces": {
				"north": {"uv": [0, 5.161, 1.935, 6.834], "rotation": 90, "texture": "#2"},
				"east": {"uv": [0, 5.161, 1.935, 6.834], "rotation": 90, "texture": "#2"},
				"south": {"uv": [0, 5.161, 1.935, 6.834], "rotation": 90, "texture": "#2"},
				"west": {"uv": [0, 5.161, 1.935, 6.834], "rotation": 90, "texture": "#2"},
				"up": {"uv": [0, 5.161, 1.935, 6.834], "rotation": 90, "texture": "#2"},
				"down": {"uv": [0, 5.161, 1.935, 6.834], "rotation": 90, "texture": "#2"}
			}
		},
		{
			"from": [5.25, 5.15, -3.25],
			"to": [5.75, 6.65, -1.75],
			"rotation": {"angle": -45, "axis": "x", "origin": [14, 11.85, 2.5]},
			"faces": {
				"north": {"uv": [0, 5.161, 1.935, 6.834], "rotation": 90, "texture": "#2"},
				"east": {"uv": [0, 5.161, 1.935, 6.834], "rotation": 90, "texture": "#2"},
				"south": {"uv": [0, 5.161, 1.935, 6.834], "rotation": 90, "texture": "#2"},
				"west": {"uv": [0, 5.161, 1.935, 6.834], "rotation": 90, "texture": "#2"},
				"up": {"uv": [0, 5.161, 1.935, 6.834], "rotation": 90, "texture": "#2"},
				"down": {"uv": [0, 5.161, 1.935, 6.834], "rotation": 90, "texture": "#2"}
			}
		},
		{
			"from": [5.75, 5.6, 1.25],
			"to": [9.25, 6.1, 4],
			"faces": {
				"north": {"uv": [0, 0, 9.807, 1.159], "rotation": 90, "texture": "#2"},
				"east": {"uv": [0, 0, 9.807, 1.159], "rotation": 90, "texture": "#2"},
				"south": {"uv": [0, 0, 9.807, 1.159], "rotation": 90, "texture": "#2"},
				"west": {"uv": [0, 0, 9.807, 1.159], "rotation": 90, "texture": "#2"},
				"up": {"uv": [0, 0, 9.807, 1.159], "rotation": 90, "texture": "#2"},
				"down": {"uv": [0, 0, 9.807, 1.159], "rotation": 90, "texture": "#2"}
			}
		},
		{
			"from": [6.25, 5.1, 4],
			"to": [8.75, 5.6, 6.75],
			"faces": {
				"north": {"uv": [0, 0, 9.807, 1.159], "rotation": 90, "texture": "#2"},
				"east": {"uv": [0, 0, 9.807, 1.159], "rotation": 90, "texture": "#2"},
				"south": {"uv": [0, 0, 9.807, 1.159], "rotation": 90, "texture": "#2"},
				"west": {"uv": [0, 0, 9.807, 1.159], "rotation": 90, "texture": "#2"},
				"up": {"uv": [0, 0, 9.807, 1.159], "rotation": 90, "texture": "#2"},
				"down": {"uv": [0, 0, 9.807, 1.159], "rotation": 90, "texture": "#2"}
			}
		},
		{
			"from": [6.25, 1.1, 4],
			"to": [8.75, 1.6, 9.75],
			"faces": {
				"north": {"uv": [0, 4.258, 9.807, 5.027], "rotation": 90, "texture": "#2"},
				"east": {"uv": [0, 4.258, 9.807, 5.027], "rotation": 90, "texture": "#2"},
				"south": {"uv": [0, 4.258, 9.807, 5.027], "rotation": 90, "texture": "#2"},
				"west": {"uv": [0, 4.258, 9.807, 5.027], "rotation": 90, "texture": "#2"},
				"up": {"uv": [0, 4.258, 9.807, 5.027], "rotation": 90, "texture": "#2"},
				"down": {"uv": [0, 4.258, 9.807, 5.027], "rotation": 90, "texture": "#2"}
			}
		},
		{
			"from": [7.2, 0.8, 3.25],
			"to": [7.8, 2.05, 6.25],
			"faces": {
				"north": {"uv": [1.936, 5.161, 4.643, 6.812], "texture": "#2"},
				"east": {"uv": [1.936, 5.161, 4.643, 6.812], "texture": "#2"},
				"south": {"uv": [1.936, 5.161, 4.643, 6.812], "texture": "#2"},
				"west": {"uv": [1.936, 5.161, 4.643, 6.812], "texture": "#2"},
				"up": {"uv": [1.936, 5.161, 4.643, 6.812], "texture": "#2"},
				"down": {"uv": [1.936, 5.161, 4.643, 6.812], "texture": "#2"}
			}
		},
		{
			"from": [7.1, 3.04049, -5.34099],
			"to": [7.9, 4.64049, -4.34099],
			"rotation": {"angle": -45, "axis": "x", "origin": [14, 12.29049, 1.65901]},
			"faces": {
				"north": {"uv": [1.936, 5.161, 4.643, 6.812], "texture": "#2"},
				"east": {"uv": [1.936, 5.161, 4.643, 6.812], "texture": "#2"},
				"south": {"uv": [1.936, 5.161, 4.643, 6.812], "texture": "#2"},
				"west": {"uv": [1.936, 5.161, 4.643, 6.812], "texture": "#2"},
				"up": {"uv": [1.936, 5.161, 4.643, 6.812], "texture": "#2"},
				"down": {"uv": [1.936, 5.161, 4.643, 6.812], "texture": "#2"}
			}
		},
		{
			"from": [7.2, 0.58798, 22.76256],
			"to": [7.8, 1.33798, 26.76256],
			"faces": {
				"north": {"uv": [0, 0, 5.29, 4.46], "texture": "#missing"},
				"east": {"uv": [0, 0, 7.346, 4.968], "texture": "#2"},
				"south": {"uv": [0, 0, 9.807, 1.159], "rotation": 90, "texture": "#2"},
				"west": {"uv": [0, 0, 7.346, 4.968], "texture": "#2"},
				"up": {"uv": [0, 0, 9.807, 1.159], "rotation": 90, "texture": "#2"},
				"down": {"uv": [0, 4.258, 9.807, 5.027], "rotation": 90, "texture": "#2"}
			}
		},
		{
			"from": [5.7, 5, 1.6],
			"to": [5.7, 5.8, 2.85],
			"faces": {
				"north": {"uv": [0, 0, 1.25, 0.8], "texture": "#1"},
				"east": {"uv": [0, 0, 1.25, 0.8], "texture": "#1"},
				"south": {"uv": [0, 0, 1.25, 0.8], "texture": "#1"},
				"west": {"uv": [0, 0, 1.25, 0.8], "texture": "#1"},
				"up": {"uv": [0, 0, 1.25, 0.8], "texture": "#1"},
				"down": {"uv": [0, 0, 1.25, 0.8], "texture": "#1"}
			}
		},
		{
			"from": [9.3, 5, 1.6],
			"to": [9.3, 5.8, 2.85],
			"faces": {
				"north": {"uv": [0, 0, 1.25, 0.8], "texture": "#1"},
				"east": {"uv": [0, 0, 1.25, 0.8], "texture": "#1"},
				"south": {"uv": [0, 0, 1.25, 0.8], "texture": "#1"},
				"west": {"uv": [0, 0, 1.25, 0.8], "texture": "#1"},
				"up": {"uv": [0, 0, 1.25, 0.8], "texture": "#1"},
				"down": {"uv": [0, 0, 1.25, 0.8], "texture": "#1"}
			}
		},
		{
			"from": [5.15, -2.65, 6.1],
			"to": [6, -1.15, 6.85],
			"rotation": {"angle": 22.5, "axis": "x", "origin": [13, 4.85, 13.85]},
			"faces": {
				"north": {"uv": [0, 2.193, 1.653, 4.724], "texture": "#2"},
				"east": {"uv": [0, 2.193, 1.653, 4.724], "texture": "#2"},
				"south": {"uv": [0, 2.193, 1.653, 4.724], "texture": "#2"},
				"west": {"uv": [0, 2.193, 1.653, 4.724], "texture": "#2"},
				"up": {"uv": [0, 2.193, 1.653, 4.724], "texture": "#2"},
				"down": {"uv": [0, 2.193, 1.653, 4.724], "texture": "#2"}
			}
		},
		{
			"from": [5.1, -1.35, 6.6],
			"to": [6, 0.15, 7.85],
			"rotation": {"angle": 22.5, "axis": "x", "origin": [13, 6.65, 14.35]},
			"faces": {
				"north": {"uv": [0, 0.645, 2.282, 3.047], "texture": "#2"},
				"east": {"uv": [0, 0.645, 2.282, 3.047], "texture": "#2"},
				"south": {"uv": [0, 0.645, 2.282, 3.047], "texture": "#2"},
				"west": {"uv": [0, 0.645, 2.282, 3.047], "texture": "#2"},
				"up": {"uv": [0, 0, 2.282, 1.111], "texture": "#2"},
				"down": {"uv": [0, 0.645, 2.282, 3.047], "texture": "#2"}
			}
		},
		{
			"from": [5.25, 3.42863, 5.23478],
			"to": [6, 4.17863, 6.73478],
			"rotation": {"angle": -22.5, "axis": "x", "origin": [13, -3.57137, 12.73478]},
			"faces": {
				"north": {"uv": [15.225, 4.258, 15.975, 5.758], "rotation": 90, "texture": "#2"},
				"east": {"uv": [15.225, 4.258, 15.975, 5.758], "rotation": 90, "texture": "#2"},
				"south": {"uv": [15.225, 4.258, 15.975, 5.758], "rotation": 90, "texture": "#2"},
				"west": {"uv": [15.225, 4.258, 15.975, 5.758], "rotation": 90, "texture": "#2"},
				"up": {"uv": [15.225, 4.258, 15.975, 5.758], "rotation": 90, "texture": "#2"},
				"down": {"uv": [15.225, 4.258, 15.975, 5.758], "rotation": 90, "texture": "#2"}
			}
		},
		{
			"from": [5.5, 0.02566, 1.1269],
			"to": [5.85, 0.37566, 2.1269],
			"faces": {
				"north": {"uv": [15.225, 4.258, 15.975, 5.758], "rotation": 90, "texture": "#2"},
				"east": {"uv": [15.225, 4.258, 15.975, 5.758], "rotation": 90, "texture": "#2"},
				"south": {"uv": [15.225, 4.258, 15.975, 5.758], "rotation": 90, "texture": "#2"},
				"west": {"uv": [15.225, 4.258, 15.975, 5.758], "rotation": 90, "texture": "#2"},
				"up": {"uv": [15.225, 4.258, 15.975, 5.758], "rotation": 90, "texture": "#2"},
				"down": {"uv": [15.225, 4.258, 15.975, 5.758], "rotation": 90, "texture": "#2"}
			}
		},
		{
			"from": [5.15, 0.02566, 2.1269],
			"to": [6.1, 0.47566, 3.1269],
			"faces": {
				"north": {"uv": [15.225, 4.258, 15.975, 5.758], "rotation": 90, "texture": "#2"},
				"east": {"uv": [15.225, 4.258, 15.975, 5.758], "rotation": 90, "texture": "#2"},
				"south": {"uv": [15.225, 4.258, 15.975, 5.758], "rotation": 90, "texture": "#2"},
				"west": {"uv": [15.225, 4.258, 15.975, 5.758], "rotation": 90, "texture": "#2"},
				"up": {"uv": [15.225, 4.258, 15.975, 5.758], "rotation": 90, "texture": "#2"},
				"down": {"uv": [15.225, 4.258, 15.975, 5.758], "rotation": 90, "texture": "#2"}
			}
		},
		{
			"from": [3.00203, 0.02566, 3.44463],
			"to": [3.35203, 0.37566, 4.44463],
			"rotation": {"angle": -22.5, "axis": "y", "origin": [10.25203, -6.97434, 10.44463]},
			"faces": {
				"north": {"uv": [15.225, 4.258, 15.975, 5.758], "rotation": 90, "texture": "#2"},
				"east": {"uv": [15.225, 4.258, 15.975, 5.758], "rotation": 90, "texture": "#2"},
				"south": {"uv": [15.225, 4.258, 15.975, 5.758], "rotation": 90, "texture": "#2"},
				"west": {"uv": [15.225, 4.258, 15.975, 5.758], "rotation": 90, "texture": "#2"},
				"up": {"uv": [15.225, 4.258, 15.975, 5.758], "rotation": 90, "texture": "#2"},
				"down": {"uv": [15.225, 4.258, 15.975, 5.758], "rotation": 90, "texture": "#2"}
			}
		},
		{
			"from": [6.92087, 0.02566, -1.97034],
			"to": [7.27087, 0.37566, -0.97034],
			"rotation": {"angle": 22.5, "axis": "y", "origin": [14.17087, -6.97434, 5.02966]},
			"faces": {
				"north": {"uv": [15.225, 4.258, 15.975, 5.758], "rotation": 90, "texture": "#2"},
				"east": {"uv": [15.225, 4.258, 15.975, 5.758], "rotation": 90, "texture": "#2"},
				"south": {"uv": [15.225, 4.258, 15.975, 5.758], "rotation": 90, "texture": "#2"},
				"west": {"uv": [15.225, 4.258, 15.975, 5.758], "rotation": 90, "texture": "#2"},
				"up": {"uv": [15.225, 4.258, 15.975, 5.758], "rotation": 90, "texture": "#2"},
				"down": {"uv": [15.225, 4.258, 15.975, 5.758], "rotation": 90, "texture": "#2"}
			}
		},
		{
			"from": [5.25, 0.27566, 2.4269],
			"to": [6, 0.62566, 3.1269],
			"faces": {
				"north": {"uv": [15.225, 4.258, 15.975, 5.758], "rotation": 90, "texture": "#2"},
				"east": {"uv": [15.225, 4.258, 15.975, 5.758], "rotation": 90, "texture": "#2"},
				"south": {"uv": [15.225, 4.258, 15.975, 5.758], "rotation": 90, "texture": "#2"},
				"west": {"uv": [15.225, 4.258, 15.975, 5.758], "rotation": 90, "texture": "#2"},
				"up": {"uv": [15.225, 4.258, 15.975, 5.758], "rotation": 90, "texture": "#2"},
				"down": {"uv": [15.225, 4.258, 15.975, 5.758], "rotation": 90, "texture": "#2"}
			}
		},
		{
			"from": [5.6, 0.02566, 0.7269],
			"to": [5.75, 0.22566, 1.1269],
			"faces": {
				"north": {"uv": [0, 0, 0.2, 0.4], "rotation": 270, "texture": "#1"},
				"east": {"uv": [0, 0, 0.2, 0.4], "rotation": 270, "texture": "#1"},
				"south": {"uv": [0, 0, 0.2, 0.4], "rotation": 270, "texture": "#1"},
				"west": {"uv": [0, 0, 0.2, 0.4], "rotation": 270, "texture": "#1"},
				"up": {"uv": [0, 0, 0.2, 0.4], "rotation": 270, "texture": "#1"},
				"down": {"uv": [0, 0, 0.2, 0.4], "rotation": 270, "texture": "#1"}
			}
		},
		{
			"from": [6.63819, 0.02566, -2.29422],
			"to": [6.78819, 0.22566, -1.89422],
			"rotation": {"angle": 22.5, "axis": "y", "origin": [13.78819, -6.97434, 4.10578]},
			"faces": {
				"north": {"uv": [0, 0, 0.2, 0.4], "rotation": 270, "texture": "#1"},
				"east": {"uv": [0, 0, 0.2, 0.4], "rotation": 270, "texture": "#1"},
				"south": {"uv": [0, 0, 0.2, 0.4], "rotation": 270, "texture": "#1"},
				"west": {"uv": [0, 0, 0.2, 0.4], "rotation": 270, "texture": "#1"},
				"up": {"uv": [0, 0, 0.2, 0.4], "rotation": 270, "texture": "#1"},
				"down": {"uv": [0, 0, 0.2, 0.4], "rotation": 270, "texture": "#1"}
			}
		},
		{
			"from": [3.48471, 0.02566, 3.12075],
			"to": [3.63471, 0.22566, 3.52075],
			"rotation": {"angle": -22.5, "axis": "y", "origin": [10.63471, -6.97434, 9.52075]},
			"faces": {
				"north": {"uv": [0, 0, 0.2, 0.4], "rotation": 270, "texture": "#1"},
				"east": {"uv": [0, 0, 0.2, 0.4], "rotation": 270, "texture": "#1"},
				"south": {"uv": [0, 0, 0.2, 0.4], "rotation": 270, "texture": "#1"},
				"west": {"uv": [0, 0, 0.2, 0.4], "rotation": 270, "texture": "#1"},
				"up": {"uv": [0, 0, 0.2, 0.4], "rotation": 270, "texture": "#1"},
				"down": {"uv": [0, 0, 0.2, 0.4], "rotation": 270, "texture": "#1"}
			}
		},
		{
			"from": [9.15, -2.65, 6.1],
			"to": [9.9, -1.15, 6.85],
			"rotation": {"angle": 22.5, "axis": "x", "origin": [16.9, 4.85, 13.85]},
			"faces": {
				"north": {"uv": [0, 2.193, 1.653, 4.724], "texture": "#2"},
				"east": {"uv": [0, 2.193, 1.653, 4.724], "texture": "#2"},
				"south": {"uv": [0, 2.193, 1.653, 4.724], "texture": "#2"},
				"west": {"uv": [0, 2.193, 1.653, 4.724], "texture": "#2"},
				"up": {"uv": [0, 2.193, 1.653, 4.724], "texture": "#2"},
				"down": {"uv": [0, 2.193, 1.653, 4.724], "texture": "#2"}
			}
		},
		{
			"from": [9, -1.35, 6.6],
			"to": [10, 0.15, 7.85],
			"rotation": {"angle": 22.5, "axis": "x", "origin": [16.9, 6.65, 14.35]},
			"faces": {
				"north": {"uv": [0, 0.645, 2.282, 3.047], "texture": "#2"},
				"east": {"uv": [0, 0.645, 2.282, 3.047], "texture": "#2"},
				"south": {"uv": [0, 0.645, 2.282, 3.047], "texture": "#2"},
				"west": {"uv": [0, 0.645, 2.282, 3.047], "texture": "#2"},
				"up": {"uv": [0, 0, 2.282, 1.111], "texture": "#2"},
				"down": {"uv": [0, 0.645, 2.282, 3.047], "texture": "#2"}
			}
		},
		{
			"from": [9.15, 3.42863, 5.23478],
			"to": [9.8, 4.17863, 6.73478],
			"rotation": {"angle": -22.5, "axis": "x", "origin": [16.9, -3.57137, 12.73478]},
			"faces": {
				"north": {"uv": [15.225, 4.258, 15.975, 5.758], "rotation": 90, "texture": "#2"},
				"east": {"uv": [15.225, 4.258, 15.975, 5.758], "rotation": 90, "texture": "#2"},
				"south": {"uv": [15.225, 4.258, 15.975, 5.758], "rotation": 90, "texture": "#2"},
				"west": {"uv": [15.225, 4.258, 15.975, 5.758], "rotation": 90, "texture": "#2"},
				"up": {"uv": [15.225, 4.258, 15.975, 5.758], "rotation": 90, "texture": "#2"},
				"down": {"uv": [15.225, 4.258, 15.975, 5.758], "rotation": 90, "texture": "#2"}
			}
		},
		{
			"from": [9.4, 0.02566, 1.1269],
			"to": [9.75, 0.37566, 2.1269],
			"faces": {
				"north": {"uv": [15.225, 4.258, 15.975, 5.758], "rotation": 90, "texture": "#2"},
				"east": {"uv": [15.225, 4.258, 15.975, 5.758], "rotation": 90, "texture": "#2"},
				"south": {"uv": [15.225, 4.258, 15.975, 5.758], "rotation": 90, "texture": "#2"},
				"west": {"uv": [15.225, 4.258, 15.975, 5.758], "rotation": 90, "texture": "#2"},
				"up": {"uv": [15.225, 4.258, 15.975, 5.758], "rotation": 90, "texture": "#2"},
				"down": {"uv": [15.225, 4.258, 15.975, 5.758], "rotation": 90, "texture": "#2"}
			}
		},
		{
			"from": [9.05, 0.02566, 2.1269],
			"to": [10, 0.47566, 3.1269],
			"faces": {
				"north": {"uv": [15.225, 4.258, 15.975, 5.758], "rotation": 90, "texture": "#2"},
				"east": {"uv": [15.225, 4.258, 15.975, 5.758], "rotation": 90, "texture": "#2"},
				"south": {"uv": [15.225, 4.258, 15.975, 5.758], "rotation": 90, "texture": "#2"},
				"west": {"uv": [15.225, 4.258, 15.975, 5.758], "rotation": 90, "texture": "#2"},
				"up": {"uv": [15.225, 4.258, 15.975, 5.758], "rotation": 90, "texture": "#2"},
				"down": {"uv": [15.225, 4.258, 15.975, 5.758], "rotation": 90, "texture": "#2"}
			}
		},
		{
			"from": [6.90203, 0.02566, 3.44463],
			"to": [7.25203, 0.37566, 4.44463],
			"rotation": {"angle": -22.5, "axis": "y", "origin": [14.15203, -6.97434, 10.44463]},
			"faces": {
				"north": {"uv": [15.225, 4.258, 15.975, 5.758], "rotation": 90, "texture": "#2"},
				"east": {"uv": [15.225, 4.258, 15.975, 5.758], "rotation": 90, "texture": "#2"},
				"south": {"uv": [15.225, 4.258, 15.975, 5.758], "rotation": 90, "texture": "#2"},
				"west": {"uv": [15.225, 4.258, 15.975, 5.758], "rotation": 90, "texture": "#2"},
				"up": {"uv": [15.225, 4.258, 15.975, 5.758], "rotation": 90, "texture": "#2"},
				"down": {"uv": [15.225, 4.258, 15.975, 5.758], "rotation": 90, "texture": "#2"}
			}
		},
		{
			"from": [10.82087, 0.02566, -1.97034],
			"to": [11.17087, 0.37566, -0.97034],
			"rotation": {"angle": 22.5, "axis": "y", "origin": [18.07087, -6.97434, 5.02966]},
			"faces": {
				"north": {"uv": [15.225, 4.258, 15.975, 5.758], "rotation": 90, "texture": "#2"},
				"east": {"uv": [15.225, 4.258, 15.975, 5.758], "rotation": 90, "texture": "#2"},
				"south": {"uv": [15.225, 4.258, 15.975, 5.758], "rotation": 90, "texture": "#2"},
				"west": {"uv": [15.225, 4.258, 15.975, 5.758], "rotation": 90, "texture": "#2"},
				"up": {"uv": [15.225, 4.258, 15.975, 5.758], "rotation": 90, "texture": "#2"},
				"down": {"uv": [15.225, 4.258, 15.975, 5.758], "rotation": 90, "texture": "#2"}
			}
		},
		{
			"from": [9.15, 0.27566, 2.4269],
			"to": [9.9, 0.62566, 3.1269],
			"faces": {
				"north": {"uv": [15.225, 4.258, 15.975, 5.758], "rotation": 90, "texture": "#2"},
				"east": {"uv": [15.225, 4.258, 15.975, 5.758], "rotation": 90, "texture": "#2"},
				"south": {"uv": [15.225, 4.258, 15.975, 5.758], "rotation": 90, "texture": "#2"},
				"west": {"uv": [15.225, 4.258, 15.975, 5.758], "rotation": 90, "texture": "#2"},
				"up": {"uv": [15.225, 4.258, 15.975, 5.758], "rotation": 90, "texture": "#2"},
				"down": {"uv": [15.225, 4.258, 15.975, 5.758], "rotation": 90, "texture": "#2"}
			}
		},
		{
			"from": [10.53819, 0.02566, -2.29422],
			"to": [10.68819, 0.22566, -1.89422],
			"rotation": {"angle": 22.5, "axis": "y", "origin": [17.68819, -6.97434, 4.10578]},
			"faces": {
				"north": {"uv": [0, 0, 0.2, 0.4], "rotation": 270, "texture": "#1"},
				"east": {"uv": [0, 0, 0.2, 0.4], "rotation": 270, "texture": "#1"},
				"south": {"uv": [0, 0, 0.2, 0.4], "rotation": 270, "texture": "#1"},
				"west": {"uv": [0, 0, 0.2, 0.4], "rotation": 270, "texture": "#1"},
				"up": {"uv": [0, 0, 0.2, 0.4], "rotation": 270, "texture": "#1"},
				"down": {"uv": [0, 0, 0.2, 0.4], "rotation": 270, "texture": "#1"}
			}
		},
		{
			"from": [9.5, 0.02566, 0.7269],
			"to": [9.65, 0.22566, 1.1269],
			"faces": {
				"north": {"uv": [0, 0, 0.2, 0.4], "rotation": 270, "texture": "#1"},
				"east": {"uv": [0, 0, 0.2, 0.4], "rotation": 270, "texture": "#1"},
				"south": {"uv": [0, 0, 0.2, 0.4], "rotation": 270, "texture": "#1"},
				"west": {"uv": [0, 0, 0.2, 0.4], "rotation": 270, "texture": "#1"},
				"up": {"uv": [0, 0, 0.2, 0.4], "rotation": 270, "texture": "#1"},
				"down": {"uv": [0, 0, 0.2, 0.4], "rotation": 270, "texture": "#1"}
			}
		},
		{
			"from": [7.38471, 0.02566, 3.12075],
			"to": [7.53471, 0.22566, 3.52075],
			"rotation": {"angle": -22.5, "axis": "y", "origin": [14.53471, -6.97434, 9.52075]},
			"faces": {
				"north": {"uv": [0, 0, 0.2, 0.4], "rotation": 270, "texture": "#1"},
				"east": {"uv": [0, 0, 0.2, 0.4], "rotation": 270, "texture": "#1"},
				"south": {"uv": [0, 0, 0.2, 0.4], "rotation": 270, "texture": "#1"},
				"west": {"uv": [0, 0, 0.2, 0.4], "rotation": 270, "texture": "#1"},
				"up": {"uv": [0, 0, 0.2, 0.4], "rotation": 270, "texture": "#1"},
				"down": {"uv": [0, 0, 0.2, 0.4], "rotation": 270, "texture": "#1"}
			}
		},
		{
			"from": [4.94, 6.02612, 9.46732],
			"to": [5.99, 7.77612, 10.71732],
			"rotation": {"angle": -22.5, "axis": "x", "origin": [13, -0.72388, 18.21732]},
			"faces": {
				"north": {"uv": [0, 0, 2.694, 4.831], "texture": "#2"},
				"east": {"uv": [0, 0, 2.694, 4.831], "texture": "#2"},
				"south": {"uv": [0, 0, 2.694, 4.831], "texture": "#2"},
				"west": {"uv": [0, 0, 2.694, 4.831], "texture": "#2"},
				"up": {"uv": [0, 0, 2.694, 0.959], "texture": "#2"},
				"down": {"uv": [0, 0, 2.694, 4.831], "texture": "#2"}
			}
		},
		{
			"from": [4.96, -0.7931, 9.10366],
			"to": [6.04, -0.0431, 10.60366],
			"rotation": {"angle": 22.5, "axis": "x", "origin": [12.9, 7.4569, 17.60366]},
			"faces": {
				"north": {"uv": [0, 0, 1.08, 0.75], "texture": "#2"},
				"east": {"uv": [0, 0, 1.5, 0.75], "texture": "#missing"},
				"south": {"uv": [0, 0, 1.08, 0.75], "texture": "#missing"},
				"west": {"uv": [0, 0, 0.75, 1.5], "rotation": 270, "texture": "#2"},
				"up": {"uv": [0, 0, 1.08, 1.5], "texture": "#missing"},
				"down": {"uv": [0, 0, 1.08, 1.5], "texture": "#missing"}
			}
		},
		{
			"from": [5.15, 3.47307, 10.21987],
			"to": [5.8, 4.22307, 11.71987],
			"rotation": {"angle": -22.5, "axis": "x", "origin": [12.8, -3.52693, 17.71987]},
			"faces": {
				"north": {"uv": [5.161, 4.258, 5.911, 5.258], "rotation": 180, "texture": "#2"},
				"east": {"uv": [5.161, 4.258, 5.911, 5.258], "rotation": 180, "texture": "#2"},
				"south": {"uv": [5.161, 4.258, 5.911, 5.258], "rotation": 180, "texture": "#2"},
				"west": {"uv": [5.161, 4.258, 5.911, 5.258], "rotation": 180, "texture": "#2"},
				"up": {"uv": [5.161, 4.258, 5.911, 5.258], "rotation": 180, "texture": "#2"},
				"down": {"uv": [5.161, 4.258, 5.911, 5.258], "rotation": 180, "texture": "#2"}
			}
		},
		{
			"from": [5.05, 0.3201, 7.41199],
			"to": [5.8, 0.6701, 8.11199],
			"faces": {
				"north": {"uv": [5.161, 4.258, 5.911, 5.258], "rotation": 180, "texture": "#2"},
				"east": {"uv": [5.161, 4.258, 5.911, 5.258], "rotation": 180, "texture": "#2"},
				"south": {"uv": [5.161, 4.258, 5.911, 5.258], "rotation": 180, "texture": "#2"},
				"west": {"uv": [5.161, 4.258, 5.911, 5.258], "rotation": 180, "texture": "#2"},
				"up": {"uv": [5.161, 4.258, 5.911, 5.258], "rotation": 180, "texture": "#2"},
				"down": {"uv": [5.161, 4.258, 5.911, 5.258], "rotation": 180, "texture": "#2"}
			}
		},
		{
			"from": [4.95, 0.0701, 7.11199],
			"to": [5.9, 0.5201, 8.11199],
			"faces": {
				"north": {"uv": [5.161, 4.258, 5.911, 5.258], "rotation": 180, "texture": "#2"},
				"east": {"uv": [5.161, 4.258, 5.911, 5.258], "rotation": 180, "texture": "#2"},
				"south": {"uv": [5.161, 4.258, 5.911, 5.258], "rotation": 180, "texture": "#2"},
				"west": {"uv": [5.161, 4.258, 5.911, 5.258], "rotation": 180, "texture": "#2"},
				"up": {"uv": [5.161, 4.258, 5.911, 5.258], "rotation": 180, "texture": "#2"},
				"down": {"uv": [5.161, 4.258, 5.911, 5.258], "rotation": 180, "texture": "#2"}
			}
		},
		{
			"from": [6.72087, 0.0701, 3.01475],
			"to": [7.07087, 0.4201, 4.01475],
			"rotation": {"angle": 22.5, "axis": "y", "origin": [13.97087, -6.9299, 10.01475]},
			"faces": {
				"north": {"uv": [5.161, 4.258, 5.911, 5.258], "rotation": 180, "texture": "#2"},
				"east": {"uv": [5.161, 4.258, 5.911, 5.258], "rotation": 180, "texture": "#2"},
				"south": {"uv": [5.161, 4.258, 5.911, 5.258], "rotation": 180, "texture": "#2"},
				"west": {"uv": [5.161, 4.258, 5.911, 5.258], "rotation": 180, "texture": "#2"},
				"up": {"uv": [5.161, 4.258, 5.911, 5.258], "rotation": 180, "texture": "#2"},
				"down": {"uv": [5.161, 4.258, 5.911, 5.258], "rotation": 180, "texture": "#2"}
			}
		},
		{
			"from": [5.3, 0.0701, 6.11199],
			"to": [5.65, 0.4201, 7.11199],
			"faces": {
				"north": {"uv": [5.161, 4.258, 5.911, 5.258], "rotation": 180, "texture": "#2"},
				"east": {"uv": [5.161, 4.258, 5.911, 5.258], "rotation": 180, "texture": "#2"},
				"south": {"uv": [5.161, 4.258, 5.911, 5.258], "rotation": 180, "texture": "#2"},
				"west": {"uv": [5.161, 4.258, 5.911, 5.258], "rotation": 180, "texture": "#2"},
				"up": {"uv": [5.161, 4.258, 5.911, 5.258], "rotation": 180, "texture": "#2"},
				"down": {"uv": [5.161, 4.258, 5.911, 5.258], "rotation": 180, "texture": "#2"}
			}
		},
		{
			"from": [2.80203, 0.0701, 8.42972],
			"to": [3.15203, 0.4201, 9.42972],
			"rotation": {"angle": -22.5, "axis": "y", "origin": [10.05203, -6.9299, 15.42972]},
			"faces": {
				"north": {"uv": [5.161, 4.258, 5.911, 5.258], "rotation": 180, "texture": "#2"},
				"east": {"uv": [5.161, 4.258, 5.911, 5.258], "rotation": 180, "texture": "#2"},
				"south": {"uv": [5.161, 4.258, 5.911, 5.258], "rotation": 180, "texture": "#2"},
				"west": {"uv": [5.161, 4.258, 5.911, 5.258], "rotation": 180, "texture": "#2"},
				"up": {"uv": [5.161, 4.258, 5.911, 5.258], "rotation": 180, "texture": "#2"},
				"down": {"uv": [5.161, 4.258, 5.911, 5.258], "rotation": 180, "texture": "#2"}
			}
		},
		{
			"from": [3.28471, 0.0701, 8.10584],
			"to": [3.43471, 0.2701, 8.50584],
			"rotation": {"angle": -22.5, "axis": "y", "origin": [10.43471, -6.9299, 14.50584]},
			"faces": {
				"north": {"uv": [0, 0, 0.2, 0.4], "rotation": 270, "texture": "#1"},
				"east": {"uv": [0, 0, 0.2, 0.4], "rotation": 270, "texture": "#1"},
				"south": {"uv": [0, 0, 0.2, 0.4], "rotation": 270, "texture": "#1"},
				"west": {"uv": [0, 0, 0.2, 0.4], "rotation": 270, "texture": "#1"},
				"up": {"uv": [0, 0, 0.2, 0.4], "rotation": 270, "texture": "#1"},
				"down": {"uv": [0, 0, 0.2, 0.4], "rotation": 270, "texture": "#1"}
			}
		},
		{
			"from": [5.4, 0.0701, 5.71199],
			"to": [5.55, 0.2701, 6.11199],
			"faces": {
				"north": {"uv": [0, 0, 0.2, 0.4], "rotation": 270, "texture": "#1"},
				"east": {"uv": [0, 0, 0.2, 0.4], "rotation": 270, "texture": "#1"},
				"south": {"uv": [0, 0, 0.2, 0.4], "rotation": 270, "texture": "#1"},
				"west": {"uv": [0, 0, 0.2, 0.4], "rotation": 270, "texture": "#1"},
				"up": {"uv": [0, 0, 0.2, 0.4], "rotation": 270, "texture": "#1"},
				"down": {"uv": [0, 0, 0.2, 0.4], "rotation": 270, "texture": "#1"}
			}
		},
		{
			"from": [6.43819, 0.0701, 2.69087],
			"to": [6.58819, 0.2701, 3.09087],
			"rotation": {"angle": 22.5, "axis": "y", "origin": [13.58819, -6.9299, 9.09087]},
			"faces": {
				"north": {"uv": [0, 0, 0.2, 0.4], "rotation": 270, "texture": "#1"},
				"east": {"uv": [0, 0, 0.2, 0.4], "rotation": 270, "texture": "#1"},
				"south": {"uv": [0, 0, 0.2, 0.4], "rotation": 270, "texture": "#1"},
				"west": {"uv": [0, 0, 0.2, 0.4], "rotation": 270, "texture": "#1"},
				"up": {"uv": [0, 0, 0.2, 0.4], "rotation": 270, "texture": "#1"},
				"down": {"uv": [0, 0, 0.2, 0.4], "rotation": 270, "texture": "#1"}
			}
		},
		{
			"from": [4.93, -0.83002, 3.82253],
			"to": [6.08, 0.16998, 6.07253],
			"rotation": {"angle": 22.5, "axis": "x", "origin": [12.95, -7.83002, 12.07253]},
			"faces": {
				"north": {"uv": [0, 2.71, 1, 4.96], "rotation": 270, "texture": "#2"},
				"east": {"uv": [0, 2.71, 1, 4.96], "rotation": 270, "texture": "#2"},
				"south": {"uv": [0, 4.129, 1.128, 4.96], "rotation": 270, "texture": "#2"},
				"west": {"uv": [0, 2.71, 1, 4.96], "rotation": 270, "texture": "#2"},
				"up": {"uv": [0, 2.71, 1, 4.96], "texture": "#2"},
				"down": {"uv": [0, 2.71, 1, 4.96], "rotation": 270, "texture": "#2"}
			}
		},
		{
			"from": [4.95, -0.33264, 10.4366],
			"to": [6.1, 1.06736, 11.4366],
			"rotation": {"angle": -22.5, "axis": "x", "origin": [12.85, -7.58264, 3.4366]},
			"faces": {
				"north": {"uv": [0, 2.322, 2.694, 3.41], "texture": "#2"},
				"east": {"uv": [0, 2.322, 2.694, 3.41], "texture": "#2"},
				"south": {"uv": [0, 2.322, 2.694, 3.41], "texture": "#2"},
				"west": {"uv": [0, 2.322, 2.694, 3.41], "texture": "#2"},
				"up": {"uv": [0, 2.322, 2.694, 3.41], "texture": "#2"},
				"down": {"uv": [0, 2.322, 2.694, 3.41], "texture": "#2"}
			}
		},
		{
			"from": [5.05, 0.64413, 8.49781],
			"to": [5.8, 1.89413, 9.49781],
			"faces": {
				"north": {"uv": [5.161, 4.258, 5.911, 5.258], "rotation": 180, "texture": "#2"},
				"east": {"uv": [5.161, 4.258, 5.911, 5.258], "rotation": 180, "texture": "#2"},
				"south": {"uv": [5.161, 4.258, 5.911, 5.258], "rotation": 180, "texture": "#2"},
				"west": {"uv": [5.161, 4.258, 5.911, 5.258], "rotation": 180, "texture": "#2"},
				"up": {"uv": [5.161, 4.258, 5.911, 5.258], "rotation": 180, "texture": "#2"},
				"down": {"uv": [5.161, 4.258, 5.911, 5.258], "rotation": 180, "texture": "#2"}
			}
		},
		{
			"from": [4.85, 2.20897, 8.03541],
			"to": [6, 4.25897, 10.28541],
			"faces": {
				"north": {"uv": [0, 0, 2.694, 4.831], "texture": "#2"},
				"east": {"uv": [0, 0, 2.694, 4.831], "texture": "#2"},
				"south": {"uv": [0, 0, 2.694, 4.831], "texture": "#2"},
				"west": {"uv": [0, 0, 2.694, 4.831], "texture": "#2"},
				"up": {"uv": [0, 0, 2.694, 1.088], "texture": "#2"},
				"down": {"uv": [0.645, 3.871, 2.307, 4.959], "texture": "#2"}
			}
		},
		{
			"from": [9.01, 6.02612, 9.46732],
			"to": [10.06, 7.77612, 10.71732],
			"rotation": {"angle": -22.5, "axis": "x", "origin": [2, -0.72388, 18.21732]},
			"faces": {
				"north": {"uv": [2.694, 0, 0, 4.831], "texture": "#2"},
				"east": {"uv": [2.694, 0, 0, 4.831], "texture": "#2"},
				"south": {"uv": [2.694, 0, 0, 4.831], "texture": "#2"},
				"west": {"uv": [2.694, 0, 0, 4.831], "texture": "#2"},
				"up": {"uv": [2.694, 0, 0, 0.959], "texture": "#2"},
				"down": {"uv": [2.694, 0, 0, 4.831], "texture": "#2"}
			}
		},
		{
			"from": [8.96, -0.7931, 9.10366],
			"to": [10.04, -0.0431, 10.60366],
			"rotation": {"angle": 22.5, "axis": "x", "origin": [2.1, 7.4569, 17.60366]},
			"faces": {
				"north": {"uv": [1.08, 0, 0, 0.75], "texture": "#2"},
				"east": {"uv": [1.08, 0, 0, 0.75], "texture": "#2"},
				"south": {"uv": [1.08, 0, 0, 0.75], "texture": "#2"},
				"west": {"uv": [1.08, 0, 0, 0.75], "texture": "#2"},
				"up": {"uv": [1.08, 0, 0, 0.75], "texture": "#2"},
				"down": {"uv": [1.08, 0, 0, 0.75], "texture": "#2"}
			}
		},
		{
			"from": [9.2, 3.47307, 10.21987],
			"to": [9.85, 4.22307, 11.71987],
			"rotation": {"angle": -22.5, "axis": "x", "origin": [2.2, -3.52693, 17.71987]},
			"faces": {
				"north": {"uv": [5.911, 4.258, 5.161, 5.258], "rotation": 180, "texture": "#2"},
				"east": {"uv": [5.911, 4.258, 5.161, 5.258], "rotation": 180, "texture": "#2"},
				"south": {"uv": [5.911, 4.258, 5.161, 5.258], "rotation": 180, "texture": "#2"},
				"west": {"uv": [5.911, 4.258, 5.161, 5.258], "rotation": 180, "texture": "#2"},
				"up": {"uv": [5.911, 4.258, 5.161, 5.258], "rotation": 180, "texture": "#2"},
				"down": {"uv": [5.911, 4.258, 5.161, 5.258], "rotation": 180, "texture": "#2"}
			}
		},
		{
			"from": [9.2, 0.3201, 7.41199],
			"to": [9.95, 0.6701, 8.11199],
			"faces": {
				"north": {"uv": [5.911, 4.258, 5.161, 5.258], "rotation": 180, "texture": "#2"},
				"east": {"uv": [5.911, 4.258, 5.161, 5.258], "rotation": 180, "texture": "#2"},
				"south": {"uv": [5.911, 4.258, 5.161, 5.258], "rotation": 180, "texture": "#2"},
				"west": {"uv": [5.911, 4.258, 5.161, 5.258], "rotation": 180, "texture": "#2"},
				"up": {"uv": [5.911, 4.258, 5.161, 5.258], "rotation": 180, "texture": "#2"},
				"down": {"uv": [5.911, 4.258, 5.161, 5.258], "rotation": 180, "texture": "#2"}
			}
		},
		{
			"from": [9.1, 0.0701, 7.11199],
			"to": [10.05, 0.5201, 8.11199],
			"faces": {
				"north": {"uv": [5.911, 4.258, 5.161, 5.258], "rotation": 180, "texture": "#2"},
				"east": {"uv": [5.911, 4.258, 5.161, 5.258], "rotation": 180, "texture": "#2"},
				"south": {"uv": [5.911, 4.258, 5.161, 5.258], "rotation": 180, "texture": "#2"},
				"west": {"uv": [5.911, 4.258, 5.161, 5.258], "rotation": 180, "texture": "#2"},
				"up": {"uv": [5.911, 4.258, 5.161, 5.258], "rotation": 180, "texture": "#2"},
				"down": {"uv": [5.911, 4.258, 5.161, 5.258], "rotation": 180, "texture": "#2"}
			}
		},
		{
			"from": [7.92913, 0.0701, 3.01475],
			"to": [8.27913, 0.4201, 4.01475],
			"rotation": {"angle": -22.5, "axis": "y", "origin": [1.02913, -6.9299, 10.01475]},
			"faces": {
				"north": {"uv": [5.911, 4.258, 5.161, 5.258], "rotation": 180, "texture": "#2"},
				"east": {"uv": [5.911, 4.258, 5.161, 5.258], "rotation": 180, "texture": "#2"},
				"south": {"uv": [5.911, 4.258, 5.161, 5.258], "rotation": 180, "texture": "#2"},
				"west": {"uv": [5.911, 4.258, 5.161, 5.258], "rotation": 180, "texture": "#2"},
				"up": {"uv": [5.911, 4.258, 5.161, 5.258], "rotation": 180, "texture": "#2"},
				"down": {"uv": [5.911, 4.258, 5.161, 5.258], "rotation": 180, "texture": "#2"}
			}
		},
		{
			"from": [9.35, 0.0701, 6.11199],
			"to": [9.7, 0.4201, 7.11199],
			"faces": {
				"north": {"uv": [5.911, 4.258, 5.161, 5.258], "rotation": 180, "texture": "#2"},
				"east": {"uv": [5.911, 4.258, 5.161, 5.258], "rotation": 180, "texture": "#2"},
				"south": {"uv": [5.911, 4.258, 5.161, 5.258], "rotation": 180, "texture": "#2"},
				"west": {"uv": [5.911, 4.258, 5.161, 5.258], "rotation": 180, "texture": "#2"},
				"up": {"uv": [5.911, 4.258, 5.161, 5.258], "rotation": 180, "texture": "#2"},
				"down": {"uv": [5.911, 4.258, 5.161, 5.258], "rotation": 180, "texture": "#2"}
			}
		},
		{
			"from": [11.84797, 0.0701, 8.42972],
			"to": [12.19797, 0.4201, 9.42972],
			"rotation": {"angle": 22.5, "axis": "y", "origin": [4.94797, -6.9299, 15.42972]},
			"faces": {
				"north": {"uv": [5.911, 4.258, 5.161, 5.258], "rotation": 180, "texture": "#2"},
				"east": {"uv": [5.911, 4.258, 5.161, 5.258], "rotation": 180, "texture": "#2"},
				"south": {"uv": [5.911, 4.258, 5.161, 5.258], "rotation": 180, "texture": "#2"},
				"west": {"uv": [5.911, 4.258, 5.161, 5.258], "rotation": 180, "texture": "#2"},
				"up": {"uv": [5.911, 4.258, 5.161, 5.258], "rotation": 180, "texture": "#2"},
				"down": {"uv": [5.911, 4.258, 5.161, 5.258], "rotation": 180, "texture": "#2"}
			}
		},
		{
			"from": [11.56529, 0.0701, 8.10584],
			"to": [11.71529, 0.2701, 8.50584],
			"rotation": {"angle": 22.5, "axis": "y", "origin": [4.56529, -6.9299, 14.50584]},
			"faces": {
				"north": {"uv": [0, 0.4, 0.2, 0], "rotation": 270, "texture": "#1"},
				"east": {"uv": [0, 0.4, 0.2, 0], "rotation": 270, "texture": "#1"},
				"south": {"uv": [0, 0.4, 0.2, 0], "rotation": 270, "texture": "#1"},
				"west": {"uv": [0, 0.4, 0.2, 0], "rotation": 270, "texture": "#1"},
				"up": {"uv": [0, 0.4, 0.2, 0], "rotation": 270, "texture": "#1"},
				"down": {"uv": [0, 0.4, 0.2, 0], "rotation": 270, "texture": "#1"}
			}
		},
		{
			"from": [9.45, 0.0701, 5.71199],
			"to": [9.6, 0.2701, 6.11199],
			"faces": {
				"north": {"uv": [0, 0.4, 0.2, 0], "rotation": 270, "texture": "#1"},
				"east": {"uv": [0, 0.4, 0.2, 0], "rotation": 270, "texture": "#1"},
				"south": {"uv": [0, 0.4, 0.2, 0], "rotation": 270, "texture": "#1"},
				"west": {"uv": [0, 0.4, 0.2, 0], "rotation": 270, "texture": "#1"},
				"up": {"uv": [0, 0.4, 0.2, 0], "rotation": 270, "texture": "#1"},
				"down": {"uv": [0, 0.4, 0.2, 0], "rotation": 270, "texture": "#1"}
			}
		},
		{
			"from": [8.41181, 0.0701, 2.69087],
			"to": [8.56181, 0.2701, 3.09087],
			"rotation": {"angle": -22.5, "axis": "y", "origin": [1.41181, -6.9299, 9.09087]},
			"faces": {
				"north": {"uv": [0, 0.4, 0.2, 0], "rotation": 270, "texture": "#1"},
				"east": {"uv": [0, 0.4, 0.2, 0], "rotation": 270, "texture": "#1"},
				"south": {"uv": [0, 0.4, 0.2, 0], "rotation": 270, "texture": "#1"},
				"west": {"uv": [0, 0.4, 0.2, 0], "rotation": 270, "texture": "#1"},
				"up": {"uv": [0, 0.4, 0.2, 0], "rotation": 270, "texture": "#1"},
				"down": {"uv": [0, 0.4, 0.2, 0], "rotation": 270, "texture": "#1"}
			}
		},
		{
			"from": [8.92, -0.83002, 3.82253],
			"to": [10.07, 0.16998, 6.07253],
			"rotation": {"angle": 22.5, "axis": "x", "origin": [2.05, -7.83002, 12.07253]},
			"faces": {
				"north": {"uv": [0, 4.96, 1, 2.71], "rotation": 270, "texture": "#2"},
				"east": {"uv": [0, 4.96, 1, 2.71], "rotation": 270, "texture": "#2"},
				"south": {"uv": [0, 4.96, 1.128, 4.129], "rotation": 270, "texture": "#2"},
				"west": {"uv": [0, 4.96, 1, 2.71], "rotation": 270, "texture": "#2"},
				"up": {"uv": [1, 2.71, 0, 4.96], "texture": "#2"},
				"down": {"uv": [0, 4.96, 1, 2.71], "rotation": 270, "texture": "#2"}
			}
		},
		{
			"from": [8.9, -0.33264, 10.4366],
			"to": [10.05, 1.06736, 11.4366],
			"rotation": {"angle": -22.5, "axis": "x", "origin": [2.15, -7.58264, 3.4366]},
			"faces": {
				"north": {"uv": [2.694, 2.322, 0, 3.41], "texture": "#2"},
				"east": {"uv": [2.694, 2.322, 0, 3.41], "texture": "#2"},
				"south": {"uv": [2.694, 2.322, 0, 3.41], "texture": "#2"},
				"west": {"uv": [2.694, 2.322, 0, 3.41], "texture": "#2"},
				"up": {"uv": [2.694, 2.322, 0, 3.41], "texture": "#2"},
				"down": {"uv": [2.694, 2.322, 0, 3.41], "texture": "#2"}
			}
		},
		{
			"from": [9.2, 0.64413, 8.49781],
			"to": [9.95, 1.89413, 9.49781],
			"faces": {
				"north": {"uv": [5.911, 4.258, 5.161, 5.258], "rotation": 180, "texture": "#2"},
				"east": {"uv": [5.911, 4.258, 5.161, 5.258], "rotation": 180, "texture": "#2"},
				"south": {"uv": [5.911, 4.258, 5.161, 5.258], "rotation": 180, "texture": "#2"},
				"west": {"uv": [5.911, 4.258, 5.161, 5.258], "rotation": 180, "texture": "#2"},
				"up": {"uv": [5.911, 4.258, 5.161, 5.258], "rotation": 180, "texture": "#2"},
				"down": {"uv": [5.911, 4.258, 5.161, 5.258], "rotation": 180, "texture": "#2"}
			}
		},
		{
			"from": [9, 2.20897, 8.03541],
			"to": [10.15, 4.25897, 10.28541],
			"faces": {
				"north": {"uv": [2.694, 0, 0, 4.831], "texture": "#2"},
				"east": {"uv": [2.694, 0, 0, 4.831], "texture": "#2"},
				"south": {"uv": [2.694, 0, 0, 4.831], "texture": "#2"},
				"west": {"uv": [2.694, 0, 0, 4.831], "texture": "#2"},
				"up": {"uv": [2.694, 0, 0, 1.088], "texture": "#2"},
				"down": {"uv": [2.307, 3.871, 0.645, 4.959], "texture": "#2"}
			}
		},
		{
			"from": [7.5, 1.1, 11.7],
			"to": [7.5, 2.4, 17.5],
			"rotation": {"angle": 22.5, "axis": "x", "origin": [14, 6.6, 20.5]},
			"faces": {
				"north": {"uv": [0.258, 7.225, 8.023, 10.402], "texture": "#2"},
				"east": {"uv": [0.258, 7.225, 8.023, 10.402], "texture": "#2"},
				"south": {"uv": [0.258, 7.225, 8.023, 10.402], "texture": "#2"},
				"west": {"uv": [0.258, 7.225, 8.023, 10.402], "texture": "#2"},
				"up": {"uv": [0.258, 7.225, 8.023, 10.402], "texture": "#2"},
				"down": {"uv": [0.258, 7.225, 8.023, 10.402], "texture": "#2"}
			}
		},
		{
			"from": [7.4, 5.07423, 4.81748],
			"to": [7.4, 6.67423, 10.71748],
			"faces": {
				"north": {"uv": [0.258, 7.225, 8.023, 10.402], "texture": "#2"},
				"east": {"uv": [0.258, 7.225, 8.023, 10.402], "texture": "#2"},
				"south": {"uv": [0.258, 7.225, 8.023, 10.402], "texture": "#2"},
				"west": {"uv": [0.258, 7.225, 8.023, 10.402], "texture": "#2"},
				"up": {"uv": [0.258, 7.225, 8.023, 10.402], "texture": "#2"},
				"down": {"uv": [0.258, 7.225, 8.023, 10.402], "texture": "#2"}
			}
		},
		{
			"from": [7.6, 2.17423, 15.01748],
			"to": [7.6, 3.57423, 18.71748],
			"faces": {
				"north": {"uv": [1.936, 7.225, 6.86, 10.4], "texture": "#2"},
				"east": {"uv": [1.936, 7.225, 6.86, 10.4], "texture": "#2"},
				"south": {"uv": [1.936, 7.225, 6.86, 10.4], "texture": "#2"},
				"west": {"uv": [1.936, 7.225, 6.86, 10.4], "texture": "#2"},
				"up": {"uv": [1.936, 7.225, 6.86, 10.4], "texture": "#2"},
				"down": {"uv": [1.936, 7.225, 6.86, 10.4], "texture": "#2"}
			}
		},
		{
			"from": [7.6, 1.37423, 18.71748],
			"to": [7.6, 2.77423, 22.71748],
			"faces": {
				"north": {"uv": [0.258, 7.225, 8.023, 10.402], "texture": "#2"},
				"east": {"uv": [0.258, 7.225, 8.023, 10.402], "texture": "#2"},
				"south": {"uv": [0.258, 7.225, 8.023, 10.402], "texture": "#2"},
				"west": {"uv": [0.258, 7.225, 8.023, 10.402], "texture": "#2"},
				"up": {"uv": [0.258, 7.225, 8.023, 10.402], "texture": "#2"},
				"down": {"uv": [0.258, 7.225, 8.023, 10.402], "texture": "#2"}
			}
		},
		{
			"from": [7.4, 5.57423, 2.01748],
			"to": [7.4, 7.67423, 5.26748],
			"faces": {
				"north": {"uv": [1.807, 7.225, 6.214, 10.4], "texture": "#2"},
				"east": {"uv": [1.807, 7.225, 6.214, 10.4], "texture": "#2"},
				"south": {"uv": [1.807, 7.225, 6.214, 10.4], "texture": "#2"},
				"west": {"uv": [1.807, 7.225, 6.214, 10.4], "texture": "#2"},
				"up": {"uv": [1.807, 7.225, 6.214, 10.4], "texture": "#2"},
				"down": {"uv": [1.807, 7.225, 6.214, 10.4], "texture": "#2"}
			}
		},
		{
			"from": [7.6, 1.37423, 22.11748],
			"to": [7.6, 1.37423, 26.11748],
			"color": 6,
			"faces": {
				"north": {"uv": [0, 0, 0, 0], "texture": "#missing"},
				"east": {"uv": [0, 0, 4, 0], "texture": "#missing"},
				"south": {"uv": [0, 0, 0, 0], "texture": "#missing"},
				"west": {"uv": [0, 0, 4, 0], "texture": "#missing"},
				"up": {"uv": [0, 0, 0, 4], "texture": "#missing"},
				"down": {"uv": [0, 0, 0, 4], "texture": "#missing"}
			}
		}
	],
	"display": {
		"thirdperson_righthand": {
			"rotation": [75, 45, 0],
			"translation": [0, 2.5, 2.5],
			"scale": [0.375, 0.375, 0.375]
		},
		"thirdperson_lefthand": {
			"rotation": [75, 45, 0],
			"translation": [0, 2.5, 2.5],
			"scale": [0.375, 0.375, 0.375]
		},
		"firstperson_righthand": {
			"rotation": [0, 45, 0],
			"translation": [0, 2.5, 0],
			"scale": [0.4, 0.4, 0.4]
		},
		"firstperson_lefthand": {
			"rotation": [0, 45, 0],
			"translation": [0, 2.5, 0],
			"scale": [0.4, 0.4, 0.4]
		},
		"ground": {
			"translation": [0, 0.25, 0],
			"scale": [0.5, 0.5, 0.5]
		},
		"gui": {
			"rotation": [30, 225, 0],
			"translation": [0.75, 2, 0],
			"scale": [0.625, 0.625, 0.625]
		},
		"head": {
			"translation": [0, 15.25, 2]
		},
		"fixed": {
			"rotation": [-90, 0, 0],
			"translation": [0, 0, -15],
			"scale": [2, 2, 2]
		}
	},
	"groups": [
		{
			"name": "Body",
			"children": [0, 1, 2, 3, 4, 5, 6, 7, 8, 9, 10, 11, 12, 13, 14, 15, 16]
		},
		{
			"name": "Arm",
			"children": [17, 18, 19, 20, 21, 22, 23, 24, 25, 26, 27]
		},
		{
			"name": "Arm2",
			"children": [28, 29, 30, 31, 32, 33, 34, 35, 36, 37, 38]
		},
		{
			"name": "Back Leg",
			"children": [39, 40, 41, 42, 43, 44, 45, 46, 47, 48, 49, 50, 51, 52, 53]
		},
		{
			"name": "Back Leg2",
			"children": [54, 55, 56, 57, 58, 59, 60, 61, 62, 63, 64, 65, 66, 67, 68]
		},
		{
			"name": "Fringe",
			"children": [69, 70, 71, 72, 73, 74]
		}
	]
}