{
	"credit": "Made with Blockbench",
	"textures": {
		"0": "block/MizunoArchive/oak_planks",
		"1": "block/MizunoArchive/anvil_top",
		"2": "block/MizunoArchive/leather_0",
		"particle": "block/MizunoArchive/oak_planks"
	},
	"elements": [
		{
			"from": [5, 10, 13.5],
			"to": [11, 15, 14],
			"faces": {
				"north": {"uv": [16, 0, 0, 12], "texture": "#0"},
				"east": {"uv": [16, 0, 0, 12], "texture": "#0"},
				"south": {"uv": [16, 0, 0, 12], "texture": "#0"},
				"west": {"uv": [16, 0, 0, 12], "texture": "#0"},
				"up": {"uv": [16, 0, 0, 12], "texture": "#0"},
				"down": {"uv": [16, 0, 0, 12], "texture": "#0"}
			}
		},
		{
			"from": [4, 10, 13.5],
			"to": [5, 14.2, 14],
			"faces": {
				"north": {"uv": [2, 2, 0, 12], "texture": "#0"},
				"east": {"uv": [2, 2, 0, 12], "texture": "#0"},
				"south": {"uv": [2, 2, 0, 12], "texture": "#0"},
				"west": {"uv": [2, 2, 0, 12], "texture": "#0"},
				"up": {"uv": [2, 2, 0, 12], "texture": "#0"},
				"down": {"uv": [2, 2, 0, 12], "texture": "#0"}
			}
		},
		{
			"from": [3.8, 13.5, 13.5],
			"to": [4.5, 14.9, 14],
			"rotation": {"angle": -45, "axis": "z", "origin": [4.5, 13.5, 13.5]},
			"faces": {
				"north": {"uv": [1, 1.7, 2.4, 0], "rotation": 90, "texture": "#0"},
				"east": {"uv": [1, 1.7, 2.4, 0], "rotation": 90, "texture": "#0"},
				"south": {"uv": [1, 1.7, 2.4, 0], "rotation": 90, "texture": "#0"},
				"west": {"uv": [1, 1.7, 2.4, 0], "rotation": 90, "texture": "#0"},
				"up": {"uv": [1, 1.7, 2.4, 0], "rotation": 90, "texture": "#0"},
				"down": {"uv": [1, 1.7, 2.4, 0], "rotation": 90, "texture": "#0"}
			}
		},
		{
			"from": [11.5, 13.5, 13.5],
			"to": [12.2, 14.9, 14],
			"rotation": {"angle": 45, "axis": "z", "origin": [11.5, 13.5, 13.5]},
			"faces": {
				"north": {"uv": [1, 1.7, 2.4, 0], "rotation": 90, "texture": "#0"},
				"east": {"uv": [1, 1.7, 2.4, 0], "rotation": 90, "texture": "#0"},
				"south": {"uv": [1, 1.7, 2.4, 0], "rotation": 90, "texture": "#0"},
				"west": {"uv": [1, 1.7, 2.4, 0], "rotation": 90, "texture": "#0"},
				"up": {"uv": [1, 1.7, 2.4, 0], "rotation": 90, "texture": "#0"},
				"down": {"uv": [1, 1.7, 2.4, 0], "rotation": 90, "texture": "#0"}
			}
		},
		{
			"from": [11, 10, 13.5],
			"to": [12, 14.2, 14],
			"faces": {
				"north": {"uv": [0, 2, 2, 12], "texture": "#0"},
				"east": {"uv": [0, 2, 2, 12], "texture": "#0"},
				"south": {"uv": [0, 2, 2, 12], "texture": "#0"},
				"west": {"uv": [0, 2, 2, 12], "texture": "#0"},
				"up": {"uv": [0, 2, 2, 12], "texture": "#0"},
				"down": {"uv": [0, 2, 2, 12], "texture": "#0"}
			}
		},
		{
			"from": [3.8, 13.5, 2],
			"to": [4.5, 14.9, 2.5],
			"rotation": {"angle": -45, "axis": "z", "origin": [4.5, 13.5, 2]},
			"faces": {
				"north": {"uv": [1, 1.7, 2.4, 0], "rotation": 90, "texture": "#0"},
				"east": {"uv": [1, 1.7, 2.4, 0], "rotation": 90, "texture": "#0"},
				"south": {"uv": [1, 1.7, 2.4, 0], "rotation": 90, "texture": "#0"},
				"west": {"uv": [1, 1.7, 2.4, 0], "rotation": 90, "texture": "#0"},
				"up": {"uv": [1, 1.7, 2.4, 0], "rotation": 90, "texture": "#0"},
				"down": {"uv": [1, 1.7, 2.4, 0], "rotation": 90, "texture": "#0"}
			}
		},
		{
			"from": [11.5, 13.5, 2],
			"to": [12.2, 14.9, 2.5],
			"rotation": {"angle": 45, "axis": "z", "origin": [11.5, 13.5, 2]},
			"faces": {
				"north": {"uv": [1, 1.7, 2.4, 0], "rotation": 90, "texture": "#0"},
				"east": {"uv": [1, 1.7, 2.4, 0], "rotation": 90, "texture": "#0"},
				"south": {"uv": [1, 1.7, 2.4, 0], "rotation": 90, "texture": "#0"},
				"west": {"uv": [1, 1.7, 2.4, 0], "rotation": 90, "texture": "#0"},
				"up": {"uv": [1, 1.7, 2.4, 0], "rotation": 90, "texture": "#0"},
				"down": {"uv": [1, 1.7, 2.4, 0], "rotation": 90, "texture": "#0"}
			}
		},
		{
			"from": [4, 10, 2],
			"to": [5, 14.2, 2.5],
			"faces": {
				"north": {"uv": [2, 2, 0, 12], "texture": "#0"},
				"east": {"uv": [2, 2, 0, 12], "texture": "#0"},
				"south": {"uv": [2, 2, 0, 12], "texture": "#0"},
				"west": {"uv": [2, 2, 0, 12], "texture": "#0"},
				"up": {"uv": [2, 2, 0, 12], "texture": "#0"},
				"down": {"uv": [2, 2, 0, 12], "texture": "#0"}
			}
		},
		{
			"from": [5, 10, 2],
			"to": [11, 15, 2.5],
			"faces": {
				"north": {"uv": [16, 0, 0, 12], "texture": "#0"},
				"east": {"uv": [16, 0, 0, 12], "texture": "#0"},
				"south": {"uv": [16, 0, 0, 12], "texture": "#0"},
				"west": {"uv": [16, 0, 0, 12], "texture": "#0"},
				"up": {"uv": [16, 0, 0, 12], "texture": "#0"},
				"down": {"uv": [16, 0, 0, 12], "texture": "#0"}
			}
		},
		{
			"from": [11, 10, 2],
			"to": [12, 14.2, 2.5],
			"faces": {
				"north": {"uv": [0, 2, 2, 12], "texture": "#0"},
				"east": {"uv": [0, 2, 2, 12], "texture": "#0"},
				"south": {"uv": [0, 2, 2, 12], "texture": "#0"},
				"west": {"uv": [0, 2, 2, 12], "texture": "#0"},
				"up": {"uv": [0, 2, 2, 12], "texture": "#0"},
				"down": {"uv": [0, 2, 2, 12], "texture": "#0"}
			}
		},
		{
			"from": [4, 0, 2.5],
			"to": [12, 2, 3],
			"faces": {
				"north": {"uv": [0, 0, 16, 7], "texture": "#0"},
				"east": {"uv": [0, 3, 16, 4], "texture": "#0"},
				"south": {"uv": [0, 0, 16, 7], "texture": "#0"},
				"west": {"uv": [0, 3, 16, 4], "texture": "#0"},
				"up": {"uv": [0, 3, 16, 4], "texture": "#0"},
				"down": {"uv": [0, 3, 16, 4], "texture": "#0"}
			}
		},
		{
			"from": [6, 2, 2.5],
			"to": [10, 13, 3],
			"faces": {
				"north": {"uv": [0, 0, 16, 7], "rotation": 90, "texture": "#0"},
				"east": {"uv": [0, 3, 16, 4], "rotation": 90, "texture": "#0"},
				"south": {"uv": [0, 0, 16, 7], "rotation": 90, "texture": "#0"},
				"west": {"uv": [0, 3, 16, 4], "rotation": 90, "texture": "#0"},
				"up": {"uv": [0, 0, 16, 7], "rotation": 90, "texture": "#0"},
				"down": {"uv": [0, 0, 16, 7], "rotation": 90, "texture": "#0"}
			}
		},
		{
			"from": [6, 2, 13],
			"to": [10, 13, 13.5],
			"faces": {
				"north": {"uv": [0, 0, 16, 7], "rotation": 90, "texture": "#0"},
				"east": {"uv": [0, 3, 16, 4], "rotation": 90, "texture": "#0"},
				"south": {"uv": [0, 0, 16, 7], "rotation": 90, "texture": "#0"},
				"west": {"uv": [0, 3, 16, 4], "rotation": 90, "texture": "#0"},
				"up": {"uv": [0, 0, 16, 7], "rotation": 90, "texture": "#0"},
				"down": {"uv": [0, 0, 16, 7], "rotation": 90, "texture": "#0"}
			}
		},
		{
			"from": [4, 0, 13],
			"to": [12, 2, 13.5],
			"faces": {
				"north": {"uv": [0, 0, 16, 7], "texture": "#0"},
				"east": {"uv": [0, 3, 16, 4], "texture": "#0"},
				"south": {"uv": [0, 0, 16, 7], "texture": "#0"},
				"west": {"uv": [0, 3, 16, 4], "texture": "#0"},
				"up": {"uv": [0, 3, 16, 4], "texture": "#0"},
				"down": {"uv": [0, 3, 16, 4], "texture": "#0"}
			}
		},
		{
			"from": [5.5, 4, 2.5],
			"to": [6, 6, 13.5],
			"faces": {
				"north": {"uv": [0, 3, 8.5, 4], "rotation": 90, "texture": "#0"},
				"east": {"uv": [0, 0, 16, 7], "texture": "#0"},
				"south": {"uv": [0, 3, 7.5, 4], "rotation": 90, "texture": "#0"},
				"west": {"uv": [0, 0, 16, 7], "texture": "#0"},
				"up": {"uv": [0, 3, 15.5, 4], "rotation": 90, "texture": "#0"},
				"down": {"uv": [0, 3, 15.5, 4], "rotation": 90, "texture": "#0"}
			}
		},
		{
			"from": [10, 4, 2.5],
			"to": [10.5, 6, 13.5],
			"faces": {
				"north": {"uv": [0, 3, 8.5, 4], "rotation": 90, "texture": "#0"},
				"east": {"uv": [0, 0, 16, 7], "texture": "#0"},
				"south": {"uv": [0, 3, 7.5, 4], "rotation": 90, "texture": "#0"},
				"west": {"uv": [0, 0, 16, 7], "texture": "#0"},
				"up": {"uv": [0, 3, 15.5, 4], "rotation": 90, "texture": "#0"},
				"down": {"uv": [0, 3, 15.5, 4], "rotation": 90, "texture": "#0"}
			}
		},
		{
			"from": [3.5, 12.3, 2],
			"to": [4, 13.7, 14],
			"faces": {
				"north": {"uv": [0, 11, 16, 12], "rotation": 90, "texture": "#0"},
				"east": {"uv": [0, 12, 16, 15], "texture": "#0"},
				"south": {"uv": [0, 11, 16, 12], "rotation": 90, "texture": "#0"},
				"west": {"uv": [0, 12, 16, 15], "texture": "#0"},
				"up": {"uv": [0, 11, 16, 12], "rotation": 90, "texture": "#0"},
				"down": {"uv": [0, 11, 16, 12], "rotation": 90, "texture": "#0"}
			}
		},
		{
			"from": [2.7, 14.1, 2],
			"to": [3.2, 15.5, 14],
			"rotation": {"angle": -45, "axis": "z", "origin": [3.5, 13, 8]},
			"faces": {
				"north": {"uv": [0, 11, 16, 12], "rotation": 90, "texture": "#0"},
				"east": {"uv": [0, 12, 16, 15], "texture": "#0"},
				"south": {"uv": [0, 11, 16, 12], "rotation": 90, "texture": "#0"},
				"west": {"uv": [0, 12, 16, 15], "texture": "#0"},
				"up": {"uv": [0, 11, 16, 12], "rotation": 90, "texture": "#0"},
				"down": {"uv": [0, 11, 16, 12], "rotation": 90, "texture": "#0"}
			}
		},
		{
			"from": [5.3, 15, 2],
			"to": [6.8, 15.5, 14],
			"faces": {
				"north": {"uv": [0, 11, 16, 12], "rotation": 90, "texture": "#0"},
				"east": {"uv": [0, 12, 16, 15], "rotation": 90, "texture": "#0"},
				"south": {"uv": [0, 11, 16, 12], "rotation": 90, "texture": "#0"},
				"west": {"uv": [0, 12, 16, 15], "rotation": 90, "texture": "#0"},
				"up": {"uv": [0, 12, 16, 15], "rotation": 270, "texture": "#0"},
				"down": {"uv": [0, 12, 16, 15], "rotation": 270, "texture": "#0"}
			}
		},
		{
			"from": [7.2, 15, 2],
			"to": [8.8, 15.5, 14],
			"faces": {
				"north": {"uv": [0, 11, 16, 12], "rotation": 90, "texture": "#0"},
				"east": {"uv": [0, 12, 16, 15], "rotation": 90, "texture": "#0"},
				"south": {"uv": [0, 11, 16, 12], "rotation": 90, "texture": "#0"},
				"west": {"uv": [0, 12, 16, 15], "rotation": 90, "texture": "#0"},
				"up": {"uv": [0, 12, 16, 15], "rotation": 270, "texture": "#0"},
				"down": {"uv": [0, 12, 16, 15], "rotation": 270, "texture": "#0"}
			}
		},
		{
			"from": [9.2, 15, 2],
			"to": [10.7, 15.5, 14],
			"faces": {
				"north": {"uv": [0, 11, 16, 12], "rotation": 90, "texture": "#0"},
				"east": {"uv": [0, 12, 16, 15], "rotation": 90, "texture": "#0"},
				"south": {"uv": [0, 11, 16, 12], "rotation": 90, "texture": "#0"},
				"west": {"uv": [0, 12, 16, 15], "rotation": 90, "texture": "#0"},
				"up": {"uv": [0, 12, 16, 15], "rotation": 270, "texture": "#0"},
				"down": {"uv": [0, 12, 16, 15], "rotation": 270, "texture": "#0"}
			}
		},
		{
			"from": [12.8, 14.1, 2],
			"to": [13.3, 15.5, 14],
			"rotation": {"angle": 45, "axis": "z", "origin": [12.5, 13, 8]},
			"faces": {
				"north": {"uv": [0, 11, 16, 12], "rotation": 90, "texture": "#0"},
				"east": {"uv": [0, 12, 16, 15], "texture": "#0"},
				"south": {"uv": [0, 11, 16, 12], "rotation": 90, "texture": "#0"},
				"west": {"uv": [0, 12, 16, 15], "texture": "#0"},
				"up": {"uv": [0, 11, 16, 12], "rotation": 90, "texture": "#0"},
				"down": {"uv": [0, 11, 16, 12], "rotation": 90, "texture": "#0"}
			}
		},
		{
			"from": [12, 12.3, 2],
			"to": [12.5, 13.7, 14],
			"faces": {
				"north": {"uv": [0, 11, 16, 12], "rotation": 90, "texture": "#0"},
				"east": {"uv": [0, 12, 16, 15], "texture": "#0"},
				"south": {"uv": [0, 11, 16, 12], "rotation": 90, "texture": "#0"},
				"west": {"uv": [0, 12, 16, 15], "texture": "#0"},
				"up": {"uv": [0, 11, 16, 12], "rotation": 90, "texture": "#0"},
				"down": {"uv": [0, 11, 16, 12], "rotation": 90, "texture": "#0"}
			}
		},
		{
			"from": [12, 10.4, 2],
			"to": [12.5, 11.8, 14],
			"faces": {
				"north": {"uv": [0, 11, 16, 12], "rotation": 90, "texture": "#0"},
				"east": {"uv": [0, 12, 16, 15], "texture": "#0"},
				"south": {"uv": [0, 11, 16, 12], "rotation": 90, "texture": "#0"},
				"west": {"uv": [0, 12, 16, 15], "texture": "#0"},
				"up": {"uv": [0, 11, 16, 12], "rotation": 90, "texture": "#0"},
				"down": {"uv": [0, 11, 16, 12], "rotation": 90, "texture": "#0"}
			}
		},
		{
			"from": [3.5, 10.4, 2],
			"to": [4, 11.8, 14],
			"faces": {
				"north": {"uv": [0, 11, 16, 12], "rotation": 90, "texture": "#0"},
				"east": {"uv": [0, 12, 16, 15], "texture": "#0"},
				"south": {"uv": [0, 11, 16, 12], "rotation": 90, "texture": "#0"},
				"west": {"uv": [0, 12, 16, 15], "texture": "#0"},
				"up": {"uv": [0, 11, 16, 12], "rotation": 90, "texture": "#0"},
				"down": {"uv": [0, 11, 16, 12], "rotation": 90, "texture": "#0"}
			}
		},
		{
			"from": [3.1, 6.8, 7.6],
			"to": [3.5, 8.8, 8.4],
			"faces": {
				"north": {"uv": [9, 1, 11, 1.8], "rotation": 90, "texture": "#1"},
				"east": {"uv": [9, 1, 11, 1.8], "rotation": 90, "texture": "#1"},
				"south": {"uv": [9, 1, 11, 1.8], "rotation": 90, "texture": "#1"},
				"west": {"uv": [9, 1, 11, 1.8], "rotation": 90, "texture": "#1"},
				"up": {"uv": [9, 1, 11, 1.8], "rotation": 90, "texture": "#1"},
				"down": {"uv": [9, 1, 11, 1.8], "rotation": 90, "texture": "#1"}
			}
		},
		{
			"from": [2.9, 7.1, 8.8],
			"to": [3.5, 7.5, 9.5],
			"rotation": {"angle": 45, "axis": "x", "origin": [8, 7.2, 7.9]},
			"faces": {
				"north": {"uv": [9, 1, 11, 1.8], "rotation": 90, "texture": "#1"},
				"east": {"uv": [9, 1, 11, 1.8], "rotation": 90, "texture": "#1"},
				"south": {"uv": [9, 1, 11, 1.8], "rotation": 90, "texture": "#1"},
				"west": {"uv": [9, 1, 11, 1.8], "rotation": 90, "texture": "#1"},
				"up": {"uv": [9, 1, 11, 1.8], "rotation": 90, "texture": "#1"},
				"down": {"uv": [9, 1, 11, 1.8], "rotation": 90, "texture": "#1"}
			}
		},
		{
			"from": [2.9, 6.4, 7.3],
			"to": [3.5, 6.8, 8.7],
			"faces": {
				"north": {"uv": [9, 1, 11, 1.8], "rotation": 90, "texture": "#1"},
				"east": {"uv": [9, 1, 11, 1.8], "rotation": 90, "texture": "#1"},
				"south": {"uv": [9, 1, 11, 1.8], "rotation": 90, "texture": "#1"},
				"west": {"uv": [9, 1, 11, 1.8], "rotation": 90, "texture": "#1"},
				"up": {"uv": [9, 1, 11, 1.8], "rotation": 90, "texture": "#1"},
				"down": {"uv": [9, 1, 11, 1.8], "rotation": 90, "texture": "#1"}
			}
		},
		{
			"from": [2.9, 7.1, 6.5],
			"to": [3.5, 7.5, 7.2],
			"rotation": {"angle": -45, "axis": "x", "origin": [8, 7.2, 8.1]},
			"faces": {
				"north": {"uv": [9, 1, 11, 1.8], "rotation": 90, "texture": "#1"},
				"east": {"uv": [9, 1, 11, 1.8], "rotation": 90, "texture": "#1"},
				"south": {"uv": [9, 1, 11, 1.8], "rotation": 90, "texture": "#1"},
				"west": {"uv": [9, 1, 11, 1.8], "rotation": 90, "texture": "#1"},
				"up": {"uv": [9, 1, 11, 1.8], "rotation": 90, "texture": "#1"},
				"down": {"uv": [9, 1, 11, 1.8], "rotation": 90, "texture": "#1"}
			}
		},
		{
			"from": [2.9, 4.9, 6.8],
			"to": [3.5, 6.3, 7.2],
			"faces": {
				"north": {"uv": [9, 1, 11, 1.8], "texture": "#1"},
				"east": {"uv": [9, 1, 11, 1.8], "texture": "#1"},
				"south": {"uv": [9, 1, 11, 1.8], "texture": "#1"},
				"west": {"uv": [9, 1, 11, 1.8], "texture": "#1"},
				"up": {"uv": [9, 1, 11, 1.8], "texture": "#1"},
				"down": {"uv": [9, 1, 11, 1.8], "texture": "#1"}
			}
		},
		{
			"from": [2.6, 4.5, 6.8],
			"to": [3.5, 4.9, 9.2],
			"faces": {
				"north": {"uv": [9, 1, 11, 1.8], "rotation": 90, "texture": "#1"},
				"east": {"uv": [9, 1, 11, 1.8], "rotation": 90, "texture": "#1"},
				"south": {"uv": [9, 1, 11, 1.8], "rotation": 90, "texture": "#1"},
				"west": {"uv": [9, 1, 11, 1.8], "rotation": 90, "texture": "#1"},
				"up": {"uv": [9, 1, 11, 1.8], "rotation": 90, "texture": "#1"},
				"down": {"uv": [9, 1, 11, 1.8], "rotation": 90, "texture": "#1"}
			}
		},
		{
			"from": [2.9, 4.9, 8.8],
			"to": [3.5, 6.3, 9.2],
			"faces": {
				"north": {"uv": [9, 1, 11, 1.8], "texture": "#1"},
				"east": {"uv": [9, 1, 11, 1.8], "texture": "#1"},
				"south": {"uv": [9, 1, 11, 1.8], "texture": "#1"},
				"west": {"uv": [9, 1, 11, 1.8], "texture": "#1"},
				"up": {"uv": [9, 1, 11, 1.8], "texture": "#1"},
				"down": {"uv": [9, 1, 11, 1.8], "texture": "#1"}
			}
		},
		{
			"from": [12.5, 7.1, 8.8],
			"to": [13.1, 7.5, 9.5],
			"rotation": {"angle": 45, "axis": "x", "origin": [8, 7.2, 7.9]},
			"faces": {
				"north": {"uv": [9, 1, 11, 1.8], "rotation": 270, "texture": "#1"},
				"east": {"uv": [9, 1, 11, 1.8], "rotation": 270, "texture": "#1"},
				"south": {"uv": [9, 1, 11, 1.8], "rotation": 270, "texture": "#1"},
				"west": {"uv": [9, 1, 11, 1.8], "rotation": 270, "texture": "#1"},
				"up": {"uv": [9, 1, 11, 1.8], "rotation": 270, "texture": "#1"},
				"down": {"uv": [9, 1, 11, 1.8], "rotation": 270, "texture": "#1"}
			}
		},
		{
			"from": [12.5, 4.9, 8.8],
			"to": [13.1, 6.3, 9.2],
			"faces": {
				"north": {"uv": [9, 1, 11, 1.8], "texture": "#1"},
				"east": {"uv": [9, 1, 11, 1.8], "texture": "#1"},
				"south": {"uv": [9, 1, 11, 1.8], "texture": "#1"},
				"west": {"uv": [9, 1, 11, 1.8], "texture": "#1"},
				"up": {"uv": [9, 1, 11, 1.8], "texture": "#1"},
				"down": {"uv": [9, 1, 11, 1.8], "texture": "#1"}
			}
		},
		{
			"from": [12.5, 4.5, 6.8],
			"to": [13.4, 4.9, 9.2],
			"faces": {
				"north": {"uv": [9, 1, 11, 1.8], "rotation": 270, "texture": "#1"},
				"east": {"uv": [9, 1, 11, 1.8], "rotation": 270, "texture": "#1"},
				"south": {"uv": [9, 1, 11, 1.8], "rotation": 270, "texture": "#1"},
				"west": {"uv": [9, 1, 11, 1.8], "rotation": 270, "texture": "#1"},
				"up": {"uv": [9, 1, 11, 1.8], "rotation": 270, "texture": "#1"},
				"down": {"uv": [9, 1, 11, 1.8], "rotation": 270, "texture": "#1"}
			}
		},
		{
			"from": [12.5, 6.4, 7.3],
			"to": [13.1, 6.8, 8.7],
			"faces": {
				"north": {"uv": [9, 1, 11, 1.8], "rotation": 270, "texture": "#1"},
				"east": {"uv": [9, 1, 11, 1.8], "rotation": 270, "texture": "#1"},
				"south": {"uv": [9, 1, 11, 1.8], "rotation": 270, "texture": "#1"},
				"west": {"uv": [9, 1, 11, 1.8], "rotation": 270, "texture": "#1"},
				"up": {"uv": [9, 1, 11, 1.8], "rotation": 270, "texture": "#1"},
				"down": {"uv": [9, 1, 11, 1.8], "rotation": 270, "texture": "#1"}
			}
		},
		{
			"from": [12.5, 7.1, 6.5],
			"to": [13.1, 7.5, 7.2],
			"rotation": {"angle": -45, "axis": "x", "origin": [8, 7.2, 8.1]},
			"faces": {
				"north": {"uv": [9, 1, 11, 1.8], "rotation": 270, "texture": "#1"},
				"east": {"uv": [9, 1, 11, 1.8], "rotation": 270, "texture": "#1"},
				"south": {"uv": [9, 1, 11, 1.8], "rotation": 270, "texture": "#1"},
				"west": {"uv": [9, 1, 11, 1.8], "rotation": 270, "texture": "#1"},
				"up": {"uv": [9, 1, 11, 1.8], "rotation": 270, "texture": "#1"},
				"down": {"uv": [9, 1, 11, 1.8], "rotation": 270, "texture": "#1"}
			}
		},
		{
			"from": [12.5, 4.9, 6.8],
			"to": [13.1, 6.3, 7.2],
			"faces": {
				"north": {"uv": [9, 1, 11, 1.8], "texture": "#1"},
				"east": {"uv": [9, 1, 11, 1.8], "texture": "#1"},
				"south": {"uv": [9, 1, 11, 1.8], "texture": "#1"},
				"west": {"uv": [9, 1, 11, 1.8], "texture": "#1"},
				"up": {"uv": [9, 1, 11, 1.8], "texture": "#1"},
				"down": {"uv": [9, 1, 11, 1.8], "texture": "#1"}
			}
		},
		{
			"from": [12.5, 6.8, 7.6],
			"to": [12.9, 8.8, 8.4],
			"faces": {
				"north": {"uv": [9, 1, 11, 1.8], "rotation": 270, "texture": "#1"},
				"east": {"uv": [9, 1, 11, 1.8], "rotation": 270, "texture": "#1"},
				"south": {"uv": [9, 1, 11, 1.8], "rotation": 270, "texture": "#1"},
				"west": {"uv": [9, 1, 11, 1.8], "rotation": 270, "texture": "#1"},
				"up": {"uv": [9, 1, 11, 1.8], "rotation": 270, "texture": "#1"},
				"down": {"uv": [9, 1, 11, 1.8], "rotation": 270, "texture": "#1"}
			}
		},
		{
			"from": [12.5, 6.7, 2.2],
			"to": [13.2, 7.2, 5.3],
			"rotation": {"angle": 45, "axis": "x", "origin": [8, 7.2, 8.1]},
			"faces": {
				"north": {"uv": [12.6, 8.5, 11, 9], "texture": "#2"},
				"east": {"uv": [12.6, 8.5, 11, 9], "texture": "#2"},
				"south": {"uv": [12.6, 8.5, 11, 9], "texture": "#2"},
				"west": {"uv": [12.6, 8.5, 11, 9], "texture": "#2"},
				"up": {"uv": [12.6, 8.5, 11, 9], "texture": "#2"},
				"down": {"uv": [12.6, 8.5, 11, 9], "texture": "#2"}
			}
		},
		{
			"from": [12.5, 8.8, 5.8],
			"to": [13.2, 9.3, 10.2],
			"faces": {
				"north": {"uv": [12.6, 8.5, 11, 9], "rotation": 270, "texture": "#2"},
				"east": {"uv": [12.6, 8.5, 11, 9], "rotation": 270, "texture": "#2"},
				"south": {"uv": [12.6, 8.5, 11, 9], "rotation": 270, "texture": "#2"},
				"west": {"uv": [12.6, 8.5, 11, 9], "rotation": 270, "texture": "#2"},
				"up": {"uv": [12.6, 8.5, 11, 9], "rotation": 270, "texture": "#2"},
				"down": {"uv": [12.6, 8.5, 11, 9], "rotation": 270, "texture": "#2"}
			}
		},
		{
			"from": [12.5, 6.7, 10.7],
			"to": [13.2, 7.2, 13.8],
			"rotation": {"angle": -45, "axis": "x", "origin": [8, 7.2, 7.9]},
			"faces": {
				"north": {"uv": [12.6, 8.5, 11, 9], "texture": "#2"},
				"east": {"uv": [12.6, 8.5, 11, 9], "texture": "#2"},
				"south": {"uv": [12.6, 8.5, 11, 9], "texture": "#2"},
				"west": {"uv": [12.6, 8.5, 11, 9], "texture": "#2"},
				"up": {"uv": [12.6, 8.5, 11, 9], "texture": "#2"},
				"down": {"uv": [12.6, 8.5, 11, 9], "texture": "#2"}
			}
		},
		{
			"from": [12.5, 11, 11.9],
			"to": [13.2, 14.2, 12.4],
			"faces": {
				"north": {"uv": [12.6, 8.5, 11, 9], "texture": "#2"},
				"east": {"uv": [12.6, 8.5, 11, 9], "texture": "#2"},
				"south": {"uv": [12.6, 8.5, 11, 9], "texture": "#2"},
				"west": {"uv": [12.6, 8.5, 11, 9], "texture": "#2"},
				"up": {"uv": [12.6, 8.5, 11, 9], "texture": "#2"},
				"down": {"uv": [12.6, 8.5, 11, 9], "texture": "#2"}
			}
		},
		{
			"from": [15.9, 8.5, 11.9],
			"to": [16.6, 11.7, 12.4],
			"rotation": {"angle": 45, "axis": "z", "origin": [8, 7.2, 7.9]},
			"faces": {
				"north": {"uv": [12.6, 8.5, 11, 9], "texture": "#2"},
				"east": {"uv": [12.6, 8.5, 11, 9], "texture": "#2"},
				"south": {"uv": [12.6, 8.5, 11, 9], "texture": "#2"},
				"west": {"uv": [12.6, 8.5, 11, 9], "texture": "#2"},
				"up": {"uv": [12.6, 8.5, 11, 9], "texture": "#2"},
				"down": {"uv": [12.6, 8.5, 11, 9], "texture": "#2"}
			}
		},
		{
			"from": [5.1, 15.8, 11.9],
			"to": [10.9, 16.5, 12.4],
			"faces": {
				"north": {"uv": [12.6, 8.5, 11, 9], "rotation": 270, "texture": "#2"},
				"east": {"uv": [12.6, 8.5, 11, 9], "rotation": 270, "texture": "#2"},
				"south": {"uv": [12.6, 8.5, 11, 9], "rotation": 270, "texture": "#2"},
				"west": {"uv": [12.6, 8.5, 11, 9], "rotation": 270, "texture": "#2"},
				"up": {"uv": [12.6, 8.5, 11, 9], "rotation": 270, "texture": "#2"},
				"down": {"uv": [12.6, 8.5, 11, 9], "rotation": 270, "texture": "#2"}
			}
		},
		{
			"from": [5.1, 15.8, 3.2],
			"to": [10.9, 16.8, 4.1],
			"faces": {
				"north": {"uv": [12.6, 8.5, 11, 9], "rotation": 270, "texture": "#2"},
				"east": {"uv": [12.6, 8.5, 11, 9], "rotation": 270, "texture": "#2"},
				"south": {"uv": [12.6, 8.5, 11, 9], "rotation": 270, "texture": "#2"},
				"west": {"uv": [12.6, 8.5, 11, 9], "rotation": 270, "texture": "#2"},
				"up": {"uv": [12.6, 8.5, 11, 9], "rotation": 270, "texture": "#2"},
				"down": {"uv": [12.6, 8.5, 11, 9], "rotation": 270, "texture": "#2"}
			}
		},
		{
			"from": [15.9, 8.5, 3.4],
			"to": [16.8, 11.9, 4.1],
			"rotation": {"angle": 45, "axis": "z", "origin": [8, 7.2, 7.9]},
			"faces": {
				"north": {"uv": [12.6, 8.5, 11, 9], "texture": "#2"},
				"east": {"uv": [12.6, 8.5, 11, 9], "texture": "#2"},
				"south": {"uv": [12.6, 8.5, 11, 9], "texture": "#2"},
				"west": {"uv": [12.6, 8.5, 11, 9], "texture": "#2"},
				"up": {"uv": [12.6, 8.5, 11, 9], "texture": "#2"},
				"down": {"uv": [12.6, 8.5, 11, 9], "texture": "#2"}
			}
		},
		{
			"from": [12.5, 11, 3.6],
			"to": [13.2, 14.2, 4.1],
			"faces": {
				"north": {"uv": [12.6, 8.5, 11, 9], "texture": "#2"},
				"east": {"uv": [12.6, 8.5, 11, 9], "texture": "#2"},
				"south": {"uv": [12.6, 8.5, 11, 9], "texture": "#2"},
				"west": {"uv": [12.6, 8.5, 11, 9], "texture": "#2"},
				"up": {"uv": [12.6, 8.5, 11, 9], "texture": "#2"},
				"down": {"uv": [12.6, 8.5, 11, 9], "texture": "#2"}
			}
		},
		{
			"from": [-0.8, 8.5, 3.4],
			"to": [0.1, 11.9, 4.1],
			"rotation": {"angle": -45, "axis": "z", "origin": [8, 7.2, 7.9]},
			"faces": {
				"north": {"uv": [12.6, 8.5, 11, 9], "texture": "#2"},
				"east": {"uv": [12.6, 8.5, 11, 9], "texture": "#2"},
				"south": {"uv": [12.6, 8.5, 11, 9], "texture": "#2"},
				"west": {"uv": [12.6, 8.5, 11, 9], "texture": "#2"},
				"up": {"uv": [12.6, 8.5, 11, 9], "texture": "#2"},
				"down": {"uv": [12.6, 8.5, 11, 9], "texture": "#2"}
			}
		},
		{
			"from": [2.8, 11, 3.6],
			"to": [3.5, 14.2, 4.1],
			"faces": {
				"north": {"uv": [12.6, 8.5, 11, 9], "texture": "#2"},
				"east": {"uv": [12.6, 8.5, 11, 9], "texture": "#2"},
				"south": {"uv": [12.6, 8.5, 11, 9], "texture": "#2"},
				"west": {"uv": [12.6, 8.5, 11, 9], "texture": "#2"},
				"up": {"uv": [12.6, 8.5, 11, 9], "texture": "#2"},
				"down": {"uv": [12.6, 8.5, 11, 9], "texture": "#2"}
			}
		},
		{
			"from": [2.8, 6.7, 2.2],
			"to": [3.5, 7.2, 5.3],
			"rotation": {"angle": 45, "axis": "x", "origin": [8, 7.2, 8.1]},
			"faces": {
				"north": {"uv": [12.6, 8.5, 11, 9], "texture": "#2"},
				"east": {"uv": [12.6, 8.5, 11, 9], "texture": "#2"},
				"south": {"uv": [12.6, 8.5, 11, 9], "texture": "#2"},
				"west": {"uv": [12.6, 8.5, 11, 9], "texture": "#2"},
				"up": {"uv": [12.6, 8.5, 11, 9], "texture": "#2"},
				"down": {"uv": [12.6, 8.5, 11, 9], "texture": "#2"}
			}
		},
		{
			"from": [2.8, 8.8, 5.8],
			"to": [3.5, 9.3, 10.2],
			"faces": {
				"north": {"uv": [12.6, 8.5, 11, 9], "rotation": 90, "texture": "#2"},
				"east": {"uv": [12.6, 8.5, 11, 9], "rotation": 90, "texture": "#2"},
				"south": {"uv": [12.6, 8.5, 11, 9], "rotation": 90, "texture": "#2"},
				"west": {"uv": [12.6, 8.5, 11, 9], "rotation": 90, "texture": "#2"},
				"up": {"uv": [12.6, 8.5, 11, 9], "rotation": 90, "texture": "#2"},
				"down": {"uv": [12.6, 8.5, 11, 9], "rotation": 90, "texture": "#2"}
			}
		},
		{
			"from": [2.8, 6.7, 10.7],
			"to": [3.5, 7.2, 13.8],
			"rotation": {"angle": -45, "axis": "x", "origin": [8, 7.2, 7.9]},
			"faces": {
				"north": {"uv": [12.6, 8.5, 11, 9], "texture": "#2"},
				"east": {"uv": [12.6, 8.5, 11, 9], "texture": "#2"},
				"south": {"uv": [12.6, 8.5, 11, 9], "texture": "#2"},
				"west": {"uv": [12.6, 8.5, 11, 9], "texture": "#2"},
				"up": {"uv": [12.6, 8.5, 11, 9], "texture": "#2"},
				"down": {"uv": [12.6, 8.5, 11, 9], "texture": "#2"}
			}
		},
		{
			"from": [2.8, 11, 11.9],
			"to": [3.5, 14.2, 12.4],
			"faces": {
				"north": {"uv": [12.6, 8.5, 11, 9], "texture": "#2"},
				"east": {"uv": [12.6, 8.5, 11, 9], "texture": "#2"},
				"south": {"uv": [12.6, 8.5, 11, 9], "texture": "#2"},
				"west": {"uv": [12.6, 8.5, 11, 9], "texture": "#2"},
				"up": {"uv": [12.6, 8.5, 11, 9], "texture": "#2"},
				"down": {"uv": [12.6, 8.5, 11, 9], "texture": "#2"}
			}
		},
		{
			"from": [-0.6, 8.5, 11.9],
			"to": [0.1, 11.7, 12.4],
			"rotation": {"angle": -45, "axis": "z", "origin": [8, 7.2, 7.9]},
			"faces": {
				"north": {"uv": [12.6, 8.5, 11, 9], "texture": "#2"},
				"east": {"uv": [12.6, 8.5, 11, 9], "texture": "#2"},
				"south": {"uv": [12.6, 8.5, 11, 9], "texture": "#2"},
				"west": {"uv": [12.6, 8.5, 11, 9], "texture": "#2"},
				"up": {"uv": [12.6, 8.5, 11, 9], "texture": "#2"},
				"down": {"uv": [12.6, 8.5, 11, 9], "texture": "#2"}
			}
		},
		{
			"from": [7.1, 15.8, 2.5],
			"to": [8.9, 17.2, 3.9],
			"faces": {
				"north": {"uv": [10, 11, 10.5, 13], "rotation": 270, "texture": "#2"},
				"east": {"uv": [10, 11, 10.5, 13], "rotation": 270, "texture": "#2"},
				"south": {"uv": [10, 11, 10.5, 13], "rotation": 270, "texture": "#2"},
				"west": {"uv": [10, 11, 10.5, 13], "rotation": 270, "texture": "#2"},
				"up": {"uv": [10, 11, 10.5, 13], "rotation": 270, "texture": "#2"},
				"down": {"uv": [10, 11, 10.5, 13], "rotation": 270, "texture": "#2"}
			}
		},
		{
			"from": [7.6, 16.8, 2.9],
			"to": [8.4, 18.2, 3.9],
			"faces": {
				"north": {"uv": [4, 1, 5.4, 2], "rotation": 270, "texture": "#1"},
				"east": {"uv": [4, 1, 5.4, 2], "rotation": 270, "texture": "#1"},
				"south": {"uv": [4, 1, 5.4, 2], "rotation": 270, "texture": "#1"},
				"west": {"uv": [4, 1, 5.4, 2], "rotation": 270, "texture": "#1"},
				"up": {"uv": [4, 1, 5.4, 2], "rotation": 270, "texture": "#1"},
				"down": {"uv": [4, 1, 5.4, 2], "rotation": 270, "texture": "#1"}
			}
		},
		{
			"from": [7.6, 18.2, 2.4],
			"to": [8.4, 19, 3.9],
			"faces": {
				"north": {"uv": [4, 1, 5.4, 2], "rotation": 270, "texture": "#1"},
				"east": {"uv": [4, 1, 5.4, 2], "rotation": 270, "texture": "#1"},
				"south": {"uv": [4, 1, 5.4, 2], "rotation": 270, "texture": "#1"},
				"west": {"uv": [4, 1, 5.4, 2], "rotation": 270, "texture": "#1"},
				"up": {"uv": [4, 1, 5.4, 2], "rotation": 270, "texture": "#1"},
				"down": {"uv": [4, 1, 5.4, 2], "rotation": 270, "texture": "#1"}
			}
		},
		{
			"from": [6.1, 15.8, 2.9],
			"to": [9.9, 17, 3.9],
			"faces": {
				"north": {"uv": [10, 11, 10.5, 13], "rotation": 270, "texture": "#2"},
				"east": {"uv": [10, 11, 10.5, 13], "rotation": 270, "texture": "#2"},
				"south": {"uv": [10, 11, 10.5, 13], "rotation": 270, "texture": "#2"},
				"west": {"uv": [10, 11, 10.5, 13], "rotation": 270, "texture": "#2"},
				"up": {"uv": [10, 11, 10.5, 13], "rotation": 270, "texture": "#2"},
				"down": {"uv": [10, 11, 10.5, 13], "rotation": 270, "texture": "#2"}
			}
		},
		{
			"from": [3.1, 7.2, 2.4],
			"to": [3.6, 9.2, 5.1],
			"rotation": {"angle": 45, "axis": "x", "origin": [8.1, 7.2, 8]},
			"faces": {
				"north": {"uv": [10.5, 12.5, 13.2, 14.5], "texture": "#2"},
				"east": {"uv": [10.5, 12.5, 13.2, 14.5], "texture": "#2"},
				"south": {"uv": [10.5, 12.5, 13.2, 14.5], "texture": "#2"},
				"west": {"uv": [10.5, 12.5, 13.2, 14.5], "texture": "#2"},
				"up": {"uv": [10.5, 12.5, 13.2, 14.5], "texture": "#2"},
				"down": {"uv": [10.5, 12.5, 13.2, 14.5], "texture": "#2"}
			}
		},
		{
			"from": [3, 9.2, 6],
			"to": [3.5, 11.2, 10],
			"faces": {
				"north": {"uv": [10.5, 12.5, 13.2, 14.5], "texture": "#2"},
				"east": {"uv": [10.5, 12.5, 13.2, 14.5], "texture": "#2"},
				"south": {"uv": [10.5, 12.5, 13.2, 14.5], "texture": "#2"},
				"west": {"uv": [10.5, 12.5, 13.2, 14.5], "texture": "#2"},
				"up": {"uv": [10.5, 12.5, 13.2, 14.5], "texture": "#2"},
				"down": {"uv": [10.5, 12.5, 13.2, 14.5], "texture": "#2"}
			}
		},
		{
			"from": [3.1, 7.2, 10.9],
			"to": [3.6, 9.2, 13.6],
			"rotation": {"angle": -45, "axis": "x", "origin": [8.1, 7.2, 8]},
			"faces": {
				"north": {"uv": [10.5, 12.5, 13.2, 14.5], "texture": "#2"},
				"east": {"uv": [10.5, 12.5, 13.2, 14.5], "texture": "#2"},
				"south": {"uv": [10.5, 12.5, 13.2, 14.5], "texture": "#2"},
				"west": {"uv": [10.5, 12.5, 13.2, 14.5], "texture": "#2"},
				"up": {"uv": [10.5, 12.5, 13.2, 14.5], "texture": "#2"},
				"down": {"uv": [10.5, 12.5, 13.2, 14.5], "texture": "#2"}
			}
		},
		{
			"from": [3, 11.2, 4],
			"to": [3.5, 14.2, 12],
			"faces": {
				"north": {"uv": [10.5, 12.5, 13.2, 14.5], "texture": "#2"},
				"east": {"uv": [10.5, 12.5, 13.2, 14.5], "texture": "#2"},
				"south": {"uv": [10.5, 12.5, 13.2, 14.5], "texture": "#2"},
				"west": {"uv": [10.5, 12.5, 13.2, 14.5], "texture": "#2"},
				"up": {"uv": [10.5, 12.5, 13.2, 14.5], "texture": "#2"},
				"down": {"uv": [10.5, 12.5, 13.2, 14.5], "texture": "#2"}
			}
		},
		{
			"from": [4.4, 13.1, 4],
			"to": [7.4, 13.6, 12],
			"rotation": {"angle": 45, "axis": "z", "origin": [3, 12.2, 8]},
			"faces": {
				"north": {"uv": [10.5, 12.5, 13.2, 14.5], "rotation": 270, "texture": "#2"},
				"east": {"uv": [10.5, 12.5, 13.2, 14.5], "rotation": 270, "texture": "#2"},
				"south": {"uv": [10.5, 12.5, 13.2, 14.5], "rotation": 270, "texture": "#2"},
				"west": {"uv": [10.5, 12.5, 13.2, 14.5], "rotation": 270, "texture": "#2"},
				"up": {"uv": [10.5, 12.5, 13.2, 14.5], "rotation": 270, "texture": "#2"},
				"down": {"uv": [10.5, 12.5, 13.2, 14.5], "rotation": 270, "texture": "#2"}
			}
		},
		{
			"from": [5.1, 15.8, 4],
			"to": [10.9, 16.3, 12],
			"faces": {
				"north": {"uv": [10.5, 12.5, 13.2, 14.5], "rotation": 270, "texture": "#2"},
				"east": {"uv": [10.5, 12.5, 13.2, 14.5], "rotation": 270, "texture": "#2"},
				"south": {"uv": [10.5, 12.5, 13.2, 14.5], "rotation": 270, "texture": "#2"},
				"west": {"uv": [10.5, 12.5, 13.2, 14.5], "rotation": 270, "texture": "#2"},
				"up": {"uv": [10.5, 12.5, 13.2, 14.5], "rotation": 270, "texture": "#2"},
				"down": {"uv": [10.5, 12.5, 13.2, 14.5], "rotation": 270, "texture": "#2"}
			}
		},
		{
			"from": [8.6, 13.1, 4],
			"to": [11.6, 13.6, 12],
			"rotation": {"angle": -45, "axis": "z", "origin": [13, 12.2, 8]},
			"faces": {
				"north": {"uv": [10.5, 12.5, 13.2, 14.5], "rotation": 270, "texture": "#2"},
				"east": {"uv": [10.5, 12.5, 13.2, 14.5], "rotation": 270, "texture": "#2"},
				"south": {"uv": [10.5, 12.5, 13.2, 14.5], "rotation": 270, "texture": "#2"},
				"west": {"uv": [10.5, 12.5, 13.2, 14.5], "rotation": 270, "texture": "#2"},
				"up": {"uv": [10.5, 12.5, 13.2, 14.5], "rotation": 270, "texture": "#2"},
				"down": {"uv": [10.5, 12.5, 13.2, 14.5], "rotation": 270, "texture": "#2"}
			}
		},
		{
			"from": [12.5, 11.2, 4],
			"to": [13, 14.2, 12],
			"faces": {
				"north": {"uv": [10.5, 12.5, 13.2, 14.5], "texture": "#2"},
				"east": {"uv": [10.5, 12.5, 13.2, 14.5], "texture": "#2"},
				"south": {"uv": [10.5, 12.5, 13.2, 14.5], "texture": "#2"},
				"west": {"uv": [10.5, 12.5, 13.2, 14.5], "texture": "#2"},
				"up": {"uv": [10.5, 12.5, 13.2, 14.5], "texture": "#2"},
				"down": {"uv": [10.5, 12.5, 13.2, 14.5], "texture": "#2"}
			}
		},
		{
			"from": [12.5, 9.2, 6],
			"to": [13, 11.2, 10],
			"faces": {
				"north": {"uv": [10.5, 12.5, 13.2, 14.5], "texture": "#2"},
				"east": {"uv": [10.5, 12.5, 13.2, 14.5], "texture": "#2"},
				"south": {"uv": [10.5, 12.5, 13.2, 14.5], "texture": "#2"},
				"west": {"uv": [10.5, 12.5, 13.2, 14.5], "texture": "#2"},
				"up": {"uv": [10.5, 12.5, 13.2, 14.5], "texture": "#2"},
				"down": {"uv": [10.5, 12.5, 13.2, 14.5], "texture": "#2"}
			}
		},
		{
			"from": [12.4, 7.2, 10.9],
			"to": [12.9, 9.2, 13.6],
			"rotation": {"angle": -45, "axis": "x", "origin": [7.9, 7.2, 8]},
			"faces": {
				"north": {"uv": [10.5, 12.5, 13.2, 14.5], "texture": "#2"},
				"east": {"uv": [10.5, 12.5, 13.2, 14.5], "texture": "#2"},
				"south": {"uv": [10.5, 12.5, 13.2, 14.5], "texture": "#2"},
				"west": {"uv": [10.5, 12.5, 13.2, 14.5], "texture": "#2"},
				"up": {"uv": [10.5, 12.5, 13.2, 14.5], "texture": "#2"},
				"down": {"uv": [10.5, 12.5, 13.2, 14.5], "texture": "#2"}
			}
		},
		{
			"from": [12.4, 7.2, 2.4],
			"to": [12.9, 9.2, 5.1],
			"rotation": {"angle": 45, "axis": "x", "origin": [7.9, 7.2, 8]},
			"faces": {
				"north": {"uv": [10.5, 12.5, 13.2, 14.5], "texture": "#2"},
				"east": {"uv": [10.5, 12.5, 13.2, 14.5], "texture": "#2"},
				"south": {"uv": [10.5, 12.5, 13.2, 14.5], "texture": "#2"},
				"west": {"uv": [10.5, 12.5, 13.2, 14.5], "texture": "#2"},
				"up": {"uv": [10.5, 12.5, 13.2, 14.5], "texture": "#2"},
				"down": {"uv": [10.5, 12.5, 13.2, 14.5], "texture": "#2"}
			}
		}
	],
	"display": {
		"thirdperson_righthand": {
			"rotation": [75, 45, 0],
			"translation": [0, 2.5, 0],
			"scale": [0.375, 0.375, 0.375]
		},
		"thirdperson_lefthand": {
			"rotation": [75, 45, 0],
			"translation": [0, 2.5, 0],
			"scale": [0.375, 0.375, 0.375]
		},
		"firstperson_righthand": {
			"rotation": [0, 45, 0],
			"scale": [0.4, 0.4, 0.4]
		},
		"firstperson_lefthand": {
			"rotation": [0, 225, 0],
			"scale": [0.4, 0.4, 0.4]
		},
		"ground": {
			"scale": [0.5, 0.5, 0.5]
		},
		"gui": {
			"rotation": [30, 225, 0],
			"translation": [0, 0.75, 0],
			"scale": [0.625, 0.625, 0.625]
		},
		"head": {
			"translation": [0, 14.5, 0]
		},
		"fixed": {
			"rotation": [-90, 0, 0],
			"translation": [0, 0, -19],
			"scale": [2.5, 2.5, 2.5]
		}
	},
	"groups": [
		{
			"name": "saddleside2",
			"children": [0, 1, 2, 3, 4, 5, 6, 7, 8, 9]
		},
		{
			"name": "Stand",
			"children": [10, 11, 12, 13, 14, 15]
		},
		{
			"name": "Slats",
			"children": [16, 17, 18, 19, 20, 21, 22, 23, 24]
		},
		{
			"name": "Stirrups",
			"children": [25, 26, 27, 28, 29, 30, 31, 32, 33, 34, 35, 36, 37, 38]
		},
		{
			"name": "Trim",
			"children": [39, 40, 41, 42, 43, 44, 45, 46, 47, 48, 49, 50, 51, 52, 53, 54]
		},
		{
			"name": "Saddle Horn",
			"children": [55, 56, 57, 58]
		},
		{
			"name": "Saddle Piece",
			"children": [59, 60, 61, 62, 63, 64, 65, 66, 67, 68, 69]
		}
	]
}