{
	"credit": "Made with Blockbench",
	"textures": {
		"0": "block/MizunoArchive/oak_planks",
		"particle": "block/MizunoArchive/oak_planks"
	},
	"elements": [
		{
			"from": [5, 10, 13.5],
			"to": [11, 15, 14],
			"faces": {
				"north": {"uv": [16, 0, 0, 12], "texture": "#0"},
				"east": {"uv": [16, 0, 0, 12], "texture": "#0"},
				"south": {"uv": [16, 0, 0, 12], "texture": "#0"},
				"west": {"uv": [16, 0, 0, 12], "texture": "#0"},
				"up": {"uv": [16, 0, 0, 12], "texture": "#0"},
				"down": {"uv": [16, 0, 0, 12], "texture": "#0"}
			}
		},
		{
			"from": [4, 10, 13.5],
			"to": [5, 14.2, 14],
			"faces": {
				"north": {"uv": [2, 2, 0, 12], "texture": "#0"},
				"east": {"uv": [2, 2, 0, 12], "texture": "#0"},
				"south": {"uv": [2, 2, 0, 12], "texture": "#0"},
				"west": {"uv": [2, 2, 0, 12], "texture": "#0"},
				"up": {"uv": [2, 2, 0, 12], "texture": "#0"},
				"down": {"uv": [2, 2, 0, 12], "texture": "#0"}
			}
		},
		{
			"from": [3.8, 13.5, 13.5],
			"to": [4.5, 14.9, 14],
			"rotation": {"angle": -45, "axis": "z", "origin": [4.5, 13.5, 13.5]},
			"faces": {
				"north": {"uv": [1, 1.7, 2.4, 0], "rotation": 90, "texture": "#0"},
				"east": {"uv": [1, 1.7, 2.4, 0], "rotation": 90, "texture": "#0"},
				"south": {"uv": [1, 1.7, 2.4, 0], "rotation": 90, "texture": "#0"},
				"west": {"uv": [1, 1.7, 2.4, 0], "rotation": 90, "texture": "#0"},
				"up": {"uv": [1, 1.7, 2.4, 0], "rotation": 90, "texture": "#0"},
				"down": {"uv": [1, 1.7, 2.4, 0], "rotation": 90, "texture": "#0"}
			}
		},
		{
			"from": [11.5, 13.5, 13.5],
			"to": [12.2, 14.9, 14],
			"rotation": {"angle": 45, "axis": "z", "origin": [11.5, 13.5, 13.5]},
			"faces": {
				"north": {"uv": [1, 1.7, 2.4, 0], "rotation": 90, "texture": "#0"},
				"east": {"uv": [1, 1.7, 2.4, 0], "rotation": 90, "texture": "#0"},
				"south": {"uv": [1, 1.7, 2.4, 0], "rotation": 90, "texture": "#0"},
				"west": {"uv": [1, 1.7, 2.4, 0], "rotation": 90, "texture": "#0"},
				"up": {"uv": [1, 1.7, 2.4, 0], "rotation": 90, "texture": "#0"},
				"down": {"uv": [1, 1.7, 2.4, 0], "rotation": 90, "texture": "#0"}
			}
		},
		{
			"from": [11, 10, 13.5],
			"to": [12, 14.2, 14],
			"faces": {
				"north": {"uv": [0, 2, 2, 12], "texture": "#0"},
				"east": {"uv": [0, 2, 2, 12], "texture": "#0"},
				"south": {"uv": [0, 2, 2, 12], "texture": "#0"},
				"west": {"uv": [0, 2, 2, 12], "texture": "#0"},
				"up": {"uv": [0, 2, 2, 12], "texture": "#0"},
				"down": {"uv": [0, 2, 2, 12], "texture": "#0"}
			}
		},
		{
			"from": [3.8, 13.5, 2],
			"to": [4.5, 14.9, 2.5],
			"rotation": {"angle": -45, "axis": "z", "origin": [4.5, 13.5, 2]},
			"faces": {
				"north": {"uv": [1, 1.7, 2.4, 0], "rotation": 90, "texture": "#0"},
				"east": {"uv": [1, 1.7, 2.4, 0], "rotation": 90, "texture": "#0"},
				"south": {"uv": [1, 1.7, 2.4, 0], "rotation": 90, "texture": "#0"},
				"west": {"uv": [1, 1.7, 2.4, 0], "rotation": 90, "texture": "#0"},
				"up": {"uv": [1, 1.7, 2.4, 0], "rotation": 90, "texture": "#0"},
				"down": {"uv": [1, 1.7, 2.4, 0], "rotation": 90, "texture": "#0"}
			}
		},
		{
			"from": [11.5, 13.5, 2],
			"to": [12.2, 14.9, 2.5],
			"rotation": {"angle": 45, "axis": "z", "origin": [11.5, 13.5, 2]},
			"faces": {
				"north": {"uv": [1, 1.7, 2.4, 0], "rotation": 90, "texture": "#0"},
				"east": {"uv": [1, 1.7, 2.4, 0], "rotation": 90, "texture": "#0"},
				"south": {"uv": [1, 1.7, 2.4, 0], "rotation": 90, "texture": "#0"},
				"west": {"uv": [1, 1.7, 2.4, 0], "rotation": 90, "texture": "#0"},
				"up": {"uv": [1, 1.7, 2.4, 0], "rotation": 90, "texture": "#0"},
				"down": {"uv": [1, 1.7, 2.4, 0], "rotation": 90, "texture": "#0"}
			}
		},
		{
			"from": [4, 10, 2],
			"to": [5, 14.2, 2.5],
			"faces": {
				"north": {"uv": [2, 2, 0, 12], "texture": "#0"},
				"east": {"uv": [2, 2, 0, 12], "texture": "#0"},
				"south": {"uv": [2, 2, 0, 12], "texture": "#0"},
				"west": {"uv": [2, 2, 0, 12], "texture": "#0"},
				"up": {"uv": [2, 2, 0, 12], "texture": "#0"},
				"down": {"uv": [2, 2, 0, 12], "texture": "#0"}
			}
		},
		{
			"from": [5, 10, 2],
			"to": [11, 15, 2.5],
			"faces": {
				"north": {"uv": [16, 0, 0, 12], "texture": "#0"},
				"east": {"uv": [16, 0, 0, 12], "texture": "#0"},
				"south": {"uv": [16, 0, 0, 12], "texture": "#0"},
				"west": {"uv": [16, 0, 0, 12], "texture": "#0"},
				"up": {"uv": [16, 0, 0, 12], "texture": "#0"},
				"down": {"uv": [16, 0, 0, 12], "texture": "#0"}
			}
		},
		{
			"from": [11, 10, 2],
			"to": [12, 14.2, 2.5],
			"faces": {
				"north": {"uv": [0, 2, 2, 12], "texture": "#0"},
				"east": {"uv": [0, 2, 2, 12], "texture": "#0"},
				"south": {"uv": [0, 2, 2, 12], "texture": "#0"},
				"west": {"uv": [0, 2, 2, 12], "texture": "#0"},
				"up": {"uv": [0, 2, 2, 12], "texture": "#0"},
				"down": {"uv": [0, 2, 2, 12], "texture": "#0"}
			}
		},
		{
			"from": [4, 0, 2.5],
			"to": [12, 2, 3],
			"faces": {
				"north": {"uv": [0, 0, 16, 7], "texture": "#0"},
				"east": {"uv": [0, 3, 16, 4], "texture": "#0"},
				"south": {"uv": [0, 0, 16, 7], "texture": "#0"},
				"west": {"uv": [0, 3, 16, 4], "texture": "#0"},
				"up": {"uv": [0, 3, 16, 4], "texture": "#0"},
				"down": {"uv": [0, 3, 16, 4], "texture": "#0"}
			}
		},
		{
			"from": [6, 2, 2.5],
			"to": [10, 13, 3],
			"faces": {
				"north": {"uv": [0, 0, 16, 7], "rotation": 90, "texture": "#0"},
				"east": {"uv": [0, 3, 16, 4], "rotation": 90, "texture": "#0"},
				"south": {"uv": [0, 0, 16, 7], "rotation": 90, "texture": "#0"},
				"west": {"uv": [0, 3, 16, 4], "rotation": 90, "texture": "#0"},
				"up": {"uv": [0, 0, 16, 7], "rotation": 90, "texture": "#0"},
				"down": {"uv": [0, 0, 16, 7], "rotation": 90, "texture": "#0"}
			}
		},
		{
			"from": [6, 2, 13],
			"to": [10, 13, 13.5],
			"faces": {
				"north": {"uv": [0, 0, 16, 7], "rotation": 90, "texture": "#0"},
				"east": {"uv": [0, 3, 16, 4], "rotation": 90, "texture": "#0"},
				"south": {"uv": [0, 0, 16, 7], "rotation": 90, "texture": "#0"},
				"west": {"uv": [0, 3, 16, 4], "rotation": 90, "texture": "#0"},
				"up": {"uv": [0, 0, 16, 7], "rotation": 90, "texture": "#0"},
				"down": {"uv": [0, 0, 16, 7], "rotation": 90, "texture": "#0"}
			}
		},
		{
			"from": [4, 0, 13],
			"to": [12, 2, 13.5],
			"faces": {
				"north": {"uv": [0, 0, 16, 7], "texture": "#0"},
				"east": {"uv": [0, 3, 16, 4], "texture": "#0"},
				"south": {"uv": [0, 0, 16, 7], "texture": "#0"},
				"west": {"uv": [0, 3, 16, 4], "texture": "#0"},
				"up": {"uv": [0, 3, 16, 4], "texture": "#0"},
				"down": {"uv": [0, 3, 16, 4], "texture": "#0"}
			}
		},
		{
			"from": [5.5, 4, 2.5],
			"to": [6, 6, 13.5],
			"faces": {
				"north": {"uv": [0, 3, 8.5, 4], "rotation": 90, "texture": "#0"},
				"east": {"uv": [0, 0, 16, 7], "texture": "#0"},
				"south": {"uv": [0, 3, 7.5, 4], "rotation": 90, "texture": "#0"},
				"west": {"uv": [0, 0, 16, 7], "texture": "#0"},
				"up": {"uv": [0, 3, 15.5, 4], "rotation": 90, "texture": "#0"},
				"down": {"uv": [0, 3, 15.5, 4], "rotation": 90, "texture": "#0"}
			}
		},
		{
			"from": [10, 4, 2.5],
			"to": [10.5, 6, 13.5],
			"faces": {
				"north": {"uv": [0, 3, 8.5, 4], "rotation": 90, "texture": "#0"},
				"east": {"uv": [0, 0, 16, 7], "texture": "#0"},
				"south": {"uv": [0, 3, 7.5, 4], "rotation": 90, "texture": "#0"},
				"west": {"uv": [0, 0, 16, 7], "texture": "#0"},
				"up": {"uv": [0, 3, 15.5, 4], "rotation": 90, "texture": "#0"},
				"down": {"uv": [0, 3, 15.5, 4], "rotation": 90, "texture": "#0"}
			}
		},
		{
			"from": [3.5, 12.3, 2],
			"to": [4, 13.7, 14],
			"faces": {
				"north": {"uv": [0, 11, 16, 12], "rotation": 90, "texture": "#0"},
				"east": {"uv": [0, 12, 16, 15], "texture": "#0"},
				"south": {"uv": [0, 11, 16, 12], "rotation": 90, "texture": "#0"},
				"west": {"uv": [0, 12, 16, 15], "texture": "#0"},
				"up": {"uv": [0, 11, 16, 12], "rotation": 90, "texture": "#0"},
				"down": {"uv": [0, 11, 16, 12], "rotation": 90, "texture": "#0"}
			}
		},
		{
			"from": [2.7, 14.1, 2],
			"to": [3.2, 15.5, 14],
			"rotation": {"angle": -45, "axis": "z", "origin": [3.5, 13, 8]},
			"faces": {
				"north": {"uv": [0, 11, 16, 12], "rotation": 90, "texture": "#0"},
				"east": {"uv": [0, 12, 16, 15], "texture": "#0"},
				"south": {"uv": [0, 11, 16, 12], "rotation": 90, "texture": "#0"},
				"west": {"uv": [0, 12, 16, 15], "texture": "#0"},
				"up": {"uv": [0, 11, 16, 12], "rotation": 90, "texture": "#0"},
				"down": {"uv": [0, 11, 16, 12], "rotation": 90, "texture": "#0"}
			}
		},
		{
			"from": [5.3, 15, 2],
			"to": [6.8, 15.5, 14],
			"faces": {
				"north": {"uv": [0, 11, 16, 12], "rotation": 90, "texture": "#0"},
				"east": {"uv": [0, 12, 16, 15], "rotation": 90, "texture": "#0"},
				"south": {"uv": [0, 11, 16, 12], "rotation": 90, "texture": "#0"},
				"west": {"uv": [0, 12, 16, 15], "rotation": 90, "texture": "#0"},
				"up": {"uv": [0, 12, 16, 15], "rotation": 270, "texture": "#0"},
				"down": {"uv": [0, 12, 16, 15], "rotation": 270, "texture": "#0"}
			}
		},
		{
			"from": [7.2, 15, 2],
			"to": [8.8, 15.5, 14],
			"faces": {
				"north": {"uv": [0, 11, 16, 12], "rotation": 90, "texture": "#0"},
				"east": {"uv": [0, 12, 16, 15], "rotation": 90, "texture": "#0"},
				"south": {"uv": [0, 11, 16, 12], "rotation": 90, "texture": "#0"},
				"west": {"uv": [0, 12, 16, 15], "rotation": 90, "texture": "#0"},
				"up": {"uv": [0, 12, 16, 15], "rotation": 270, "texture": "#0"},
				"down": {"uv": [0, 12, 16, 15], "rotation": 270, "texture": "#0"}
			}
		},
		{
			"from": [9.2, 15, 2],
			"to": [10.7, 15.5, 14],
			"faces": {
				"north": {"uv": [0, 11, 16, 12], "rotation": 90, "texture": "#0"},
				"east": {"uv": [0, 12, 16, 15], "rotation": 90, "texture": "#0"},
				"south": {"uv": [0, 11, 16, 12], "rotation": 90, "texture": "#0"},
				"west": {"uv": [0, 12, 16, 15], "rotation": 90, "texture": "#0"},
				"up": {"uv": [0, 12, 16, 15], "rotation": 270, "texture": "#0"},
				"down": {"uv": [0, 12, 16, 15], "rotation": 270, "texture": "#0"}
			}
		},
		{
			"from": [12.8, 14.1, 2],
			"to": [13.3, 15.5, 14],
			"rotation": {"angle": 45, "axis": "z", "origin": [12.5, 13, 8]},
			"faces": {
				"north": {"uv": [0, 11, 16, 12], "rotation": 90, "texture": "#0"},
				"east": {"uv": [0, 12, 16, 15], "texture": "#0"},
				"south": {"uv": [0, 11, 16, 12], "rotation": 90, "texture": "#0"},
				"west": {"uv": [0, 12, 16, 15], "texture": "#0"},
				"up": {"uv": [0, 11, 16, 12], "rotation": 90, "texture": "#0"},
				"down": {"uv": [0, 11, 16, 12], "rotation": 90, "texture": "#0"}
			}
		},
		{
			"from": [12, 12.3, 2],
			"to": [12.5, 13.7, 14],
			"faces": {
				"north": {"uv": [0, 11, 16, 12], "rotation": 90, "texture": "#0"},
				"east": {"uv": [0, 12, 16, 15], "texture": "#0"},
				"south": {"uv": [0, 11, 16, 12], "rotation": 90, "texture": "#0"},
				"west": {"uv": [0, 12, 16, 15], "texture": "#0"},
				"up": {"uv": [0, 11, 16, 12], "rotation": 90, "texture": "#0"},
				"down": {"uv": [0, 11, 16, 12], "rotation": 90, "texture": "#0"}
			}
		},
		{
			"from": [12, 10.4, 2],
			"to": [12.5, 11.8, 14],
			"faces": {
				"north": {"uv": [0, 11, 16, 12], "rotation": 90, "texture": "#0"},
				"east": {"uv": [0, 12, 16, 15], "texture": "#0"},
				"south": {"uv": [0, 11, 16, 12], "rotation": 90, "texture": "#0"},
				"west": {"uv": [0, 12, 16, 15], "texture": "#0"},
				"up": {"uv": [0, 11, 16, 12], "rotation": 90, "texture": "#0"},
				"down": {"uv": [0, 11, 16, 12], "rotation": 90, "texture": "#0"}
			}
		},
		{
			"from": [3.5, 10.4, 2],
			"to": [4, 11.8, 14],
			"faces": {
				"north": {"uv": [0, 11, 16, 12], "rotation": 90, "texture": "#0"},
				"east": {"uv": [0, 12, 16, 15], "texture": "#0"},
				"south": {"uv": [0, 11, 16, 12], "rotation": 90, "texture": "#0"},
				"west": {"uv": [0, 12, 16, 15], "texture": "#0"},
				"up": {"uv": [0, 11, 16, 12], "rotation": 90, "texture": "#0"},
				"down": {"uv": [0, 11, 16, 12], "rotation": 90, "texture": "#0"}
			}
		}
	],
	"display": {
		"thirdperson_righthand": {
			"rotation": [75, 45, 0],
			"translation": [0, 2.5, 0],
			"scale": [0.375, 0.375, 0.375]
		},
		"thirdperson_lefthand": {
			"rotation": [75, 45, 0],
			"translation": [0, 2.5, 0],
			"scale": [0.375, 0.375, 0.375]
		},
		"firstperson_righthand": {
			"rotation": [0, 45, 0],
			"scale": [0.4, 0.4, 0.4]
		},
		"firstperson_lefthand": {
			"rotation": [0, 225, 0],
			"scale": [0.4, 0.4, 0.4]
		},
		"ground": {
			"scale": [0.5, 0.5, 0.5]
		},
		"gui": {
			"rotation": [30, 225, 0],
			"translation": [0, 0.75, 0],
			"scale": [0.625, 0.625, 0.625]
		},
		"head": {
			"translation": [0, 14.5, 0]
		},
		"fixed": {
			"rotation": [-90, 0, 0],
			"translation": [0, 0, -19],
			"scale": [2.5, 2.5, 2.5]
		}
	},
	"groups": [
		{
			"name": "saddleside1",
			"children": []
		},
		{
			"name": "saddleside2",
			"children": [0, 1, 2, 3, 4, 5, 6, 7, 8, 9]
		},
		{
			"name": "Stand",
			"children": [10, 11, 12, 13, 14, 15]
		},
		{
			"name": "Slats",
			"children": [16, 17, 18, 19, 20, 21, 22, 23, 24]
		}
	]
}