{
	"credit": "Made with Blockbench",
	"textures": {
		"0": "block/MizunoArchive/fire_coral_block",
		"particle": "block/MizunoArchive/fire_coral_block"
	},
	"elements": [
		{
			"from": [12, 5, 6],
			"to": [13, 6, 10],
			"faces": {
				"north": {"uv": [0, 0, 1, 1], "texture": "#0"},
				"east": {"uv": [0, 0, 4, 1], "texture": "#0"},
				"south": {"uv": [0, 0, 1, 1], "texture": "#0"},
				"west": {"uv": [0, 0, 1, 1], "texture": "#0"},
				"up": {"uv": [0, 0, 1, 1], "texture": "#0"},
				"down": {"uv": [0, 0, 1, 1], "texture": "#0"}
			}
		},
		{
			"from": [6, 5, 12],
			"to": [10, 6, 13],
			"faces": {
				"north": {"uv": [0, 0, 4, 1], "texture": "#0"},
				"east": {"uv": [3, 0, 4, 1], "texture": "#0"},
				"south": {"uv": [0, 0, 4, 1], "texture": "#0"},
				"west": {"uv": [2, 0, 3, 1], "texture": "#0"},
				"up": {"uv": [0, 0, 4, 1], "texture": "#0"},
				"down": {"uv": [0, 0, 4, 1], "texture": "#0"}
			}
		},
		{
			"from": [4, 5, 4],
			"to": [12, 6, 12],
			"faces": {
				"north": {"uv": [0, 0, 8, 1], "texture": "#0"},
				"east": {"uv": [0, 0, 8, 1], "texture": "#0"},
				"south": {"uv": [0, 0, 8, 1], "texture": "#0"},
				"west": {"uv": [0, 0, 8, 1], "texture": "#0"},
				"up": {"uv": [0, 0, 8, 1], "texture": "#0"},
				"down": {"uv": [0, 0, 8, 1], "texture": "#0"}
			}
		},
		{
			"from": [6, 5, 3],
			"to": [10, 6, 4],
			"faces": {
				"north": {"uv": [0, 0, 4, 1], "texture": "#0"},
				"east": {"uv": [0, 0, 1, 1], "texture": "#0"},
				"south": {"uv": [0, 0, 4, 1], "texture": "#0"},
				"west": {"uv": [3, 1, 4, 2], "texture": "#0"},
				"up": {"uv": [0, 0, 4, 1], "texture": "#0"},
				"down": {"uv": [0, 0, 4, 1], "texture": "#0"}
			}
		},
		{
			"from": [3, 5, 6],
			"to": [4, 6, 10],
			"faces": {
				"north": {"uv": [0, 0, 1, 1], "texture": "#0"},
				"east": {"uv": [0, 0, 1, 1], "texture": "#0"},
				"south": {"uv": [0, 0, 1, 1], "texture": "#0"},
				"west": {"uv": [5, 6, 9, 7], "texture": "#0"},
				"up": {"uv": [1, 3, 2, 7], "texture": "#0"},
				"down": {"uv": [0, 0, 1, 1], "texture": "#0"}
			}
		},
		{
			"from": [5, 5, 5],
			"to": [11, 7, 11],
			"faces": {
				"north": {"uv": [0, 0, 6, 2], "texture": "#0"},
				"east": {"uv": [0, 0, 6, 2], "texture": "#0"},
				"south": {"uv": [0, 0, 6, 2], "texture": "#0"},
				"west": {"uv": [0, 0, 6, 2], "texture": "#0"},
				"up": {"uv": [0, 0, 6, 2], "texture": "#0"},
				"down": {"uv": [0, 0, 6, 2], "texture": "#0"}
			}
		},
		{
			"from": [11, 6, 5],
			"to": [12, 7, 11],
			"faces": {
				"north": {"uv": [3, 1, 4, 2], "texture": "#0"},
				"east": {"uv": [2, 5, 8, 6], "texture": "#0"},
				"south": {"uv": [0, 0, 1, 1], "texture": "#0"},
				"west": {"uv": [0, 0, 1, 1], "texture": "#0"},
				"up": {"uv": [0, 0, 1, 1], "texture": "#0"},
				"down": {"uv": [0, 0, 1, 1], "texture": "#0"}
			}
		},
		{
			"from": [5, 6, 4],
			"to": [11, 7, 5],
			"faces": {
				"north": {"uv": [5, 9, 11, 10], "texture": "#0"},
				"east": {"uv": [5, 0, 6, 1], "texture": "#0"},
				"south": {"uv": [0, 0, 6, 1], "texture": "#0"},
				"west": {"uv": [3, 0, 4, 1], "texture": "#0"},
				"up": {"uv": [0, 0, 6, 1], "texture": "#0"},
				"down": {"uv": [0, 0, 6, 1], "texture": "#0"}
			}
		},
		{
			"from": [6, 6, 6],
			"to": [10, 8, 10],
			"faces": {
				"north": {"uv": [0, 0, 4, 2], "texture": "#0"},
				"east": {"uv": [0, 0, 4, 2], "texture": "#0"},
				"south": {"uv": [0, 0, 4, 2], "texture": "#0"},
				"west": {"uv": [0, 0, 4, 2], "texture": "#0"},
				"up": {"uv": [0, 0, 4, 2], "texture": "#0"},
				"down": {"uv": [0, 0, 4, 2], "texture": "#0"}
			}
		},
		{
			"from": [5, 7, 5],
			"to": [11, 8, 6],
			"faces": {
				"north": {"uv": [0, 0, 6, 1], "texture": "#0"},
				"east": {"uv": [1, 3, 2, 4], "texture": "#0"},
				"south": {"uv": [0, 0, 6, 1], "texture": "#0"},
				"west": {"uv": [3, 0, 4, 1], "texture": "#0"},
				"up": {"uv": [0, 0, 6, 1], "texture": "#0"},
				"down": {"uv": [0, 0, 6, 1], "texture": "#0"}
			}
		},
		{
			"from": [10, 7, 6],
			"to": [11, 8, 10],
			"faces": {
				"north": {"uv": [0, 0, 1, 1], "texture": "#0"},
				"east": {"uv": [0, 0, 1, 1], "texture": "#0"},
				"south": {"uv": [0, 0, 1, 1], "texture": "#0"},
				"west": {"uv": [0, 0, 1, 1], "texture": "#0"},
				"up": {"uv": [0, 0, 1, 1], "texture": "#0"},
				"down": {"uv": [0, 0, 1, 1], "texture": "#0"}
			}
		},
		{
			"from": [7, 9, 7],
			"to": [9, 10, 9],
			"faces": {
				"north": {"uv": [7, 6, 9, 8], "texture": "#0"},
				"east": {"uv": [7, 6, 9, 8], "texture": "#0"},
				"south": {"uv": [7, 6, 9, 8], "texture": "#0"},
				"west": {"uv": [7, 6, 9, 8], "texture": "#0"},
				"up": {"uv": [7, 6, 9, 8], "texture": "#0"},
				"down": {"uv": [7, 6, 9, 8], "texture": "#0"}
			}
		},
		{
			"from": [5, 7, 6],
			"to": [6, 8, 10],
			"faces": {
				"north": {"uv": [0, 0, 1, 1], "texture": "#0"},
				"east": {"uv": [0, 0, 1, 1], "texture": "#0"},
				"south": {"uv": [0, 0, 1, 1], "texture": "#0"},
				"west": {"uv": [0, 0, 1, 1], "texture": "#0"},
				"up": {"uv": [0, 0, 1, 1], "texture": "#0"},
				"down": {"uv": [0, 0, 1, 1], "texture": "#0"}
			}
		},
		{
			"from": [5, 7, 10],
			"to": [11, 8, 11],
			"faces": {
				"north": {"uv": [0, 0, 6, 1], "texture": "#0"},
				"east": {"uv": [0, 0, 1, 1], "texture": "#0"},
				"south": {"uv": [0, 0, 6, 1], "texture": "#0"},
				"west": {"uv": [1, 0, 2, 1], "texture": "#0"},
				"up": {"uv": [0, 0, 6, 1], "texture": "#0"},
				"down": {"uv": [0, 0, 6, 1], "texture": "#0"}
			}
		},
		{
			"from": [5, 6, 11],
			"to": [11, 7, 12],
			"faces": {
				"north": {"uv": [0, 0, 6, 1], "texture": "#0"},
				"east": {"uv": [3, 1, 4, 2], "texture": "#0"},
				"south": {"uv": [0, 0, 6, 1], "texture": "#0"},
				"west": {"uv": [3, 1, 4, 2], "texture": "#0"},
				"up": {"uv": [0, 0, 6, 1], "texture": "#0"},
				"down": {"uv": [0, 0, 6, 1], "texture": "#0"}
			}
		},
		{
			"from": [4, 6, 5],
			"to": [5, 7, 11],
			"faces": {
				"north": {"uv": [0, 0, 1, 1], "texture": "#0"},
				"east": {"uv": [0, 0, 1, 1], "texture": "#0"},
				"south": {"uv": [0, 0, 1, 1], "texture": "#0"},
				"west": {"uv": [0, 0, 6, 1], "texture": "#0"},
				"up": {"uv": [0, 0, 1, 1], "texture": "#0"},
				"down": {"uv": [0, 0, 1, 1], "texture": "#0"}
			}
		},
		{
			"from": [7, 9, 6],
			"to": [9, 10, 7],
			"faces": {
				"north": {"uv": [6, 8, 8, 9], "texture": "#0"},
				"east": {"uv": [1, 0, 2, 1], "texture": "#0"},
				"south": {"uv": [0, 0, 2, 1], "texture": "#0"},
				"west": {"uv": [0, 0, 1, 1], "texture": "#0"},
				"up": {"uv": [0, 0, 2, 1], "texture": "#0"},
				"down": {"uv": [0, 0, 2, 1], "texture": "#0"}
			}
		},
		{
			"from": [9, 9, 7],
			"to": [10, 10, 9],
			"faces": {
				"north": {"uv": [0, 0, 1, 1], "texture": "#0"},
				"east": {"uv": [0, 0, 1, 1], "texture": "#0"},
				"south": {"uv": [0, 0, 1, 1], "texture": "#0"},
				"west": {"uv": [0, 0, 1, 1], "texture": "#0"},
				"up": {"uv": [0, 0, 1, 1], "texture": "#0"},
				"down": {"uv": [0, 0, 1, 1], "texture": "#0"}
			}
		},
		{
			"from": [7, 9, 9],
			"to": [9, 10, 10],
			"faces": {
				"north": {"uv": [0, 0, 2, 1], "texture": "#0"},
				"east": {"uv": [2, 2, 3, 3], "texture": "#0"},
				"south": {"uv": [1, 5, 3, 6], "texture": "#0"},
				"west": {"uv": [0, 0, 1, 1], "texture": "#0"},
				"up": {"uv": [0, 0, 2, 1], "texture": "#0"},
				"down": {"uv": [0, 0, 2, 1], "texture": "#0"}
			}
		},
		{
			"from": [6, 9, 7],
			"to": [7, 10, 9],
			"faces": {
				"north": {"uv": [0, 0, 1, 1], "texture": "#0"},
				"east": {"uv": [0, 0, 1, 1], "texture": "#0"},
				"south": {"uv": [0, 0, 1, 1], "texture": "#0"},
				"west": {"uv": [0, 0, 1, 1], "texture": "#0"},
				"up": {"uv": [0, 0, 1, 1], "texture": "#0"},
				"down": {"uv": [0, 0, 1, 1], "texture": "#0"}
			}
		},
		{
			"from": [6, 7, 4],
			"to": [10, 8, 5],
			"faces": {
				"north": {"uv": [0, 0, 4, 1], "texture": "#0"},
				"east": {"uv": [1, 0, 2, 1], "texture": "#0"},
				"south": {"uv": [0, 0, 4, 1], "texture": "#0"},
				"west": {"uv": [1, 0, 2, 1], "texture": "#0"},
				"up": {"uv": [9, 5, 13, 6], "texture": "#0"},
				"down": {"uv": [0, 0, 4, 1], "texture": "#0"}
			}
		},
		{
			"from": [11, 7, 6],
			"to": [12, 8, 10],
			"faces": {
				"north": {"uv": [0, 0, 1, 1], "texture": "#0"},
				"east": {"uv": [0, 0, 1, 1], "texture": "#0"},
				"south": {"uv": [0, 0, 1, 1], "texture": "#0"},
				"west": {"uv": [0, 0, 1, 1], "texture": "#0"},
				"up": {"uv": [0, 0, 1, 4], "texture": "#0"},
				"down": {"uv": [0, 0, 1, 1], "texture": "#0"}
			}
		},
		{
			"from": [6, 7, 11],
			"to": [10, 8, 12],
			"faces": {
				"north": {"uv": [0, 0, 4, 1], "texture": "#0"},
				"east": {"uv": [3, 0, 4, 1], "texture": "#0"},
				"south": {"uv": [0, 0, 4, 1], "texture": "#0"},
				"west": {"uv": [2, 0, 3, 1], "texture": "#0"},
				"up": {"uv": [0, 0, 4, 1], "texture": "#0"},
				"down": {"uv": [0, 0, 4, 1], "texture": "#0"}
			}
		},
		{
			"from": [4, 7, 6],
			"to": [5, 8, 10],
			"faces": {
				"north": {"uv": [0, 0, 1, 1], "texture": "#0"},
				"east": {"uv": [0, 0, 1, 1], "texture": "#0"},
				"south": {"uv": [1, 1, 2, 2], "texture": "#0"},
				"west": {"uv": [1, 3, 5, 4], "texture": "#0"},
				"up": {"uv": [3, 4, 4, 8], "texture": "#0"},
				"down": {"uv": [0, 0, 1, 1], "texture": "#0"}
			}
		},
		{
			"from": [3, 6, 7],
			"to": [4, 7, 9],
			"faces": {
				"north": {"uv": [0, 0, 1, 1], "texture": "#0"},
				"east": {"uv": [0, 0, 1, 1], "texture": "#0"},
				"south": {"uv": [0, 0, 1, 1], "texture": "#0"},
				"west": {"uv": [0, 0, 2, 1], "texture": "#0"},
				"up": {"uv": [2, 0, 3, 2], "texture": "#0"},
				"down": {"uv": [0, 0, 1, 1], "texture": "#0"}
			}
		},
		{
			"from": [7, 6, 3],
			"to": [9, 7, 4],
			"faces": {
				"north": {"uv": [0, 0, 2, 1], "texture": "#0"},
				"east": {"uv": [1, 0, 2, 1], "texture": "#0"},
				"south": {"uv": [0, 0, 2, 1], "texture": "#0"},
				"west": {"uv": [3, 3, 4, 4], "texture": "#0"},
				"up": {"uv": [0, 0, 2, 1], "texture": "#0"},
				"down": {"uv": [0, 0, 2, 1], "texture": "#0"}
			}
		},
		{
			"from": [12, 6, 7],
			"to": [13, 7, 9],
			"faces": {
				"north": {"uv": [0, 0, 1, 1], "texture": "#0"},
				"east": {"uv": [3, 9, 5, 10], "texture": "#0"},
				"south": {"uv": [0, 0, 1, 1], "texture": "#0"},
				"west": {"uv": [0, 0, 1, 1], "texture": "#0"},
				"up": {"uv": [0, 0, 1, 1], "texture": "#0"},
				"down": {"uv": [0, 0, 1, 1], "texture": "#0"}
			}
		},
		{
			"from": [7, 6, 12],
			"to": [9, 7, 13],
			"faces": {
				"north": {"uv": [0, 0, 2, 1], "texture": "#0"},
				"east": {"uv": [3, 1, 4, 2], "texture": "#0"},
				"south": {"uv": [0, 0, 2, 1], "texture": "#0"},
				"west": {"uv": [1, 0, 2, 1], "texture": "#0"},
				"up": {"uv": [0, 0, 2, 1], "texture": "#0"},
				"down": {"uv": [0, 0, 2, 1], "texture": "#0"}
			}
		},
		{
			"from": [6, 8, 5],
			"to": [10, 9, 11],
			"faces": {
				"north": {"uv": [1, 0, 5, 1], "texture": "#0"},
				"east": {"uv": [0, 0, 4, 1], "texture": "#0"},
				"south": {"uv": [0, 0, 4, 1], "texture": "#0"},
				"west": {"uv": [0, 0, 4, 1], "texture": "#0"},
				"up": {"uv": [0, 0, 4, 1], "texture": "#0"},
				"down": {"uv": [0, 0, 4, 1], "texture": "#0"}
			}
		},
		{
			"from": [5, 8, 6],
			"to": [6, 9, 10],
			"faces": {
				"north": {"uv": [2, 2, 3, 3], "texture": "#0"},
				"east": {"uv": [2, 0, 3, 4], "texture": "#0"},
				"south": {"uv": [2, 0, 3, 1], "texture": "#0"},
				"west": {"uv": [2, 1, 6, 2], "texture": "#0"},
				"up": {"uv": [2, 0, 3, 4], "texture": "#0"},
				"down": {"uv": [2, 0, 3, 4], "texture": "#0"}
			}
		},
		{
			"from": [10, 8, 6],
			"to": [11, 9, 10],
			"faces": {
				"north": {"uv": [0, 0, 1, 1], "texture": "#0"},
				"east": {"uv": [5, 9, 9, 10], "texture": "#0"},
				"south": {"uv": [0, 0, 1, 1], "texture": "#0"},
				"west": {"uv": [0, 0, 1, 1], "texture": "#0"},
				"up": {"uv": [13, 3, 14, 7], "texture": "#0"},
				"down": {"uv": [0, 0, 1, 1], "texture": "#0"}
			}
		},
		{
			"from": [6, 4, 12],
			"to": [10, 5, 13],
			"faces": {
				"north": {"uv": [0, 1, 1, 0], "texture": "#0"},
				"east": {"uv": [0, 1, 1, 0], "texture": "#0"},
				"south": {"uv": [0, 1, 4, 0], "texture": "#0"},
				"west": {"uv": [0, 1, 1, 0], "texture": "#0"},
				"up": {"uv": [0, 1, 1, 0], "rotation": 90, "texture": "#0"},
				"down": {"uv": [0, 1, 1, 0], "rotation": 270, "texture": "#0"}
			}
		},
		{
			"from": [3, 4, 6],
			"to": [4, 5, 10],
			"faces": {
				"north": {"uv": [2, 1, 3, 0], "texture": "#0"},
				"east": {"uv": [0, 1, 4, 0], "texture": "#0"},
				"south": {"uv": [3, 1, 4, 0], "texture": "#0"},
				"west": {"uv": [0, 1, 4, 0], "texture": "#0"},
				"up": {"uv": [0, 1, 4, 0], "rotation": 90, "texture": "#0"},
				"down": {"uv": [0, 1, 4, 0], "rotation": 270, "texture": "#0"}
			}
		},
		{
			"from": [4, 4, 4],
			"to": [12, 5, 12],
			"faces": {
				"north": {"uv": [0, 1, 8, 0], "texture": "#0"},
				"east": {"uv": [0, 1, 8, 0], "texture": "#0"},
				"south": {"uv": [0, 1, 8, 0], "texture": "#0"},
				"west": {"uv": [0, 1, 8, 0], "texture": "#0"},
				"up": {"uv": [0, 1, 8, 0], "rotation": 90, "texture": "#0"},
				"down": {"uv": [0, 1, 8, 0], "rotation": 270, "texture": "#0"}
			}
		},
		{
			"from": [12, 4, 6],
			"to": [13, 5, 10],
			"faces": {
				"north": {"uv": [3, 2, 4, 1], "texture": "#0"},
				"east": {"uv": [0, 1, 4, 0], "texture": "#0"},
				"south": {"uv": [0, 1, 1, 0], "texture": "#0"},
				"west": {"uv": [0, 1, 4, 0], "texture": "#0"},
				"up": {"uv": [0, 1, 4, 0], "rotation": 90, "texture": "#0"},
				"down": {"uv": [0, 1, 4, 0], "rotation": 270, "texture": "#0"}
			}
		},
		{
			"from": [6, 4, 3],
			"to": [10, 5, 4],
			"faces": {
				"north": {"uv": [5, 7, 9, 6], "texture": "#0"},
				"east": {"uv": [0, 1, 1, 0], "texture": "#0"},
				"south": {"uv": [0, 1, 1, 0], "texture": "#0"},
				"west": {"uv": [0, 1, 1, 0], "texture": "#0"},
				"up": {"uv": [0, 1, 1, 0], "rotation": 90, "texture": "#0"},
				"down": {"uv": [1, 7, 2, 3], "rotation": 270, "texture": "#0"}
			}
		},
		{
			"from": [5, 3, 5],
			"to": [11, 5, 11],
			"faces": {
				"north": {"uv": [0, 2, 6, 0], "texture": "#0"},
				"east": {"uv": [0, 2, 6, 0], "texture": "#0"},
				"south": {"uv": [0, 2, 6, 0], "texture": "#0"},
				"west": {"uv": [0, 2, 6, 0], "texture": "#0"},
				"up": {"uv": [0, 2, 6, 0], "rotation": 90, "texture": "#0"},
				"down": {"uv": [0, 2, 6, 0], "rotation": 270, "texture": "#0"}
			}
		},
		{
			"from": [5, 3, 11],
			"to": [11, 4, 12],
			"faces": {
				"north": {"uv": [0, 1, 1, 0], "texture": "#0"},
				"east": {"uv": [3, 2, 4, 1], "texture": "#0"},
				"south": {"uv": [2, 6, 8, 5], "texture": "#0"},
				"west": {"uv": [0, 1, 1, 0], "texture": "#0"},
				"up": {"uv": [0, 1, 1, 0], "rotation": 90, "texture": "#0"},
				"down": {"uv": [0, 1, 1, 0], "rotation": 270, "texture": "#0"}
			}
		},
		{
			"from": [11, 3, 5],
			"to": [12, 4, 11],
			"faces": {
				"north": {"uv": [3, 1, 4, 0], "texture": "#0"},
				"east": {"uv": [5, 10, 11, 9], "texture": "#0"},
				"south": {"uv": [5, 1, 6, 0], "texture": "#0"},
				"west": {"uv": [0, 1, 6, 0], "texture": "#0"},
				"up": {"uv": [0, 1, 6, 0], "rotation": 90, "texture": "#0"},
				"down": {"uv": [0, 1, 6, 0], "rotation": 270, "texture": "#0"}
			}
		},
		{
			"from": [6, 2, 6],
			"to": [10, 4, 10],
			"faces": {
				"north": {"uv": [0, 2, 4, 0], "texture": "#0"},
				"east": {"uv": [0, 2, 4, 0], "texture": "#0"},
				"south": {"uv": [0, 2, 4, 0], "texture": "#0"},
				"west": {"uv": [0, 2, 4, 0], "texture": "#0"},
				"up": {"uv": [0, 2, 4, 0], "rotation": 90, "texture": "#0"},
				"down": {"uv": [0, 2, 4, 0], "rotation": 270, "texture": "#0"}
			}
		},
		{
			"from": [10, 2, 5],
			"to": [11, 3, 11],
			"faces": {
				"north": {"uv": [3, 1, 4, 0], "texture": "#0"},
				"east": {"uv": [0, 1, 6, 0], "texture": "#0"},
				"south": {"uv": [1, 4, 2, 3], "texture": "#0"},
				"west": {"uv": [0, 1, 6, 0], "texture": "#0"},
				"up": {"uv": [0, 1, 6, 0], "rotation": 90, "texture": "#0"},
				"down": {"uv": [0, 1, 6, 0], "rotation": 270, "texture": "#0"}
			}
		},
		{
			"from": [6, 2, 10],
			"to": [10, 3, 11],
			"faces": {
				"north": {"uv": [0, 1, 1, 0], "texture": "#0"},
				"east": {"uv": [0, 1, 1, 0], "texture": "#0"},
				"south": {"uv": [0, 1, 1, 0], "texture": "#0"},
				"west": {"uv": [0, 1, 1, 0], "texture": "#0"},
				"up": {"uv": [0, 1, 1, 0], "rotation": 90, "texture": "#0"},
				"down": {"uv": [0, 1, 1, 0], "rotation": 270, "texture": "#0"}
			}
		},
		{
			"from": [7, 0, 7],
			"to": [9, 1, 9],
			"faces": {
				"north": {"uv": [7, 8, 9, 6], "texture": "#0"},
				"east": {"uv": [7, 8, 9, 6], "texture": "#0"},
				"south": {"uv": [7, 8, 9, 6], "texture": "#0"},
				"west": {"uv": [7, 8, 9, 6], "texture": "#0"},
				"up": {"uv": [7, 8, 9, 6], "rotation": 90, "texture": "#0"},
				"down": {"uv": [7, 8, 9, 6], "rotation": 270, "texture": "#0"}
			}
		},
		{
			"from": [6, 2, 5],
			"to": [10, 3, 6],
			"faces": {
				"north": {"uv": [0, 1, 1, 0], "texture": "#0"},
				"east": {"uv": [0, 1, 1, 0], "texture": "#0"},
				"south": {"uv": [0, 1, 1, 0], "texture": "#0"},
				"west": {"uv": [0, 1, 1, 0], "texture": "#0"},
				"up": {"uv": [0, 1, 1, 0], "rotation": 90, "texture": "#0"},
				"down": {"uv": [0, 1, 1, 0], "rotation": 270, "texture": "#0"}
			}
		},
		{
			"from": [5, 2, 5],
			"to": [6, 3, 11],
			"faces": {
				"north": {"uv": [1, 1, 2, 0], "texture": "#0"},
				"east": {"uv": [0, 1, 6, 0], "texture": "#0"},
				"south": {"uv": [0, 1, 1, 0], "texture": "#0"},
				"west": {"uv": [0, 1, 6, 0], "texture": "#0"},
				"up": {"uv": [0, 1, 6, 0], "rotation": 90, "texture": "#0"},
				"down": {"uv": [0, 1, 6, 0], "rotation": 270, "texture": "#0"}
			}
		},
		{
			"from": [4, 3, 5],
			"to": [5, 4, 11],
			"faces": {
				"north": {"uv": [3, 2, 4, 1], "texture": "#0"},
				"east": {"uv": [0, 1, 6, 0], "texture": "#0"},
				"south": {"uv": [3, 2, 4, 1], "texture": "#0"},
				"west": {"uv": [0, 1, 6, 0], "texture": "#0"},
				"up": {"uv": [0, 1, 6, 0], "rotation": 90, "texture": "#0"},
				"down": {"uv": [0, 1, 6, 0], "rotation": 270, "texture": "#0"}
			}
		},
		{
			"from": [5, 3, 4],
			"to": [11, 4, 5],
			"faces": {
				"north": {"uv": [0, 1, 6, 0], "texture": "#0"},
				"east": {"uv": [0, 1, 1, 0], "texture": "#0"},
				"south": {"uv": [0, 1, 1, 0], "texture": "#0"},
				"west": {"uv": [0, 1, 1, 0], "texture": "#0"},
				"up": {"uv": [0, 1, 1, 0], "rotation": 90, "texture": "#0"},
				"down": {"uv": [0, 1, 1, 0], "rotation": 270, "texture": "#0"}
			}
		},
		{
			"from": [9, 0, 7],
			"to": [10, 1, 9],
			"faces": {
				"north": {"uv": [0, 1, 1, 0], "texture": "#0"},
				"east": {"uv": [6, 9, 8, 8], "texture": "#0"},
				"south": {"uv": [1, 1, 2, 0], "texture": "#0"},
				"west": {"uv": [0, 1, 2, 0], "texture": "#0"},
				"up": {"uv": [0, 1, 2, 0], "rotation": 90, "texture": "#0"},
				"down": {"uv": [0, 1, 2, 0], "rotation": 270, "texture": "#0"}
			}
		},
		{
			"from": [7, 0, 9],
			"to": [9, 1, 10],
			"faces": {
				"north": {"uv": [0, 1, 1, 0], "texture": "#0"},
				"east": {"uv": [0, 1, 1, 0], "texture": "#0"},
				"south": {"uv": [0, 1, 1, 0], "texture": "#0"},
				"west": {"uv": [0, 1, 1, 0], "texture": "#0"},
				"up": {"uv": [0, 1, 1, 0], "rotation": 90, "texture": "#0"},
				"down": {"uv": [0, 1, 1, 0], "rotation": 270, "texture": "#0"}
			}
		},
		{
			"from": [6, 0, 7],
			"to": [7, 1, 9],
			"faces": {
				"north": {"uv": [0, 1, 1, 0], "texture": "#0"},
				"east": {"uv": [0, 1, 2, 0], "texture": "#0"},
				"south": {"uv": [2, 3, 3, 2], "texture": "#0"},
				"west": {"uv": [1, 6, 3, 5], "texture": "#0"},
				"up": {"uv": [0, 1, 2, 0], "rotation": 90, "texture": "#0"},
				"down": {"uv": [0, 1, 2, 0], "rotation": 270, "texture": "#0"}
			}
		},
		{
			"from": [7, 0, 6],
			"to": [9, 1, 7],
			"faces": {
				"north": {"uv": [0, 1, 1, 0], "texture": "#0"},
				"east": {"uv": [0, 1, 1, 0], "texture": "#0"},
				"south": {"uv": [0, 1, 1, 0], "texture": "#0"},
				"west": {"uv": [0, 1, 1, 0], "texture": "#0"},
				"up": {"uv": [0, 1, 1, 0], "rotation": 90, "texture": "#0"},
				"down": {"uv": [0, 1, 1, 0], "rotation": 270, "texture": "#0"}
			}
		},
		{
			"from": [11, 2, 6],
			"to": [12, 3, 10],
			"faces": {
				"north": {"uv": [1, 1, 2, 0], "texture": "#0"},
				"east": {"uv": [0, 1, 4, 0], "texture": "#0"},
				"south": {"uv": [1, 1, 2, 0], "texture": "#0"},
				"west": {"uv": [0, 1, 4, 0], "texture": "#0"},
				"up": {"uv": [0, 1, 4, 0], "rotation": 90, "texture": "#0"},
				"down": {"uv": [9, 6, 13, 5], "rotation": 270, "texture": "#0"}
			}
		},
		{
			"from": [6, 2, 11],
			"to": [10, 3, 12],
			"faces": {
				"north": {"uv": [0, 1, 1, 0], "texture": "#0"},
				"east": {"uv": [0, 1, 1, 0], "texture": "#0"},
				"south": {"uv": [0, 1, 1, 0], "texture": "#0"},
				"west": {"uv": [0, 1, 1, 0], "texture": "#0"},
				"up": {"uv": [0, 1, 1, 0], "rotation": 90, "texture": "#0"},
				"down": {"uv": [0, 4, 1, 0], "rotation": 270, "texture": "#0"}
			}
		},
		{
			"from": [4, 2, 6],
			"to": [5, 3, 10],
			"faces": {
				"north": {"uv": [2, 1, 3, 0], "texture": "#0"},
				"east": {"uv": [0, 1, 4, 0], "texture": "#0"},
				"south": {"uv": [3, 1, 4, 0], "texture": "#0"},
				"west": {"uv": [0, 1, 4, 0], "texture": "#0"},
				"up": {"uv": [0, 1, 4, 0], "rotation": 90, "texture": "#0"},
				"down": {"uv": [0, 1, 4, 0], "rotation": 270, "texture": "#0"}
			}
		},
		{
			"from": [6, 2, 4],
			"to": [10, 3, 5],
			"faces": {
				"north": {"uv": [1, 4, 5, 3], "texture": "#0"},
				"east": {"uv": [0, 1, 1, 0], "texture": "#0"},
				"south": {"uv": [0, 1, 1, 0], "texture": "#0"},
				"west": {"uv": [1, 2, 2, 1], "texture": "#0"},
				"up": {"uv": [0, 1, 1, 0], "rotation": 90, "texture": "#0"},
				"down": {"uv": [3, 8, 4, 4], "rotation": 270, "texture": "#0"}
			}
		},
		{
			"from": [7, 3, 3],
			"to": [9, 4, 4],
			"faces": {
				"north": {"uv": [0, 1, 2, 0], "texture": "#0"},
				"east": {"uv": [0, 1, 1, 0], "texture": "#0"},
				"south": {"uv": [0, 1, 1, 0], "texture": "#0"},
				"west": {"uv": [0, 1, 1, 0], "texture": "#0"},
				"up": {"uv": [0, 1, 1, 0], "rotation": 90, "texture": "#0"},
				"down": {"uv": [2, 2, 3, 0], "rotation": 270, "texture": "#0"}
			}
		},
		{
			"from": [12, 3, 7],
			"to": [13, 4, 9],
			"faces": {
				"north": {"uv": [3, 4, 4, 3], "texture": "#0"},
				"east": {"uv": [0, 1, 2, 0], "texture": "#0"},
				"south": {"uv": [1, 1, 2, 0], "texture": "#0"},
				"west": {"uv": [0, 1, 2, 0], "texture": "#0"},
				"up": {"uv": [0, 1, 2, 0], "rotation": 90, "texture": "#0"},
				"down": {"uv": [0, 1, 2, 0], "rotation": 270, "texture": "#0"}
			}
		},
		{
			"from": [7, 3, 12],
			"to": [9, 4, 13],
			"faces": {
				"north": {"uv": [0, 1, 1, 0], "texture": "#0"},
				"east": {"uv": [0, 1, 1, 0], "texture": "#0"},
				"south": {"uv": [3, 10, 5, 9], "texture": "#0"},
				"west": {"uv": [0, 1, 1, 0], "texture": "#0"},
				"up": {"uv": [0, 1, 1, 0], "rotation": 90, "texture": "#0"},
				"down": {"uv": [0, 1, 1, 0], "rotation": 270, "texture": "#0"}
			}
		},
		{
			"from": [3, 3, 7],
			"to": [4, 4, 9],
			"faces": {
				"north": {"uv": [1, 1, 2, 0], "texture": "#0"},
				"east": {"uv": [0, 1, 2, 0], "texture": "#0"},
				"south": {"uv": [3, 2, 4, 1], "texture": "#0"},
				"west": {"uv": [0, 1, 2, 0], "texture": "#0"},
				"up": {"uv": [0, 1, 2, 0], "rotation": 90, "texture": "#0"},
				"down": {"uv": [0, 1, 2, 0], "rotation": 270, "texture": "#0"}
			}
		},
		{
			"from": [5, 1, 6],
			"to": [11, 2, 10],
			"faces": {
				"north": {"uv": [0, 1, 4, 0], "texture": "#0"},
				"east": {"uv": [1, 1, 5, 0], "texture": "#0"},
				"south": {"uv": [0, 1, 4, 0], "texture": "#0"},
				"west": {"uv": [0, 1, 4, 0], "texture": "#0"},
				"up": {"uv": [0, 1, 4, 0], "rotation": 90, "texture": "#0"},
				"down": {"uv": [0, 1, 4, 0], "rotation": 270, "texture": "#0"}
			}
		},
		{
			"from": [6, 1, 5],
			"to": [10, 2, 6],
			"faces": {
				"north": {"uv": [2, 2, 6, 1], "texture": "#0"},
				"east": {"uv": [2, 3, 3, 2], "texture": "#0"},
				"south": {"uv": [2, 4, 3, 0], "texture": "#0"},
				"west": {"uv": [2, 1, 3, 0], "texture": "#0"},
				"up": {"uv": [2, 4, 3, 0], "rotation": 90, "texture": "#0"},
				"down": {"uv": [2, 4, 3, 0], "rotation": 270, "texture": "#0"}
			}
		},
		{
			"from": [6, 1, 10],
			"to": [10, 2, 11],
			"faces": {
				"north": {"uv": [0, 1, 1, 0], "texture": "#0"},
				"east": {"uv": [0, 1, 1, 0], "texture": "#0"},
				"south": {"uv": [5, 10, 9, 9], "texture": "#0"},
				"west": {"uv": [0, 1, 1, 0], "texture": "#0"},
				"up": {"uv": [0, 1, 1, 0], "rotation": 90, "texture": "#0"},
				"down": {"uv": [13, 7, 14, 3], "rotation": 270, "texture": "#0"}
			}
		},
		{
			"from": [2, 2, 6],
			"to": [3, 4, 7],
			"faces": {
				"north": {"uv": [2, 0, 3, 2], "texture": "#0"},
				"east": {"uv": [2, 0, 3, 2], "texture": "#0"},
				"south": {"uv": [2, 0, 3, 2], "texture": "#0"},
				"west": {"uv": [2, 0, 3, 2], "texture": "#0"},
				"up": {"uv": [2, 0, 3, 1], "texture": "#0"},
				"down": {"uv": [2, 0, 3, 1], "texture": "#0"}
			}
		},
		{
			"from": [1, 1, 5],
			"to": [2, 2, 6],
			"faces": {
				"north": {"uv": [0, 0, 1, 1], "texture": "#0"},
				"east": {"uv": [0, 0, 1, 1], "texture": "#0"},
				"south": {"uv": [0, 0, 1, 1], "texture": "#0"},
				"west": {"uv": [0, 0, 1, 1], "texture": "#0"},
				"up": {"uv": [0, 0, 1, 1], "texture": "#0"},
				"down": {"uv": [0, 0, 1, 1], "texture": "#0"}
			}
		},
		{
			"from": [1, 0, 3],
			"to": [2, 1, 5],
			"faces": {
				"north": {"uv": [2, 1, 4, 2], "texture": "#0"},
				"east": {"uv": [2, 1, 4, 2], "texture": "#0"},
				"south": {"uv": [2, 1, 4, 2], "texture": "#0"},
				"west": {"uv": [2, 1, 4, 2], "texture": "#0"},
				"up": {"uv": [7, 1, 8, 3], "texture": "#0"},
				"down": {"uv": [7, 1, 8, 3], "texture": "#0"}
			}
		},
		{
			"from": [2, 0, 2],
			"to": [4, 1, 3],
			"faces": {
				"north": {"uv": [1, 0, 3, 1], "texture": "#0"},
				"east": {"uv": [0, 0, 2, 1], "texture": "#0"},
				"south": {"uv": [0, 0, 2, 1], "texture": "#0"},
				"west": {"uv": [0, 0, 1, 1], "texture": "#0"},
				"up": {"uv": [0, 0, 2, 1], "texture": "#0"},
				"down": {"uv": [0, 0, 2, 1], "texture": "#0"}
			}
		},
		{
			"from": [4, 0, 0],
			"to": [5, 1, 2],
			"faces": {
				"north": {"uv": [3, 0, 4, 1], "texture": "#0"},
				"east": {"uv": [7, 2, 9, 3], "texture": "#0"},
				"south": {"uv": [3, 0, 4, 2], "texture": "#0"},
				"west": {"uv": [1, 1, 3, 2], "texture": "#0"},
				"up": {"uv": [3, 0, 4, 2], "texture": "#0"},
				"down": {"uv": [3, 0, 4, 2], "texture": "#0"}
			}
		},
		{
			"from": [3, 0, -1],
			"to": [4, 1, 0],
			"faces": {
				"north": {"uv": [0, 0, 1, 1], "texture": "#0"},
				"east": {"uv": [0, 0, 1, 1], "texture": "#0"},
				"south": {"uv": [0, 0, 1, 1], "texture": "#0"},
				"west": {"uv": [0, 0, 1, 1], "texture": "#0"},
				"up": {"uv": [0, 0, 1, 1], "texture": "#0"},
				"down": {"uv": [0, 0, 1, 1], "texture": "#0"}
			}
		}
	],
	"display": {
		"thirdperson_righthand": {
			"rotation": [75, 45, 0],
			"translation": [0, 1, 0],
			"scale": [0.375, 0.375, 0.375]
		},
		"thirdperson_lefthand": {
			"rotation": [75, 45, 0],
			"translation": [0, 1, 0],
			"scale": [0.375, 0.375, 0.375]
		},
		"firstperson_righthand": {
			"rotation": [0, 45, 0],
			"translation": [0, 3, 0],
			"scale": [0.4, 0.4, 0.4]
		},
		"firstperson_lefthand": {
			"rotation": [0, 45, 0],
			"translation": [0, 3, 0],
			"scale": [0.4, 0.4, 0.4]
		},
		"ground": {
			"translation": [0, 2.5, 0],
			"scale": [0.75781, 0.79492, 0.77148]
		},
		"gui": {
			"rotation": [30, 225, 0],
			"scale": [0.625, 0.625, 0.625]
		},
		"head": {
			"translation": [0, 14.5, 0]
		},
		"fixed": {
			"rotation": [-90, 0, 0],
			"translation": [0, 0, -9.75],
			"scale": [1.2, 1.2, 1.2]
		}
	},
	"groups": [
		{
			"name": "Half",
			"children": [0, 1, 2, 3, 4, 5, 6, 7, 8, 9, 10, 11, 12, 13, 14, 15, 16, 17, 18, 19, 20, 21, 22, 23, 24, 25, 26, 27, 28, 29, 30]
		},
		{
			"name": "Half2",
			"children": [31, 32, 33, 34, 35, 36, 37, 38, 39, 40, 41, 42, 43, 44, 45, 46, 47, 48, 49, 50, 51, 52, 53, 54, 55, 56, 57, 58, 59, 60, 61]
		}, 62, 63, 64, 65, 66, 67]
}